Strategy,Decks,Penetration,DealerRule,DAS,RAS,Surrender,BlackjackPayout,Iterations,RTP,HouseEdge%,AvgWallet,AvgMoneyBet,NetPer1000,Duration_s
NoStrategy,6,0.4,S17,DAS,NoRAS,NoSurrender,3to2,17000000,0.996279,0.3721,49999.90,26.40,-186.04,197
HiLoStrategy,6,0.40,S17,DAS,NoRAS,NoSurrender,3to2,17000000,1.000372,-0.0372,50000.31,838.04,18.58,220
MentorStrategy,6,0.40,S17,DAS,NoRAS,NoSurrender,3to2,17000000,0.996065,0.3935,49997.40,661.87,-196.73,225
ZenCountStrategy,6,0.40,S17,DAS,NoRAS,NoSurrender,3to2,17000000,1.001676,-0.1676,50001.60,954.28,83.82,225
RPCStrategy,6,0.40,S17,DAS,NoRAS,NoSurrender,3to2,17000000,1.001083,-0.1083,50001.03,954.44,54.14,228
R14Strategy,6,0.40,S17,DAS,NoRAS,NoSurrender,3to2,17000000,0.995866,0.4134,49997.23,669.33,-206.68,230
RAPCStrategy,6,0.40,S17,DAS,NoRAS,NoSurrender,3to2,17000000,1.000240,-0.0240,50000.21,876.04,12.01,231
OmegaIIStrategy,6,0.40,S17,DAS,NoRAS,NoSurrender,3to2,17000000,0.996213,0.3787,49997.50,660.01,-189.33,236
WongHalvesStrategy,6,0.40,S17,DAS,NoRAS,NoSurrender,3to2,17000000,0.995088,0.4912,49996.74,663.34,-245.58,237
