Strategy,Decks,Penetration,DealerRule,DAS,RAS,Surrender,BlackjackPayout,Iterations,RTP,HouseEdge%,AvgWallet,AvgMoneyBet,NetPer1000,Duration_s
NoStrategy,6,0.7,S17,DAS,NoRAS,NoSurrender,3to2,17000000,0.996212,0.3788,49999.83,45.89,-189.42,414
HiLoStrategy,6,0.70,S17,DAS,NoRAS,NoSurrender,3to2,17000000,1.014697,-1.4697,50047.26,3215.38,734.87,459
MentorStrategy,6,0.70,S17,DAS,NoRAS,NoSurrender,3to2,17000000,0.996796,0.3204,49995.83,1302.17,-160.19,463
RAPCStrategy,6,0.70,S17,DAS,NoRAS,NoSurrender,3to2,17000000,1.013073,-1.3073,50043.99,3365.12,653.65,466
ZenCountStrategy,6,0.70,S17,DAS,NoRAS,NoSurrender,3to2,17000000,1.015213,-1.5213,50059.62,3918.81,760.67,469
RPCStrategy,6,0.70,S17,DAS,NoRAS,NoSurrender,3to2,17000000,1.014323,-1.4323,50055.76,3892.84,716.14,474
R14Strategy,6,0.70,S17,DAS,NoRAS,NoSurrender,3to2,17000000,0.998069,0.1931,49996.37,1879.61,-96.55,477
WongHalvesStrategy,6,0.70,S17,DAS,NoRAS,NoSurrender,3to2,17000000,0.997689,0.2311,49995.82,1810.64,-115.55,480
OmegaIIStrategy,6,0.70,S17,DAS,NoRAS,NoSurrender,3to2,17000000,0.997163,0.2837,49996.28,1312.43,-141.84,489
