Strategy,Decks,Penetration,DealerRule,DAS,RAS,Surrender,BlackjackPayout,Iterations,RTP,HouseEdge%,AvgWallet,AvgMoneyBet,NetPer1000,Duration_s
NoStrategy,6,0.6,H17,DAS,NoRAS,NoSurrender,3to2,17000000,0.994427,0.5573,49999.78,39.31,-278.65,286
HiLoStrategy,6,0.60,H17,DAS,NoRAS,NoSurrender,3to2,17000000,1.000080,-0.0080,50000.10,1195.59,4.01,316
ZenCountStrategy,6,0.60,H17,DAS,NoRAS,NoSurrender,3to2,17000000,1.001426,-0.1426,50001.83,1285.50,71.32,325
MentorStrategy,6,0.60,H17,DAS,NoRAS,NoSurrender,3to2,17000000,0.994283,0.5717,49994.36,986.01,-285.85,337
RAPCStrategy,6,0.60,H17,DAS,NoRAS,NoSurrender,3to2,17000000,0.999713,0.0287,49999.66,1202.35,-14.34,351
WongHalvesStrategy,6,0.60,H17,DAS,NoRAS,NoSurrender,3to2,17000000,0.993264,0.6736,49993.35,987.77,-336.80,356
RPCStrategy,6,0.60,H17,DAS,NoRAS,NoSurrender,3to2,17000000,1.000882,-0.0882,50001.13,1278.75,44.11,357
R14Strategy,6,0.60,H17,DAS,NoRAS,NoSurrender,3to2,17000000,0.994095,0.5905,49994.11,997.03,-295.27,358
OmegaIIStrategy,6,0.60,H17,DAS,NoRAS,NoSurrender,3to2,17000000,0.994372,0.5628,49994.47,982.80,-281.41,362
