Strategy,Decks,Penetration,DealerRule,DAS,RAS,Surrender,BlackjackPayout,Iterations,RTP,HouseEdge%,AvgWallet,AvgMoneyBet,NetPer1000,Duration_s
NoStrategy,6,0.3,S17,DAS,NoRAS,NoSurrender,3to2,17000000,0.996252,0.3748,49999.93,19.97,-187.42,161
HiLoStrategy,6,0.30,S17,DAS,NoRAS,NoSurrender,3to2,17000000,1.000428,-0.0428,50000.30,702.37,21.39,176
ZenCountStrategy,6,0.30,S17,DAS,NoRAS,NoSurrender,3to2,17000000,1.001690,-0.1690,50001.48,876.46,84.51,178
OmegaIIStrategy,6,0.30,S17,DAS,NoRAS,NoSurrender,3to2,17000000,0.996210,0.3790,49998.11,499.37,-189.50,180
MentorStrategy,6,0.30,S17,DAS,NoRAS,NoSurrender,3to2,17000000,0.996064,0.3936,49998.03,500.75,-196.80,182
RPCStrategy,6,0.30,S17,DAS,NoRAS,NoSurrender,3to2,17000000,1.001224,-0.1224,50001.08,882.97,61.20,182
RAPCStrategy,6,0.30,S17,DAS,NoRAS,NoSurrender,3to2,17000000,1.000496,-0.0496,50000.39,781.26,24.80,183
WongHalvesStrategy,6,0.30,S17,DAS,NoRAS,NoSurrender,3to2,17000000,0.995201,0.4799,49997.59,501.88,-239.94,186
R14Strategy,6,0.30,S17,DAS,NoRAS,NoSurrender,3to2,17000000,0.995783,0.4217,49997.86,506.40,-210.83,188
