Strategy,Decks,Penetration,DealerRule,DAS,RAS,Surrender,BlackjackPayout,Iterations,RTP,HouseEdge%,AvgWallet,AvgMoneyBet,NetPer1000,Duration_s
NoStrategy,8,0.4,H17,DAS,NoRAS,NoSurrender,3to2,17000000,0.994226,0.5774,49999.80,34.98,-288.71,255
HiLoStrategy,8,0.40,H17,DAS,NoRAS,NoSurrender,3to2,17000000,1.000887,-0.0887,50001.38,1558.34,44.35,284
MentorStrategy,8,0.40,H17,DAS,NoRAS,NoSurrender,3to2,17000000,0.994022,0.5978,49994.76,876.95,-298.92,294
R14Strategy,8,0.40,H17,DAS,NoRAS,NoSurrender,3to2,17000000,0.993853,0.6147,49994.55,886.84,-307.33,294
RPCStrategy,8,0.40,H17,DAS,NoRAS,NoSurrender,3to2,17000000,1.001368,-0.1368,50002.88,2108.85,68.40,295
ZenCountStrategy,8,0.40,H17,DAS,NoRAS,NoSurrender,3to2,17000000,1.001974,-0.1974,50004.12,2087.57,98.71,297
RAPCStrategy,8,0.40,H17,DAS,NoRAS,NoSurrender,3to2,17000000,1.000651,-0.0651,50001.17,1803.45,32.54,298
OmegaIIStrategy,8,0.40,H17,DAS,NoRAS,NoSurrender,3to2,17000000,0.994237,0.5763,49994.96,874.52,-288.13,308
WongHalvesStrategy,8,0.40,H17,DAS,NoRAS,NoSurrender,3to2,17000000,0.993058,0.6942,49993.90,878.95,-347.11,309
