Strategy,Decks,Penetration,DealerRule,DAS,RAS,Surrender,BlackjackPayout,Iterations,RTP,HouseEdge%,AvgWallet,AvgMoneyBet,NetPer1000,Duration_s
NoStrategy,8,0.4,S17,DAS,NoRAS,NoSurrender,3to2,17000000,0.996068,0.3932,49999.86,35.11,-196.58,275
ZenCountStrategy,8,0.40,S17,DAS,NoRAS,NoSurrender,3to2,17000000,0.999817,0.0183,49999.79,1168.85,-9.14,302
HiLoStrategy,8,0.40,S17,DAS,NoRAS,NoSurrender,3to2,17000000,0.998685,0.1315,49998.63,1040.27,-65.76,302
MentorStrategy,8,0.40,S17,DAS,NoRAS,NoSurrender,3to2,17000000,0.995862,0.4138,49996.36,880.33,-206.91,305
R14Strategy,8,0.40,S17,DAS,NoRAS,NoSurrender,3to2,17000000,0.995605,0.4395,49996.09,890.25,-219.77,308
RPCStrategy,8,0.40,S17,DAS,NoRAS,NoSurrender,3to2,17000000,0.999496,0.0504,49999.41,1170.75,-25.21,309
RAPCStrategy,8,0.40,S17,DAS,NoRAS,NoSurrender,3to2,17000000,0.998773,0.1227,49998.67,1086.63,-61.37,312
OmegaIIStrategy,8,0.40,S17,DAS,NoRAS,NoSurrender,3to2,17000000,0.996038,0.3962,49996.52,877.85,-198.10,317
WongHalvesStrategy,8,0.40,S17,DAS,NoRAS,NoSurrender,3to2,17000000,0.994807,0.5193,49995.42,882.32,-259.67,319
