Strategy,Decks,Penetration,DealerRule,DAS,RAS,Surrender,BlackjackPayout,Iterations,RTP,HouseEdge%,AvgWallet,AvgMoneyBet,NetPer1000,Duration_s
NoStrategy,8,0.3,S17,DAS,NoRAS,NoSurrender,3to2,17000000,0.995974,0.4026,49999.89,26.41,-201.29,207
HiLoStrategy,8,0.30,S17,DAS,NoRAS,NoSurrender,3to2,17000000,0.998700,0.1300,49998.91,840.63,-65.00,224
R14Strategy,8,0.30,S17,DAS,NoRAS,NoSurrender,3to2,17000000,0.995606,0.4394,49997.06,669.46,-219.71,232
OmegaIIStrategy,8,0.30,S17,DAS,NoRAS,NoSurrender,3to2,17000000,0.995972,0.4028,49997.34,660.14,-201.40,233
ZenCountStrategy,8,0.30,S17,DAS,NoRAS,NoSurrender,3to2,17000000,0.999916,0.0084,49999.91,1032.91,-4.21,233
RAPCStrategy,8,0.30,S17,DAS,NoRAS,NoSurrender,3to2,17000000,0.999058,0.0942,49999.12,932.46,-47.08,237
MentorStrategy,8,0.30,S17,DAS,NoRAS,NoSurrender,3to2,17000000,0.995812,0.4188,49997.23,662.01,-209.38,237
WongHalvesStrategy,8,0.30,S17,DAS,NoRAS,NoSurrender,3to2,17000000,0.994839,0.5161,49996.58,663.51,-258.03,239
RPCStrategy,8,0.30,S17,DAS,NoRAS,NoSurrender,3to2,17000000,0.999557,0.0443,49999.54,1042.33,-22.17,248
