Strategy,Decks,Penetration,DealerRule,DAS,RAS,Surrender,BlackjackPayout,Iterations,RTP,HouseEdge%,AvgWallet,AvgMoneyBet,NetPer1000,Duration_s
NoStrategy,8,0.7,S17,DAS,NoRAS,NoSurrender,3to2,17000000,0.995994,0.4006,49999.76,61.03,-200.28,463
HiLoStrategy,8,0.70,S17,DAS,NoRAS,NoSurrender,3to2,17000000,1.006508,-0.6508,50015.92,2446.88,325.41,516
RAPCStrategy,8,0.70,S17,DAS,NoRAS,NoSurrender,3to2,17000000,1.005640,-0.5640,50014.22,2520.82,282.02,519
ZenCountStrategy,8,0.70,S17,DAS,NoRAS,NoSurrender,3to2,17000000,1.007817,-0.7817,50022.02,2816.84,390.83,525
RPCStrategy,8,0.70,S17,DAS,NoRAS,NoSurrender,3to2,17000000,1.007117,-0.7117,50019.96,2804.13,355.87,527
MentorStrategy,8,0.70,S17,DAS,NoRAS,NoSurrender,3to2,17000000,0.996028,0.3972,49993.80,1561.17,-198.59,536
R14Strategy,8,0.70,S17,DAS,NoRAS,NoSurrender,3to2,17000000,0.996566,0.3434,49993.55,1878.33,-171.71,536
OmegaIIStrategy,8,0.70,S17,DAS,NoRAS,NoSurrender,3to2,17000000,0.996284,0.3716,49994.17,1567.83,-185.81,554
WongHalvesStrategy,8,0.70,S17,DAS,NoRAS,NoSurrender,3to2,17000000,0.996029,0.3971,49992.74,1828.22,-198.55,560
