Strategy,Decks,Penetration,DealerRule,DAS,RAS,Surrender,BlackjackPayout,Iterations,RTP,HouseEdge%,AvgWallet,AvgMoneyBet,NetPer1000,Duration_s
NoStrategy,6,0.3,H17,DAS,NoRAS,NoSurrender,3to2,17000000,0.994450,0.5550,49999.89,19.90,-277.49,148
HiLoStrategy,6,0.30,H17,DAS,NoRAS,NoSurrender,3to2,17000000,0.998555,0.1445,49998.99,699.80,-72.25,168
MentorStrategy,6,0.30,H17,DAS,NoRAS,NoSurrender,3to2,17000000,0.994170,0.5830,49997.09,498.87,-291.51,171
ZenCountStrategy,6,0.30,H17,DAS,NoRAS,NoSurrender,3to2,17000000,0.999845,0.0155,49999.86,873.23,-7.75,172
RPCStrategy,6,0.30,H17,DAS,NoRAS,NoSurrender,3to2,17000000,0.999621,0.0379,49999.67,879.49,-18.95,182
R14Strategy,6,0.30,H17,DAS,NoRAS,NoSurrender,3to2,17000000,0.994072,0.5928,49997.01,504.46,-296.38,182
RAPCStrategy,6,0.30,H17,DAS,NoRAS,NoSurrender,3to2,17000000,0.998576,0.1424,49998.89,778.27,-71.18,184
WongHalvesStrategy,6,0.30,H17,DAS,NoRAS,NoSurrender,3to2,17000000,0.993176,0.6824,49996.59,499.97,-341.18,184
OmegaIIStrategy,6,0.30,H17,DAS,NoRAS,NoSurrender,3to2,17000000,0.994340,0.5660,49997.18,497.50,-283.02,187
