Strategy,Decks,Penetration,DealerRule,DAS,RAS,Surrender,BlackjackPayout,Iterations,RTP,HouseEdge%,AvgWallet,AvgMoneyBet,NetPer1000,Duration_s
NoStrategy,8,0.5,H17,DAS,NoRAS,NoSurrender,3to2,17000000,0.994188,0.5812,49999.75,43.45,-290.58,312
HiLoStrategy,8,0.50,H17,DAS,NoRAS,NoSurrender,3to2,17000000,0.996421,0.3579,49995.74,1188.96,-178.95,354
ZenCountStrategy,8,0.50,H17,DAS,NoRAS,NoSurrender,3to2,17000000,0.997436,0.2564,49996.78,1254.26,-128.22,363
MentorStrategy,8,0.50,H17,DAS,NoRAS,NoSurrender,3to2,17000000,0.994029,0.5971,49993.50,1089.38,-298.53,366
RAPCStrategy,8,0.50,H17,DAS,NoRAS,NoSurrender,3to2,17000000,0.996312,0.3688,49995.57,1200.25,-184.41,387
WongHalvesStrategy,8,0.50,H17,DAS,NoRAS,NoSurrender,3to2,17000000,0.993046,0.6954,49992.41,1091.73,-347.71,393
R14Strategy,8,0.50,H17,DAS,NoRAS,NoSurrender,3to2,17000000,0.993846,0.6154,49993.22,1101.57,-307.71,393
OmegaIIStrategy,8,0.50,H17,DAS,NoRAS,NoSurrender,3to2,17000000,0.994240,0.5760,49993.74,1086.22,-288.01,396
RPCStrategy,8,0.50,H17,DAS,NoRAS,NoSurrender,3to2,17000000,0.997125,0.2875,49996.40,1251.62,-143.77,397
