Strategy,Decks,Penetration,DealerRule,DAS,RAS,Surrender,BlackjackPayout,Iterations,RTP,HouseEdge%,AvgWallet,AvgMoneyBet,NetPer1000,Duration_s
NoStrategy,6,0.6,S17,DAS,NoRAS,NoSurrender,3to2,17000000,0.996171,0.3829,49999.85,39.46,-191.47,300
HiLoStrategy,6,0.60,S17,DAS,NoRAS,NoSurrender,3to2,17000000,1.012645,-1.2645,50039.23,3102.30,632.25,331
RPCStrategy,6,0.60,S17,DAS,NoRAS,NoSurrender,3to2,17000000,1.012063,-1.2063,50047.79,3961.51,603.17,338
RAPCStrategy,6,0.60,S17,DAS,NoRAS,NoSurrender,3to2,17000000,1.010958,-1.0958,50036.88,3365.55,547.90,339
ZenCountStrategy,6,0.60,S17,DAS,NoRAS,NoSurrender,3to2,17000000,1.012877,-1.2877,50051.12,3970.04,643.84,343
MentorStrategy,6,0.60,S17,DAS,NoRAS,NoSurrender,3to2,17000000,0.996107,0.3893,49996.12,995.80,-194.64,343
R14Strategy,6,0.60,S17,DAS,NoRAS,NoSurrender,3to2,17000000,0.997412,0.2588,49996.97,1168.68,-129.42,344
OmegaIIStrategy,6,0.60,S17,DAS,NoRAS,NoSurrender,3to2,17000000,0.996288,0.3712,49996.32,990.51,-185.60,358
WongHalvesStrategy,6,0.60,S17,DAS,NoRAS,NoSurrender,3to2,17000000,0.996701,0.3299,49996.18,1156.49,-164.94,361
