Strategy,Decks,Penetration,DealerRule,DAS,RAS,Surrender,BlackjackPayout,Iterations,RTP,HouseEdge%,AvgWallet,AvgMoneyBet,NetPer1000,Duration_s
NoStrategy,8,0.4,S17,DAS,NoRAS,NoSurrender,3to2,17000000,0.995939,0.4061,49999.86,35.11,-203.05,262
HiLoStrategy,8,0.40,S17,DAS,NoRAS,NoSurrender,3to2,17000000,1.002647,-0.2647,50004.14,1564.49,132.33,289
ZenCountStrategy,8,0.40,S17,DAS,NoRAS,NoSurrender,3to2,17000000,1.003572,-0.3572,50007.49,2096.32,178.58,296
MentorStrategy,8,0.40,S17,DAS,NoRAS,NoSurrender,3to2,17000000,0.995867,0.4133,49996.36,880.34,-206.67,303
RAPCStrategy,8,0.40,S17,DAS,NoRAS,NoSurrender,3to2,17000000,1.002310,-0.2310,50004.18,1809.44,115.50,306
R14Strategy,8,0.40,S17,DAS,NoRAS,NoSurrender,3to2,17000000,0.995693,0.4307,49996.17,890.26,-215.35,306
RPCStrategy,8,0.40,S17,DAS,NoRAS,NoSurrender,3to2,17000000,1.003094,-0.3094,50006.55,2117.54,154.72,307
OmegaIIStrategy,8,0.40,S17,DAS,NoRAS,NoSurrender,3to2,17000000,0.996019,0.3981,49996.50,877.88,-199.06,316
WongHalvesStrategy,8,0.40,S17,DAS,NoRAS,NoSurrender,3to2,17000000,0.994816,0.5184,49995.43,882.32,-259.20,317
