Strategy,Decks,Penetration,DealerRule,DAS,RAS,Surrender,BlackjackPayout,Iterations,RTP,HouseEdge%,AvgWallet,AvgMoneyBet,NetPer1000,Duration_s
NoStrategy,6,0.8,S17,DAS,NoRAS,NoSurrender,3to2,17000000,0.996159,0.3841,49999.80,52.31,-192.05,412
HiLoStrategy,6,0.80,S17,DAS,NoRAS,NoSurrender,3to2,17000000,1.008650,-0.8650,50016.25,1878.25,432.50,468
ZenCountStrategy,6,0.80,S17,DAS,NoRAS,NoSurrender,3to2,17000000,1.009967,-0.9967,50020.28,2034.45,498.37,479
RPCStrategy,6,0.80,S17,DAS,NoRAS,NoSurrender,3to2,17000000,1.009353,-0.9353,50018.87,2017.14,467.64,480
RAPCStrategy,6,0.80,S17,DAS,NoRAS,NoSurrender,3to2,17000000,1.007667,-0.7667,50014.28,1863.08,383.37,482
R14Strategy,6,0.80,S17,DAS,NoRAS,NoSurrender,3to2,17000000,0.996982,0.3018,49994.85,1706.75,-150.88,488
MentorStrategy,6,0.80,S17,DAS,NoRAS,NoSurrender,3to2,17000000,0.996877,0.3123,49995.34,1491.94,-156.16,492
OmegaIIStrategy,6,0.80,S17,DAS,NoRAS,NoSurrender,3to2,17000000,0.996996,0.3004,49995.74,1418.04,-150.22,502
WongHalvesStrategy,6,0.80,S17,DAS,NoRAS,NoSurrender,3to2,17000000,0.996787,0.3213,49994.70,1650.89,-160.65,507
