Strategy,Decks,Penetration,DealerRule,DAS,RAS,Surrender,BlackjackPayout,Iterations,RTP,HouseEdge%,AvgWallet,AvgMoneyBet,NetPer1000,Duration_s
NoStrategy,6,0.4,S17,DAS,NoRAS,NoSurrender,3to2,17000000,0.996107,0.3893,49999.90,26.40,-194.66,193
HiLoStrategy,6,0.40,S17,DAS,NoRAS,NoSurrender,3to2,17000000,1.003286,-0.3286,50003.63,1103.66,164.32,210
ZenCountStrategy,6,0.40,S17,DAS,NoRAS,NoSurrender,3to2,17000000,1.004512,-0.4512,50006.26,1388.14,225.59,217
MentorStrategy,6,0.40,S17,DAS,NoRAS,NoSurrender,3to2,17000000,0.996069,0.3931,49997.40,661.87,-196.57,221
RPCStrategy,6,0.40,S17,DAS,NoRAS,NoSurrender,3to2,17000000,1.003697,-0.3697,50005.15,1393.72,184.87,223
R14Strategy,6,0.40,S17,DAS,NoRAS,NoSurrender,3to2,17000000,0.995901,0.4099,49997.26,669.33,-204.97,223
RAPCStrategy,6,0.40,S17,DAS,NoRAS,NoSurrender,3to2,17000000,1.002831,-0.2831,50003.45,1218.19,141.53,224
OmegaIIStrategy,6,0.40,S17,DAS,NoRAS,NoSurrender,3to2,17000000,0.996237,0.3763,49997.52,660.01,-188.16,227
WongHalvesStrategy,6,0.40,S17,DAS,NoRAS,NoSurrender,3to2,17000000,0.995039,0.4961,49996.71,663.37,-248.04,233
