UserValue,DealerValue,TrueCount,Hit EV,Stand EV,Double EV,Split EV,Surrender EV,Insurance Accept EV,Insurance Decline EV,Hands Played
12,2,0,-0.226703,-0.280400,0.000000,0.000000,0.000000,0.000000,0.000000,2223329
12,3,0,-0.204933,-0.240651,0.000000,0.000000,0.000000,0.000000,0.000000,2341162
13,2,0,-0.263633,-0.280644,0.000000,0.000000,0.000000,0.000000,0.000000,2385012
13,3,0,-0.235927,-0.239202,0.000000,0.000000,0.000000,0.000000,0.000000,2261541
15,10,0,-0.451601,-0.536785,0.000000,0.000000,0.000000,0.000000,0.000000,7662300
16,10,0,-0.473473,-0.538322,0.000000,0.000000,0.000000,0.000000,0.000000,7013441
