UserValue,DealerValue,TrueCount,Hit EV,Stand EV,Double EV,Split EV,Surrender EV,Insurance Accept EV,Insurance Decline EV,Hands Played
20,5,0,0.000000,0.676868,0.000000,1.280700,0.000000,0.000000,0.000000,480704
20,6,0,0.000000,0.675267,0.000000,1.426567,0.000000,0.000000,0.000000,480971
