UserValue,DealerValue,TrueCount,Hit EV,Stand EV,Double EV,Split EV,Surrender EV,Insurance Accept EV,Insurance Decline EV,Hands Played
14,10,0,-0.414659,0.000000,0.000000,0.000000,-0.500000,0.000000,0.000000,8152939
15,9,0,-0.391425,0.000000,0.000000,0.000000,-0.500000,0.000000,0.000000,1933961
15,10,0,-0.452255,0.000000,0.000000,0.000000,-0.500000,0.000000,0.000000,7657087
15,11,0,-0.439732,0.000000,0.000000,0.000000,-0.500000,0.000000,0.000000,1297131
16,9,0,-0.416557,0.000000,0.000000,0.000000,-0.500000,0.000000,0.000000,1770063
16,10,0,-0.474157,0.000000,0.000000,0.000000,-0.500000,0.000000,0.000000,7011645
16,11,0,-0.464471,0.000000,0.000000,0.000000,-0.500000,0.000000,0.000000,1188060
