UserValue,DealerValue,TrueCount,Hit EV,Stand EV,Double EV,Split EV,Surrender EV,Insurance Accept EV,Insurance Decline EV,Hands Played
9,2,0,0.092095,0.000000,0.107039,0.000000,0.000000,0.000000,0.000000,883151
9,7,0,0.181821,0.000000,0.171700,0.000000,0.000000,0.000000,0.000000,854803
10,10,0,0.028441,0.000000,-0.000349,0.000000,0.000000,0.000000,0.000000,3887378
10,11,0,0.086282,0.000000,-0.000568,0.000000,0.000000,0.000000,0.000000,651500
11,11,0,0.157729,0.000000,0.146978,0.000000,0.000000,0.000000,0.000000,755230
