end_bankroll,end_profit,min_bankroll,max_drawdown,ruin_occurred,shoes_used,hands_used,total_wagered
4962.5,-37.5,4237.5,1200.0,False,15,206,26475.0
7650.0,2650.0,3475.0,1650.0,False,15,202,23925.0
6200.0,1200.0,2700.0,1700.0,False,15,207,27875.0
1387.5,-3612.5,1387.5,3175.0,False,15,206,18425.0
2600.0,-2400.0,1837.5,1925.0,False,15,205,28550.0
2925.0,-2075.0,650.0,2150.0,False,15,207,24150.0
2437.5,-2562.5,2437.5,2700.0,False,15,207,26975.0
7162.5,2162.5,4875.0,1750.0,False,15,207,28900.0
11162.5,6162.5,5000.0,1000.0,False,15,204,26625.0
5500.0,500.0,2212.5,1700.0,False,15,201,20125.0
10875.0,5875.0,4000.0,1225.0,False,15,207,24875.0
7662.5,2662.5,1950.0,2950.0,False,15,210,33825.0
8637.5,3637.5,4300.0,1750.0,False,15,208,23775.0
4175.0,-825.0,3200.0,3000.0,False,15,207,24900.0
9225.0,4225.0,4775.0,3200.0,False,15,210,28225.0
3375.0,-1625.0,1050.0,2600.0,False,15,211,30700.0
1912.5,-3087.5,1812.5,2225.0,False,15,205,14025.0
10787.5,5787.5,4975.0,1000.0,False,15,206,22750.0
6837.5,1837.5,3300.0,1700.0,False,15,205,22750.0
-62.5,-5062.5,-62.5,2150.0,True,11,147,14575.0
3300.0,-1700.0,2950.0,2000.0,False,15,203,23600.0
9162.5,4162.5,4950.0,900.0,False,15,203,21225.0
3787.5,-1212.5,1262.5,1500.0,False,15,207,35875.0
5500.0,500.0,2625.0,1800.0,False,15,205,32150.0
3425.0,-1575.0,2925.0,3150.0,False,15,207,27975.0
4800.0,-200.0,2937.5,2000.0,False,15,204,37800.0
3812.5,-1187.5,2750.0,2000.0,False,15,208,24200.0
4600.0,-400.0,4462.5,575.0,False,15,212,12425.0
2975.0,-2025.0,2975.0,1175.0,False,15,204,20100.0
3000.0,-2000.0,1875.0,1650.0,False,15,204,23050.0
7850.0,2850.0,4175.0,1250.0,False,15,211,15800.0
2362.5,-2637.5,1362.5,1275.0,False,15,209,16525.0
3875.0,-1125.0,1375.0,3300.0,False,15,205,23300.0
7375.0,2375.0,3725.0,1150.0,False,15,207,16650.0
5312.5,312.5,3812.5,1900.0,False,15,205,26775.0
6937.5,1937.5,4800.0,1625.0,False,15,209,20975.0
7287.5,2287.5,4650.0,1100.0,False,15,206,22000.0
7137.5,2137.5,3925.0,2200.0,False,15,205,26325.0
787.5,-4212.5,362.5,1637.5,False,15,207,22575.0
7625.0,2625.0,4600.0,500.0,False,15,210,19250.0
4537.5,-462.5,3262.5,1750.0,False,15,210,15775.0
3012.5,-1987.5,1887.5,2750.0,False,15,202,28875.0
11225.0,6225.0,4425.0,1100.0,False,15,204,30575.0
3837.5,-1162.5,3725.0,1600.0,False,15,210,27300.0
650.0,-4350.0,650.0,2600.0,False,15,210,19625.0
6462.5,1462.5,3275.0,1475.0,False,15,207,22625.0
13275.0,8275.0,3912.5,850.0,False,15,209,28625.0
2037.5,-2962.5,1362.5,2825.0,False,15,204,18875.0
8187.5,3187.5,3600.0,1900.0,False,15,206,28450.0
12.5,-4987.5,12.5,4500.0,True,14,176,23000.0
5512.5,512.5,4300.0,1000.0,False,15,209,18950.0
4025.0,-975.0,2662.5,1375.0,False,15,203,19275.0
-487.5,-5487.5,-487.5,2400.0,True,10,136,12400.0
3900.0,-1100.0,2587.5,2650.0,False,15,205,27450.0
6375.0,1375.0,4375.0,1000.0,False,15,207,12725.0
7500.0,2500.0,4600.0,425.0,False,15,205,11100.0
5512.5,512.5,4075.0,2450.0,False,15,203,23500.0
5050.0,50.0,4712.5,2025.0,False,15,208,22375.0
4137.5,-862.5,2737.5,2200.0,False,15,204,22850.0
7012.5,2012.5,2262.5,1400.0,False,15,212,29650.0
3700.0,-1300.0,3262.5,1375.0,False,15,207,14050.0
2475.0,-2525.0,1200.0,1225.0,False,15,210,19450.0
-162.5,-5162.5,-162.5,2900.0,True,12,159,25475.0
5350.0,350.0,3200.0,1800.0,False,15,206,19425.0
5062.5,62.5,1662.5,2600.0,False,15,208,32700.0
7212.5,2212.5,4725.0,900.0,False,15,204,24850.0
8187.5,3187.5,4425.0,1800.0,False,15,204,25700.0
1650.0,-3350.0,1650.0,1850.0,False,15,204,18650.0
7125.0,2125.0,4475.0,1850.0,False,15,200,29175.0
2575.0,-2425.0,1725.0,2600.0,False,15,208,29425.0
8962.5,3962.5,4700.0,2000.0,False,15,202,39875.0
11187.5,6187.5,4875.0,1800.0,False,15,207,29200.0
6912.5,1912.5,4637.5,500.0,False,15,208,11800.0
4012.5,-987.5,4012.5,1575.0,False,15,210,22925.0
4725.0,-275.0,3625.0,1525.0,False,15,205,20450.0
5562.5,562.5,4125.0,2300.0,False,15,204,24075.0
5450.0,450.0,3675.0,2550.0,False,15,203,21750.0
2550.0,-2450.0,2525.0,2100.0,False,15,205,27675.0
7137.5,2137.5,2800.0,1925.0,False,15,206,33925.0
3737.5,-1262.5,1387.5,4300.0,False,15,209,17775.0
4987.5,-12.5,3725.0,1500.0,False,15,204,31325.0
4975.0,-25.0,3187.5,1000.0,False,15,208,12475.0
0.0,-5000.0,0.0,3550.0,True,13,165,17750.0
2375.0,-2625.0,1975.0,2150.0,False,15,209,28975.0
6687.5,1687.5,4612.5,2450.0,False,15,206,16775.0
4050.0,-950.0,2700.0,2350.0,False,15,208,18300.0
7800.0,2800.0,4375.0,1600.0,False,15,207,22800.0
7300.0,2300.0,4537.5,1250.0,False,15,203,21200.0
3825.0,-1175.0,2762.5,800.0,False,15,207,15625.0
4850.0,-150.0,4350.0,2900.0,False,15,203,30075.0
3275.0,-1725.0,1850.0,1825.0,False,15,203,18525.0
3550.0,-1450.0,2650.0,1900.0,False,15,202,24400.0
-450.0,-5450.0,-450.0,3450.0,True,11,142,14850.0
5725.0,725.0,4425.0,700.0,False,15,208,11100.0
9250.0,4250.0,4275.0,1250.0,False,15,206,31050.0
6012.5,1012.5,3625.0,1150.0,False,15,207,18850.0
2387.5,-2612.5,1475.0,2000.0,False,15,209,17750.0
8987.5,3987.5,4050.0,600.0,False,15,202,24550.0
4650.0,-350.0,4050.0,1250.0,False,15,212,16850.0
875.0,-4125.0,875.0,2150.0,False,15,206,32975.0
6050.0,1050.0,4687.5,950.0,False,15,203,17025.0
4887.5,-112.5,3987.5,1250.0,False,15,206,20775.0
437.5,-4562.5,437.5,2250.0,False,15,201,31650.0
1275.0,-3725.0,1275.0,2650.0,False,15,206,22900.0
5787.5,787.5,2475.0,1850.0,False,15,205,30600.0
9525.0,4525.0,4937.5,1000.0,False,15,203,22475.0
4550.0,-450.0,2925.0,3200.0,False,15,209,22325.0
5062.5,62.5,3387.5,1300.0,False,15,207,23525.0
625.0,-4375.0,625.0,3200.0,False,15,207,25550.0
3962.5,-1037.5,1862.5,2425.0,False,15,205,17300.0
9037.5,4037.5,4875.0,1050.0,False,15,207,25000.0
-400.0,-5400.0,-400.0,2700.0,True,7,92,16675.0
3500.0,-1500.0,2000.0,1400.0,False,15,209,20675.0
2112.5,-2887.5,1612.5,3300.0,False,15,206,27575.0
6012.5,1012.5,4075.0,1100.0,False,15,207,18375.0
6787.5,1787.5,4350.0,850.0,False,15,203,19525.0
4237.5,-762.5,3312.5,1500.0,False,15,212,20600.0
7025.0,2025.0,4425.0,1700.0,False,15,203,25075.0
7550.0,2550.0,5000.0,1225.0,False,15,208,24400.0
4362.5,-637.5,4012.5,1700.0,False,15,211,23350.0
4812.5,-187.5,4087.5,1800.0,False,15,204,23350.0
3500.0,-1500.0,2575.0,3400.0,False,15,203,24475.0
4000.0,-1000.0,3262.5,1600.0,False,15,208,13700.0
6537.5,1537.5,4925.0,1150.0,False,15,209,13975.0
6762.5,1762.5,3500.0,1775.0,False,15,204,21225.0
1125.0,-3875.0,62.5,3275.0,False,15,210,28675.0
7487.5,2487.5,4600.0,1075.0,False,15,206,22025.0
6100.0,1100.0,3837.5,1000.0,False,15,208,21875.0
7412.5,2412.5,4975.0,2050.0,False,15,205,32800.0
3650.0,-1350.0,2775.0,3450.0,False,15,201,35825.0
4625.0,-375.0,1450.0,2300.0,False,15,208,22975.0
4325.0,-675.0,4200.0,2200.0,False,15,206,24325.0
8575.0,3575.0,4900.0,2150.0,False,15,207,31925.0
5862.5,862.5,4225.0,1200.0,False,15,210,22375.0
5262.5,262.5,3937.5,2100.0,False,15,208,24125.0
1900.0,-3100.0,550.0,2200.0,False,15,207,23575.0
9375.0,4375.0,4800.0,1000.0,False,15,208,19525.0
6512.5,1512.5,4700.0,1000.0,False,15,207,14400.0
5187.5,187.5,3675.0,1350.0,False,15,208,14750.0
5387.5,387.5,2212.5,2500.0,False,15,206,28450.0
2412.5,-2587.5,1762.5,1500.0,False,15,204,24425.0
5425.0,425.0,3662.5,1850.0,False,15,205,26850.0
7912.5,2912.5,3587.5,2025.0,False,15,211,22525.0
2112.5,-2887.5,2112.5,3200.0,False,15,212,30400.0
7150.0,2150.0,4900.0,1400.0,False,15,206,28025.0
7462.5,2462.5,4875.0,1250.0,False,15,208,21875.0
6950.0,1950.0,4462.5,1500.0,False,15,208,27800.0
4812.5,-187.5,2925.0,2075.0,False,15,206,24975.0
8812.5,3812.5,4975.0,2000.0,False,15,206,31000.0
5212.5,212.5,3775.0,1575.0,False,15,206,15750.0
4325.0,-675.0,2875.0,1300.0,False,15,199,20150.0
7775.0,2775.0,2112.5,2750.0,False,15,208,32875.0
-62.5,-5062.5,-62.5,3725.0,True,5,69,12600.0
9412.5,4412.5,4375.0,1000.0,False,15,206,23050.0
-62.5,-5062.5,-62.5,3150.0,True,8,107,25575.0
3987.5,-1012.5,3987.5,1750.0,False,15,207,16750.0
6475.0,1475.0,4750.0,1200.0,False,15,202,19050.0
5012.5,12.5,2675.0,2600.0,False,15,204,30350.0
5575.0,575.0,4875.0,700.0,False,15,203,19075.0
7862.5,2862.5,4562.5,1100.0,False,15,206,15775.0
3512.5,-1487.5,2812.5,2950.0,False,15,206,24150.0
6862.5,1862.5,4700.0,650.0,False,15,200,15875.0
4537.5,-462.5,2800.0,2025.0,False,15,204,23650.0
4025.0,-975.0,2762.5,3375.0,False,15,205,20650.0
8050.0,3050.0,3425.0,2150.0,False,15,201,24025.0
9200.0,4200.0,4275.0,800.0,False,15,207,23275.0
5362.5,362.5,4137.5,1050.0,False,15,207,15625.0
10600.0,5600.0,4900.0,1050.0,False,15,203,22950.0
4237.5,-762.5,2987.5,1600.0,False,15,209,23425.0
9487.5,4487.5,4950.0,900.0,False,15,208,13725.0
7100.0,2100.0,4150.0,1300.0,False,15,209,24300.0
6237.5,1237.5,4862.5,1250.0,False,15,208,24175.0
3200.0,-1800.0,1837.5,2500.0,False,15,210,19000.0
3887.5,-1112.5,3800.0,1200.0,False,15,200,18400.0
5100.0,100.0,4825.0,1650.0,False,15,206,27600.0
5200.0,200.0,3862.5,1500.0,False,15,207,26475.0
5587.5,587.5,3875.0,1400.0,False,15,208,16425.0
7362.5,2362.5,1662.5,2475.0,False,15,206,27825.0
8500.0,3500.0,4337.5,775.0,False,15,208,21125.0
4637.5,-362.5,4562.5,2750.0,False,15,204,22150.0
3987.5,-1012.5,2800.0,1900.0,False,15,209,21850.0
4975.0,-25.0,3925.0,1200.0,False,15,208,16875.0
3962.5,-1037.5,2862.5,1800.0,False,15,206,20150.0
7962.5,2962.5,4900.0,1375.0,False,15,208,27325.0
7912.5,2912.5,4012.5,1700.0,False,15,205,22725.0
5725.0,725.0,2812.5,1500.0,False,15,205,29550.0
4837.5,-162.5,1887.5,1900.0,False,15,208,28025.0
5637.5,637.5,4350.0,850.0,False,15,209,18400.0
8062.5,3062.5,4050.0,2000.0,False,15,204,30300.0
4712.5,-287.5,4400.0,1325.0,False,15,206,14425.0
8287.5,3287.5,4125.0,1300.0,False,15,208,28975.0
4262.5,-737.5,2725.0,1900.0,False,15,210,21925.0
8412.5,3412.5,4075.0,950.0,False,15,206,24400.0
5425.0,425.0,1737.5,1700.0,False,15,203,22075.0
1250.0,-3750.0,1000.0,2450.0,False,15,203,21625.0
13062.5,8062.5,4925.0,1400.0,False,15,207,31900.0
2212.5,-2787.5,437.5,2150.0,False,15,202,28975.0
5162.5,162.5,3237.5,2125.0,False,15,207,29975.0
8937.5,3937.5,3175.0,1700.0,False,15,203,26450.0
5162.5,162.5,3662.5,1900.0,False,15,206,27700.0
5562.5,562.5,3187.5,3500.0,False,15,203,35600.0
2100.0,-2900.0,2100.0,2700.0,False,15,207,23175.0
8987.5,3987.5,3950.0,1300.0,False,15,202,23800.0
5812.5,812.5,2475.0,2100.0,False,15,207,30700.0
4925.0,-75.0,1400.0,1500.0,False,15,209,22200.0
3812.5,-1187.5,2300.0,2300.0,False,15,207,26200.0
10300.0,5300.0,4525.0,1750.0,False,15,206,28675.0
-62.5,-5062.5,-62.5,3300.0,True,15,198,33350.0
8550.0,3550.0,1800.0,3075.0,False,15,212,23875.0
4900.0,-100.0,2600.0,3350.0,False,15,202,25600.0
2112.5,-2887.5,2112.5,2100.0,False,15,205,27000.0
2950.0,-2050.0,1950.0,2900.0,False,15,205,25125.0
6375.0,1375.0,4400.0,1300.0,False,15,205,23150.0
6962.5,1962.5,4625.0,1575.0,False,15,204,29150.0
4425.0,-575.0,3462.5,1525.0,False,15,207,21600.0
1450.0,-3550.0,1450.0,1350.0,False,15,205,27800.0
4912.5,-87.5,1950.0,2225.0,False,15,208,20700.0
2775.0,-2225.0,2775.0,1400.0,False,15,208,22475.0
6150.0,1150.0,4737.5,1050.0,False,15,208,12250.0
3025.0,-1975.0,3025.0,2750.0,False,15,207,30375.0
8750.0,3750.0,3075.0,975.0,False,15,205,30025.0
11000.0,6000.0,5000.0,1000.0,False,15,209,25000.0
2475.0,-2525.0,2387.5,2850.0,False,15,209,23475.0
4450.0,-550.0,4200.0,1700.0,False,15,209,16925.0
712.5,-4287.5,587.5,3000.0,False,15,207,20525.0
6800.0,1800.0,1612.5,1825.0,False,15,204,29300.0
5387.5,387.5,4662.5,875.0,False,15,210,16550.0
6212.5,1212.5,3787.5,775.0,False,15,201,12675.0
5400.0,400.0,4262.5,1800.0,False,15,208,27525.0
3000.0,-2000.0,2000.0,1650.0,False,15,204,31900.0
11650.0,6650.0,3925.0,2250.0,False,15,206,32100.0
-62.5,-5062.5,-62.5,3000.0,True,10,131,16950.0
4450.0,-550.0,4287.5,1375.0,False,15,209,13750.0
3912.5,-1087.5,2037.5,3500.0,False,15,206,28075.0
10087.5,5087.5,4512.5,1650.0,False,15,206,28750.0
8525.0,3525.0,4500.0,1500.0,False,15,205,23675.0
1062.5,-3937.5,712.5,1475.0,False,15,208,25225.0
800.0,-4200.0,637.5,2075.0,False,15,209,19700.0
11387.5,6387.5,4950.0,800.0,False,15,202,25600.0
9262.5,4262.5,4950.0,1400.0,False,15,208,26950.0
5987.5,987.5,4625.0,2800.0,False,15,203,34350.0
5437.5,437.5,4712.5,2100.0,False,15,209,29425.0
4762.5,-237.5,1600.0,1750.0,False,15,206,22800.0
8262.5,3262.5,3937.5,1325.0,False,15,207,16725.0
6600.0,1600.0,4187.5,1600.0,False,15,205,23175.0
6475.0,1475.0,4662.5,1500.0,False,15,203,18000.0
5262.5,262.5,4437.5,1000.0,False,15,210,17675.0
5000.0,0.0,3900.0,2250.0,False,15,205,20075.0
4062.5,-937.5,3887.5,1800.0,False,15,210,20500.0
5612.5,612.5,2987.5,2000.0,False,15,207,20675.0
1450.0,-3550.0,1450.0,3400.0,False,15,206,36900.0
2550.0,-2450.0,2525.0,2300.0,False,15,207,15900.0
6200.0,1200.0,3912.5,1300.0,False,15,205,18725.0
5687.5,687.5,4950.0,1000.0,False,15,210,19975.0
7800.0,2800.0,4262.5,1125.0,False,15,212,16950.0
3150.0,-1850.0,2600.0,2800.0,False,15,203,29800.0
-237.5,-5237.5,-237.5,2250.0,True,14,190,24400.0
7187.5,2187.5,3575.0,900.0,False,15,205,25825.0
-450.0,-5450.0,-450.0,2250.0,True,8,100,19575.0
4275.0,-725.0,4087.5,1000.0,False,15,207,18150.0
0.0,-5000.0,0.0,2500.0,True,13,179,26175.0
4750.0,-250.0,3812.5,2425.0,False,15,206,25825.0
8250.0,3250.0,4087.5,1750.0,False,15,202,19475.0
3187.5,-1812.5,87.5,2400.0,False,15,206,26400.0
7412.5,2412.5,3450.0,1900.0,False,15,207,23975.0
2387.5,-2612.5,2275.0,1900.0,False,15,207,23675.0
-100.0,-5100.0,-100.0,4025.0,True,8,105,10850.0
5187.5,187.5,4550.0,1900.0,False,15,206,15725.0
9100.0,4100.0,5000.0,2350.0,False,15,202,28225.0
11662.5,6662.5,4950.0,1100.0,False,15,201,32975.0
6812.5,1812.5,4900.0,1025.0,False,15,206,16525.0
3100.0,-1900.0,2937.5,1500.0,False,15,211,16850.0
6400.0,1400.0,2962.5,1900.0,False,15,209,24950.0
5425.0,425.0,4037.5,1200.0,False,15,207,17475.0
4362.5,-637.5,3400.0,1750.0,False,15,208,19975.0
11087.5,6087.5,4975.0,1275.0,False,15,204,27475.0
9487.5,4487.5,4975.0,1500.0,False,15,206,28700.0
-100.0,-5100.0,-100.0,2500.0,True,7,97,13875.0
4525.0,-475.0,1412.5,1800.0,False,15,205,21375.0
9850.0,4850.0,4975.0,1275.0,False,15,208,21100.0
2487.5,-2512.5,1550.0,1675.0,False,15,208,21900.0
13087.5,8087.5,4950.0,525.0,False,15,207,23375.0
6950.0,1950.0,2325.0,2150.0,False,15,209,25450.0
8575.0,3575.0,4950.0,2000.0,False,15,204,26825.0
-37.5,-5037.5,-37.5,3775.0,True,5,52,9250.0
5675.0,675.0,4900.0,1000.0,False,15,212,18250.0
4487.5,-512.5,2012.5,2250.0,False,15,200,24875.0
7812.5,2812.5,4975.0,2375.0,False,15,207,34450.0
5912.5,912.5,3275.0,1600.0,False,15,209,26650.0
6225.0,1225.0,2800.0,3550.0,False,15,205,28875.0
3950.0,-1050.0,3825.0,1000.0,False,15,204,19750.0
4175.0,-825.0,4012.5,1000.0,False,15,206,15100.0
7675.0,2675.0,4912.5,2500.0,False,15,208,30200.0
937.5,-4062.5,725.0,1300.0,False,15,204,18425.0
5087.5,87.5,4075.0,2000.0,False,15,204,28775.0
4225.0,-775.0,3425.0,1150.0,False,15,205,19825.0
3800.0,-1200.0,2075.0,2800.0,False,15,206,29500.0
3400.0,-1600.0,1012.5,1850.0,False,15,203,27800.0
3712.5,-1287.5,3112.5,1325.0,False,15,208,18225.0
3900.0,-1100.0,3462.5,1800.0,False,15,208,23500.0
5675.0,675.0,4700.0,1100.0,False,15,206,18975.0
2275.0,-2725.0,1325.0,2250.0,False,15,203,19275.0
7250.0,2250.0,3550.0,1550.0,False,15,205,31225.0
6250.0,1250.0,3500.0,1000.0,False,15,206,23725.0
6637.5,1637.5,4337.5,1250.0,False,15,207,20725.0
-287.5,-5287.5,-287.5,2825.0,True,15,206,30625.0
3912.5,-1087.5,3725.0,1150.0,False,15,206,11500.0
3225.0,-1775.0,2725.0,1700.0,False,15,207,19725.0
4100.0,-900.0,2100.0,1600.0,False,15,207,18400.0
10562.5,5562.5,4875.0,1800.0,False,15,205,36400.0
8400.0,3400.0,3412.5,2500.0,False,15,203,23825.0
3387.5,-1612.5,2725.0,2300.0,False,15,211,17650.0
9862.5,4862.5,4400.0,1200.0,False,15,203,26850.0
6712.5,1712.5,2962.5,1625.0,False,15,207,19725.0
9800.0,4800.0,3887.5,1500.0,False,15,207,26525.0
7150.0,2150.0,3400.0,1700.0,False,15,204,22175.0
5150.0,150.0,4125.0,2400.0,False,15,206,25750.0
-37.5,-5037.5,-37.5,2075.0,True,11,145,16350.0
8612.5,3612.5,5000.0,825.0,False,15,204,17025.0
9187.5,4187.5,4925.0,2600.0,False,15,205,33450.0
6125.0,1125.0,4900.0,2400.0,False,15,204,34050.0
1400.0,-3600.0,1337.5,3000.0,False,15,207,31600.0
5162.5,162.5,4562.5,1200.0,False,15,202,19500.0
4775.0,-225.0,3875.0,1900.0,False,15,204,35600.0
6212.5,1212.5,3025.0,1800.0,False,15,211,22650.0
6525.0,1525.0,3437.5,1500.0,False,15,206,18700.0
9975.0,4975.0,4975.0,800.0,False,15,203,18925.0
4462.5,-537.5,3362.5,2150.0,False,15,206,25375.0
5600.0,600.0,3437.5,1125.0,False,15,205,14650.0
7087.5,2087.5,3900.0,1300.0,False,15,206,25775.0
5875.0,875.0,3937.5,1575.0,False,15,209,24300.0
375.0,-4625.0,375.0,2650.0,False,15,206,22600.0
4325.0,-675.0,3912.5,2350.0,False,15,205,22275.0
2250.0,-2750.0,1912.5,2500.0,False,15,205,18150.0
2337.5,-2662.5,1625.0,1387.5,False,15,208,16275.0
1725.0,-3275.0,487.5,5000.0,False,15,210,28400.0
3037.5,-1962.5,2312.5,2300.0,False,15,205,27900.0
-62.5,-5062.5,-62.5,2300.0,True,8,107,17275.0
5512.5,512.5,2950.0,2025.0,False,15,207,20800.0
4987.5,-12.5,3587.5,2050.0,False,15,205,29850.0
3325.0,-1675.0,2350.0,3000.0,False,15,204,24675.0
5262.5,262.5,4750.0,1650.0,False,15,209,22450.0
6562.5,1562.5,3400.0,1300.0,False,15,207,29375.0
4000.0,-1000.0,3100.0,2000.0,False,15,206,28875.0
-12.5,-5012.5,-12.5,2500.0,True,10,129,18675.0
5512.5,512.5,3775.0,1100.0,False,15,208,19575.0
3262.5,-1737.5,1137.5,2050.0,False,15,208,29200.0
1587.5,-3412.5,1550.0,3175.0,False,15,209,17250.0
-50.0,-5050.0,-50.0,2650.0,True,14,190,21000.0
-600.0,-5600.0,-600.0,4125.0,True,7,93,14725.0
6575.0,1575.0,3287.5,1750.0,False,15,208,25150.0
3075.0,-1925.0,2850.0,1450.0,False,15,209,20100.0
7025.0,2025.0,3862.5,1100.0,False,15,208,20875.0
3225.0,-1775.0,2675.0,1000.0,False,15,206,15625.0
13625.0,8625.0,4875.0,1700.0,False,15,205,34175.0
8550.0,3550.0,4050.0,1500.0,False,15,208,25400.0
11337.5,6337.5,4250.0,1400.0,False,15,204,39900.0
4987.5,-12.5,3387.5,1700.0,False,15,205,21325.0
11075.0,6075.0,4925.0,1750.0,False,15,208,32450.0
10300.0,5300.0,4375.0,1487.5,False,15,208,24800.0
2875.0,-2125.0,2287.5,1375.0,False,15,202,20325.0
8562.5,3562.5,4525.0,1050.0,False,15,210,21725.0
7712.5,2712.5,4012.5,1400.0,False,15,206,19850.0
7100.0,2100.0,4437.5,1500.0,False,15,202,21750.0
3625.0,-1375.0,3262.5,3100.0,False,15,200,24200.0
9837.5,4837.5,3825.0,1500.0,False,15,206,27000.0
2900.0,-2100.0,2637.5,2000.0,False,15,205,26875.0
4625.0,-375.0,2925.0,2350.0,False,15,202,29825.0
2762.5,-2237.5,2662.5,1975.0,False,15,215,23125.0
2475.0,-2525.0,450.0,3000.0,False,15,210,25900.0
1812.5,-3187.5,1812.5,2050.0,False,15,208,25975.0
7975.0,2975.0,2225.0,1850.0,False,15,209,27125.0
7525.0,2525.0,2537.5,1500.0,False,15,207,25600.0
8850.0,3850.0,4437.5,1900.0,False,15,199,34050.0
6887.5,1887.5,3950.0,1000.0,False,15,209,24175.0
7962.5,2962.5,3887.5,2050.0,False,15,203,34325.0
175.0,-4825.0,175.0,2100.0,False,15,211,31550.0
5825.0,825.0,4700.0,1725.0,False,15,206,22475.0
7950.0,2950.0,4825.0,2650.0,False,15,204,36150.0
2537.5,-2462.5,1862.5,1737.5,False,15,209,25700.0
8612.5,3612.5,3775.0,1175.0,False,15,206,19925.0
4600.0,-400.0,4375.0,1300.0,False,15,212,19000.0
9212.5,4212.5,3987.5,1500.0,False,15,208,29475.0
2962.5,-2037.5,987.5,3000.0,False,15,212,20525.0
3737.5,-1262.5,3537.5,1925.0,False,15,207,33075.0
5187.5,187.5,4537.5,1500.0,False,15,205,21825.0
9475.0,4475.0,4100.0,1650.0,False,15,205,31625.0
3587.5,-1412.5,2100.0,3125.0,False,15,206,26625.0
4650.0,-350.0,4150.0,950.0,False,15,205,13375.0
2337.5,-2662.5,2137.5,1500.0,False,15,202,12800.0
3400.0,-1600.0,3350.0,2250.0,False,15,200,28350.0
10637.5,5637.5,3450.0,2000.0,False,15,204,27925.0
8587.5,3587.5,3850.0,1550.0,False,15,206,23825.0
4675.0,-325.0,4037.5,1150.0,False,15,206,17275.0
1212.5,-3787.5,1212.5,2125.0,False,15,204,27425.0
9525.0,4525.0,3812.5,1400.0,False,15,207,27275.0
6250.0,1250.0,4350.0,1500.0,False,15,200,17675.0
6912.5,1912.5,4162.5,1000.0,False,15,202,19725.0
5987.5,987.5,4300.0,1350.0,False,15,206,21925.0
-62.5,-5062.5,-62.5,2425.0,True,4,49,10175.0
8937.5,3937.5,3925.0,1200.0,False,15,204,21175.0
5412.5,412.5,3900.0,1500.0,False,15,209,23150.0
4987.5,-12.5,1937.5,1500.0,False,15,212,23450.0
7387.5,2387.5,4750.0,1200.0,False,15,208,21200.0
4350.0,-650.0,3437.5,850.0,False,15,207,17725.0
6312.5,1312.5,4075.0,1300.0,False,15,207,22100.0
4925.0,-75.0,4287.5,3050.0,False,15,209,22575.0
4350.0,-650.0,2975.0,2100.0,False,15,207,25450.0
5712.5,712.5,4475.0,1400.0,False,15,204,24350.0
-600.0,-5600.0,-600.0,2400.0,True,10,137,23900.0
4087.5,-912.5,4087.5,2600.0,False,15,205,26400.0
1425.0,-3575.0,837.5,2450.0,False,15,209,18400.0
3400.0,-1600.0,3275.0,1600.0,False,15,208,26225.0
7050.0,2050.0,4750.0,1000.0,False,15,207,31475.0
2400.0,-2600.0,325.0,2125.0,False,15,202,24275.0
4012.5,-987.5,3612.5,1450.0,False,15,206,15800.0
3562.5,-1437.5,2787.5,2000.0,False,15,208,40200.0
-212.5,-5212.5,-212.5,3850.0,True,13,164,16750.0
5650.0,650.0,3500.0,1450.0,False,15,206,19800.0
8712.5,3712.5,4975.0,575.0,False,15,206,16650.0
4425.0,-575.0,2250.0,1900.0,False,15,208,26800.0
6100.0,1100.0,4625.0,1500.0,False,15,206,19850.0
5887.5,887.5,3675.0,1500.0,False,15,205,22350.0
5562.5,562.5,4625.0,2075.0,False,15,204,29675.0
8600.0,3600.0,4125.0,1900.0,False,15,206,29350.0
10950.0,5950.0,4087.5,1700.0,False,15,206,30850.0
1850.0,-3150.0,275.0,3800.0,False,15,207,38000.0
9100.0,4100.0,4950.0,1050.0,False,15,207,18925.0
7887.5,2887.5,4287.5,1400.0,False,15,205,21775.0
8950.0,3950.0,3537.5,1000.0,False,15,206,20025.0
3887.5,-1112.5,3187.5,1300.0,False,15,208,20800.0
5012.5,12.5,4050.0,3100.0,False,15,200,26675.0
3300.0,-1700.0,1462.5,2425.0,False,15,208,25150.0
8387.5,3387.5,4637.5,1150.0,False,15,204,21600.0
5562.5,562.5,4900.0,1350.0,False,15,202,18225.0
5387.5,387.5,4312.5,1100.0,False,15,206,15000.0
8675.0,3675.0,3800.0,1400.0,False,15,205,28575.0
8912.5,3912.5,4250.0,1500.0,False,15,206,23000.0
4675.0,-325.0,4225.0,1100.0,False,15,206,14800.0
3287.5,-1712.5,2000.0,3000.0,False,15,208,23150.0
7387.5,2387.5,4350.0,900.0,False,15,206,17075.0
8212.5,3212.5,4400.0,800.0,False,15,207,13075.0
3975.0,-1025.0,2475.0,2450.0,False,15,209,23950.0
5712.5,712.5,4900.0,1200.0,False,15,211,20050.0
5537.5,537.5,4825.0,2800.0,False,15,207,22725.0
7787.5,2787.5,3750.0,1900.0,False,15,207,21150.0
8362.5,3362.5,3850.0,1500.0,False,15,202,27475.0
1250.0,-3750.0,1200.0,3250.0,False,15,209,28475.0
5275.0,275.0,4025.0,1200.0,False,15,206,23575.0
1062.5,-3937.5,1062.5,3850.0,False,15,208,25875.0
3725.0,-1275.0,3550.0,1300.0,False,15,211,21975.0
3762.5,-1237.5,3700.0,2000.0,False,15,206,21225.0
7350.0,2350.0,4450.0,1800.0,False,15,205,29150.0
2712.5,-2287.5,1712.5,2200.0,False,15,197,26025.0
10612.5,5612.5,4725.0,1900.0,False,15,213,24225.0
2937.5,-2062.5,575.0,2075.0,False,15,209,29150.0
7387.5,2387.5,4912.5,1300.0,False,15,205,27625.0
5725.0,725.0,4225.0,500.0,False,15,208,12525.0
4812.5,-187.5,4137.5,1000.0,False,15,209,14000.0
2600.0,-2400.0,2600.0,2100.0,False,15,207,23025.0
5675.0,675.0,3450.0,1500.0,False,15,210,15650.0
8062.5,3062.5,2150.0,2200.0,False,15,209,29925.0
4287.5,-712.5,2437.5,1300.0,False,15,204,23025.0
-300.0,-5300.0,-300.0,2500.0,True,8,106,14625.0
6400.0,1400.0,4512.5,600.0,False,15,207,14225.0
7325.0,2325.0,4737.5,1500.0,False,15,207,26425.0
8912.5,3912.5,4075.0,1900.0,False,15,208,22725.0
7225.0,2225.0,3925.0,550.0,False,15,212,16900.0
10287.5,5287.5,3375.0,2100.0,False,15,205,28450.0
3137.5,-1862.5,2075.0,1600.0,False,15,209,18600.0
7312.5,2312.5,4337.5,1000.0,False,15,208,18100.0
0.0,-5000.0,0.0,2300.0,True,8,104,11825.0
4850.0,-150.0,2712.5,2500.0,False,15,209,19650.0
2425.0,-2575.0,2075.0,1750.0,False,15,207,23250.0
6812.5,1812.5,2837.5,1800.0,False,15,205,29850.0
10287.5,5287.5,4975.0,850.0,False,15,207,22775.0
5450.0,450.0,4700.0,2300.0,False,15,202,26725.0
5200.0,200.0,1012.5,2800.0,False,15,205,24325.0
7100.0,2100.0,4675.0,500.0,False,15,206,13375.0
1737.5,-3262.5,1737.5,2500.0,False,15,204,16875.0
6275.0,1275.0,4850.0,1400.0,False,15,207,19775.0
9112.5,4112.5,4125.0,875.0,False,15,203,22625.0
4162.5,-837.5,2337.5,2150.0,False,15,207,29950.0
4512.5,-487.5,2987.5,2100.0,False,15,201,19975.0
-37.5,-5037.5,-37.5,2300.0,True,13,173,19950.0
3575.0,-1425.0,2050.0,1350.0,False,15,211,22875.0
9475.0,4475.0,4975.0,1200.0,False,15,202,17225.0
8150.0,3150.0,2850.0,2200.0,False,15,208,27675.0
5400.0,400.0,4800.0,1425.0,False,15,205,21350.0
5050.0,50.0,3650.0,1925.0,False,15,204,26575.0
5125.0,125.0,3787.5,1075.0,False,15,207,19325.0
11012.5,6012.5,4900.0,1300.0,False,15,208,23875.0
3237.5,-1762.5,2100.0,1925.0,False,15,205,18625.0
4750.0,-250.0,4137.5,2100.0,False,15,206,22450.0
5362.5,362.5,3062.5,1750.0,False,15,203,19800.0
1612.5,-3387.5,1300.0,2300.0,False,15,204,25200.0
8987.5,3987.5,3825.0,1950.0,False,15,206,27400.0
7187.5,2187.5,4525.0,2000.0,False,15,210,21800.0
1375.0,-3625.0,1037.5,3400.0,False,15,209,15350.0
1837.5,-3162.5,1362.5,1875.0,False,15,208,22100.0
5050.0,50.0,3575.0,1800.0,False,15,211,22975.0
6212.5,1212.5,4975.0,2000.0,False,15,208,15300.0
6037.5,1037.5,4950.0,1000.0,False,15,208,10200.0
5512.5,512.5,4200.0,1700.0,False,15,205,26050.0
5650.0,650.0,3200.0,1800.0,False,15,207,18950.0
1975.0,-3025.0,637.5,1500.0,False,15,205,28725.0
3525.0,-1475.0,2812.5,900.0,False,15,206,13075.0
8200.0,3200.0,4950.0,675.0,False,15,206,13175.0
5975.0,975.0,1725.0,2900.0,False,15,211,27550.0
6062.5,1062.5,3262.5,1500.0,False,15,206,37075.0
-437.5,-5437.5,-437.5,2700.0,True,12,154,15100.0
6987.5,1987.5,2337.5,2100.0,False,15,203,25600.0
12725.0,7725.0,5000.0,1300.0,False,15,207,24350.0
3587.5,-1412.5,1787.5,1200.0,False,15,203,21250.0
1462.5,-3537.5,1037.5,2475.0,False,15,205,20900.0
7075.0,2075.0,4437.5,1350.0,False,15,209,21575.0
3925.0,-1075.0,3437.5,2125.0,False,15,211,24250.0
7312.5,2312.5,4850.0,1500.0,False,15,210,18900.0
3600.0,-1400.0,2925.0,1900.0,False,15,202,33000.0
4275.0,-725.0,1837.5,2225.0,False,15,210,23800.0
5700.0,700.0,4450.0,1000.0,False,15,208,17800.0
-62.5,-5062.5,-62.5,2075.0,True,7,86,8375.0
6875.0,1875.0,4662.5,1200.0,False,15,207,18525.0
7012.5,2012.5,4887.5,700.0,False,15,209,14975.0
7375.0,2375.0,4900.0,1000.0,False,15,207,27775.0
7375.0,2375.0,2562.5,2250.0,False,15,204,24275.0
6325.0,1325.0,3737.5,1700.0,False,15,204,26800.0
8137.5,3137.5,4025.0,2000.0,False,15,205,22900.0
7487.5,2487.5,2962.5,2000.0,False,15,203,31900.0
6850.0,1850.0,4437.5,1000.0,False,15,205,15225.0
5537.5,537.5,3887.5,1150.0,False,15,211,23725.0
5475.0,475.0,4925.0,1000.0,False,15,207,11400.0
4025.0,-975.0,3750.0,2175.0,False,15,209,23200.0
7087.5,2087.5,3687.5,2000.0,False,15,200,33500.0
6625.0,1625.0,2875.0,2200.0,False,15,208,33375.0
6462.5,1462.5,3237.5,2050.0,False,15,204,27475.0
7987.5,2987.5,4925.0,1500.0,False,15,208,21675.0
6812.5,1812.5,4237.5,1600.0,False,15,209,18175.0
5900.0,900.0,4000.0,1200.0,False,15,208,13375.0
5000.0,0.0,2475.0,2100.0,False,15,207,21950.0
8600.0,3600.0,4175.0,1500.0,False,15,206,24250.0
10900.0,5900.0,4900.0,2250.0,False,15,206,29500.0
5975.0,975.0,2562.5,2900.0,False,15,208,30450.0
10412.5,5412.5,5000.0,3300.0,False,15,205,38425.0
8425.0,3425.0,1512.5,1900.0,False,15,208,26125.0
7512.5,2512.5,3900.0,1450.0,False,15,205,27700.0
6225.0,1225.0,3850.0,1225.0,False,15,210,15275.0
7262.5,2262.5,4625.0,3075.0,False,15,202,26100.0
4425.0,-575.0,3162.5,2500.0,False,15,205,26175.0
11312.5,6312.5,4800.0,1250.0,False,15,205,30500.0
5125.0,125.0,4025.0,1125.0,False,15,207,12750.0
4962.5,-37.5,4437.5,1550.0,False,15,204,20700.0
337.5,-4662.5,87.5,2150.0,False,15,210,28050.0
5000.0,0.0,3412.5,1850.0,False,15,202,15900.0
5337.5,337.5,3500.0,1250.0,False,15,206,13450.0
9937.5,4937.5,4662.5,1250.0,False,15,206,21200.0
4025.0,-975.0,3725.0,2000.0,False,15,207,27150.0
8600.0,3600.0,4800.0,600.0,False,15,207,12500.0
3262.5,-1737.5,350.0,4750.0,False,15,206,21300.0
6450.0,1450.0,4500.0,1950.0,False,15,205,26925.0
0.0,-5000.0,0.0,4025.0,True,14,176,23875.0
8775.0,3775.0,4825.0,1850.0,False,15,207,26625.0
5862.5,862.5,4675.0,1250.0,False,15,209,24475.0
7275.0,2275.0,4487.5,900.0,False,15,205,21400.0
9450.0,4450.0,3987.5,1350.0,False,15,203,21375.0
4737.5,-262.5,4237.5,1500.0,False,15,206,25050.0
8087.5,3087.5,4350.0,1050.0,False,15,213,13700.0
9612.5,4612.5,4537.5,2200.0,False,15,209,21150.0
8525.0,3525.0,3687.5,1325.0,False,15,207,21875.0
5250.0,250.0,3250.0,1625.0,False,15,203,35375.0
8412.5,3412.5,4900.0,2000.0,False,15,205,22000.0
3287.5,-1712.5,2100.0,2650.0,False,15,204,29200.0
5737.5,737.5,2462.5,1600.0,False,15,207,20275.0
6137.5,1137.5,4775.0,1400.0,False,15,211,15775.0
5187.5,187.5,1425.0,1700.0,False,15,200,34900.0
3812.5,-1187.5,3037.5,2500.0,False,15,209,22775.0
6562.5,1562.5,4975.0,2575.0,False,15,210,20500.0
11325.0,6325.0,4975.0,1100.0,False,15,205,22575.0
3812.5,-1187.5,1562.5,2400.0,False,15,207,26475.0
5212.5,212.5,3600.0,1700.0,False,15,208,21800.0
5462.5,462.5,4687.5,2050.0,False,15,206,25550.0
-150.0,-5150.0,-150.0,3175.0,True,11,145,16725.0
6700.0,1700.0,4912.5,3300.0,False,15,207,30650.0
4762.5,-237.5,3700.0,1350.0,False,15,205,21300.0
9275.0,4275.0,4175.0,1525.0,False,15,203,26725.0
6512.5,1512.5,4650.0,600.0,False,15,209,11875.0
6987.5,1987.5,4875.0,1550.0,False,15,208,31400.0
5950.0,950.0,4650.0,775.0,False,15,208,13300.0
337.5,-4662.5,337.5,2425.0,False,15,207,29850.0
3125.0,-1875.0,2562.5,1425.0,False,15,212,14475.0
7200.0,2200.0,850.0,2950.0,False,15,208,27350.0
2475.0,-2525.0,25.0,2500.0,False,15,205,26125.0
4800.0,-200.0,2987.5,1800.0,False,15,200,24100.0
6400.0,1400.0,3475.0,2725.0,False,15,207,24650.0
5575.0,575.0,3050.0,2500.0,False,15,206,25025.0
4987.5,-12.5,4550.0,1250.0,False,15,203,21900.0
-275.0,-5275.0,-275.0,1950.0,True,14,191,18425.0
6187.5,1187.5,3650.0,3275.0,False,15,210,27275.0
3775.0,-1225.0,1837.5,2125.0,False,15,207,26700.0
4987.5,-12.5,4112.5,775.0,False,15,205,12425.0
2312.5,-2687.5,2012.5,1825.0,False,15,207,28050.0
6012.5,1012.5,3487.5,1750.0,False,15,201,20100.0
8525.0,3525.0,4862.5,1075.0,False,15,210,23700.0
5537.5,537.5,3375.0,2350.0,False,15,206,30225.0
4475.0,-525.0,1087.5,2200.0,False,15,208,26700.0
6875.0,1875.0,2850.0,4550.0,False,15,201,29175.0
4087.5,-912.5,3325.0,1375.0,False,15,206,19075.0
4825.0,-175.0,3825.0,2100.0,False,15,209,32475.0
1537.5,-3462.5,1350.0,2625.0,False,15,212,13075.0
11312.5,6312.5,4912.5,1100.0,False,15,206,29800.0
4225.0,-775.0,3262.5,3350.0,False,15,208,22025.0
-87.5,-5087.5,-87.5,2750.0,True,10,121,25450.0
4600.0,-400.0,2800.0,1700.0,False,15,207,23875.0
4925.0,-75.0,4150.0,1800.0,False,15,207,22125.0
-75.0,-5075.0,-75.0,5100.0,True,3,40,6350.0
2337.5,-2662.5,1987.5,2350.0,False,15,208,15550.0
8537.5,3537.5,3437.5,1800.0,False,15,206,26250.0
6912.5,1912.5,4500.0,900.0,False,15,204,16500.0
2387.5,-2612.5,1562.5,2425.0,False,15,209,19625.0
8562.5,3562.5,4900.0,1000.0,False,15,206,22875.0
3750.0,-1250.0,3425.0,1700.0,False,15,205,19500.0
7850.0,2850.0,4675.0,1500.0,False,15,205,19975.0
11037.5,6037.5,3575.0,2325.0,False,15,205,33800.0
8237.5,3237.5,4062.5,1150.0,False,15,207,27350.0
8112.5,3112.5,3762.5,1450.0,False,15,210,20875.0
6112.5,1112.5,4287.5,1100.0,False,15,206,18925.0
6312.5,1312.5,2462.5,1900.0,False,15,203,32525.0
5925.0,925.0,3250.0,1425.0,False,15,208,26275.0
5500.0,500.0,4612.5,1450.0,False,15,205,16650.0
3225.0,-1775.0,2575.0,1600.0,False,15,210,21650.0
1725.0,-3275.0,1387.5,2400.0,False,15,206,26050.0
-125.0,-5125.0,-125.0,3100.0,True,3,41,8125.0
6325.0,1325.0,5000.0,1400.0,False,15,205,18600.0
9037.5,4037.5,4975.0,2000.0,False,15,209,21050.0
10362.5,5362.5,4825.0,825.0,False,15,205,21225.0
12625.0,7625.0,4950.0,1750.0,False,15,202,35525.0
6687.5,1687.5,4925.0,1000.0,False,15,208,18750.0
7000.0,2000.0,5000.0,1000.0,False,15,205,16850.0
4937.5,-62.5,3312.5,1750.0,False,15,201,22150.0
4312.5,-687.5,3687.5,2000.0,False,15,209,17150.0
-225.0,-5225.0,-225.0,2625.0,True,13,172,29175.0
5500.0,500.0,4112.5,2800.0,False,15,210,27625.0
7262.5,2262.5,3037.5,2100.0,False,15,204,38850.0
4587.5,-412.5,4437.5,1025.0,False,15,207,20175.0
6612.5,1612.5,4575.0,1900.0,False,15,206,22700.0
3962.5,-1037.5,3050.0,2000.0,False,15,203,24600.0
6425.0,1425.0,4762.5,2150.0,False,15,208,23300.0
5112.5,112.5,4062.5,2000.0,False,15,210,27050.0
3162.5,-1837.5,3062.5,1400.0,False,15,204,17500.0
4562.5,-437.5,4187.5,1600.0,False,15,208,22600.0
10437.5,5437.5,4725.0,800.0,False,15,207,18750.0
9025.0,4025.0,4775.0,900.0,False,15,206,28825.0
3637.5,-1362.5,2950.0,2250.0,False,15,205,22500.0
3475.0,-1525.0,3475.0,1700.0,False,15,203,25400.0
11750.0,6750.0,4912.5,1800.0,False,15,207,29750.0
3762.5,-1237.5,2737.5,2000.0,False,15,206,18650.0
4850.0,-150.0,4600.0,1650.0,False,15,209,27225.0
5400.0,400.0,3612.5,1100.0,False,15,204,18425.0
5500.0,500.0,3150.0,2275.0,False,15,210,26850.0
5000.0,0.0,3187.5,1500.0,False,15,206,34050.0
5887.5,887.5,2262.5,2800.0,False,15,204,31425.0
9225.0,4225.0,4712.5,950.0,False,15,206,19200.0
8362.5,3362.5,3962.5,1050.0,False,15,208,25025.0
6337.5,1337.5,3962.5,1400.0,False,15,202,21850.0
-362.5,-5362.5,-362.5,2300.0,True,14,187,17500.0
6775.0,1775.0,5000.0,2600.0,False,15,204,39425.0
1725.0,-3275.0,850.0,2550.0,False,15,206,24375.0
5175.0,175.0,2975.0,2100.0,False,15,204,32525.0
5425.0,425.0,4400.0,1875.0,False,15,208,17825.0
4737.5,-262.5,4650.0,1500.0,False,15,209,18000.0
2037.5,-2962.5,1737.5,2150.0,False,15,207,19850.0
6312.5,1312.5,3187.5,1625.0,False,15,210,21050.0
6662.5,1662.5,3462.5,1300.0,False,15,210,20050.0
3487.5,-1512.5,2187.5,2500.0,False,15,206,23950.0
1937.5,-3062.5,1412.5,3400.0,False,15,205,31475.0
6287.5,1287.5,2987.5,2075.0,False,15,203,20275.0
9975.0,4975.0,4887.5,600.0,False,15,211,14500.0
4287.5,-712.5,4050.0,2450.0,False,15,205,23375.0
5712.5,712.5,3625.0,1900.0,False,15,201,17450.0
1912.5,-3087.5,1262.5,2600.0,False,15,200,13350.0
-225.0,-5225.0,-225.0,3000.0,True,8,104,17700.0
-375.0,-5375.0,-375.0,2650.0,True,5,61,10425.0
3837.5,-1162.5,3037.5,1675.0,False,15,207,23425.0
4975.0,-25.0,3350.0,2500.0,False,15,202,22175.0
8512.5,3512.5,2475.0,1650.0,False,15,206,23050.0
4375.0,-625.0,3312.5,1500.0,False,15,209,14350.0
8637.5,3637.5,4175.0,1175.0,False,15,208,28550.0
5975.0,975.0,4450.0,1500.0,False,15,209,22800.0
-387.5,-5387.5,-387.5,2650.0,True,14,178,20200.0
5587.5,587.5,3200.0,1225.0,False,15,204,27500.0
3487.5,-1512.5,400.0,2400.0,False,15,203,24875.0
8500.0,3500.0,4700.0,1800.0,False,15,199,28825.0
12025.0,7025.0,4975.0,800.0,False,15,205,17350.0
4175.0,-825.0,2975.0,2550.0,False,15,203,18375.0
-100.0,-5100.0,-100.0,3200.0,True,8,110,13200.0
7050.0,2050.0,4800.0,1300.0,False,15,207,32075.0
2162.5,-2837.5,1962.5,2125.0,False,15,202,26200.0
4400.0,-600.0,3525.0,1500.0,False,15,208,19550.0
4512.5,-487.5,2912.5,1900.0,False,15,204,21575.0
-112.5,-5112.5,-112.5,3850.0,True,13,171,17225.0
4300.0,-700.0,2600.0,1500.0,False,15,213,24725.0
5187.5,187.5,3675.0,2500.0,False,15,207,24550.0
8175.0,3175.0,1825.0,3175.0,False,15,207,30675.0
6400.0,1400.0,4650.0,2400.0,False,15,214,22225.0
4200.0,-800.0,3112.5,1750.0,False,15,206,19500.0
2200.0,-2800.0,1612.5,3100.0,False,15,202,26850.0
5125.0,125.0,4775.0,2300.0,False,15,204,16225.0
1487.5,-3512.5,450.0,1650.0,False,15,204,22275.0
-262.5,-5262.5,-262.5,2750.0,True,13,169,25550.0
3150.0,-1850.0,1625.0,1900.0,False,15,206,25025.0
5937.5,937.5,4162.5,1600.0,False,15,206,28675.0
2562.5,-2437.5,1125.0,2200.0,False,15,205,22025.0
7025.0,2025.0,4987.5,1000.0,False,15,212,13475.0
5875.0,875.0,4375.0,1650.0,False,15,210,22775.0
4837.5,-162.5,2587.5,2300.0,False,15,203,24900.0
9900.0,4900.0,3537.5,1900.0,False,15,208,37100.0
8675.0,3675.0,4637.5,2250.0,False,15,207,40075.0
4500.0,-500.0,1962.5,1300.0,False,15,207,19650.0
7850.0,2850.0,4875.0,1200.0,False,15,212,24025.0
4962.5,-37.5,4650.0,550.0,False,15,209,11600.0
2325.0,-2675.0,2312.5,2900.0,False,15,204,33900.0
6175.0,1175.0,4287.5,1400.0,False,15,205,25000.0
2900.0,-2100.0,2137.5,2500.0,False,15,205,31200.0
2512.5,-2487.5,1262.5,2100.0,False,15,205,21100.0
1712.5,-3287.5,1712.5,2000.0,False,15,206,22575.0
6362.5,1362.5,2737.5,1350.0,False,15,208,25900.0
10712.5,5712.5,5000.0,1500.0,False,15,206,22325.0
1725.0,-3275.0,1725.0,2300.0,False,15,207,15925.0
9712.5,4712.5,4600.0,1400.0,False,15,205,29225.0
6112.5,1112.5,3587.5,1750.0,False,15,203,33575.0
2737.5,-2262.5,2737.5,1625.0,False,15,208,22775.0
2612.5,-2387.5,2412.5,1925.0,False,15,209,17600.0
250.0,-4750.0,250.0,1900.0,False,15,208,27350.0
3012.5,-1987.5,1137.5,2000.0,False,15,206,29050.0
4750.0,-250.0,3400.0,1050.0,False,15,204,19950.0
7125.0,2125.0,2575.0,3275.0,False,15,208,26150.0
3412.5,-1587.5,3075.0,2500.0,False,15,205,32950.0
4437.5,-562.5,3687.5,2075.0,False,15,208,11975.0
7600.0,2600.0,3312.5,1600.0,False,15,203,32075.0
6437.5,1437.5,3550.0,700.0,False,15,210,18100.0
3212.5,-1787.5,3000.0,2025.0,False,15,205,17950.0
-550.0,-5550.0,-550.0,2550.0,True,8,104,20600.0
13000.0,8000.0,4850.0,1000.0,False,15,208,24450.0
5812.5,812.5,4912.5,1300.0,False,15,207,14200.0
-162.5,-5162.5,-162.5,2400.0,True,13,176,22175.0
5887.5,887.5,2450.0,3500.0,False,15,203,26900.0
4525.0,-475.0,4500.0,2000.0,False,15,207,23550.0
-262.5,-5262.5,-262.5,2350.0,True,12,166,15175.0
5725.0,725.0,4625.0,1800.0,False,15,203,21000.0
11012.5,6012.5,4950.0,2000.0,False,15,201,28175.0
5737.5,737.5,1887.5,1975.0,False,15,204,21250.0
4337.5,-662.5,2937.5,2925.0,False,15,203,33600.0
1887.5,-3112.5,1612.5,3950.0,False,15,208,19800.0
5237.5,237.5,4187.5,1600.0,False,15,208,28975.0
3375.0,-1625.0,2387.5,1400.0,False,15,210,19650.0
6912.5,1912.5,4350.0,1700.0,False,15,206,30300.0
5987.5,987.5,1900.0,2975.0,False,15,208,36100.0
5462.5,462.5,2737.5,2000.0,False,15,206,21825.0
7337.5,2337.5,4925.0,2000.0,False,15,208,23900.0
0.0,-5000.0,0.0,2600.0,True,9,111,21675.0
7662.5,2662.5,4950.0,1125.0,False,15,207,24850.0
4987.5,-12.5,2587.5,2300.0,False,15,205,28625.0
4125.0,-875.0,2650.0,1400.0,False,15,205,23825.0
5625.0,625.0,4425.0,2100.0,False,15,208,16800.0
6012.5,1012.5,3862.5,1500.0,False,15,205,18650.0
5300.0,300.0,4212.5,1700.0,False,15,209,25175.0
4412.5,-587.5,2925.0,2000.0,False,15,203,24000.0
7137.5,2137.5,4600.0,950.0,False,15,209,22925.0
-112.5,-5112.5,-112.5,4200.0,True,11,151,22050.0
5575.0,575.0,4225.0,1400.0,False,15,207,22550.0
7650.0,2650.0,4025.0,1000.0,False,15,204,22050.0
9725.0,4725.0,4875.0,750.0,False,15,204,18200.0
6237.5,1237.5,3237.5,1225.0,False,15,209,23325.0
8087.5,3087.5,4825.0,1500.0,False,15,201,20250.0
-137.5,-5137.5,-137.5,1625.0,True,12,158,16750.0
6600.0,1600.0,5000.0,1750.0,False,15,202,23600.0
7412.5,2412.5,4750.0,1200.0,False,15,208,17100.0
5012.5,12.5,2587.5,3100.0,False,15,206,31375.0
5537.5,537.5,2625.0,1900.0,False,15,210,25075.0
8825.0,3825.0,4512.5,1650.0,False,15,207,27175.0
5850.0,850.0,4212.5,1300.0,False,15,207,21475.0
5100.0,100.0,3575.0,1200.0,False,15,206,26075.0
12662.5,7662.5,4050.0,1000.0,False,15,210,28725.0
1600.0,-3400.0,1600.0,1625.0,False,15,207,19525.0
10612.5,5612.5,4900.0,1500.0,False,15,205,23125.0
5112.5,112.5,3862.5,1800.0,False,15,202,24975.0
5600.0,600.0,3912.5,1950.0,False,15,209,22075.0
4000.0,-1000.0,3450.0,2275.0,False,15,209,28100.0
5250.0,250.0,4725.0,1500.0,False,15,204,15350.0
3725.0,-1275.0,3725.0,1700.0,False,15,208,22850.0
4725.0,-275.0,3787.5,1500.0,False,15,207,21575.0
-212.5,-5212.5,-212.5,2550.0,True,15,197,24950.0
4200.0,-800.0,4100.0,1400.0,False,15,208,19225.0
7450.0,2450.0,4800.0,1500.0,False,15,209,24250.0
11450.0,6450.0,4775.0,1925.0,False,15,204,31650.0
9850.0,4850.0,4912.5,750.0,False,15,205,23925.0
6100.0,1100.0,3225.0,2700.0,False,15,208,31800.0
2387.5,-2612.5,1912.5,3425.0,False,15,203,19375.0
2150.0,-2850.0,2000.0,2700.0,False,15,211,24800.0
8700.0,3700.0,4137.5,1900.0,False,15,202,27075.0
3600.0,-1400.0,1900.0,2250.0,False,15,211,24725.0
9112.5,4112.5,3225.0,1800.0,False,15,206,32375.0
337.5,-4662.5,287.5,2050.0,False,15,207,23625.0
6700.0,1700.0,4887.5,2150.0,False,15,202,23650.0
3887.5,-1112.5,3125.0,1725.0,False,15,208,13925.0
6325.0,1325.0,4325.0,1150.0,False,15,204,20825.0
7212.5,2212.5,4875.0,975.0,False,15,205,19950.0
5875.0,875.0,3425.0,1625.0,False,15,205,18975.0
5087.5,87.5,4150.0,950.0,False,15,208,17125.0
2825.0,-2175.0,2825.0,1750.0,False,15,207,20925.0
5312.5,312.5,3200.0,1350.0,False,15,205,24700.0
5400.0,400.0,4300.0,2000.0,False,15,206,26000.0
4737.5,-262.5,2425.0,2600.0,False,15,203,32150.0
5562.5,562.5,3962.5,1050.0,False,15,211,19000.0
5550.0,550.0,2875.0,1875.0,False,15,203,21550.0
3625.0,-1375.0,1787.5,1650.0,False,15,210,25225.0
5950.0,950.0,4700.0,1400.0,False,15,208,20750.0
4562.5,-437.5,3962.5,1650.0,False,15,206,24200.0
7650.0,2650.0,4500.0,2700.0,False,15,208,21200.0
4837.5,-162.5,4250.0,1550.0,False,15,211,23150.0
6000.0,1000.0,4925.0,1100.0,False,15,202,16750.0
8975.0,3975.0,4562.5,1500.0,False,15,201,26825.0
5825.0,825.0,3650.0,1200.0,False,15,208,30275.0
6087.5,1087.5,4487.5,500.0,False,15,211,12525.0
3625.0,-1375.0,2562.5,1400.0,False,15,206,16750.0
5337.5,337.5,3850.0,2275.0,False,15,205,26225.0
5737.5,737.5,4400.0,1300.0,False,15,207,16425.0
6850.0,1850.0,3962.5,1500.0,False,15,202,21200.0
6025.0,1025.0,4862.5,1850.0,False,15,204,26175.0
-287.5,-5287.5,-287.5,1875.0,True,11,147,18175.0
-125.0,-5125.0,-125.0,3650.0,True,13,169,19350.0
7550.0,2550.0,4825.0,1850.0,False,15,205,33325.0
8912.5,3912.5,4437.5,1000.0,False,15,208,26775.0
11087.5,6087.5,4612.5,1500.0,False,15,203,26025.0
6400.0,1400.0,4375.0,1500.0,False,15,201,21550.0
6275.0,1275.0,4175.0,500.0,False,15,208,18450.0
-175.0,-5175.0,-175.0,2375.0,True,15,197,19150.0
7662.5,2662.5,4225.0,1400.0,False,15,205,23400.0
4262.5,-737.5,3000.0,1900.0,False,15,209,21800.0
5925.0,925.0,4237.5,950.0,False,15,207,13900.0
0.0,-5000.0,0.0,3250.0,True,7,87,13775.0
5125.0,125.0,2437.5,1850.0,False,15,208,24375.0
5637.5,637.5,3337.5,2550.0,False,15,205,27425.0
7425.0,2425.0,4700.0,750.0,False,15,205,24500.0
11837.5,6837.5,4975.0,1750.0,False,15,205,29000.0
4337.5,-662.5,2712.5,1200.0,False,15,203,19875.0
4625.0,-375.0,3512.5,2750.0,False,15,205,32075.0
2137.5,-2862.5,1175.0,2000.0,False,15,199,29400.0
2425.0,-2575.0,2425.0,1750.0,False,15,211,18600.0
5887.5,887.5,4400.0,2150.0,False,15,206,24900.0
4162.5,-837.5,2925.0,2150.0,False,15,211,16125.0
5362.5,362.5,3275.0,1500.0,False,15,204,17750.0
7550.0,2550.0,4862.5,625.0,False,15,209,19375.0
3000.0,-2000.0,2750.0,1800.0,False,15,203,31625.0
5187.5,187.5,4325.0,875.0,False,15,209,13475.0
5950.0,950.0,4350.0,1000.0,False,15,203,15425.0
6325.0,1325.0,4000.0,2600.0,False,15,205,25575.0
6887.5,1887.5,3975.0,1250.0,False,15,204,20675.0
10175.0,5175.0,4975.0,1450.0,False,15,206,29800.0
7662.5,2662.5,4975.0,2300.0,False,15,208,31325.0
10350.0,5350.0,3862.5,2400.0,False,15,210,43625.0
8762.5,3762.5,4650.0,825.0,False,15,206,25675.0
1937.5,-3062.5,637.5,1900.0,False,15,208,23000.0
3700.0,-1300.0,2362.5,2400.0,False,15,204,19150.0
6975.0,1975.0,3012.5,950.0,False,15,207,22500.0
7425.0,2425.0,4825.0,2025.0,False,15,206,17600.0
2450.0,-2550.0,1612.5,2650.0,False,15,211,27950.0
10987.5,5987.5,4737.5,1800.0,False,15,203,31900.0
5625.0,625.0,3875.0,850.0,False,15,209,12975.0
5750.0,750.0,4462.5,1175.0,False,15,205,19250.0
7512.5,2512.5,4587.5,775.0,False,15,204,20750.0
5637.5,637.5,4537.5,1875.0,False,15,204,29850.0
3250.0,-1750.0,2837.5,1750.0,False,15,211,17075.0
8012.5,3012.5,4775.0,2000.0,False,15,203,26850.0
7175.0,2175.0,2800.0,1750.0,False,15,203,25475.0
7937.5,2937.5,4575.0,2000.0,False,15,206,27525.0
10825.0,5825.0,3825.0,1750.0,False,15,205,25300.0
7312.5,2312.5,4875.0,800.0,False,15,209,17450.0
637.5,-4362.5,637.5,2600.0,False,15,205,34600.0
7962.5,2962.5,4500.0,1250.0,False,15,208,20825.0
6200.0,1200.0,3075.0,1950.0,False,15,205,20000.0
7312.5,2312.5,4312.5,1300.0,False,15,204,26525.0
3225.0,-1775.0,1762.5,1800.0,False,15,207,22275.0
6975.0,1975.0,3862.5,1000.0,False,15,204,20100.0
6450.0,1450.0,4037.5,1500.0,False,15,208,18125.0
4062.5,-937.5,2275.0,2000.0,False,15,206,29900.0
7350.0,2350.0,4275.0,900.0,False,15,207,23000.0
7812.5,2812.5,2500.0,1950.0,False,15,205,28075.0
7550.0,2550.0,4300.0,1700.0,False,15,210,22150.0
7350.0,2350.0,4000.0,1600.0,False,15,207,27200.0
5450.0,450.0,3825.0,1525.0,False,15,208,21800.0
4850.0,-150.0,3350.0,1225.0,False,15,207,17250.0
7850.0,2850.0,4800.0,725.0,False,15,203,17600.0
7062.5,2062.5,3000.0,1050.0,False,15,203,21625.0
9350.0,4350.0,3337.5,1800.0,False,15,208,26175.0
6987.5,1987.5,4625.0,1500.0,False,15,210,28225.0
9475.0,4475.0,4925.0,1250.0,False,15,203,28050.0
8587.5,3587.5,3375.0,1725.0,False,15,206,27250.0
5087.5,87.5,4600.0,1375.0,False,15,212,23525.0
3875.0,-1125.0,2375.0,1000.0,False,15,208,20775.0
6237.5,1237.5,3850.0,1825.0,False,15,210,24800.0
6425.0,1425.0,3275.0,1725.0,False,15,206,18975.0
1475.0,-3525.0,1475.0,1900.0,False,15,207,14975.0
1487.5,-3512.5,1087.5,2650.0,False,15,207,20900.0
6875.0,1875.0,2400.0,1900.0,False,15,209,19275.0
4787.5,-212.5,4187.5,2025.0,False,15,206,21850.0
4575.0,-425.0,1975.0,2650.0,False,15,209,21525.0
10275.0,5275.0,4812.5,1500.0,False,15,207,26050.0
9987.5,4987.5,4675.0,1000.0,False,15,207,25800.0
-112.5,-5112.5,-112.5,2000.0,True,6,77,9725.0
5762.5,762.5,4662.5,625.0,False,15,212,16075.0
5687.5,687.5,3325.0,1775.0,False,15,208,27000.0
6537.5,1537.5,4750.0,525.0,False,15,206,11725.0
4537.5,-462.5,3925.0,2100.0,False,15,208,24850.0
6400.0,1400.0,4700.0,700.0,False,15,207,12500.0
12312.5,7312.5,4625.0,900.0,False,15,207,23775.0
4125.0,-875.0,3700.0,1600.0,False,15,207,19825.0
5912.5,912.5,3137.5,1700.0,False,15,205,22325.0
1250.0,-3750.0,275.0,2000.0,False,15,209,23025.0
412.5,-4587.5,312.5,1350.0,False,15,206,19700.0
6000.0,1000.0,3237.5,1250.0,False,15,206,25100.0
4037.5,-962.5,2400.0,3000.0,False,15,207,22325.0
6875.0,1875.0,5000.0,500.0,False,15,207,12050.0
9162.5,4162.5,4100.0,1400.0,False,15,209,29050.0
9175.0,4175.0,3850.0,1250.0,False,15,205,22050.0
7300.0,2300.0,3837.5,1600.0,False,15,209,20375.0
5475.0,475.0,3625.0,1500.0,False,15,205,21625.0
4112.5,-887.5,4012.5,2200.0,False,15,204,24800.0
5237.5,237.5,3687.5,2000.0,False,15,206,16025.0
6900.0,1900.0,2962.5,1150.0,False,15,206,19625.0
5150.0,150.0,3512.5,1200.0,False,15,206,19700.0
4762.5,-237.5,4075.0,2950.0,False,15,206,15825.0
9587.5,4587.5,4625.0,1500.0,False,15,205,24900.0
5762.5,762.5,4975.0,2700.0,False,15,210,28750.0
125.0,-4875.0,125.0,3550.0,False,15,208,29050.0
3575.0,-1425.0,2487.5,1750.0,False,15,203,24825.0
5312.5,312.5,4737.5,750.0,False,15,206,14750.0
8512.5,3512.5,4850.0,2700.0,False,15,206,22875.0
7137.5,2137.5,3237.5,1650.0,False,15,202,20650.0
6037.5,1037.5,4525.0,850.0,False,15,206,20350.0
6887.5,1887.5,4975.0,2275.0,False,15,210,16975.0
-237.5,-5237.5,-237.5,2400.0,True,11,149,18875.0
6412.5,1412.5,4500.0,2550.0,False,15,210,20175.0
8637.5,3637.5,4387.5,2000.0,False,15,207,28750.0
6987.5,1987.5,3087.5,1700.0,False,15,199,33425.0
3500.0,-1500.0,2387.5,1500.0,False,15,208,23950.0
5262.5,262.5,3862.5,2200.0,False,15,206,27850.0
8162.5,3162.5,3675.0,975.0,False,15,208,24900.0
9100.0,4100.0,4087.5,850.0,False,15,209,17975.0
3262.5,-1737.5,2237.5,2600.0,False,15,203,25800.0
7250.0,2250.0,4462.5,800.0,False,15,210,12725.0
9650.0,4650.0,3875.0,1200.0,False,15,203,27550.0
3412.5,-1587.5,2212.5,1800.0,False,15,203,28400.0
3837.5,-1162.5,2787.5,2050.0,False,15,206,28875.0
6275.0,1275.0,3937.5,925.0,False,15,207,19625.0
6050.0,1050.0,3687.5,1275.0,False,15,210,23700.0
5712.5,712.5,4362.5,2650.0,False,15,204,24050.0
2387.5,-2612.5,1450.0,2000.0,False,15,207,17400.0
2675.0,-2325.0,2412.5,1500.0,False,15,206,24875.0
3412.5,-1587.5,2612.5,1025.0,False,15,209,13950.0
5437.5,437.5,2162.5,2450.0,False,15,207,25300.0
2287.5,-2712.5,1862.5,1300.0,False,15,208,23350.0
2562.5,-2437.5,537.5,1675.0,False,15,208,19150.0
4812.5,-187.5,2687.5,2300.0,False,15,204,17925.0
7837.5,2837.5,4850.0,1850.0,False,15,201,30625.0
4387.5,-612.5,3750.0,1300.0,False,15,205,15525.0
6337.5,1337.5,2912.5,2000.0,False,15,205,32550.0
4725.0,-275.0,3475.0,700.0,False,15,204,13325.0
5725.0,725.0,4825.0,675.0,False,15,205,12925.0
6375.0,1375.0,4937.5,1000.0,False,15,210,17825.0
7287.5,2287.5,4850.0,1250.0,False,15,205,14400.0
9737.5,4737.5,4375.0,1800.0,False,15,207,28000.0
3625.0,-1375.0,812.5,2000.0,False,15,205,22825.0
-337.5,-5337.5,-337.5,3775.0,True,15,196,25850.0
3012.5,-1987.5,2137.5,2900.0,False,15,204,23850.0
5662.5,662.5,3337.5,2500.0,False,15,207,24150.0
3200.0,-1800.0,1775.0,2650.0,False,15,210,21475.0
8262.5,3262.5,4100.0,1000.0,False,15,207,21525.0
6587.5,1587.5,3675.0,1200.0,False,15,206,18575.0
5512.5,512.5,4725.0,2100.0,False,15,208,25675.0
4850.0,-150.0,3125.0,1800.0,False,15,210,15850.0
9300.0,4300.0,4900.0,1500.0,False,15,206,29500.0
5887.5,887.5,3875.0,2500.0,False,15,208,28350.0
10262.5,5262.5,4750.0,2000.0,False,15,208,28400.0
8025.0,3025.0,3250.0,1775.0,False,15,208,24850.0
10362.5,5362.5,4487.5,650.0,False,15,208,18950.0
3100.0,-1900.0,2175.0,1350.0,False,15,209,20525.0
3100.0,-1900.0,1650.0,2250.0,False,15,208,21300.0
-75.0,-5075.0,-75.0,2250.0,True,13,170,15850.0
1475.0,-3525.0,1125.0,1750.0,False,15,207,17625.0
7937.5,2937.5,4950.0,1000.0,False,15,207,16525.0
5212.5,212.5,4637.5,2000.0,False,15,209,16650.0
9962.5,4962.5,4575.0,1350.0,False,15,209,34875.0
6000.0,1000.0,4300.0,2250.0,False,15,208,26000.0
4050.0,-950.0,1700.0,1900.0,False,15,208,20350.0
7275.0,2275.0,2762.5,2400.0,False,15,204,26525.0
8325.0,3325.0,4075.0,2750.0,False,15,206,33425.0
7975.0,2975.0,4925.0,1200.0,False,15,207,18550.0
3850.0,-1150.0,1725.0,2150.0,False,15,204,31800.0
-275.0,-5275.0,-275.0,1925.0,True,15,200,27150.0
9012.5,4012.5,4537.5,2225.0,False,15,203,31450.0
6075.0,1075.0,4750.0,2050.0,False,15,205,25600.0
2225.0,-2775.0,2225.0,2500.0,False,15,208,25750.0
3825.0,-1175.0,2925.0,2050.0,False,15,205,19400.0
3837.5,-1162.5,2112.5,2200.0,False,15,202,25975.0
6375.0,1375.0,4900.0,1600.0,False,15,208,19975.0
5937.5,937.5,3687.5,1725.0,False,15,203,24475.0
8237.5,3237.5,4175.0,1850.0,False,15,207,24450.0
3925.0,-1075.0,2175.0,2550.0,False,15,209,25875.0
3250.0,-1750.0,1950.0,2950.0,False,15,209,26300.0
4750.0,-250.0,4000.0,2075.0,False,15,211,26950.0
4162.5,-837.5,1950.0,2100.0,False,15,206,28825.0
5150.0,150.0,4975.0,3000.0,False,15,208,15725.0
6250.0,1250.0,4325.0,2050.0,False,15,205,25800.0
-687.5,-5687.5,-687.5,3050.0,True,12,158,14700.0
8675.0,3675.0,3787.5,1400.0,False,15,203,25225.0
11550.0,6550.0,4050.0,1400.0,False,15,209,22225.0
7062.5,2062.5,4287.5,1000.0,False,15,206,22575.0
5525.0,525.0,4487.5,1500.0,False,15,208,21475.0
2562.5,-2437.5,1862.5,2150.0,False,15,203,20100.0
8650.0,3650.0,4050.0,1500.0,False,15,203,29400.0
4175.0,-825.0,3250.0,1300.0,False,15,209,24300.0
7137.5,2137.5,4625.0,1950.0,False,15,206,24875.0
-50.0,-5050.0,-50.0,2275.0,True,11,144,19300.0
3787.5,-1212.5,2625.0,1850.0,False,15,209,25900.0
5712.5,712.5,4337.5,800.0,False,15,203,16175.0
4362.5,-637.5,600.0,4200.0,False,15,206,23250.0
4650.0,-350.0,3687.5,1350.0,False,15,208,19675.0
4287.5,-712.5,3912.5,1750.0,False,15,202,22525.0
10037.5,5037.5,3625.0,1750.0,False,15,208,30425.0
4300.0,-700.0,3187.5,1600.0,False,15,205,16050.0
5475.0,475.0,4312.5,1300.0,False,15,200,13675.0
3975.0,-1025.0,3225.0,2200.0,False,15,209,30800.0
3362.5,-1637.5,2487.5,1637.5,False,15,204,22500.0
4525.0,-475.0,3050.0,2400.0,False,15,209,22575.0
-87.5,-5087.5,-87.5,2300.0,True,14,185,21300.0
9287.5,4287.5,4625.0,1250.0,False,15,205,28100.0
4187.5,-812.5,3962.5,1550.0,False,15,203,17975.0
4162.5,-837.5,3262.5,1750.0,False,15,207,21625.0
8837.5,3837.5,4875.0,1675.0,False,15,208,23900.0
4512.5,-487.5,4137.5,1500.0,False,15,211,16100.0
2137.5,-2862.5,1962.5,2100.0,False,15,203,29475.0
9850.0,4850.0,5000.0,1050.0,False,15,206,23275.0
8100.0,3100.0,5000.0,2500.0,False,15,204,32750.0
5000.0,0.0,4125.0,1725.0,False,15,206,24000.0
3887.5,-1112.5,3812.5,1350.0,False,15,205,17075.0
10212.5,5212.5,4825.0,1200.0,False,15,207,20425.0
5362.5,362.5,4987.5,700.0,False,15,204,18725.0
2762.5,-2237.5,2562.5,2400.0,False,15,207,25000.0
2650.0,-2350.0,2225.0,2000.0,False,15,212,23925.0
7287.5,2287.5,4337.5,1275.0,False,15,205,24350.0
3512.5,-1487.5,3512.5,2000.0,False,15,207,26400.0
11012.5,6012.5,3025.0,1975.0,False,15,205,38200.0
7887.5,2887.5,4112.5,1312.5,False,15,214,18675.0
8237.5,3237.5,4325.0,1650.0,False,15,207,22175.0
6000.0,1000.0,3875.0,2325.0,False,15,207,30150.0
5212.5,212.5,2825.0,1725.0,False,15,205,28675.0
7737.5,2737.5,4975.0,1000.0,False,15,206,17250.0
6762.5,1762.5,3662.5,1500.0,False,15,208,24200.0
3787.5,-1212.5,3012.5,1700.0,False,15,206,25100.0
8075.0,3075.0,4925.0,1025.0,False,15,206,27500.0
5525.0,525.0,2750.0,1700.0,False,15,207,20700.0
3462.5,-1537.5,2737.5,1750.0,False,15,208,24050.0
6737.5,1737.5,5000.0,2400.0,False,15,206,28875.0
5900.0,900.0,2500.0,1750.0,False,15,210,31050.0
11400.0,6400.0,4812.5,1100.0,False,15,209,24200.0
5662.5,662.5,4387.5,2100.0,False,15,205,23100.0
1375.0,-3625.0,875.0,1800.0,False,15,209,23025.0
3275.0,-1725.0,3187.5,1450.0,False,15,208,16250.0
4275.0,-725.0,4062.5,1875.0,False,15,204,16025.0
4437.5,-562.5,2687.5,2000.0,False,15,208,20725.0
3650.0,-1350.0,2400.0,2000.0,False,15,207,20175.0
6612.5,1612.5,4550.0,1400.0,False,15,204,23550.0
-37.5,-5037.5,-37.5,3600.0,True,7,97,20650.0
3825.0,-1175.0,3287.5,1500.0,False,15,213,13675.0
2200.0,-2800.0,2200.0,4175.0,False,15,206,24450.0
-262.5,-5262.5,-262.5,4700.0,True,5,68,11700.0
4225.0,-775.0,4050.0,1950.0,False,15,207,24500.0
5900.0,900.0,4000.0,1200.0,False,15,209,22525.0
9650.0,4650.0,4850.0,1000.0,False,15,209,24050.0
4800.0,-200.0,2687.5,1700.0,False,15,208,19525.0
2475.0,-2525.0,1250.0,1750.0,False,15,208,17700.0
7800.0,2800.0,4900.0,1400.0,False,15,205,23350.0
7950.0,2950.0,4150.0,1500.0,False,15,206,32100.0
5062.5,62.5,2600.0,2200.0,False,15,201,26550.0
1950.0,-3050.0,925.0,2225.0,False,15,203,19475.0
6975.0,1975.0,3637.5,1062.5,False,15,207,15150.0
7137.5,2137.5,1325.0,1700.0,False,15,206,37300.0
3775.0,-1225.0,3300.0,1325.0,False,15,208,16325.0
4937.5,-62.5,4387.5,1950.0,False,15,205,28600.0
4112.5,-887.5,2200.0,2850.0,False,15,204,28700.0
9412.5,4412.5,4950.0,1500.0,False,15,204,22700.0
4262.5,-737.5,2462.5,1200.0,False,15,209,19925.0
5000.0,0.0,4075.0,1075.0,False,15,206,13850.0
10525.0,5525.0,4975.0,1300.0,False,15,209,26475.0
5037.5,37.5,4300.0,1300.0,False,15,208,19825.0
12100.0,7100.0,4575.0,1000.0,False,15,206,24325.0
5637.5,637.5,4150.0,975.0,False,15,205,14000.0
4550.0,-450.0,3987.5,1000.0,False,15,203,17400.0
9200.0,4200.0,4900.0,1575.0,False,15,204,25025.0
3812.5,-1187.5,3400.0,3200.0,False,15,208,19550.0
4625.0,-375.0,3512.5,1800.0,False,15,212,17200.0
6262.5,1262.5,4750.0,2000.0,False,15,204,29450.0
4100.0,-900.0,3250.0,2050.0,False,15,209,22575.0
3275.0,-1725.0,2262.5,2650.0,False,15,205,17400.0
7562.5,2562.5,4925.0,1150.0,False,15,206,27000.0
3800.0,-1200.0,2887.5,2800.0,False,15,207,25375.0
10187.5,5187.5,4650.0,1300.0,False,15,201,27300.0
4462.5,-537.5,3837.5,850.0,False,15,205,24300.0
7325.0,2325.0,3225.0,1050.0,False,15,209,28625.0
750.0,-4250.0,725.0,2950.0,False,15,205,22025.0
6512.5,1512.5,4925.0,1275.0,False,15,207,19400.0
-112.5,-5112.5,-112.5,4300.0,True,13,176,28600.0
7137.5,2137.5,3662.5,1650.0,False,15,206,30550.0
3550.0,-1450.0,2950.0,1450.0,False,15,206,21450.0
4275.0,-725.0,3500.0,1100.0,False,15,205,24775.0
6500.0,1500.0,3700.0,2550.0,False,15,203,32525.0
4487.5,-512.5,3700.0,1300.0,False,15,210,30175.0
4250.0,-750.0,3450.0,2450.0,False,15,208,20725.0
9950.0,4950.0,3687.5,1700.0,False,15,208,29550.0
1950.0,-3050.0,1412.5,2500.0,False,15,206,35150.0
3400.0,-1600.0,2687.5,3087.5,False,15,206,21375.0
3950.0,-1050.0,2900.0,2100.0,False,15,206,24600.0
8375.0,3375.0,3000.0,1750.0,False,15,206,28525.0
2887.5,-2112.5,1637.5,1600.0,False,15,209,19225.0
4900.0,-100.0,450.0,3975.0,False,15,208,30975.0
6087.5,1087.5,2562.5,1500.0,False,15,209,18875.0
9412.5,4412.5,4762.5,1750.0,False,15,206,20475.0
4225.0,-775.0,3450.0,3250.0,False,15,205,40875.0
5637.5,637.5,4225.0,1850.0,False,15,209,20100.0
1725.0,-3275.0,1637.5,3500.0,False,15,202,29775.0
5550.0,550.0,4350.0,925.0,False,15,203,14600.0
9037.5,4037.5,3475.0,2000.0,False,15,201,27700.0
4525.0,-475.0,4225.0,1100.0,False,15,210,15450.0
3537.5,-1462.5,1662.5,2150.0,False,15,208,21350.0
5300.0,300.0,4900.0,1000.0,False,15,207,17075.0
10625.0,5625.0,4950.0,2125.0,False,15,208,31875.0
9250.0,4250.0,4750.0,1900.0,False,15,207,28050.0
-562.5,-5562.5,-562.5,4000.0,True,5,66,13100.0
8237.5,3237.5,4662.5,1000.0,False,15,202,25325.0
5750.0,750.0,4750.0,2200.0,False,15,205,23600.0
5250.0,250.0,3962.5,1400.0,False,15,203,26100.0
8912.5,3912.5,4975.0,1900.0,False,15,202,39275.0
6037.5,1037.5,3287.5,2600.0,False,15,206,19050.0
5700.0,700.0,4700.0,1400.0,False,15,206,18775.0
12300.0,7300.0,4450.0,700.0,False,15,203,23025.0
5175.0,175.0,5000.0,1750.0,False,15,205,19575.0
5975.0,975.0,4850.0,2000.0,False,15,208,29725.0
4587.5,-412.5,4487.5,1000.0,False,15,207,12850.0
5300.0,300.0,2800.0,2600.0,False,15,208,26475.0
10187.5,5187.5,4850.0,1625.0,False,15,208,29800.0
7062.5,2062.5,4875.0,950.0,False,15,203,16100.0
17025.0,12025.0,4700.0,900.0,False,15,206,33025.0
3437.5,-1562.5,2762.5,1750.0,False,15,208,23025.0
4200.0,-800.0,3175.0,1800.0,False,15,211,24325.0
7075.0,2075.0,5000.0,600.0,False,15,208,13175.0
3837.5,-1162.5,2787.5,1850.0,False,15,205,28275.0
6400.0,1400.0,2687.5,1350.0,False,15,206,17900.0
5450.0,450.0,2450.0,2700.0,False,15,209,25425.0
3325.0,-1675.0,1887.5,2500.0,False,15,213,28225.0
10987.5,5987.5,3487.5,1850.0,False,15,207,27425.0
7150.0,2150.0,3475.0,1950.0,False,15,207,26625.0
8025.0,3025.0,4600.0,1500.0,False,15,209,37375.0
5937.5,937.5,1975.0,2300.0,False,15,209,26700.0
6662.5,1662.5,4387.5,1300.0,False,15,205,18925.0
2150.0,-2850.0,1825.0,2125.0,False,15,205,33925.0
2750.0,-2250.0,2050.0,1750.0,False,15,205,27400.0
7650.0,2650.0,4537.5,2375.0,False,15,206,30675.0
6075.0,1075.0,4437.5,900.0,False,15,206,11875.0
3037.5,-1962.5,275.0,2850.0,False,15,205,22675.0
4675.0,-325.0,4125.0,1225.0,False,15,207,19300.0
5537.5,537.5,4225.0,1100.0,False,15,206,16125.0
6150.0,1150.0,3512.5,1700.0,False,15,208,22550.0
5450.0,450.0,4087.5,1250.0,False,15,207,28700.0
6062.5,1062.5,4500.0,2325.0,False,15,201,36550.0
-287.5,-5287.5,-287.5,3775.0,True,7,92,13300.0
7637.5,2637.5,4475.0,950.0,False,15,204,20000.0
2525.0,-2475.0,1012.5,1875.0,False,15,206,32900.0
9187.5,4187.5,4925.0,2000.0,False,15,204,27875.0
8550.0,3550.0,4075.0,2000.0,False,15,208,31525.0
6150.0,1150.0,4437.5,1125.0,False,15,201,22500.0
7112.5,2112.5,4350.0,1800.0,False,15,207,19100.0
3437.5,-1562.5,3362.5,2275.0,False,15,210,20600.0
-137.5,-5137.5,-137.5,2500.0,True,12,161,14250.0
-112.5,-5112.5,-112.5,2600.0,True,10,138,19900.0
3750.0,-1250.0,3250.0,2450.0,False,15,205,27975.0
4125.0,-875.0,3162.5,1675.0,False,15,205,20250.0
4812.5,-187.5,3612.5,1850.0,False,15,206,21600.0
4600.0,-400.0,2900.0,2625.0,False,15,205,34075.0
10725.0,5725.0,4525.0,1600.0,False,15,207,32600.0
7262.5,2262.5,4200.0,650.0,False,15,209,17200.0
912.5,-4087.5,837.5,2400.0,False,15,207,27450.0
12.5,-4987.5,12.5,1800.0,True,13,172,17750.0
2150.0,-2850.0,162.5,3875.0,False,15,206,23975.0
7362.5,2362.5,4750.0,900.0,False,15,200,21775.0
5562.5,562.5,2525.0,1700.0,False,15,203,21250.0
-350.0,-5350.0,-350.0,2850.0,True,10,130,20350.0
700.0,-4300.0,50.0,2625.0,False,15,205,25950.0
6837.5,1837.5,4375.0,2750.0,False,15,201,27750.0
5812.5,812.5,4437.5,1800.0,False,15,204,27450.0
13825.0,8825.0,4975.0,800.0,False,15,204,23000.0
8387.5,3387.5,4950.0,1500.0,False,15,203,28250.0
5612.5,612.5,4850.0,2250.0,False,15,210,18050.0
3175.0,-1825.0,2925.0,1375.0,False,15,207,16525.0
2337.5,-2662.5,2337.5,2500.0,False,15,207,15450.0
5562.5,562.5,3037.5,2000.0,False,15,203,30850.0
4037.5,-962.5,2925.0,2500.0,False,15,212,20600.0
8025.0,3025.0,4487.5,950.0,False,15,211,16500.0
7237.5,2237.5,2900.0,875.0,False,15,208,18975.0
7762.5,2762.5,4162.5,1500.0,False,15,203,21925.0
7612.5,2612.5,5000.0,1800.0,False,15,206,17325.0
8050.0,3050.0,4750.0,675.0,False,15,207,13975.0
5762.5,762.5,4925.0,2500.0,False,15,205,19925.0
5575.0,575.0,2975.0,1200.0,False,15,202,20575.0
8662.5,3662.5,4475.0,1200.0,False,15,209,23250.0
7862.5,2862.5,4337.5,1200.0,False,15,204,22325.0
5250.0,250.0,2200.0,2200.0,False,15,208,32025.0
6400.0,1400.0,4525.0,1400.0,False,15,205,24250.0
7062.5,2062.5,3500.0,2250.0,False,15,206,24425.0
3612.5,-1387.5,2612.5,1900.0,False,15,205,14675.0
3575.0,-1425.0,2675.0,1300.0,False,15,205,26925.0
4525.0,-475.0,1237.5,3250.0,False,15,210,29075.0
4050.0,-950.0,3462.5,1100.0,False,15,209,16250.0
6600.0,1600.0,4312.5,1050.0,False,15,205,22800.0
5375.0,375.0,4625.0,1250.0,False,15,207,15225.0
3387.5,-1612.5,2625.0,1350.0,False,15,209,26175.0
4187.5,-812.5,3987.5,1700.0,False,15,206,23300.0
9987.5,4987.5,4075.0,2675.0,False,15,209,25675.0
3912.5,-1087.5,2037.5,2000.0,False,15,208,26300.0
4612.5,-387.5,2487.5,1900.0,False,15,208,26900.0
14875.0,9875.0,4800.0,1100.0,False,15,205,28475.0
6325.0,1325.0,3287.5,1912.5,False,15,208,19125.0
-162.5,-5162.5,-162.5,2325.0,True,11,143,15200.0
1412.5,-3587.5,775.0,3350.0,False,15,206,18450.0
3100.0,-1900.0,1800.0,1900.0,False,15,205,22675.0
3825.0,-1175.0,2462.5,2800.0,False,15,212,22600.0
2537.5,-2462.5,1375.0,2350.0,False,15,212,19600.0
2587.5,-2412.5,1600.0,2200.0,False,15,208,23650.0
6237.5,1237.5,3337.5,1650.0,False,15,204,21475.0
3975.0,-1025.0,1750.0,2800.0,False,15,206,34225.0
4862.5,-137.5,2000.0,2550.0,False,15,202,26775.0
6387.5,1387.5,1675.0,1975.0,False,15,205,22500.0
3112.5,-1887.5,1375.0,4300.0,False,15,206,27200.0
2500.0,-2500.0,2037.5,2700.0,False,15,209,18500.0
-275.0,-5275.0,-275.0,2600.0,True,8,97,17225.0
3837.5,-1162.5,2312.5,2200.0,False,15,206,20950.0
10750.0,5750.0,5000.0,1200.0,False,15,207,29625.0
4975.0,-25.0,3575.0,1650.0,False,15,209,20425.0
3950.0,-1050.0,3875.0,1500.0,False,15,211,23000.0
3400.0,-1600.0,3250.0,2525.0,False,15,207,20850.0
4475.0,-525.0,3975.0,1700.0,False,15,207,22225.0
11850.0,6850.0,4962.5,1300.0,False,15,208,25150.0
4337.5,-662.5,3137.5,1675.0,False,15,206,22825.0
8137.5,3137.5,4537.5,1300.0,False,15,210,19425.0
5525.0,525.0,2775.0,1925.0,False,15,208,22300.0
1412.5,-3587.5,1412.5,2125.0,False,15,210,28850.0
7250.0,2250.0,4050.0,1075.0,False,15,203,19250.0
4500.0,-500.0,3275.0,1700.0,False,15,204,28800.0
5325.0,325.0,4425.0,2200.0,False,15,209,34475.0
11987.5,6987.5,4800.0,1525.0,False,15,202,24600.0
7312.5,2312.5,3150.0,1650.0,False,15,205,27500.0
937.5,-4062.5,862.5,2400.0,False,15,204,19000.0
7850.0,2850.0,4850.0,1250.0,False,15,203,28075.0
10100.0,5100.0,4900.0,1150.0,False,15,207,18675.0
3925.0,-1075.0,3575.0,3000.0,False,15,208,25400.0
-250.0,-5250.0,-250.0,2100.0,False,15,213,18075.0
6962.5,1962.5,4875.0,725.0,False,15,206,14175.0
2537.5,-2462.5,2537.5,2750.0,False,15,208,28125.0
6137.5,1137.5,1775.0,3000.0,False,15,206,23125.0
3425.0,-1575.0,2987.5,1900.0,False,15,208,17125.0
1925.0,-3075.0,637.5,2850.0,False,15,207,38150.0
-212.5,-5212.5,-212.5,3500.0,True,12,165,22675.0
3300.0,-1700.0,3225.0,1800.0,False,15,206,23475.0
8000.0,3000.0,4112.5,1700.0,False,15,204,31250.0
5187.5,187.5,4700.0,1600.0,False,15,208,24075.0
4462.5,-537.5,4062.5,625.0,False,15,208,7750.0
4162.5,-837.5,2650.0,1050.0,False,15,209,19025.0
5187.5,187.5,4737.5,600.0,False,15,209,10100.0
6387.5,1387.5,4712.5,1250.0,False,15,209,24625.0
5200.0,200.0,3587.5,1200.0,False,15,209,20125.0
3312.5,-1687.5,1150.0,3000.0,False,15,203,19250.0
5712.5,712.5,3662.5,1700.0,False,15,206,24825.0
6662.5,1662.5,4962.5,1200.0,False,15,204,20700.0
5812.5,812.5,3725.0,2000.0,False,15,205,22325.0
-475.0,-5475.0,-475.0,2550.0,True,12,161,12900.0
3225.0,-1775.0,912.5,2600.0,False,15,208,28575.0
5025.0,25.0,2875.0,3300.0,False,15,207,34175.0
5175.0,175.0,4587.5,1150.0,False,15,207,15600.0
7150.0,2150.0,3375.0,1900.0,False,15,205,26275.0
8150.0,3150.0,4850.0,1675.0,False,15,206,21450.0
6262.5,1262.5,4887.5,2000.0,False,15,206,18675.0
-62.5,-5062.5,-62.5,2450.0,True,13,169,22250.0
2137.5,-2862.5,1012.5,1200.0,False,15,206,20150.0
10337.5,5337.5,4737.5,2500.0,False,15,204,38025.0
7012.5,2012.5,3150.0,1800.0,False,15,209,25900.0
4425.0,-575.0,2725.0,1900.0,False,15,208,30825.0
9925.0,4925.0,3437.5,1500.0,False,15,207,23525.0
8262.5,3262.5,4600.0,1300.0,False,15,207,29275.0
5587.5,587.5,4462.5,2100.0,False,15,202,24275.0
5475.0,475.0,1637.5,2300.0,False,15,211,26125.0
3962.5,-1037.5,2225.0,1425.0,False,15,206,23475.0
9675.0,4675.0,3512.5,2000.0,False,15,197,33125.0
2150.0,-2850.0,1850.0,1425.0,False,15,209,19075.0
7812.5,2812.5,4600.0,800.0,False,15,211,19250.0
11137.5,6137.5,3762.5,1550.0,False,15,202,31100.0
7537.5,2537.5,4325.0,975.0,False,15,206,18825.0
7375.0,2375.0,4650.0,1425.0,False,15,207,23700.0
6950.0,1950.0,4337.5,2000.0,False,15,208,22150.0
5037.5,37.5,4850.0,1750.0,False,15,206,25500.0
6837.5,1837.5,4850.0,1650.0,False,15,204,27750.0
11662.5,6662.5,4625.0,800.0,False,15,205,26925.0
7987.5,2987.5,3075.0,1925.0,False,15,208,25075.0
10925.0,5925.0,4125.0,1600.0,False,15,202,41100.0
7925.0,2925.0,4575.0,1250.0,False,15,202,30000.0
4775.0,-225.0,4000.0,1000.0,False,15,208,15725.0
1762.5,-3237.5,1762.5,2100.0,False,15,205,27800.0
7275.0,2275.0,4050.0,1350.0,False,15,207,20300.0
5487.5,487.5,4875.0,2250.0,False,15,204,35150.0
7137.5,2137.5,5000.0,1500.0,False,15,208,22475.0
3150.0,-1850.0,2437.5,2600.0,False,15,205,23925.0
6462.5,1462.5,4950.0,1750.0,False,15,211,26325.0
-25.0,-5025.0,-25.0,1800.0,True,12,153,22300.0
10062.5,5062.5,4425.0,950.0,False,15,207,22750.0
-25.0,-5025.0,-25.0,2450.0,True,14,177,20525.0
5162.5,162.5,4225.0,1675.0,False,15,207,25550.0
9837.5,4837.5,4825.0,1500.0,False,15,205,27775.0
-412.5,-5412.5,-412.5,2150.0,True,8,108,12550.0
1200.0,-3800.0,450.0,2600.0,False,15,206,34175.0
3600.0,-1400.0,3337.5,1200.0,False,15,208,19325.0
3987.5,-1012.5,3237.5,2500.0,False,15,209,18800.0
1875.0,-3125.0,1762.5,1600.0,False,15,201,30450.0
1212.5,-3787.5,212.5,1900.0,False,15,208,20250.0
9675.0,4675.0,4512.5,1200.0,False,15,203,25000.0
4525.0,-475.0,1725.0,2700.0,False,15,207,24800.0
6450.0,1450.0,4775.0,2000.0,False,15,206,23200.0
6037.5,1037.5,3650.0,2000.0,False,15,208,27775.0
9500.0,4500.0,4537.5,1000.0,False,15,208,24050.0
4725.0,-275.0,4462.5,825.0,False,15,210,17550.0
4512.5,-487.5,2900.0,2800.0,False,15,203,29150.0
8775.0,3775.0,4900.0,1300.0,False,15,207,24300.0
8425.0,3425.0,5000.0,700.0,False,15,207,16700.0
3187.5,-1812.5,3062.5,1625.0,False,15,209,23500.0
4600.0,-400.0,3975.0,1400.0,False,15,206,21300.0
10000.0,5000.0,4300.0,1900.0,False,15,204,28700.0
2650.0,-2350.0,2450.0,2250.0,False,15,206,18475.0
4887.5,-112.5,3825.0,1000.0,False,15,206,22575.0
7100.0,2100.0,2950.0,2100.0,False,15,206,29975.0
5900.0,900.0,4912.5,1675.0,False,15,207,19350.0
8362.5,3362.5,4900.0,2000.0,False,15,202,28000.0
6125.0,1125.0,1675.0,3000.0,False,15,207,30225.0
4675.0,-325.0,4000.0,1175.0,False,15,210,18925.0
6000.0,1000.0,3737.5,2050.0,False,15,204,26600.0
5200.0,200.0,2150.0,2500.0,False,15,207,28325.0
5112.5,112.5,3937.5,1550.0,False,15,205,15925.0
8200.0,3200.0,5000.0,1250.0,False,15,204,21000.0
4912.5,-87.5,4275.0,1800.0,False,15,206,13650.0
6475.0,1475.0,4662.5,1050.0,False,15,209,18525.0
1512.5,-3487.5,1112.5,2175.0,False,15,208,30850.0
10000.0,5000.0,4862.5,1250.0,False,15,209,21550.0
7350.0,2350.0,3350.0,1300.0,False,15,212,26625.0
1375.0,-3625.0,1350.0,2500.0,False,15,209,16975.0
-50.0,-5050.0,-50.0,2400.0,True,8,100,20525.0
6162.5,1162.5,4637.5,1800.0,False,15,205,24400.0
4237.5,-762.5,3712.5,1300.0,False,15,205,30150.0
8450.0,3450.0,3475.0,1400.0,False,15,208,31275.0
3850.0,-1150.0,3375.0,1250.0,False,15,204,24275.0
9862.5,4862.5,4925.0,1000.0,False,15,209,16900.0
8200.0,3200.0,3250.0,2400.0,False,15,203,31825.0
8125.0,3125.0,3050.0,1900.0,False,15,207,27075.0
10637.5,5637.5,4825.0,1250.0,False,15,205,30075.0
6250.0,1250.0,4800.0,1200.0,False,15,205,24625.0
7375.0,2375.0,4262.5,1975.0,False,15,206,24625.0
6012.5,1012.5,2750.0,1700.0,False,15,198,24600.0
7137.5,2137.5,3200.0,1000.0,False,15,206,22375.0
2450.0,-2550.0,1087.5,1850.0,False,15,203,34275.0
3650.0,-1350.0,2275.0,2650.0,False,15,210,31200.0
3987.5,-1012.5,2712.5,1500.0,False,15,202,20050.0
4187.5,-812.5,4187.5,1800.0,False,15,209,20825.0
8212.5,3212.5,4787.5,900.0,False,15,210,16775.0
6100.0,1100.0,4262.5,1000.0,False,15,206,18025.0
3712.5,-1287.5,3262.5,1300.0,False,15,212,20200.0
4500.0,-500.0,2675.0,1900.0,False,15,210,14425.0
5225.0,225.0,2537.5,1850.0,False,15,207,24075.0
6762.5,1762.5,3487.5,1625.0,False,15,204,24575.0
2812.5,-2187.5,2312.5,1725.0,False,15,205,17775.0
4025.0,-975.0,3700.0,3000.0,False,15,210,26925.0
6087.5,1087.5,3512.5,850.0,False,15,201,17375.0
4475.0,-525.0,3350.0,1575.0,False,15,205,22475.0
4837.5,-162.5,4437.5,800.0,False,15,207,15400.0
2862.5,-2137.5,2812.5,2100.0,False,15,204,21050.0
5125.0,125.0,2862.5,3000.0,False,15,206,22025.0
6075.0,1075.0,4250.0,2775.0,False,15,207,30800.0
4887.5,-112.5,3012.5,2300.0,False,15,206,35875.0
10937.5,5937.5,4475.0,1100.0,False,15,204,29350.0
3725.0,-1275.0,3175.0,1750.0,False,15,208,24625.0
2137.5,-2862.5,337.5,2700.0,False,15,202,24875.0
9275.0,4275.0,4600.0,2700.0,False,15,208,39575.0
7050.0,2050.0,3825.0,2500.0,False,15,204,29375.0
162.5,-4837.5,75.0,2650.0,False,15,207,22325.0
3150.0,-1850.0,2312.5,1300.0,False,15,205,15875.0
7200.0,2200.0,3900.0,1400.0,False,15,206,27200.0
5712.5,712.5,2062.5,2000.0,False,15,209,18925.0
4050.0,-950.0,1737.5,2000.0,False,15,207,22600.0
900.0,-4100.0,900.0,1950.0,False,15,205,31600.0
4475.0,-525.0,4475.0,1200.0,False,15,205,21175.0
7437.5,2437.5,4775.0,1000.0,False,15,212,16100.0
5000.0,0.0,1500.0,2500.0,False,15,204,25400.0
6062.5,1062.5,3287.5,1300.0,False,15,209,30375.0
4887.5,-112.5,3300.0,1100.0,False,15,208,21975.0
7325.0,2325.0,3775.0,2000.0,False,15,207,21750.0
7575.0,2575.0,4100.0,825.0,False,15,210,16075.0
2175.0,-2825.0,800.0,2800.0,False,15,211,29175.0
9500.0,4500.0,4287.5,850.0,False,15,208,28375.0
4962.5,-37.5,3300.0,2000.0,False,15,204,25625.0
4337.5,-662.5,3687.5,1000.0,False,15,205,17875.0
5075.0,75.0,4000.0,1500.0,False,15,206,26200.0
3900.0,-1100.0,2925.0,1500.0,False,15,205,22025.0
3450.0,-1550.0,3450.0,2300.0,False,15,204,22325.0
1462.5,-3537.5,850.0,2900.0,False,15,212,20900.0
7075.0,2075.0,4700.0,1000.0,False,15,205,16900.0
1450.0,-3550.0,1325.0,3275.0,False,15,209,22200.0
9112.5,4112.5,4600.0,950.0,False,15,203,24975.0
10987.5,5987.5,4600.0,1500.0,False,15,204,34925.0
2775.0,-2225.0,1975.0,3850.0,False,15,204,26975.0
5287.5,287.5,4650.0,587.5,False,15,207,11650.0
3025.0,-1975.0,1600.0,1800.0,False,15,209,18400.0
5912.5,912.5,4825.0,1600.0,False,15,210,21150.0
3825.0,-1175.0,3562.5,2300.0,False,15,205,13675.0
3700.0,-1300.0,3225.0,2050.0,False,15,205,25175.0
6087.5,1087.5,4600.0,1000.0,False,15,205,20925.0
10062.5,5062.5,4525.0,1450.0,False,15,208,24375.0
4825.0,-175.0,3175.0,2300.0,False,15,208,29350.0
7862.5,2862.5,4925.0,1400.0,False,15,209,26600.0
6000.0,1000.0,2912.5,3325.0,False,15,204,23450.0
6937.5,1937.5,4675.0,2300.0,False,15,206,23075.0
6287.5,1287.5,3750.0,2000.0,False,15,209,17775.0
4887.5,-112.5,2062.5,2800.0,False,15,203,22575.0
6925.0,1925.0,4675.0,1000.0,False,15,202,21625.0
2737.5,-2262.5,1087.5,2750.0,False,15,205,26650.0
6525.0,1525.0,4475.0,1950.0,False,15,203,21025.0
5237.5,237.5,4750.0,1800.0,False,15,205,21525.0
-75.0,-5075.0,-75.0,3000.0,True,4,52,9525.0
9575.0,4575.0,3725.0,2125.0,False,15,203,33150.0
2912.5,-2087.5,1525.0,1800.0,False,15,202,22075.0
5175.0,175.0,3425.0,1750.0,False,15,209,24800.0
7725.0,2725.0,4875.0,1300.0,False,15,206,23750.0
4887.5,-112.5,4225.0,1900.0,False,15,214,21075.0
5250.0,250.0,3450.0,2150.0,False,15,206,25000.0
7137.5,2137.5,3800.0,1250.0,False,15,205,25950.0
2000.0,-3000.0,1800.0,2300.0,False,15,207,21575.0
9225.0,4225.0,4800.0,2150.0,False,15,202,23800.0
3150.0,-1850.0,550.0,2250.0,False,15,202,31725.0
4550.0,-450.0,4550.0,3400.0,False,15,207,20000.0
962.5,-4037.5,225.0,2750.0,False,15,207,32300.0
7787.5,2787.5,4487.5,2250.0,False,15,206,18800.0
11475.0,6475.0,4475.0,1900.0,False,15,203,33125.0
3537.5,-1462.5,3262.5,2500.0,False,15,206,22275.0
2275.0,-2725.0,1900.0,2000.0,False,15,209,38575.0
3812.5,-1187.5,3000.0,3050.0,False,15,203,24100.0
3062.5,-1937.5,787.5,2500.0,False,15,209,34925.0
5550.0,550.0,1600.0,2275.0,False,15,210,33100.0
5375.0,375.0,4962.5,1650.0,False,15,203,23150.0
5000.0,0.0,2750.0,2050.0,False,15,208,29250.0
3437.5,-1562.5,2050.0,2675.0,False,15,206,33050.0
1850.0,-3150.0,1275.0,2000.0,False,15,211,19650.0
1375.0,-3625.0,1075.0,2350.0,False,15,208,25325.0
6437.5,1437.5,4925.0,1750.0,False,15,207,19050.0
5150.0,150.0,5000.0,1500.0,False,15,207,26425.0
6437.5,1437.5,4700.0,1500.0,False,15,202,17500.0
6975.0,1975.0,3975.0,725.0,False,15,205,17400.0
0.0,-5000.0,0.0,2400.0,True,12,159,23975.0
2300.0,-2700.0,2050.0,2500.0,False,15,208,29450.0
2250.0,-2750.0,1650.0,2875.0,False,15,203,24225.0
3875.0,-1125.0,3675.0,1175.0,False,15,207,28700.0
2387.5,-2612.5,2387.5,3000.0,False,15,203,25600.0
12850.0,7850.0,4900.0,800.0,False,15,211,22950.0
8962.5,3962.5,4675.0,1000.0,False,15,207,23500.0
4687.5,-312.5,4025.0,1025.0,False,15,205,16525.0
7900.0,2900.0,4975.0,1100.0,False,15,205,25800.0
2950.0,-2050.0,2950.0,2450.0,False,15,202,26375.0
7475.0,2475.0,4200.0,1000.0,False,15,206,18300.0
4875.0,-125.0,2650.0,1900.0,False,15,206,22200.0
5225.0,225.0,4600.0,3525.0,False,15,206,23750.0
3437.5,-1562.5,1300.0,3000.0,False,15,208,28525.0
9387.5,4387.5,4412.5,1400.0,False,15,205,22100.0
1962.5,-3037.5,1212.5,1500.0,False,15,205,17125.0
3212.5,-1787.5,2625.0,1300.0,False,15,206,17750.0
9450.0,4450.0,4550.0,500.0,False,15,208,16400.0
2550.0,-2450.0,1850.0,1950.0,False,15,205,24750.0
7987.5,2987.5,4250.0,2450.0,False,15,200,21450.0
-462.5,-5462.5,-462.5,4000.0,True,13,166,18075.0
3912.5,-1087.5,200.0,2800.0,False,15,202,28175.0
3662.5,-1337.5,3662.5,1125.0,False,15,212,13300.0
-150.0,-5150.0,-150.0,3050.0,True,15,192,21150.0
12.5,-4987.5,12.5,3800.0,True,15,201,17975.0
6237.5,1237.5,4600.0,1200.0,False,15,206,22725.0
4012.5,-987.5,2750.0,2150.0,False,15,208,24175.0
4775.0,-225.0,4575.0,2000.0,False,15,201,24425.0
3837.5,-1162.5,2162.5,2400.0,False,15,208,26575.0
3200.0,-1800.0,2962.5,1225.0,False,15,203,16175.0
1100.0,-3900.0,1000.0,2750.0,False,15,204,33675.0
2225.0,-2775.0,2225.0,2225.0,False,15,210,30125.0
3550.0,-1450.0,2362.5,2775.0,False,15,209,25775.0
4187.5,-812.5,4162.5,1250.0,False,15,210,16250.0
2025.0,-2975.0,812.5,2600.0,False,15,211,28750.0
2087.5,-2912.5,1562.5,1450.0,False,15,207,26900.0
737.5,-4262.5,737.5,2850.0,False,15,204,29800.0
8937.5,3937.5,4750.0,1012.5,False,15,207,17825.0
7025.0,2025.0,2950.0,2450.0,False,15,208,42700.0
5187.5,187.5,4550.0,2625.0,False,15,204,27675.0
4600.0,-400.0,2875.0,1900.0,False,15,204,31725.0
8300.0,3300.0,3300.0,1725.0,False,15,208,22100.0
4887.5,-112.5,4575.0,2500.0,False,15,203,23550.0
13300.0,8300.0,4800.0,1200.0,False,15,207,23150.0
8387.5,3387.5,4262.5,1800.0,False,15,206,23350.0
2812.5,-2187.5,1500.0,2350.0,False,15,203,15250.0
-225.0,-5225.0,-225.0,3150.0,True,11,140,18950.0
5925.0,925.0,3350.0,2650.0,False,15,203,26600.0
6050.0,1050.0,4312.5,2200.0,False,15,204,24700.0
5300.0,300.0,3400.0,1950.0,False,15,207,22025.0
1900.0,-3100.0,1775.0,2650.0,False,15,207,17625.0
7400.0,2400.0,4725.0,950.0,False,15,206,19475.0
3225.0,-1775.0,1900.0,4375.0,False,15,210,25325.0
7112.5,2112.5,3612.5,1400.0,False,15,204,26475.0
4537.5,-462.5,4337.5,1600.0,False,15,208,19250.0
3212.5,-1787.5,2475.0,2700.0,False,15,205,29100.0
2787.5,-2212.5,1487.5,1400.0,False,15,210,27200.0
6075.0,1075.0,3225.0,1775.0,False,15,210,19900.0
4175.0,-825.0,3812.5,1350.0,False,15,199,19175.0
1775.0,-3225.0,1650.0,2000.0,False,15,206,20500.0
3525.0,-1475.0,2750.0,2600.0,False,15,208,17050.0
6412.5,1412.5,4462.5,2000.0,False,15,209,26600.0
4825.0,-175.0,2050.0,1550.0,False,15,205,22150.0
1862.5,-3137.5,1212.5,1525.0,False,15,207,16900.0
2275.0,-2725.0,1775.0,1400.0,False,15,209,19850.0
6112.5,1112.5,3287.5,2750.0,False,15,203,28425.0
8587.5,3587.5,4900.0,1650.0,False,15,207,26125.0
2350.0,-2650.0,212.5,3500.0,False,15,202,33575.0
1512.5,-3487.5,187.5,2250.0,False,15,201,28375.0
4537.5,-462.5,4000.0,3650.0,False,15,206,35200.0
12.5,-4987.5,12.5,3250.0,True,12,155,17375.0
9450.0,4450.0,4800.0,800.0,False,15,206,22225.0
10400.0,5400.0,4950.0,1300.0,False,15,200,25475.0
9875.0,4875.0,5000.0,1900.0,False,15,202,35525.0
5050.0,50.0,3387.5,1500.0,False,15,206,23825.0
3050.0,-1950.0,2075.0,2500.0,False,15,207,26925.0
6700.0,1700.0,3800.0,2000.0,False,15,206,27775.0
6712.5,1712.5,4900.0,1850.0,False,15,209,37175.0
3950.0,-1050.0,3450.0,2250.0,False,15,206,24025.0
7075.0,2075.0,3787.5,1700.0,False,15,210,24100.0
6237.5,1237.5,4087.5,2850.0,False,15,205,27000.0
7975.0,2975.0,4900.0,800.0,False,15,204,21800.0
4100.0,-900.0,3087.5,1100.0,False,15,212,22650.0
7825.0,2825.0,4975.0,2425.0,False,15,210,23925.0
8200.0,3200.0,3650.0,2000.0,False,15,204,38450.0
7412.5,2412.5,4825.0,1100.0,False,15,209,21575.0
10037.5,5037.5,4212.5,2250.0,False,15,207,35325.0
5612.5,612.5,4925.0,1700.0,False,15,209,30225.0
3537.5,-1462.5,3212.5,2400.0,False,15,206,24650.0
13550.0,8550.0,4975.0,800.0,False,15,209,22675.0
5950.0,950.0,3437.5,1000.0,False,15,206,20250.0
262.5,-4737.5,162.5,2000.0,False,15,212,22150.0
8800.0,3800.0,4675.0,1600.0,False,15,205,16975.0
1575.0,-3425.0,1100.0,2300.0,False,15,206,27100.0
6037.5,1037.5,4337.5,1900.0,False,15,204,19525.0
9412.5,4412.5,4925.0,1000.0,False,15,207,26600.0
1950.0,-3050.0,1100.0,2250.0,False,15,209,26925.0
1937.5,-3062.5,1625.0,2250.0,False,15,205,20300.0
6937.5,1937.5,4187.5,1000.0,False,15,204,16125.0
3187.5,-1812.5,912.5,2250.0,False,15,205,28025.0
13537.5,8537.5,4825.0,1000.0,False,15,208,29825.0
5462.5,462.5,4175.0,1400.0,False,15,206,14725.0
3825.0,-1175.0,2737.5,1700.0,False,15,205,24125.0
5500.0,500.0,4550.0,1500.0,False,15,206,19675.0
11287.5,6287.5,4712.5,2500.0,False,15,208,31625.0
6062.5,1062.5,3087.5,1400.0,False,15,205,22100.0
3150.0,-1850.0,1712.5,2250.0,False,15,206,22675.0
-25.0,-5025.0,-25.0,1875.0,True,9,119,15800.0
6850.0,1850.0,3362.5,1700.0,False,15,205,31875.0
4537.5,-462.5,4087.5,2500.0,False,15,209,27225.0
6687.5,1687.5,4075.0,1400.0,False,15,203,19725.0
2162.5,-2837.5,2137.5,3000.0,False,15,205,26275.0
6900.0,1900.0,4237.5,900.0,False,15,202,18975.0
9812.5,4812.5,3975.0,1025.0,False,15,203,20125.0
12587.5,7587.5,4750.0,900.0,False,15,204,23200.0
7912.5,2912.5,4925.0,1300.0,False,15,201,23375.0
13175.0,8175.0,4925.0,1525.0,False,15,204,33050.0
4712.5,-287.5,3450.0,1500.0,False,15,206,18875.0
6375.0,1375.0,4825.0,1075.0,False,15,207,18550.0
1612.5,-3387.5,400.0,2050.0,False,15,207,25700.0
5612.5,612.5,4150.0,2250.0,False,15,203,30275.0
8162.5,3162.5,3687.5,1550.0,False,15,203,27275.0
9925.0,4925.0,4325.0,2000.0,False,15,204,25875.0
2825.0,-2175.0,2325.0,2300.0,False,15,204,20450.0
-12.5,-5012.5,-12.5,3475.0,True,5,62,11650.0
5062.5,62.5,4950.0,2025.0,False,15,206,30450.0
7300.0,2300.0,4362.5,1000.0,False,15,200,20625.0
4012.5,-987.5,2187.5,1350.0,False,15,205,18375.0
9212.5,4212.5,5000.0,1500.0,False,15,206,22725.0
4387.5,-612.5,2650.0,2300.0,False,15,205,17775.0
8037.5,3037.5,4925.0,1200.0,False,15,207,34100.0
7362.5,2362.5,4475.0,1550.0,False,15,213,24850.0
7362.5,2362.5,5000.0,687.5,False,15,211,14950.0
5175.0,175.0,4875.0,575.0,False,15,204,13775.0
4600.0,-400.0,4525.0,1525.0,False,15,206,16975.0
7487.5,2487.5,4975.0,1525.0,False,15,203,21775.0
3587.5,-1412.5,3312.5,1750.0,False,15,206,25600.0
7150.0,2150.0,5000.0,1000.0,False,15,201,21675.0
7712.5,2712.5,3287.5,2100.0,False,15,213,18600.0
4150.0,-850.0,3300.0,1250.0,False,15,209,18825.0
7500.0,2500.0,4450.0,1100.0,False,15,205,16425.0
6725.0,1725.0,4337.5,1100.0,False,15,207,19025.0
7550.0,2550.0,2787.5,1850.0,False,15,206,24825.0
4612.5,-387.5,4225.0,2100.0,False,15,206,27875.0
9425.0,4425.0,4975.0,1000.0,False,15,207,19550.0
8887.5,3887.5,4637.5,775.0,False,15,204,20300.0
6712.5,1712.5,3662.5,1475.0,False,15,203,28525.0
7900.0,2900.0,5000.0,1150.0,False,15,204,21150.0
7212.5,2212.5,2887.5,2275.0,False,15,205,27250.0
5225.0,225.0,3250.0,1675.0,False,15,204,23175.0
5400.0,400.0,3512.5,1500.0,False,15,209,23325.0
6987.5,1987.5,4612.5,1500.0,False,15,203,26525.0
4425.0,-575.0,2712.5,1200.0,False,15,208,21675.0
5662.5,662.5,3750.0,1225.0,False,15,209,14425.0
5587.5,587.5,2262.5,1600.0,False,15,206,24425.0
3912.5,-1087.5,3625.0,1500.0,False,15,211,21100.0
3112.5,-1887.5,2162.5,1500.0,False,15,207,26175.0
11250.0,6250.0,3925.0,1900.0,False,15,207,28300.0
7250.0,2250.0,4350.0,775.0,False,15,211,16450.0
6287.5,1287.5,3462.5,987.5,False,15,207,18250.0
6662.5,1662.5,4800.0,1500.0,False,15,204,20475.0
1737.5,-3262.5,587.5,1600.0,False,15,202,19700.0
9975.0,4975.0,4962.5,750.0,False,15,205,26025.0
8037.5,3037.5,4612.5,1500.0,False,15,205,17275.0
3200.0,-1800.0,3200.0,2225.0,False,15,203,28050.0
5450.0,450.0,2225.0,2000.0,False,15,207,17550.0
6562.5,1562.5,4337.5,1000.0,False,15,207,20000.0
11175.0,6175.0,4975.0,1500.0,False,15,199,29275.0
8487.5,3487.5,4925.0,2500.0,False,15,201,27625.0
11250.0,6250.0,4975.0,1000.0,False,15,204,23100.0
5850.0,850.0,3625.0,1950.0,False,15,206,20025.0
5050.0,50.0,3487.5,1500.0,False,15,208,30400.0
3162.5,-1837.5,2662.5,2575.0,False,15,204,31175.0
10175.0,5175.0,4825.0,1500.0,False,15,209,22325.0
9162.5,4162.5,4025.0,1200.0,False,15,207,27700.0
8800.0,3800.0,3425.0,1500.0,False,15,206,19525.0
8062.5,3062.5,4925.0,950.0,False,15,206,23050.0
4312.5,-687.5,2412.5,1400.0,False,15,206,19100.0
-12.5,-5012.5,-12.5,3075.0,True,9,120,18675.0
5862.5,862.5,3312.5,1900.0,False,15,209,24600.0
4362.5,-637.5,2850.0,1500.0,False,15,208,23600.0
5737.5,737.5,4600.0,750.0,False,15,205,19375.0
6650.0,1650.0,4750.0,3000.0,False,15,209,28875.0
-375.0,-5375.0,-375.0,3500.0,True,7,91,13025.0
4687.5,-312.5,4050.0,2100.0,False,15,205,22525.0
6250.0,1250.0,4950.0,975.0,False,15,204,23450.0
3862.5,-1137.5,3737.5,1850.0,False,15,208,24650.0
-37.5,-5037.5,-37.5,2500.0,True,15,203,19825.0
6200.0,1200.0,3025.0,1875.0,False,15,205,28725.0
8512.5,3512.5,4975.0,1500.0,False,15,206,27850.0
10037.5,5037.5,4150.0,2275.0,False,15,203,30900.0
8562.5,3562.5,4412.5,1000.0,False,15,209,16175.0
7525.0,2525.0,4675.0,1400.0,False,15,210,22450.0
4750.0,-250.0,3775.0,1800.0,False,15,207,18025.0
7462.5,2462.5,3175.0,1250.0,False,15,203,25200.0
3800.0,-1200.0,2937.5,1775.0,False,15,203,20600.0
3700.0,-1300.0,2462.5,2000.0,False,15,206,25675.0
3050.0,-1950.0,3000.0,2400.0,False,15,208,20925.0
3937.5,-1062.5,1475.0,2000.0,False,15,204,22875.0
7750.0,2750.0,4637.5,2050.0,False,15,206,22875.0
10062.5,5062.5,3475.0,1750.0,False,15,209,31650.0
9175.0,4175.0,4775.0,1600.0,False,15,205,28675.0
0.0,-5000.0,0.0,2425.0,True,5,70,10550.0
7237.5,2237.5,2137.5,2550.0,False,15,209,23000.0
3700.0,-1300.0,400.0,2350.0,False,15,209,23300.0
4837.5,-162.5,2837.5,1800.0,False,15,205,25225.0
7950.0,2950.0,4500.0,1400.0,False,15,206,18825.0
4200.0,-800.0,4200.0,2400.0,False,15,205,25375.0
9287.5,4287.5,4575.0,1000.0,False,15,204,22250.0
-200.0,-5200.0,-200.0,2425.0,True,9,121,16900.0
5962.5,962.5,3662.5,1500.0,False,15,206,27500.0
9225.0,4225.0,4225.0,1500.0,False,15,200,31575.0
6837.5,1837.5,3462.5,2125.0,False,15,208,22350.0
6475.0,1475.0,3562.5,1350.0,False,15,205,21000.0
9137.5,4137.5,4925.0,475.0,False,15,204,15775.0
4425.0,-575.0,2775.0,2300.0,False,15,205,18350.0
6400.0,1400.0,4825.0,1500.0,False,15,208,25950.0
5937.5,937.5,3012.5,2200.0,False,15,208,22500.0
4625.0,-375.0,2600.0,1500.0,False,15,206,29250.0
3437.5,-1562.5,3237.5,1500.0,False,15,209,24000.0
5812.5,812.5,4337.5,1000.0,False,15,209,18450.0
7412.5,2412.5,3575.0,2200.0,False,15,208,25150.0
4962.5,-37.5,3125.0,2000.0,False,15,211,26450.0
5650.0,650.0,4887.5,1450.0,False,15,209,21625.0
6150.0,1150.0,4625.0,1100.0,False,15,208,14475.0
4575.0,-425.0,3200.0,2250.0,False,15,207,26825.0
8700.0,3700.0,2375.0,1900.0,False,15,204,26525.0
7712.5,2712.5,4925.0,1025.0,False,15,206,15950.0
9200.0,4200.0,4250.0,1500.0,False,15,206,27800.0
-137.5,-5137.5,-137.5,3600.0,True,13,170,22600.0
2400.0,-2600.0,1900.0,2200.0,False,15,210,25300.0
10012.5,5012.5,4650.0,1700.0,False,15,208,23525.0
0.0,-5000.0,0.0,3400.0,True,13,175,22275.0
4275.0,-725.0,3875.0,1125.0,False,15,206,18925.0
4912.5,-87.5,3850.0,1100.0,False,15,205,12275.0
4837.5,-162.5,4837.5,3350.0,False,15,204,35250.0
5837.5,837.5,4037.5,1600.0,False,15,208,22975.0
4250.0,-750.0,2825.0,1525.0,False,15,203,33725.0
3400.0,-1600.0,775.0,2350.0,False,15,209,27775.0
7837.5,2837.5,4437.5,1750.0,False,15,204,21200.0
5175.0,175.0,3625.0,800.0,False,15,206,12475.0
6987.5,1987.5,4187.5,1150.0,False,15,203,22125.0
3462.5,-1537.5,2925.0,1875.0,False,15,201,23400.0
2212.5,-2787.5,1212.5,2000.0,False,15,203,27550.0
6800.0,1800.0,4037.5,1175.0,False,15,202,18750.0
7112.5,2112.5,4600.0,1400.0,False,15,209,27300.0
3875.0,-1125.0,3875.0,1500.0,False,15,206,21275.0
4125.0,-875.0,3700.0,1150.0,False,15,202,15025.0
-375.0,-5375.0,-375.0,4000.0,True,10,133,16825.0
2925.0,-2075.0,1875.0,1800.0,False,15,212,21700.0
3587.5,-1412.5,2725.0,1800.0,False,15,206,24975.0
2987.5,-2012.5,1337.5,2050.0,False,15,204,23125.0
8362.5,3362.5,4675.0,1000.0,False,15,206,17075.0
8637.5,3637.5,5000.0,925.0,False,15,203,19050.0
3837.5,-1162.5,3837.5,2275.0,False,15,203,32350.0
1075.0,-3925.0,75.0,1800.0,False,15,210,21925.0
7212.5,2212.5,4112.5,1300.0,False,15,204,17550.0
5650.0,650.0,4750.0,1300.0,False,15,208,14925.0
6950.0,1950.0,4525.0,1075.0,False,15,214,21800.0
5837.5,837.5,5000.0,750.0,False,15,208,13500.0
2512.5,-2487.5,1337.5,2350.0,False,15,203,27800.0
9550.0,4550.0,3550.0,1375.0,False,15,207,17525.0
6375.0,1375.0,4050.0,2250.0,False,15,208,25600.0
10475.0,5475.0,5000.0,900.0,False,15,207,24850.0
-375.0,-5375.0,-375.0,1850.0,True,13,174,26850.0
5925.0,925.0,3225.0,2700.0,False,15,203,33425.0
6375.0,1375.0,2675.0,1900.0,False,15,204,29025.0
6075.0,1075.0,3987.5,900.0,False,15,206,16200.0
10887.5,5887.5,4950.0,1750.0,False,15,200,31950.0
8087.5,3087.5,4975.0,1550.0,False,15,204,18825.0
5850.0,850.0,4362.5,1475.0,False,15,207,16775.0
5187.5,187.5,2387.5,2450.0,False,15,206,28100.0
2400.0,-2600.0,437.5,3350.0,False,15,205,26600.0
9187.5,4187.5,4475.0,850.0,False,15,204,16100.0
7162.5,2162.5,4175.0,2250.0,False,15,204,32325.0
3662.5,-1337.5,1925.0,3150.0,False,15,205,29925.0
1887.5,-3112.5,1837.5,2850.0,False,15,207,27925.0
4350.0,-650.0,3012.5,2000.0,False,15,205,33475.0
8412.5,3412.5,4675.0,1500.0,False,15,206,27750.0
6587.5,1587.5,3412.5,1800.0,False,15,212,30850.0
12062.5,7062.5,4975.0,1600.0,False,15,199,31925.0
1450.0,-3550.0,1162.5,1650.0,False,15,205,19925.0
9037.5,4037.5,3500.0,2050.0,False,15,206,27200.0
6037.5,1037.5,4475.0,1650.0,False,15,209,20325.0
4150.0,-850.0,3900.0,1300.0,False,15,203,18925.0
8287.5,3287.5,3412.5,2000.0,False,15,209,28400.0
8000.0,3000.0,4150.0,1225.0,False,15,207,27450.0
2700.0,-2300.0,925.0,2300.0,False,15,204,24625.0
3750.0,-1250.0,2512.5,1850.0,False,15,204,17125.0
7775.0,2775.0,3787.5,1650.0,False,15,204,22200.0
3375.0,-1625.0,2687.5,2625.0,False,15,211,18775.0
687.5,-4312.5,512.5,2200.0,False,15,211,20375.0
3362.5,-1637.5,1725.0,2700.0,False,15,208,32550.0
3712.5,-1287.5,3537.5,1600.0,False,15,207,21450.0
5237.5,237.5,3875.0,1500.0,False,15,209,18700.0
6912.5,1912.5,3762.5,2275.0,False,15,209,28875.0
2675.0,-2325.0,2675.0,2150.0,False,15,207,27000.0
6850.0,1850.0,4425.0,1250.0,False,15,207,19425.0
9687.5,4687.5,4175.0,2500.0,False,15,204,34000.0
2762.5,-2237.5,1187.5,2050.0,False,15,205,17750.0
6850.0,1850.0,5000.0,1000.0,False,15,206,20925.0
6650.0,1650.0,5000.0,1575.0,False,15,208,17225.0
3387.5,-1612.5,3337.5,1250.0,False,15,203,31700.0
5537.5,537.5,3887.5,1400.0,False,15,209,17800.0
6312.5,1312.5,4475.0,775.0,False,15,204,18600.0
-437.5,-5437.5,-437.5,3200.0,True,15,200,21825.0
4375.0,-625.0,1762.5,2200.0,False,15,206,25125.0
9600.0,4600.0,4375.0,1625.0,False,15,204,24475.0
3100.0,-1900.0,2162.5,2300.0,False,15,210,27500.0
9975.0,4975.0,2937.5,3500.0,False,15,204,35250.0
7812.5,2812.5,4875.0,1325.0,False,15,206,17175.0
6062.5,1062.5,4087.5,1600.0,False,15,210,24900.0
4062.5,-937.5,4000.0,1400.0,False,15,209,17850.0
2812.5,-2187.5,1525.0,2425.0,False,15,208,22025.0
2475.0,-2525.0,2000.0,2025.0,False,15,207,24925.0
5525.0,525.0,4437.5,1500.0,False,15,205,25100.0
6937.5,1937.5,4750.0,1100.0,False,15,209,17925.0
8850.0,3850.0,4875.0,1600.0,False,15,209,24675.0
3475.0,-1525.0,2525.0,2750.0,False,15,204,30550.0
4137.5,-862.5,2712.5,2000.0,False,15,207,29125.0
2662.5,-2337.5,1637.5,1400.0,False,15,212,19250.0
4250.0,-750.0,2612.5,1800.0,False,15,205,22050.0
6712.5,1712.5,2725.0,1800.0,False,15,203,23150.0
6125.0,1125.0,4650.0,1350.0,False,15,206,22725.0
2200.0,-2800.0,1162.5,1350.0,False,15,208,18275.0
-562.5,-5562.5,-562.5,2650.0,True,13,174,20550.0
6450.0,1450.0,4900.0,650.0,False,15,209,12850.0
7325.0,2325.0,4075.0,1000.0,False,15,205,26950.0
6525.0,1525.0,4275.0,1500.0,False,15,206,23750.0
8362.5,3362.5,4775.0,900.0,False,15,206,17300.0
7612.5,2612.5,4750.0,950.0,False,15,209,19775.0
5712.5,712.5,2337.5,3350.0,False,15,203,36150.0
-325.0,-5325.0,-325.0,2500.0,True,14,193,17100.0
2625.0,-2375.0,1462.5,2700.0,False,15,204,25150.0
4987.5,-12.5,2462.5,1500.0,False,15,202,25825.0
8350.0,3350.0,4887.5,1800.0,False,15,208,21475.0
5800.0,800.0,4725.0,2900.0,False,15,210,34475.0
8075.0,3075.0,4975.0,1725.0,False,15,205,27625.0
5825.0,825.0,4125.0,1075.0,False,15,205,17850.0
4900.0,-100.0,4700.0,1500.0,False,15,202,24200.0
7037.5,2037.5,4550.0,500.0,False,15,206,14425.0
6775.0,1775.0,4150.0,1600.0,False,15,209,25025.0
4275.0,-725.0,3900.0,1200.0,False,15,208,19750.0
6312.5,1312.5,3275.0,1200.0,False,15,206,24400.0
5137.5,137.5,3825.0,2675.0,False,15,203,37475.0
11412.5,6412.5,4362.5,1750.0,False,15,205,28175.0
3550.0,-1450.0,2837.5,3700.0,False,15,203,19800.0
6762.5,1762.5,4100.0,1050.0,False,15,211,15950.0
5737.5,737.5,3750.0,1450.0,False,15,205,17700.0
3175.0,-1825.0,1537.5,2500.0,False,15,210,19000.0
5337.5,337.5,3687.5,1500.0,False,15,207,21150.0
-337.5,-5337.5,-337.5,3100.0,True,13,164,14100.0
3975.0,-1025.0,3675.0,1300.0,False,15,206,13100.0
2900.0,-2100.0,2612.5,2100.0,False,15,208,21750.0
2337.5,-2662.5,2337.5,2800.0,False,15,207,38475.0
0.0,-5000.0,0.0,3650.0,True,15,202,28250.0
11512.5,6512.5,4375.0,1350.0,False,15,205,27650.0
3600.0,-1400.0,3462.5,1350.0,False,15,201,20125.0
2825.0,-2175.0,2650.0,1700.0,False,15,207,34625.0
3500.0,-1500.0,3000.0,2600.0,False,15,206,25400.0
6562.5,1562.5,3112.5,1300.0,False,15,203,21300.0
4412.5,-587.5,3475.0,1275.0,False,15,204,16225.0
5425.0,425.0,3300.0,1200.0,False,15,203,18750.0
8187.5,3187.5,3500.0,900.0,False,15,207,23550.0
6325.0,1325.0,4850.0,1250.0,False,15,209,16800.0
2550.0,-2450.0,2325.0,1975.0,False,15,205,23050.0
3300.0,-1700.0,2212.5,1600.0,False,15,207,18925.0
6562.5,1562.5,3550.0,1950.0,False,15,203,27150.0
6687.5,1687.5,3750.0,1325.0,False,15,209,28000.0
13637.5,8637.5,4600.0,1925.0,False,15,208,36150.0
3275.0,-1725.0,3150.0,2050.0,False,15,205,22000.0
5700.0,700.0,4437.5,1300.0,False,15,209,20125.0
3162.5,-1837.5,3162.5,1225.0,False,15,208,31725.0
4525.0,-475.0,3275.0,2500.0,False,15,207,30850.0
3312.5,-1687.5,2912.5,2525.0,False,15,209,23325.0
-462.5,-5462.5,-462.5,3575.0,True,14,191,24375.0
1075.0,-3925.0,325.0,3625.0,False,15,207,24600.0
-137.5,-5137.5,-137.5,2000.0,True,10,138,24025.0
8775.0,3775.0,4037.5,1550.0,False,15,203,23575.0
9037.5,4037.5,3425.0,1350.0,False,15,209,22300.0
5037.5,37.5,3800.0,600.0,False,15,206,12775.0
4675.0,-325.0,2850.0,2100.0,False,15,209,27950.0
12900.0,7900.0,4900.0,1000.0,False,15,205,33425.0
7025.0,2025.0,4600.0,1475.0,False,15,207,23375.0
5525.0,525.0,3150.0,1100.0,False,15,204,22650.0
8087.5,3087.5,4425.0,2950.0,False,15,204,26225.0
8075.0,3075.0,4612.5,1000.0,False,15,204,17525.0
-150.0,-5150.0,-150.0,2150.0,True,13,173,28725.0
3500.0,-1500.0,3150.0,1725.0,False,15,210,17750.0
1175.0,-3825.0,1175.0,1375.0,False,15,208,19075.0
2762.5,-2237.5,512.5,3525.0,False,15,205,21750.0
8512.5,3512.5,4362.5,950.0,False,15,208,20675.0
3762.5,-1237.5,3762.5,1000.0,False,15,204,21375.0
6712.5,1712.5,3587.5,1025.0,False,15,199,31875.0
5350.0,350.0,4012.5,2100.0,False,15,208,15975.0
6950.0,1950.0,5000.0,1400.0,False,15,206,19900.0
5925.0,925.0,1737.5,2650.0,False,15,210,32300.0
6812.5,1812.5,4300.0,3200.0,False,15,207,28975.0
9687.5,4687.5,4225.0,1000.0,False,15,204,25800.0
7650.0,2650.0,4425.0,1525.0,False,15,207,19200.0
3025.0,-1975.0,2350.0,2475.0,False,15,203,22525.0
5612.5,612.5,3537.5,2000.0,False,15,203,32375.0
4300.0,-700.0,3975.0,1300.0,False,15,207,17675.0
7112.5,2112.5,4587.5,1500.0,False,15,204,13600.0
5462.5,462.5,3925.0,2050.0,False,15,205,33700.0
6400.0,1400.0,3812.5,725.0,False,15,204,23300.0
6375.0,1375.0,4762.5,1000.0,False,15,208,24700.0
7425.0,2425.0,2337.5,3275.0,False,15,207,28600.0
5562.5,562.5,1762.5,2950.0,False,15,204,25275.0
7475.0,2475.0,4737.5,1925.0,False,15,207,20725.0
5437.5,437.5,4587.5,4600.0,False,15,208,39650.0
6700.0,1700.0,4212.5,1250.0,False,15,211,17950.0
5375.0,375.0,2662.5,1725.0,False,15,206,16625.0
1537.5,-3462.5,1537.5,2625.0,False,15,205,27100.0
5550.0,550.0,1975.0,3125.0,False,15,206,26700.0
6362.5,1362.5,4400.0,450.0,False,15,208,13475.0
1387.5,-3612.5,987.5,1600.0,False,15,208,20175.0
7650.0,2650.0,4125.0,1500.0,False,15,207,25600.0
8062.5,3062.5,3825.0,1300.0,False,15,205,27875.0
7425.0,2425.0,2225.0,2500.0,False,15,208,31200.0
1337.5,-3662.5,700.0,2500.0,False,15,202,22825.0
5762.5,762.5,4300.0,2100.0,False,15,206,25225.0
6312.5,1312.5,4850.0,1625.0,False,15,206,21900.0
6062.5,1062.5,3687.5,2425.0,False,15,205,21425.0
5912.5,912.5,2587.5,1900.0,False,15,206,22500.0
4075.0,-925.0,3550.0,1000.0,False,15,209,19925.0
5575.0,575.0,3525.0,1800.0,False,15,205,19950.0
5587.5,587.5,3962.5,1500.0,False,15,211,19175.0
2962.5,-2037.5,2937.5,1412.5,False,15,204,21225.0
8050.0,3050.0,3900.0,1800.0,False,15,209,25750.0
3912.5,-1087.5,2125.0,1900.0,False,15,207,21175.0
8575.0,3575.0,4375.0,1000.0,False,15,210,21875.0
7387.5,2387.5,3537.5,2250.0,False,15,203,33300.0
5200.0,200.0,3912.5,1500.0,False,15,210,28725.0
7587.5,2587.5,4000.0,2375.0,False,15,207,21500.0
4787.5,-212.5,3562.5,1100.0,False,15,204,18975.0
10562.5,5562.5,4550.0,812.5,False,15,207,22925.0
5000.0,0.0,4875.0,2750.0,False,15,205,27025.0
987.5,-4012.5,712.5,1900.0,False,15,205,24700.0
9637.5,4637.5,4575.0,675.0,False,15,204,21225.0
8900.0,3900.0,4612.5,1075.0,False,15,205,28475.0
9725.0,4725.0,4762.5,1250.0,False,15,206,26375.0
5725.0,725.0,2962.5,1850.0,False,15,205,22975.0
6425.0,1425.0,3825.0,1400.0,False,15,206,29000.0
9437.5,4437.5,4987.5,2550.0,False,15,208,28625.0
2025.0,-2975.0,900.0,1750.0,False,15,203,22775.0
3287.5,-1712.5,2137.5,2250.0,False,15,206,27300.0
7812.5,2812.5,2175.0,1675.0,False,15,206,30000.0
6250.0,1250.0,3325.0,1000.0,False,15,204,16200.0
9187.5,4187.5,4250.0,2225.0,False,15,204,30700.0
6187.5,1187.5,2975.0,1450.0,False,15,210,28500.0
10425.0,5425.0,4550.0,1000.0,False,15,208,25450.0
10712.5,5712.5,4825.0,2000.0,False,15,211,31550.0
9512.5,4512.5,4912.5,1800.0,False,15,208,29625.0
9925.0,4925.0,4850.0,2300.0,False,15,206,29875.0
5462.5,462.5,4162.5,800.0,False,15,208,15675.0
-12.5,-5012.5,-12.5,2400.0,True,15,204,23650.0
9712.5,4712.5,4150.0,1500.0,False,15,209,30450.0
3775.0,-1225.0,3475.0,1475.0,False,15,207,19550.0
5687.5,687.5,1750.0,2800.0,False,15,208,28350.0
10175.0,5175.0,4700.0,1400.0,False,15,204,18825.0
9087.5,4087.5,4925.0,1000.0,False,15,207,16650.0
3562.5,-1437.5,1387.5,3300.0,False,15,207,29125.0
4325.0,-675.0,3437.5,2800.0,False,15,206,34725.0
6000.0,1000.0,3637.5,1700.0,False,15,201,22275.0
5825.0,825.0,4550.0,1700.0,False,15,202,21000.0
3662.5,-1337.5,1887.5,1700.0,False,15,205,32050.0
2325.0,-2675.0,1912.5,2000.0,False,15,208,25000.0
6862.5,1862.5,4750.0,1600.0,False,15,204,30725.0
775.0,-4225.0,775.0,2450.0,False,15,205,25950.0
1775.0,-3225.0,612.5,3200.0,False,15,206,13000.0
-362.5,-5362.5,-362.5,2850.0,True,7,100,17025.0
3612.5,-1387.5,3612.5,2000.0,False,15,207,23750.0
6287.5,1287.5,4450.0,1225.0,False,15,212,19525.0
4462.5,-537.5,3712.5,3000.0,False,15,206,29750.0
4525.0,-475.0,4312.5,1500.0,False,15,205,20550.0
11812.5,6812.5,4700.0,1350.0,False,15,205,31050.0
2612.5,-2387.5,1287.5,3000.0,False,15,206,28700.0
4137.5,-862.5,4025.0,1700.0,False,15,198,20400.0
7112.5,2112.5,4925.0,325.0,False,15,209,10550.0
-175.0,-5175.0,-175.0,2500.0,True,7,94,19975.0
3412.5,-1587.5,2762.5,1400.0,False,15,202,12075.0
10100.0,5100.0,4287.5,1375.0,False,15,207,30575.0
6912.5,1912.5,4675.0,1750.0,False,15,206,24475.0
7512.5,2512.5,4525.0,1650.0,False,15,207,23375.0
5737.5,737.5,4237.5,1700.0,False,15,201,27900.0
6375.0,1375.0,3812.5,2375.0,False,15,208,17650.0
7850.0,2850.0,4537.5,1100.0,False,15,208,23250.0
3187.5,-1812.5,3075.0,1500.0,False,15,216,12125.0
6412.5,1412.5,4837.5,1800.0,False,15,209,29900.0
7887.5,2887.5,4037.5,950.0,False,15,206,17125.0
6225.0,1225.0,4250.0,2300.0,False,15,205,25600.0
4712.5,-287.5,4050.0,1575.0,False,15,203,19125.0
3500.0,-1500.0,2562.5,1050.0,False,15,207,14225.0
5125.0,125.0,4175.0,1750.0,False,15,207,21850.0
9800.0,4800.0,5000.0,600.0,False,15,208,18525.0
3525.0,-1475.0,3475.0,1200.0,False,15,206,17100.0
11987.5,6987.5,4400.0,2000.0,False,15,210,24300.0
7912.5,2912.5,4162.5,1000.0,False,15,205,23125.0
5337.5,337.5,3662.5,1800.0,False,15,206,24750.0
5862.5,862.5,4325.0,2000.0,False,15,204,24150.0
3437.5,-1562.5,1600.0,2800.0,False,15,208,22250.0
5500.0,500.0,3062.5,2000.0,False,15,202,37250.0
6212.5,1212.5,4425.0,900.0,False,15,206,15725.0
2650.0,-2350.0,2650.0,3100.0,False,15,207,22875.0
6312.5,1312.5,3950.0,1000.0,False,15,211,20550.0
3287.5,-1712.5,3237.5,1000.0,False,15,203,14775.0
8512.5,3512.5,4800.0,1025.0,False,15,205,19600.0
2150.0,-2850.0,1762.5,2000.0,False,15,208,29750.0
6200.0,1200.0,3875.0,800.0,False,15,204,18175.0
4137.5,-862.5,4025.0,1600.0,False,15,208,12050.0
3337.5,-1662.5,2887.5,1300.0,False,15,207,28025.0
6200.0,1200.0,3700.0,2750.0,False,15,204,19925.0
5250.0,250.0,2825.0,1300.0,False,15,205,13325.0
8062.5,3062.5,4400.0,1050.0,False,15,206,17150.0
3075.0,-1925.0,3050.0,1525.0,False,15,210,21075.0
2575.0,-2425.0,1925.0,2200.0,False,15,208,21925.0
5050.0,50.0,2487.5,3000.0,False,15,212,21400.0
8487.5,3487.5,4687.5,1000.0,False,15,209,21675.0
5725.0,725.0,4050.0,1525.0,False,15,202,27575.0
6850.0,1850.0,4375.0,2000.0,False,15,204,33800.0
6475.0,1475.0,3900.0,1150.0,False,15,206,16350.0
9012.5,4012.5,4912.5,1550.0,False,15,203,35425.0
6725.0,1725.0,4162.5,2000.0,False,15,210,32125.0
3887.5,-1112.5,3887.5,1000.0,False,15,205,13475.0
5387.5,387.5,4412.5,1750.0,False,15,207,19175.0
3050.0,-1950.0,1500.0,1700.0,False,15,208,26475.0
4187.5,-812.5,3187.5,2000.0,False,15,206,25325.0
8325.0,3325.0,2300.0,1550.0,False,15,206,22425.0
6437.5,1437.5,3950.0,2000.0,False,15,206,26425.0
2937.5,-2062.5,1725.0,2250.0,False,15,207,31175.0
8250.0,3250.0,4662.5,1200.0,False,15,208,26225.0
7050.0,2050.0,4300.0,1500.0,False,15,210,23825.0
5487.5,487.5,3275.0,1125.0,False,15,206,21200.0
2562.5,-2437.5,2512.5,1800.0,False,15,205,25300.0
3587.5,-1412.5,3500.0,1500.0,False,15,206,17000.0
8962.5,3962.5,4225.0,2025.0,False,15,203,27875.0
2837.5,-2162.5,2637.5,1300.0,False,15,210,18600.0
4587.5,-412.5,2487.5,1850.0,False,15,205,22125.0
5475.0,475.0,4162.5,1850.0,False,15,210,23550.0
5287.5,287.5,4050.0,2700.0,False,15,204,23200.0
6187.5,1187.5,4487.5,1025.0,False,15,209,21275.0
3112.5,-1887.5,2325.0,1950.0,False,15,203,23350.0
10537.5,5537.5,4812.5,2150.0,False,15,205,28450.0
4575.0,-425.0,3650.0,1450.0,False,15,206,14500.0
8062.5,3062.5,4237.5,1000.0,False,15,206,24750.0
4387.5,-612.5,3662.5,2750.0,False,15,209,27000.0
5887.5,887.5,4575.0,2250.0,False,15,206,18450.0
9650.0,4650.0,4687.5,425.0,False,15,207,16850.0
3612.5,-1387.5,2012.5,2050.0,False,15,211,23425.0
5425.0,425.0,3637.5,1100.0,False,15,207,24850.0
5625.0,625.0,3950.0,1850.0,False,15,205,28050.0
4250.0,-750.0,3412.5,2500.0,False,15,206,21650.0
7012.5,2012.5,3875.0,1300.0,False,15,202,16750.0
4462.5,-537.5,1462.5,2400.0,False,15,210,23300.0
-525.0,-5525.0,-525.0,3750.0,True,5,67,12175.0
12.5,-4987.5,12.5,2750.0,True,13,170,18825.0
7550.0,2550.0,4325.0,1200.0,False,15,208,20525.0
725.0,-4275.0,275.0,2450.0,False,15,207,24575.0
6450.0,1450.0,4650.0,1800.0,False,15,206,24100.0
5887.5,887.5,5000.0,1300.0,False,15,204,18650.0
6512.5,1512.5,4000.0,1800.0,False,15,206,32800.0
5037.5,37.5,3687.5,1800.0,False,15,199,15725.0
1662.5,-3337.5,1062.5,2225.0,False,15,208,24525.0
2362.5,-2637.5,1362.5,2825.0,False,15,208,27950.0
750.0,-4250.0,725.0,1800.0,False,15,210,18350.0
4312.5,-687.5,2275.0,2500.0,False,15,204,22750.0
8887.5,3887.5,3875.0,1775.0,False,15,210,21075.0
8137.5,3137.5,3600.0,1000.0,False,15,207,20350.0
4087.5,-912.5,2750.0,1200.0,False,15,208,13350.0
11737.5,6737.5,4925.0,1250.0,False,15,206,27775.0
2737.5,-2262.5,2737.5,1550.0,False,15,207,16575.0
6700.0,1700.0,4275.0,2125.0,False,15,206,29950.0
5825.0,825.0,4187.5,1750.0,False,15,211,25425.0
5150.0,150.0,250.0,2900.0,False,15,207,26800.0
11687.5,6687.5,4225.0,1300.0,False,15,209,27125.0
-112.5,-5112.5,-112.5,2450.0,True,15,196,19675.0
5300.0,300.0,2225.0,2775.0,False,15,209,28325.0
4700.0,-300.0,1800.0,2075.0,False,15,206,34675.0
2625.0,-2375.0,2100.0,2000.0,False,15,205,27000.0
5312.5,312.5,4800.0,1550.0,False,15,204,15200.0
475.0,-4525.0,412.5,3750.0,False,15,205,29725.0
6400.0,1400.0,4887.5,2975.0,False,15,208,25325.0
5712.5,712.5,2350.0,2375.0,False,15,207,24100.0
6575.0,1575.0,4662.5,1000.0,False,15,211,16125.0
3450.0,-1550.0,3000.0,1850.0,False,15,206,17625.0
5025.0,25.0,4062.5,2400.0,False,15,204,25600.0
7112.5,2112.5,5000.0,1400.0,False,15,207,33450.0
1400.0,-3600.0,800.0,2050.0,False,15,209,23375.0
8912.5,3912.5,4987.5,1350.0,False,15,206,24575.0
-387.5,-5387.5,-387.5,1700.0,True,13,164,18175.0
5725.0,725.0,2450.0,1600.0,False,15,206,26350.0
3325.0,-1675.0,2325.0,3000.0,False,15,205,32225.0
2275.0,-2725.0,2000.0,3350.0,False,15,207,24775.0
4525.0,-475.0,1612.5,2050.0,False,15,202,25450.0
6725.0,1725.0,4212.5,3250.0,False,15,201,29725.0
7287.5,2287.5,4512.5,1500.0,False,15,205,21325.0
4750.0,-250.0,4675.0,800.0,False,15,201,13250.0
5100.0,100.0,3987.5,1900.0,False,15,209,23825.0
5100.0,100.0,3025.0,3100.0,False,15,205,28775.0
10500.0,5500.0,4700.0,1500.0,False,15,209,30125.0
10237.5,5237.5,4862.5,725.0,False,15,208,20100.0
8287.5,3287.5,3912.5,1000.0,False,15,207,20700.0
9850.0,4850.0,4175.0,1325.0,False,15,203,22875.0
4537.5,-462.5,3262.5,1075.0,False,15,205,17575.0
4387.5,-612.5,2925.0,1550.0,False,15,204,26775.0
10025.0,5025.0,4225.0,1500.0,False,15,202,34200.0
6337.5,1337.5,4550.0,1200.0,False,15,208,20300.0
4575.0,-425.0,3787.5,1300.0,False,15,209,17475.0
2200.0,-2800.0,1625.0,2300.0,False,15,207,20450.0
8287.5,3287.5,4612.5,800.0,False,15,205,15875.0
3025.0,-1975.0,1362.5,2900.0,False,15,210,24650.0
3287.5,-1712.5,2675.0,1950.0,False,15,207,17775.0
10400.0,5400.0,4587.5,2000.0,False,15,207,31650.0
3425.0,-1575.0,2062.5,1625.0,False,15,205,21725.0
-25.0,-5025.0,-25.0,2650.0,True,15,205,29600.0
3987.5,-1012.5,1687.5,2000.0,False,15,203,32775.0
7462.5,2462.5,4475.0,1175.0,False,15,202,26400.0
2812.5,-2187.5,1075.0,2500.0,False,15,205,32275.0
6150.0,1150.0,4125.0,1300.0,False,15,205,15625.0
4350.0,-650.0,4025.0,1000.0,False,15,207,18725.0
7862.5,2862.5,5000.0,1450.0,False,15,204,23575.0
4125.0,-875.0,3187.5,1525.0,False,15,207,19925.0
5687.5,687.5,4775.0,900.0,False,15,206,11400.0
6487.5,1487.5,4850.0,1250.0,False,15,206,21850.0
5375.0,375.0,3412.5,1000.0,False,15,211,14425.0
1975.0,-3025.0,1475.0,2975.0,False,15,209,23975.0
725.0,-4275.0,475.0,2600.0,False,15,207,28700.0
6200.0,1200.0,3737.5,1200.0,False,15,209,14125.0
6087.5,1087.5,4675.0,1825.0,False,15,207,23825.0
3100.0,-1900.0,2725.0,2650.0,False,15,205,33650.0
2187.5,-2812.5,1750.0,2500.0,False,15,205,24975.0
2437.5,-2562.5,2437.5,2650.0,False,15,208,22675.0
3012.5,-1987.5,2062.5,2850.0,False,15,206,20575.0
-75.0,-5075.0,-75.0,2550.0,True,10,133,18350.0
10437.5,5437.5,4400.0,1600.0,False,15,201,23500.0
6762.5,1762.5,4950.0,1225.0,False,15,209,14525.0
-175.0,-5175.0,-175.0,3550.0,False,15,208,29500.0
5650.0,650.0,3950.0,3500.0,False,15,205,32175.0
6587.5,1587.5,4925.0,800.0,False,15,207,14425.0
6112.5,1112.5,3612.5,1400.0,False,15,206,26200.0
7337.5,2337.5,4400.0,2050.0,False,15,206,24375.0
7850.0,2850.0,4375.0,1500.0,False,15,206,37175.0
4362.5,-637.5,3637.5,1500.0,False,15,208,29725.0
7862.5,2862.5,4750.0,1650.0,False,15,208,25000.0
4975.0,-25.0,4025.0,1650.0,False,15,209,24550.0
7037.5,2037.5,3575.0,1500.0,False,15,205,27550.0
5412.5,412.5,4775.0,1300.0,False,15,203,21100.0
3762.5,-1237.5,3462.5,1650.0,False,15,206,19025.0
5200.0,200.0,2075.0,2100.0,False,15,210,29800.0
3487.5,-1512.5,1225.0,2750.0,False,15,204,25575.0
5750.0,750.0,4275.0,1525.0,False,15,200,28025.0
3700.0,-1300.0,2487.5,900.0,False,15,207,13700.0
5650.0,650.0,4437.5,675.0,False,15,209,12150.0
3875.0,-1125.0,1925.0,1725.0,False,15,205,19550.0
7812.5,2812.5,2762.5,1175.0,False,15,210,20500.0
2200.0,-2800.0,1312.5,2400.0,False,15,206,24500.0
6000.0,1000.0,3550.0,1500.0,False,15,203,20075.0
9062.5,4062.5,4362.5,1225.0,False,15,210,19675.0
3612.5,-1387.5,2725.0,2400.0,False,15,206,25450.0
775.0,-4225.0,775.0,2500.0,False,15,202,27025.0
8925.0,3925.0,2237.5,1475.0,False,15,211,23575.0
8662.5,3662.5,4575.0,1550.0,False,15,205,27425.0
1175.0,-3825.0,775.0,3650.0,False,15,207,24675.0
2025.0,-2975.0,1275.0,3300.0,False,15,208,26750.0
5000.0,0.0,3250.0,2500.0,False,15,204,23675.0
4650.0,-350.0,2437.5,1500.0,False,15,207,18225.0
4850.0,-150.0,1900.0,2300.0,False,15,208,26550.0
4775.0,-225.0,4775.0,1000.0,False,15,204,13750.0
8437.5,3437.5,4950.0,800.0,False,15,213,21175.0
1287.5,-3712.5,787.5,2725.0,False,15,207,19075.0
3087.5,-1912.5,1912.5,4700.0,False,15,206,30600.0
5662.5,662.5,2800.0,1250.0,False,15,212,23800.0
5125.0,125.0,2500.0,1600.0,False,15,206,18150.0
8775.0,3775.0,4950.0,2150.0,False,15,204,29850.0
6187.5,1187.5,4287.5,1950.0,False,15,208,27225.0
3812.5,-1187.5,3550.0,1500.0,False,15,211,19600.0
2812.5,-2187.5,2812.5,1600.0,False,15,207,29600.0
1037.5,-3962.5,875.0,2000.0,False,15,204,26650.0
3450.0,-1550.0,1762.5,2000.0,False,15,204,20125.0
7400.0,2400.0,4712.5,1350.0,False,15,206,17700.0
12650.0,7650.0,4875.0,1500.0,False,15,207,28750.0
1237.5,-3762.5,1237.5,3650.0,False,15,206,28650.0
2875.0,-2125.0,2050.0,3575.0,False,15,203,25800.0
5100.0,100.0,4150.0,1550.0,False,15,208,14375.0
9412.5,4412.5,3712.5,1000.0,False,15,205,29900.0
11512.5,6512.5,4875.0,1100.0,False,15,206,27900.0
5525.0,525.0,3012.5,2050.0,False,15,209,27975.0
5000.0,0.0,4075.0,1675.0,False,15,205,24300.0
2287.5,-2712.5,2262.5,1200.0,False,15,204,23650.0
4212.5,-787.5,3512.5,1350.0,False,15,210,15750.0
9212.5,4212.5,4987.5,850.0,False,15,205,18350.0
3475.0,-1525.0,2525.0,3925.0,False,15,204,23025.0
5175.0,175.0,3200.0,2150.0,False,15,205,25975.0
5475.0,475.0,4900.0,1500.0,False,15,202,27575.0
9762.5,4762.5,4737.5,1100.0,False,15,204,25425.0
5662.5,662.5,4000.0,1500.0,False,15,204,15550.0
8650.0,3650.0,4950.0,1200.0,False,15,208,29575.0
2962.5,-2037.5,2575.0,1300.0,False,15,209,23400.0
6200.0,1200.0,4487.5,2225.0,False,15,207,32200.0
5037.5,37.5,3500.0,1125.0,False,15,205,22950.0
2462.5,-2537.5,2112.5,2300.0,False,15,206,19125.0
7900.0,2900.0,4200.0,1225.0,False,15,208,19475.0
4862.5,-137.5,2487.5,2025.0,False,15,205,33375.0
3062.5,-1937.5,1887.5,1800.0,False,15,204,34300.0
8837.5,3837.5,4800.0,1425.0,False,15,204,34250.0
1475.0,-3525.0,775.0,2600.0,False,15,206,18625.0
3200.0,-1800.0,2775.0,1800.0,False,15,205,28300.0
3212.5,-1787.5,3062.5,2275.0,False,15,206,27875.0
7550.0,2550.0,4812.5,1000.0,False,15,206,26600.0
6787.5,1787.5,4825.0,1000.0,False,15,207,15850.0
6987.5,1987.5,3062.5,1925.0,False,15,206,30500.0
4525.0,-475.0,2625.0,2550.0,False,15,209,20650.0
9450.0,4450.0,4800.0,2100.0,False,15,200,35050.0
3950.0,-1050.0,3250.0,1600.0,False,15,208,13300.0
5200.0,200.0,3212.5,2100.0,False,15,205,18925.0
-137.5,-5137.5,-137.5,2550.0,True,12,160,21975.0
-225.0,-5225.0,-225.0,2725.0,True,6,68,11500.0
7450.0,2450.0,2200.0,2700.0,False,15,205,29175.0
9300.0,4300.0,4125.0,975.0,False,15,205,22700.0
2600.0,-2400.0,1562.5,2500.0,False,15,207,15500.0
7412.5,2412.5,1900.0,1600.0,False,15,208,28625.0
4287.5,-712.5,4137.5,1700.0,False,15,212,22550.0
4812.5,-187.5,3287.5,2750.0,False,15,208,20650.0
8725.0,3725.0,3962.5,862.5,False,15,206,21975.0
4212.5,-787.5,3587.5,1800.0,False,15,204,19725.0
2175.0,-2825.0,2100.0,1750.0,False,15,211,23950.0
-87.5,-5087.5,-87.5,2625.0,True,7,86,12025.0
5412.5,412.5,4075.0,2150.0,False,15,212,22450.0
7800.0,2800.0,4200.0,2500.0,False,15,206,27550.0
7087.5,2087.5,4325.0,1025.0,False,15,206,25825.0
6137.5,1137.5,4312.5,2200.0,False,15,199,26250.0
7062.5,2062.5,4987.5,1350.0,False,15,209,17675.0
5137.5,137.5,3687.5,2550.0,False,15,206,26750.0
-187.5,-5187.5,-187.5,2450.0,True,13,172,23325.0
8312.5,3312.5,3475.0,2000.0,False,15,205,33475.0
2675.0,-2325.0,1362.5,2550.0,False,15,210,20250.0
687.5,-4312.5,550.0,1550.0,False,15,211,15700.0
9187.5,4187.5,4937.5,1450.0,False,15,207,22800.0
6425.0,1425.0,2700.0,1825.0,False,15,205,18475.0
4300.0,-700.0,3300.0,2400.0,False,15,206,32275.0
5912.5,912.5,4425.0,2400.0,False,15,202,26675.0
5212.5,212.5,3162.5,2200.0,False,15,202,25500.0
6687.5,1687.5,3200.0,1800.0,False,15,206,27350.0
5987.5,987.5,4300.0,1700.0,False,15,207,19400.0
7137.5,2137.5,2637.5,1825.0,False,15,207,24125.0
0.0,-5000.0,0.0,3025.0,True,14,191,29575.0
5862.5,862.5,2400.0,2000.0,False,15,202,22375.0
5062.5,62.5,4700.0,1275.0,False,15,207,17775.0
8762.5,3762.5,4025.0,1700.0,False,15,204,25525.0
3025.0,-1975.0,2687.5,1950.0,False,15,208,17600.0
1025.0,-3975.0,150.0,2250.0,False,15,205,28375.0
4437.5,-562.5,1937.5,1300.0,False,15,205,15075.0
7787.5,2787.5,2975.0,1300.0,False,15,201,24925.0
5325.0,325.0,4600.0,1000.0,False,15,203,20975.0
6825.0,1825.0,4950.0,2300.0,False,15,202,27700.0
3700.0,-1300.0,2575.0,3125.0,False,15,204,30900.0
2037.5,-2962.5,912.5,1550.0,False,15,208,15875.0
9975.0,4975.0,4812.5,1200.0,False,15,201,29000.0
-262.5,-5262.5,-262.5,2400.0,True,11,147,27825.0
3850.0,-1150.0,2925.0,1500.0,False,15,204,18275.0
3237.5,-1762.5,2225.0,2850.0,False,15,205,36275.0
5525.0,525.0,3637.5,1750.0,False,15,204,24425.0
4837.5,-162.5,3037.5,2400.0,False,15,200,21325.0
5525.0,525.0,4775.0,3650.0,False,15,208,20275.0
300.0,-4700.0,275.0,4350.0,False,15,208,25775.0
6650.0,1650.0,4350.0,1037.5,False,15,210,14850.0
4462.5,-537.5,1950.0,2750.0,False,15,208,22250.0
4537.5,-462.5,3837.5,1525.0,False,15,204,21075.0
3925.0,-1075.0,3137.5,1550.0,False,15,204,18450.0
8950.0,3950.0,4412.5,1575.0,False,15,211,29575.0
5162.5,162.5,4462.5,2100.0,False,15,204,17375.0
4637.5,-362.5,3875.0,1600.0,False,15,207,27875.0
2712.5,-2287.5,2600.0,2100.0,False,15,209,14850.0
11100.0,6100.0,3112.5,2225.0,False,15,207,25575.0
5650.0,650.0,1900.0,2150.0,False,15,205,27575.0
7425.0,2425.0,4537.5,1000.0,False,15,208,18575.0
6150.0,1150.0,4437.5,1000.0,False,15,208,18700.0
5700.0,700.0,4462.5,2250.0,False,15,206,24425.0
7437.5,2437.5,4525.0,625.0,False,15,204,17550.0
5825.0,825.0,4275.0,3150.0,False,15,206,33100.0
-325.0,-5325.0,-325.0,3050.0,True,3,36,12000.0
1737.5,-3262.5,1687.5,1750.0,False,15,211,25675.0
5387.5,387.5,4212.5,1200.0,False,15,205,13375.0
2375.0,-2625.0,1062.5,2350.0,False,15,213,32650.0
937.5,-4062.5,887.5,1875.0,False,15,210,16850.0
-225.0,-5225.0,-225.0,2500.0,True,11,139,17650.0
5850.0,850.0,3800.0,1500.0,False,15,209,27575.0
6825.0,1825.0,4637.5,950.0,False,15,208,20275.0
-175.0,-5175.0,-175.0,2500.0,True,10,128,15300.0
5650.0,650.0,3712.5,600.0,False,15,211,12975.0
8800.0,3800.0,3862.5,1150.0,False,15,202,18300.0
8525.0,3525.0,2287.5,2000.0,False,15,205,28075.0
4600.0,-400.0,2362.5,1700.0,False,15,207,22175.0
4212.5,-787.5,1062.5,3200.0,False,15,206,26525.0
11787.5,6787.5,4337.5,1000.0,False,15,206,26250.0
6625.0,1625.0,4825.0,1325.0,False,15,206,27650.0
5212.5,212.5,4387.5,1925.0,False,15,209,28125.0
2012.5,-2987.5,2012.5,2300.0,False,15,207,22550.0
2200.0,-2800.0,1725.0,3550.0,False,15,203,30900.0
5575.0,575.0,3600.0,1700.0,False,15,203,28375.0
50.0,-4950.0,50.0,3100.0,False,15,210,16950.0
5575.0,575.0,3000.0,1500.0,False,15,209,16400.0
7500.0,2500.0,3287.5,1075.0,False,15,206,19325.0
9250.0,4250.0,3262.5,2000.0,False,15,208,32175.0
5800.0,800.0,2475.0,2275.0,False,15,207,20250.0
3137.5,-1862.5,2900.0,1800.0,False,15,209,21100.0
6925.0,1925.0,3012.5,1000.0,False,15,203,24625.0
3512.5,-1487.5,3312.5,2025.0,False,15,206,22725.0
5887.5,887.5,4037.5,1500.0,False,15,205,15425.0
4400.0,-600.0,4350.0,2000.0,False,15,207,23675.0
8687.5,3687.5,4850.0,1200.0,False,15,206,19775.0
-200.0,-5200.0,-200.0,3000.0,True,6,80,16275.0
10950.0,5950.0,4450.0,1200.0,False,15,207,26425.0
5550.0,550.0,2612.5,2000.0,False,15,205,23250.0
8300.0,3300.0,3875.0,1125.0,False,15,209,18700.0
11200.0,6200.0,4625.0,1900.0,False,15,203,26525.0
4775.0,-225.0,1625.0,2400.0,False,15,206,27975.0
8412.5,3412.5,5000.0,900.0,False,15,207,21875.0
12237.5,7237.5,4825.0,500.0,False,15,209,18475.0
3137.5,-1862.5,3137.5,1800.0,False,15,209,12250.0
8475.0,3475.0,4175.0,1550.0,False,15,207,21550.0
7125.0,2125.0,4950.0,1500.0,False,15,203,24125.0
7662.5,2662.5,4962.5,1500.0,False,15,206,20750.0
4537.5,-462.5,3512.5,1225.0,False,15,211,14900.0
4487.5,-512.5,1875.0,1750.0,False,15,208,30200.0
4825.0,-175.0,2425.0,1800.0,False,15,207,23075.0
6025.0,1025.0,3887.5,1600.0,False,15,208,23800.0
10587.5,5587.5,4525.0,1000.0,False,15,207,27625.0
7437.5,2437.5,3737.5,2000.0,False,15,207,39225.0
5612.5,612.5,3600.0,1250.0,False,15,207,28950.0
4487.5,-512.5,4262.5,1775.0,False,15,209,21075.0
7062.5,2062.5,4700.0,2000.0,False,15,207,27550.0
6537.5,1537.5,4800.0,2900.0,False,15,204,26825.0
1650.0,-3350.0,225.0,2550.0,False,15,207,26075.0
5700.0,700.0,4425.0,2125.0,False,15,205,22175.0
4400.0,-600.0,3700.0,1050.0,False,15,204,12050.0
6025.0,1025.0,4300.0,2900.0,False,15,200,39525.0
1187.5,-3812.5,1187.5,1850.0,False,15,207,24450.0
7125.0,2125.0,4337.5,2300.0,False,15,208,27600.0
3650.0,-1350.0,2650.0,1550.0,False,15,209,26725.0
1487.5,-3512.5,1412.5,2900.0,False,15,208,24875.0
2725.0,-2275.0,2600.0,2700.0,False,15,202,35350.0
4812.5,-187.5,3112.5,3175.0,False,15,207,19850.0
4312.5,-687.5,3362.5,2550.0,False,15,206,23650.0
4387.5,-612.5,4312.5,800.0,False,15,208,18175.0
6550.0,1550.0,3700.0,1025.0,False,15,207,20275.0
1637.5,-3362.5,937.5,3200.0,False,15,209,22200.0
3400.0,-1600.0,2675.0,1200.0,False,15,204,21825.0
4400.0,-600.0,3300.0,2575.0,False,15,206,37275.0
-450.0,-5450.0,-450.0,3500.0,True,4,53,11125.0
2875.0,-2125.0,412.5,3000.0,False,15,206,29900.0
8875.0,3875.0,4850.0,850.0,False,15,205,19200.0
5237.5,237.5,2200.0,3300.0,False,15,207,44075.0
8450.0,3450.0,5000.0,1350.0,False,15,206,18975.0
3350.0,-1650.0,1950.0,1800.0,False,15,205,22400.0
2937.5,-2062.5,2900.0,1775.0,False,15,209,26125.0
7587.5,2587.5,3800.0,1450.0,False,15,209,21800.0
4812.5,-187.5,3525.0,1600.0,False,15,210,19475.0
4787.5,-212.5,2975.0,1900.0,False,15,200,27775.0
3962.5,-1037.5,3300.0,3050.0,False,15,208,29050.0
-275.0,-5275.0,-275.0,3200.0,True,9,109,16425.0
4637.5,-362.5,3475.0,3000.0,False,15,209,16650.0
6337.5,1337.5,4487.5,750.0,False,15,206,20425.0
7075.0,2075.0,4850.0,1500.0,False,15,204,26100.0
6037.5,1037.5,4775.0,2100.0,False,15,206,22100.0
2562.5,-2437.5,2162.5,2600.0,False,15,204,23300.0
1800.0,-3200.0,637.5,3000.0,False,15,210,26050.0
-37.5,-5037.5,-37.5,1700.0,True,8,106,17550.0
4075.0,-925.0,3725.0,1650.0,False,15,208,20650.0
5575.0,575.0,3400.0,1700.0,False,15,200,30125.0
5637.5,637.5,2712.5,2025.0,False,15,207,29250.0
3225.0,-1775.0,2600.0,3625.0,False,15,206,23725.0
7000.0,2000.0,4325.0,1400.0,False,15,205,25825.0
4412.5,-587.5,2800.0,2000.0,False,15,206,23450.0
5312.5,312.5,2925.0,2250.0,False,15,211,18350.0
4162.5,-837.5,3275.0,1225.0,False,15,206,19750.0
6687.5,1687.5,4837.5,1450.0,False,15,207,37125.0
8862.5,3862.5,4900.0,2200.0,False,15,199,28175.0
10387.5,5387.5,4425.0,2000.0,False,15,206,44700.0
5125.0,125.0,3662.5,1300.0,False,15,203,24450.0
7362.5,2362.5,3950.0,1200.0,False,15,205,19675.0
10275.0,5275.0,5000.0,1825.0,False,15,200,31475.0
2137.5,-2862.5,1712.5,2775.0,False,15,203,39250.0
1537.5,-3462.5,37.5,2800.0,False,15,204,22975.0
4987.5,-12.5,3787.5,3350.0,False,15,206,27575.0
5150.0,150.0,4475.0,1125.0,False,15,206,21050.0
6900.0,1900.0,3462.5,1750.0,False,15,205,35125.0
2087.5,-2912.5,2087.5,1800.0,False,15,203,17750.0
4750.0,-250.0,2650.0,1150.0,False,15,208,13500.0
2550.0,-2450.0,2050.0,1875.0,False,15,208,28300.0
4412.5,-587.5,2162.5,2850.0,False,15,204,21350.0
2600.0,-2400.0,150.0,2650.0,False,15,205,26300.0
7800.0,2800.0,4937.5,1100.0,False,15,205,29075.0
5412.5,412.5,3675.0,1000.0,False,15,204,20950.0
4562.5,-437.5,1612.5,3100.0,False,15,208,18800.0
4875.0,-125.0,4837.5,800.0,False,15,203,18000.0
9537.5,4537.5,4600.0,1600.0,False,15,205,34025.0
-462.5,-5462.5,-462.5,1950.0,True,14,181,21225.0
6437.5,1437.5,762.5,2950.0,False,15,206,28150.0
625.0,-4375.0,625.0,2000.0,False,15,206,25450.0
7200.0,2200.0,3137.5,1600.0,False,15,208,21650.0
3987.5,-1012.5,3987.5,2000.0,False,15,209,26925.0
1700.0,-3300.0,1450.0,2000.0,False,15,209,15950.0
9125.0,4125.0,4575.0,900.0,False,15,211,22225.0
5462.5,462.5,4275.0,2000.0,False,15,211,29050.0
1712.5,-3287.5,712.5,1825.0,False,15,205,23325.0
4787.5,-212.5,3250.0,1775.0,False,15,209,21125.0
5975.0,975.0,4025.0,1600.0,False,15,206,26000.0
5700.0,700.0,4450.0,1400.0,False,15,205,24000.0
7787.5,2787.5,3512.5,1550.0,False,15,207,27050.0
9412.5,4412.5,4987.5,900.0,False,15,203,21700.0
4062.5,-937.5,3062.5,2200.0,False,15,206,23575.0
5700.0,700.0,4137.5,1000.0,False,15,206,18850.0
-375.0,-5375.0,-375.0,2800.0,True,10,135,23025.0
-125.0,-5125.0,-125.0,2175.0,True,12,161,17925.0
5587.5,587.5,2350.0,1725.0,False,15,209,17825.0
5650.0,650.0,3012.5,2000.0,False,15,207,25550.0
6812.5,1812.5,4112.5,1500.0,False,15,208,21650.0
3325.0,-1675.0,1562.5,1450.0,False,15,209,21525.0
5850.0,850.0,2450.0,2450.0,False,15,206,26000.0
7637.5,2637.5,2737.5,2400.0,False,15,205,25975.0
5312.5,312.5,3550.0,1750.0,False,15,206,30275.0
8350.0,3350.0,4925.0,400.0,False,15,203,12125.0
5725.0,725.0,3125.0,1500.0,False,15,207,19650.0
4312.5,-687.5,3237.5,3100.0,False,15,207,30725.0
3812.5,-1187.5,2012.5,2250.0,False,15,205,30800.0
2487.5,-2512.5,2437.5,1250.0,False,15,205,22700.0
6862.5,1862.5,4775.0,2150.0,False,15,205,23975.0
5750.0,750.0,4400.0,1400.0,False,15,204,23300.0
1200.0,-3800.0,1200.0,2400.0,False,15,208,30900.0
4600.0,-400.0,1575.0,2250.0,False,15,207,30700.0
7250.0,2250.0,3875.0,1750.0,False,15,206,29525.0
2825.0,-2175.0,2075.0,1550.0,False,15,207,23200.0
5762.5,762.5,2125.0,1750.0,False,15,206,27150.0
-225.0,-5225.0,-225.0,1575.0,True,13,175,24625.0
3712.5,-1287.5,550.0,2600.0,False,15,206,24325.0
2775.0,-2225.0,2712.5,1700.0,False,15,205,18400.0
3150.0,-1850.0,925.0,2750.0,False,15,206,24100.0
737.5,-4262.5,737.5,2150.0,False,15,213,20350.0
5075.0,75.0,1400.0,3700.0,False,15,205,21975.0
5987.5,987.5,4125.0,1400.0,False,15,207,14750.0
2825.0,-2175.0,2075.0,3500.0,False,15,208,30675.0
5612.5,612.5,4450.0,3000.0,False,15,203,23300.0
11950.0,6950.0,4900.0,1300.0,False,15,208,42100.0
13612.5,8612.5,3850.0,1150.0,False,15,206,33850.0
5762.5,762.5,3175.0,1200.0,False,15,211,24700.0
5937.5,937.5,2725.0,1775.0,False,15,211,20025.0
3812.5,-1187.5,1825.0,2325.0,False,15,203,22000.0
6150.0,1150.0,3100.0,2000.0,False,15,207,24850.0
6800.0,1800.0,4287.5,1725.0,False,15,206,28950.0
2700.0,-2300.0,2700.0,3350.0,False,15,210,27325.0
4862.5,-137.5,4075.0,1750.0,False,15,208,14450.0
1787.5,-3212.5,987.5,2400.0,False,15,208,27075.0
3625.0,-1375.0,3462.5,2150.0,False,15,205,25700.0
5362.5,362.5,3975.0,1625.0,False,15,206,20150.0
7725.0,2725.0,4725.0,1275.0,False,15,210,24775.0
4112.5,-887.5,3675.0,1750.0,False,15,208,15550.0
3600.0,-1400.0,3425.0,2550.0,False,15,206,32350.0
4325.0,-675.0,3075.0,1450.0,False,15,206,16825.0
5537.5,537.5,4100.0,2050.0,False,15,206,22000.0
7412.5,2412.5,3650.0,1700.0,False,15,207,25725.0
2125.0,-2875.0,1625.0,1887.5,False,15,209,21700.0
2575.0,-2425.0,2075.0,1750.0,False,15,209,27625.0
4325.0,-675.0,2887.5,3300.0,False,15,207,17025.0
2800.0,-2200.0,2600.0,1550.0,False,15,211,12175.0
2525.0,-2475.0,1512.5,1375.0,False,15,205,27275.0
10625.0,5625.0,4662.5,1000.0,False,15,208,23575.0
-662.5,-5662.5,-662.5,2900.0,True,12,159,16250.0
2962.5,-2037.5,2512.5,2150.0,False,15,206,21125.0
5637.5,637.5,4725.0,1500.0,False,15,211,23150.0
3537.5,-1462.5,2287.5,1500.0,False,15,214,20100.0
4362.5,-637.5,4362.5,1600.0,False,15,206,25725.0
8075.0,3075.0,2712.5,2000.0,False,15,205,34675.0
8450.0,3450.0,4850.0,700.0,False,15,206,14900.0
3050.0,-1950.0,1887.5,1600.0,False,15,209,20225.0
1912.5,-3087.5,87.5,3200.0,False,15,206,32125.0
7750.0,2750.0,4137.5,1200.0,False,15,204,14650.0
2562.5,-2437.5,2562.5,1500.0,False,15,207,22675.0
2150.0,-2850.0,1975.0,1475.0,False,15,207,17200.0
4812.5,-187.5,2600.0,1550.0,False,15,209,21825.0
5375.0,375.0,3850.0,1225.0,False,15,207,19775.0
6562.5,1562.5,4112.5,1000.0,False,15,199,16850.0
10150.0,5150.0,3900.0,1300.0,False,15,205,22000.0
5050.0,50.0,4550.0,1200.0,False,15,208,16975.0
3800.0,-1200.0,2137.5,1850.0,False,15,210,21750.0
8625.0,3625.0,5000.0,1500.0,False,15,203,23325.0
8512.5,3512.5,4975.0,1800.0,False,15,211,22825.0
6425.0,1425.0,3425.0,1575.0,False,15,209,19700.0
4475.0,-525.0,2975.0,3150.0,False,15,204,28950.0
6837.5,1837.5,4250.0,750.0,False,15,207,14550.0
1925.0,-3075.0,1487.5,1650.0,False,15,210,24000.0
4400.0,-600.0,2700.0,2350.0,False,15,208,26150.0
6650.0,1650.0,4975.0,500.0,False,15,207,10450.0
5700.0,700.0,2662.5,3100.0,False,15,206,30750.0
7237.5,2237.5,3962.5,2050.0,False,15,206,32000.0
7400.0,2400.0,4150.0,1200.0,False,15,205,17100.0
2912.5,-2087.5,1000.0,2500.0,False,15,203,36750.0
6325.0,1325.0,4462.5,1100.0,False,15,204,19475.0
2362.5,-2637.5,1762.5,3400.0,False,15,205,17575.0
7187.5,2187.5,4925.0,1100.0,False,15,205,22575.0
9325.0,4325.0,4950.0,1500.0,False,15,199,27725.0
6537.5,1537.5,4387.5,1800.0,False,15,207,22700.0
775.0,-4225.0,425.0,3000.0,False,15,202,31075.0
5262.5,262.5,4350.0,1887.5,False,15,202,23150.0
4775.0,-225.0,4450.0,1500.0,False,15,203,17775.0
4487.5,-512.5,2737.5,1800.0,False,15,207,30575.0
3412.5,-1587.5,2862.5,950.0,False,15,206,16325.0
3612.5,-1387.5,3262.5,1000.0,False,15,211,15350.0
9700.0,4700.0,4850.0,1150.0,False,15,201,22550.0
-187.5,-5187.5,-187.5,2300.0,True,9,116,18675.0
0.0,-5000.0,0.0,3050.0,True,8,104,18625.0
7837.5,2837.5,4700.0,1000.0,False,15,212,15300.0
4675.0,-325.0,2750.0,2300.0,False,15,206,30475.0
5162.5,162.5,3937.5,1300.0,False,15,206,18550.0
-262.5,-5262.5,-262.5,2600.0,True,6,77,12575.0
10937.5,5937.5,4600.0,725.0,False,15,205,16500.0
4662.5,-337.5,3412.5,2200.0,False,15,201,23800.0
7100.0,2100.0,3537.5,1250.0,False,15,209,23725.0
12.5,-4987.5,12.5,3025.0,True,12,159,23825.0
-37.5,-5037.5,-37.5,2250.0,True,14,190,24975.0
7287.5,2287.5,4000.0,1825.0,False,15,207,27125.0
1775.0,-3225.0,1775.0,2200.0,False,15,209,21875.0
3775.0,-1225.0,2250.0,3025.0,False,15,201,27450.0
2175.0,-2825.0,2125.0,1800.0,False,15,200,22775.0
9275.0,4275.0,4025.0,1400.0,False,15,207,19850.0
-237.5,-5237.5,-237.5,2175.0,True,4,48,9675.0
7837.5,2837.5,4937.5,1600.0,False,15,208,27350.0
5800.0,800.0,4312.5,1000.0,False,15,211,26550.0
7600.0,2600.0,4862.5,1750.0,False,15,204,20325.0
2687.5,-2312.5,1625.0,3300.0,False,15,204,35825.0
8625.0,3625.0,4450.0,1100.0,False,15,206,20300.0
5162.5,162.5,4400.0,500.0,False,15,209,10050.0
5050.0,50.0,4125.0,2000.0,False,15,207,14000.0
-462.5,-5462.5,-462.5,2225.0,True,12,163,22050.0
3575.0,-1425.0,2000.0,3025.0,False,15,208,20225.0
9925.0,4925.0,3737.5,925.0,False,15,206,21775.0
5025.0,25.0,3700.0,2875.0,False,15,204,23125.0
7037.5,2037.5,4975.0,1150.0,False,15,205,18725.0
6437.5,1437.5,4300.0,1300.0,False,15,209,23475.0
6962.5,1962.5,3762.5,1162.5,False,15,211,17250.0
5600.0,600.0,4537.5,1575.0,False,15,207,23725.0
4550.0,-450.0,3800.0,2300.0,False,15,208,26300.0
6187.5,1187.5,2112.5,3000.0,False,15,206,31925.0
6012.5,1012.5,4675.0,1400.0,False,15,205,17650.0
-300.0,-5300.0,-300.0,2200.0,True,10,135,21375.0
6550.0,1550.0,4300.0,1000.0,False,15,211,22075.0
4525.0,-475.0,1862.5,2325.0,False,15,202,29150.0
3950.0,-1050.0,3950.0,1000.0,False,15,203,19875.0
4037.5,-962.5,3400.0,2525.0,False,15,206,28625.0
3625.0,-1375.0,3600.0,2075.0,False,15,209,20900.0
2837.5,-2162.5,637.5,2900.0,False,15,206,20750.0
8250.0,3250.0,3675.0,1150.0,False,15,207,31150.0
4312.5,-687.5,2812.5,2050.0,False,15,206,21600.0
5562.5,562.5,937.5,3200.0,False,15,209,24475.0
7637.5,2637.5,4962.5,3450.0,False,15,207,33850.0
5587.5,587.5,2312.5,2650.0,False,15,206,23800.0
3087.5,-1912.5,1700.0,2275.0,False,15,208,23500.0
5125.0,125.0,2650.0,2275.0,False,15,211,25625.0
5550.0,550.0,4237.5,825.0,False,15,208,16825.0
8862.5,3862.5,4025.0,1650.0,False,15,205,29950.0
3762.5,-1237.5,3425.0,1300.0,False,15,204,22650.0
2800.0,-2200.0,2800.0,1475.0,False,15,208,22600.0
6050.0,1050.0,4437.5,800.0,False,15,206,17550.0
6200.0,1200.0,4850.0,1300.0,False,15,207,14875.0
8275.0,3275.0,4987.5,1275.0,False,15,203,28925.0
4087.5,-912.5,3075.0,2050.0,False,15,208,19325.0
3275.0,-1725.0,2337.5,1725.0,False,15,208,25625.0
4775.0,-225.0,3275.0,2000.0,False,15,206,26875.0
7425.0,2425.0,3937.5,1500.0,False,15,206,31900.0
3250.0,-1750.0,2762.5,825.0,False,15,206,11700.0
4762.5,-237.5,4312.5,1350.0,False,15,206,15500.0
6925.0,1925.0,4587.5,850.0,False,15,210,15175.0
5425.0,425.0,3162.5,2400.0,False,15,212,26275.0
5100.0,100.0,4112.5,1000.0,False,15,206,17250.0
2162.5,-2837.5,1662.5,1500.0,False,15,206,23225.0
3475.0,-1525.0,1875.0,1625.0,False,15,205,16275.0
275.0,-4725.0,100.0,3350.0,False,15,207,26275.0
4575.0,-425.0,2825.0,1150.0,False,15,206,24625.0
5587.5,587.5,4525.0,900.0,False,15,209,14900.0
5400.0,400.0,3775.0,1600.0,False,15,207,27200.0
4912.5,-87.5,2837.5,1600.0,False,15,203,20775.0
4550.0,-450.0,3650.0,1800.0,False,15,204,25475.0
8000.0,3000.0,4925.0,650.0,False,15,208,15375.0
2637.5,-2362.5,2612.5,2225.0,False,15,204,18650.0
7150.0,2150.0,5000.0,1575.0,False,15,206,22950.0
6150.0,1150.0,4450.0,1500.0,False,15,201,24800.0
6562.5,1562.5,3837.5,1250.0,False,15,206,19825.0
2225.0,-2775.0,862.5,3225.0,False,15,213,29325.0
6937.5,1937.5,3962.5,1500.0,False,15,205,22575.0
7462.5,2462.5,4700.0,1375.0,False,15,203,31100.0
4912.5,-87.5,4875.0,3000.0,False,15,208,26050.0
4337.5,-662.5,3587.5,1500.0,False,15,204,19925.0
6250.0,1250.0,3525.0,1750.0,False,15,205,20250.0
7575.0,2575.0,5000.0,1900.0,False,15,205,31475.0
3175.0,-1825.0,1887.5,1250.0,False,15,204,22700.0
8537.5,3537.5,4750.0,1775.0,False,15,207,27600.0
5025.0,25.0,1625.0,2700.0,False,15,199,25475.0
6787.5,1787.5,3562.5,1300.0,False,15,208,21000.0
5725.0,725.0,3037.5,1100.0,False,15,206,24900.0
5750.0,750.0,3850.0,1700.0,False,15,201,29250.0
4962.5,-37.5,3787.5,1325.0,False,15,209,17125.0
912.5,-4087.5,125.0,1500.0,False,15,206,18375.0
4562.5,-437.5,3287.5,2000.0,False,15,206,21450.0
4637.5,-362.5,4625.0,2400.0,False,15,210,25475.0
4050.0,-950.0,4037.5,1800.0,False,15,208,21325.0
9375.0,4375.0,4900.0,425.0,False,15,207,14900.0
1900.0,-3100.0,1000.0,1925.0,False,15,209,18900.0
4487.5,-512.5,3062.5,2325.0,False,15,208,32500.0
11187.5,6187.5,4825.0,1400.0,False,15,210,21725.0
5075.0,75.0,4025.0,2000.0,False,15,206,32975.0
8125.0,3125.0,4137.5,750.0,False,15,208,19500.0
11425.0,6425.0,2987.5,2050.0,False,15,208,26775.0
7225.0,2225.0,4150.0,1900.0,False,15,204,18500.0
9287.5,4287.5,4737.5,1700.0,False,15,210,22925.0
7262.5,2262.5,4962.5,900.0,False,15,210,18975.0
3125.0,-1875.0,3050.0,1600.0,False,15,210,24500.0
7762.5,2762.5,3412.5,1600.0,False,15,203,30450.0
5112.5,112.5,3900.0,2000.0,False,15,202,23575.0
8962.5,3962.5,5000.0,1100.0,False,15,207,20500.0
0.0,-5000.0,0.0,3075.0,True,11,141,15025.0
-687.5,-5687.5,-687.5,3550.0,True,8,104,16000.0
4800.0,-200.0,3887.5,1350.0,False,15,204,16675.0
-200.0,-5200.0,-200.0,2825.0,True,13,174,21200.0
4862.5,-137.5,3262.5,2350.0,False,15,206,28675.0
5112.5,112.5,4637.5,1300.0,False,15,203,18600.0
6425.0,1425.0,4237.5,1400.0,False,15,206,19475.0
3050.0,-1950.0,2637.5,1600.0,False,15,207,20800.0
6362.5,1362.5,3825.0,1200.0,False,15,209,29100.0
4925.0,-75.0,3775.0,1300.0,False,15,206,26500.0
1650.0,-3350.0,1350.0,1575.0,False,15,208,19550.0
3950.0,-1050.0,3700.0,900.0,False,15,206,14925.0
8000.0,3000.0,3325.0,2550.0,False,15,211,30925.0
-137.5,-5137.5,-137.5,3450.0,True,9,110,19050.0
-162.5,-5162.5,-162.5,2000.0,True,15,203,23575.0
6525.0,1525.0,4300.0,1200.0,False,15,206,22775.0
5687.5,687.5,4050.0,1100.0,False,15,208,12100.0
10537.5,5537.5,4950.0,2025.0,False,15,207,26025.0
8087.5,3087.5,4337.5,1500.0,False,15,208,20825.0
6087.5,1087.5,5000.0,4500.0,False,15,206,27450.0
3425.0,-1575.0,925.0,3225.0,False,15,206,27150.0
8100.0,3100.0,4925.0,1150.0,False,15,208,22525.0
6112.5,1112.5,3362.5,1050.0,False,15,211,17050.0
3250.0,-1750.0,2500.0,2500.0,False,15,206,23200.0
9937.5,4937.5,4650.0,1000.0,False,15,204,25775.0
3012.5,-1987.5,2437.5,1750.0,False,15,203,28850.0
7812.5,2812.5,2862.5,2150.0,False,15,206,27550.0
-200.0,-5200.0,-200.0,2025.0,True,12,168,18550.0
4712.5,-287.5,4225.0,1750.0,False,15,207,30675.0
-437.5,-5437.5,-437.5,3225.0,True,12,161,20650.0
6775.0,1775.0,3187.5,1000.0,False,15,205,19075.0
2200.0,-2800.0,1500.0,2275.0,False,15,205,22850.0
6500.0,1500.0,4062.5,2150.0,False,15,204,24675.0
9562.5,4562.5,5000.0,1400.0,False,15,207,24025.0
8500.0,3500.0,4712.5,1450.0,False,15,203,31000.0
4112.5,-887.5,2162.5,1600.0,False,15,205,24025.0
9850.0,4850.0,3875.0,1500.0,False,15,204,29150.0
9537.5,4537.5,3925.0,1600.0,False,15,208,22700.0
-175.0,-5175.0,-175.0,4550.0,True,6,76,10650.0
5875.0,875.0,3837.5,1025.0,False,15,208,17900.0
2800.0,-2200.0,2012.5,2500.0,False,15,210,23475.0
5775.0,775.0,4912.5,700.0,False,15,208,13025.0
5237.5,237.5,4850.0,1325.0,False,15,205,21900.0
7912.5,2912.5,4250.0,2350.0,False,15,203,26500.0
1750.0,-3250.0,1750.0,2150.0,False,15,208,28200.0
4462.5,-537.5,3125.0,1950.0,False,15,207,17675.0
4837.5,-162.5,2312.5,1762.5,False,15,205,18900.0
7712.5,2712.5,4550.0,900.0,False,15,205,14375.0
3600.0,-1400.0,3200.0,950.0,False,15,210,17475.0
7737.5,2737.5,4925.0,2150.0,False,15,207,20400.0
5337.5,337.5,3712.5,2850.0,False,15,206,32650.0
3025.0,-1975.0,1275.0,2325.0,False,15,206,34550.0
4300.0,-700.0,2300.0,2150.0,False,15,205,28050.0
6450.0,1450.0,4950.0,800.0,False,15,205,11850.0
6962.5,1962.5,4975.0,2200.0,False,15,207,31375.0
2637.5,-2362.5,2337.5,1100.0,False,15,209,14775.0
5175.0,175.0,3362.5,900.0,False,15,207,19650.0
6525.0,1525.0,4875.0,3150.0,False,15,205,27400.0
3075.0,-1925.0,2437.5,2750.0,False,15,207,28350.0
1562.5,-3437.5,300.0,2425.0,False,15,204,25100.0
6650.0,1650.0,2975.0,2150.0,False,15,201,32075.0
5225.0,225.0,3900.0,2250.0,False,15,205,20275.0
4125.0,-875.0,3425.0,1450.0,False,15,207,19000.0
5037.5,37.5,3087.5,1850.0,False,15,205,18750.0
7812.5,2812.5,2300.0,2900.0,False,15,206,32600.0
6862.5,1862.5,2825.0,1825.0,False,15,207,19225.0
7875.0,2875.0,4950.0,2750.0,False,15,204,30900.0
1462.5,-3537.5,1337.5,1500.0,False,15,209,21300.0
6387.5,1387.5,4912.5,500.0,False,15,211,12425.0
5587.5,587.5,3187.5,1000.0,False,15,210,17125.0
7475.0,2475.0,4737.5,700.0,False,15,208,12550.0
5737.5,737.5,3575.0,1325.0,False,15,208,21800.0
5862.5,862.5,4850.0,2200.0,False,15,198,31025.0
2025.0,-2975.0,1575.0,2650.0,False,15,207,27750.0
8487.5,3487.5,3650.0,825.0,False,15,204,24375.0
8737.5,3737.5,4875.0,1450.0,False,15,207,22050.0
4750.0,-250.0,2800.0,1300.0,False,15,206,24500.0
8937.5,3937.5,4925.0,1300.0,False,15,204,23825.0
4575.0,-425.0,2525.0,1200.0,False,15,208,19175.0
3300.0,-1700.0,2000.0,3250.0,False,15,208,29175.0
8512.5,3512.5,4712.5,1400.0,False,15,209,24325.0
2275.0,-2725.0,1725.0,2050.0,False,15,208,33050.0
1900.0,-3100.0,1025.0,1900.0,False,15,209,24675.0
8412.5,3412.5,4275.0,1900.0,False,15,205,26175.0
7162.5,2162.5,2625.0,1725.0,False,15,206,32500.0
8825.0,3825.0,4062.5,1100.0,False,15,206,21725.0
4975.0,-25.0,3250.0,1600.0,False,15,206,17500.0
11587.5,6587.5,4825.0,1000.0,False,15,206,21775.0
5037.5,37.5,3762.5,2500.0,False,15,211,19225.0
7500.0,2500.0,4900.0,800.0,False,15,207,19325.0
2025.0,-2975.0,1950.0,2175.0,False,15,204,10350.0
3200.0,-1800.0,1850.0,3075.0,False,15,201,37450.0
6687.5,1687.5,2887.5,2125.0,False,15,203,27175.0
4225.0,-775.0,3475.0,2550.0,False,15,203,22325.0
6525.0,1525.0,4675.0,2700.0,False,15,208,32900.0
9275.0,4275.0,4525.0,1400.0,False,15,207,20575.0
6437.5,1437.5,4687.5,1350.0,False,15,206,17825.0
5325.0,325.0,3825.0,1700.0,False,15,207,17950.0
4387.5,-612.5,2125.0,2950.0,False,15,209,20025.0
-187.5,-5187.5,-187.5,2350.0,True,5,65,14450.0
4950.0,-50.0,4587.5,1525.0,False,15,209,22775.0
3625.0,-1375.0,975.0,2300.0,False,15,204,26400.0
6087.5,1087.5,4112.5,1000.0,False,15,204,16725.0
3025.0,-1975.0,2425.0,1400.0,False,15,206,19400.0
2612.5,-2387.5,1862.5,2175.0,False,15,209,30025.0
7875.0,2875.0,3750.0,1275.0,False,15,207,21075.0
12825.0,7825.0,4875.0,900.0,False,15,209,22575.0
8250.0,3250.0,3687.5,1400.0,False,15,207,23775.0
3012.5,-1987.5,1900.0,3250.0,False,15,206,29850.0
-350.0,-5350.0,-350.0,3600.0,True,9,123,16950.0
-62.5,-5062.5,-62.5,2725.0,True,14,189,22750.0
1625.0,-3375.0,1625.0,2250.0,False,15,211,30475.0
4900.0,-100.0,4175.0,2450.0,False,15,210,19775.0
3412.5,-1587.5,2587.5,1500.0,False,15,206,22925.0
1050.0,-3950.0,550.0,4750.0,False,15,209,29025.0
5862.5,862.5,4737.5,1200.0,False,15,208,14450.0
9600.0,4600.0,4550.0,1600.0,False,15,208,24600.0
5550.0,550.0,2862.5,1700.0,False,15,205,20000.0
-100.0,-5100.0,-100.0,2700.0,True,11,139,23025.0
9237.5,4237.5,4975.0,1125.0,False,15,209,18900.0
5737.5,737.5,4837.5,2000.0,False,15,206,24100.0
4275.0,-725.0,2950.0,1275.0,False,15,206,21275.0
4175.0,-825.0,3337.5,2400.0,False,15,206,34875.0
1450.0,-3550.0,650.0,3200.0,False,15,206,21300.0
6050.0,1050.0,4975.0,1325.0,False,15,204,14300.0
5150.0,150.0,4950.0,1650.0,False,15,205,28250.0
9150.0,4150.0,4875.0,1350.0,False,15,207,32475.0
3137.5,-1862.5,1812.5,2150.0,False,15,201,26875.0
6537.5,1537.5,3462.5,1100.0,False,15,208,21000.0
6012.5,1012.5,4050.0,2500.0,False,15,210,27950.0
7950.0,2950.0,4700.0,850.0,False,15,206,21950.0
10012.5,5012.5,4725.0,800.0,False,15,207,22150.0
14112.5,9112.5,4575.0,2300.0,False,15,207,34675.0
6812.5,1812.5,4712.5,2550.0,False,15,202,22225.0
-275.0,-5275.0,-275.0,2000.0,True,5,64,9750.0
8587.5,3587.5,3375.0,1750.0,False,15,205,24350.0
9875.0,4875.0,3762.5,1450.0,False,15,204,31300.0
12.5,-4987.5,12.5,2550.0,True,7,93,10200.0
2500.0,-2500.0,2362.5,2550.0,False,15,208,34950.0
3237.5,-1762.5,2112.5,2300.0,False,15,206,28500.0
5212.5,212.5,2675.0,2850.0,False,15,206,39075.0
7400.0,2400.0,4200.0,1500.0,False,15,207,28600.0
6250.0,1250.0,2425.0,2500.0,False,15,203,24575.0
8862.5,3862.5,4837.5,500.0,False,15,210,15150.0
7387.5,2387.5,4275.0,900.0,False,15,206,20625.0
9137.5,4137.5,4575.0,1700.0,False,15,206,26075.0
7700.0,2700.0,4975.0,600.0,False,15,210,14175.0
4587.5,-412.5,1362.5,2950.0,False,15,209,18200.0
5087.5,87.5,2137.5,1900.0,False,15,207,25325.0
6625.0,1625.0,4975.0,1175.0,False,15,203,26850.0
4425.0,-575.0,2612.5,2425.0,False,15,207,21600.0
3900.0,-1100.0,2737.5,2175.0,False,15,206,26350.0
4875.0,-125.0,3012.5,2000.0,False,15,207,19925.0
4200.0,-800.0,2400.0,1750.0,False,15,205,22100.0
3500.0,-1500.0,3275.0,1750.0,False,15,209,24250.0
8462.5,3462.5,2612.5,1500.0,False,15,208,30275.0
8287.5,3287.5,4350.0,775.0,False,15,205,16950.0
2562.5,-2437.5,675.0,3850.0,False,15,211,26975.0
2500.0,-2500.0,2250.0,2350.0,False,15,205,31050.0
2225.0,-2775.0,1437.5,2000.0,False,15,203,33100.0
7837.5,2837.5,4925.0,1300.0,False,15,205,20475.0
5112.5,112.5,4187.5,400.0,False,15,204,9350.0
3362.5,-1637.5,2300.0,1825.0,False,15,202,17375.0
5500.0,500.0,2662.5,2950.0,False,15,205,25600.0
4600.0,-400.0,3412.5,1325.0,False,15,203,17600.0
4162.5,-837.5,4137.5,1225.0,False,15,201,19825.0
10475.0,5475.0,4575.0,1500.0,False,15,205,26650.0
2150.0,-2850.0,962.5,3400.0,False,15,209,24675.0
5200.0,200.0,3562.5,2975.0,False,15,206,27275.0
7950.0,2950.0,3962.5,1200.0,False,15,209,15825.0
12.5,-4987.5,12.5,2500.0,True,12,151,16625.0
-150.0,-5150.0,-150.0,2250.0,True,11,154,17550.0
6862.5,1862.5,3175.0,2000.0,False,15,204,26075.0
7700.0,2700.0,4362.5,650.0,False,15,208,15875.0
8550.0,3550.0,4675.0,2750.0,False,15,207,23275.0
4562.5,-437.5,762.5,2700.0,False,15,206,32325.0
3212.5,-1787.5,2012.5,2550.0,False,15,207,26475.0
9012.5,4012.5,4300.0,2250.0,False,15,207,34900.0
6612.5,1612.5,4900.0,1700.0,False,15,205,21825.0
5562.5,562.5,3912.5,800.0,False,15,208,11175.0
6862.5,1862.5,3637.5,800.0,False,15,205,14275.0
7025.0,2025.0,4725.0,1250.0,False,15,210,21800.0
8825.0,3825.0,3900.0,2200.0,False,15,203,33675.0
2150.0,-2850.0,662.5,3550.0,False,15,214,28225.0
1337.5,-3662.5,1137.5,2200.0,False,15,205,16350.0
5975.0,975.0,3050.0,3000.0,False,15,204,22175.0
5487.5,487.5,4512.5,1700.0,False,15,208,24550.0
12.5,-4987.5,12.5,3400.0,True,13,169,24000.0
9250.0,4250.0,4675.0,1025.0,False,15,209,19500.0
5512.5,512.5,3237.5,1100.0,False,15,206,16550.0
6037.5,1037.5,4950.0,1325.0,False,15,204,21825.0
8512.5,3512.5,4350.0,1400.0,False,15,207,28750.0
2537.5,-2462.5,2437.5,2750.0,False,15,209,21375.0
4625.0,-375.0,3312.5,1125.0,False,15,207,17900.0
8337.5,3337.5,4700.0,1450.0,False,15,206,16200.0
11087.5,6087.5,4925.0,1000.0,False,15,201,21675.0
4112.5,-887.5,3325.0,1525.0,False,15,206,20075.0
6675.0,1675.0,4350.0,1850.0,False,15,208,18025.0
1150.0,-3850.0,862.5,3575.0,False,15,205,26325.0
5275.0,275.0,3025.0,3200.0,False,15,209,31425.0
3325.0,-1675.0,2900.0,1500.0,False,15,206,12575.0
6537.5,1537.5,5000.0,1750.0,False,15,205,24950.0
4450.0,-550.0,2537.5,1700.0,False,15,207,21125.0
4162.5,-837.5,3150.0,2150.0,False,15,204,21050.0
9650.0,4650.0,3537.5,1900.0,False,15,208,33200.0
4650.0,-350.0,3562.5,1775.0,False,15,208,22875.0
6975.0,1975.0,4850.0,1700.0,False,15,208,19700.0
14100.0,9100.0,4800.0,1500.0,False,15,201,28025.0
1812.5,-3187.5,1362.5,1850.0,False,15,206,23400.0
-25.0,-5025.0,-25.0,3675.0,True,12,160,15050.0
4000.0,-1000.0,1700.0,3050.0,False,15,207,27125.0
4750.0,-250.0,4400.0,2000.0,False,15,201,31600.0
6550.0,1550.0,4650.0,600.0,False,15,202,13000.0
-437.5,-5437.5,-437.5,4450.0,True,9,124,15400.0
5587.5,587.5,1812.5,2350.0,False,15,208,23800.0
6012.5,1012.5,4562.5,1850.0,False,15,205,31925.0
4850.0,-150.0,3875.0,1600.0,False,15,211,31325.0
4787.5,-212.5,4075.0,700.0,False,15,210,11750.0
-225.0,-5225.0,-225.0,2150.0,True,12,150,14925.0
9550.0,4550.0,3625.0,2400.0,False,15,205,42425.0
5762.5,762.5,4400.0,1000.0,False,15,209,18250.0
8737.5,3737.5,4625.0,1000.0,False,15,204,26025.0
12.5,-4987.5,12.5,3000.0,True,11,147,21775.0
2662.5,-2337.5,2162.5,3000.0,False,15,201,23075.0
-250.0,-5250.0,-250.0,3875.0,True,5,65,14800.0
1662.5,-3337.5,687.5,1450.0,False,15,206,13025.0
5287.5,287.5,2862.5,2750.0,False,15,206,29725.0
6825.0,1825.0,4712.5,2200.0,False,15,206,29275.0
7962.5,2962.5,4400.0,1200.0,False,15,211,17075.0
-112.5,-5112.5,-112.5,2250.0,True,8,109,13250.0
2975.0,-2025.0,2975.0,2200.0,False,15,207,36675.0
-187.5,-5187.5,-187.5,3625.0,True,6,69,17975.0
3750.0,-1250.0,2575.0,1900.0,False,15,205,15675.0
10925.0,5925.0,4725.0,3200.0,False,15,207,30475.0
2837.5,-2162.5,2600.0,1550.0,False,15,207,19025.0
3187.5,-1812.5,1912.5,1500.0,False,15,207,22675.0
11850.0,6850.0,4125.0,1800.0,False,15,204,29500.0
5500.0,500.0,3350.0,1525.0,False,15,203,22300.0
6750.0,1750.0,4725.0,900.0,False,15,206,17750.0
1962.5,-3037.5,1962.5,1875.0,False,15,206,27250.0
6350.0,1350.0,3025.0,1025.0,False,15,208,22775.0
4287.5,-712.5,3487.5,1225.0,False,15,207,24575.0
4762.5,-237.5,2750.0,1625.0,False,15,204,21350.0
1862.5,-3137.5,1550.0,2900.0,False,15,205,23425.0
6637.5,1637.5,2975.0,2000.0,False,15,207,28325.0
7987.5,2987.5,4800.0,2000.0,False,15,207,26875.0
8250.0,3250.0,4100.0,1000.0,False,15,209,16600.0
6050.0,1050.0,4925.0,1950.0,False,15,203,20025.0
8862.5,3862.5,2187.5,1800.0,False,15,207,25850.0
3987.5,-1012.5,1900.0,2500.0,False,15,203,33900.0
7025.0,2025.0,4275.0,700.0,False,15,207,15125.0
862.5,-4137.5,50.0,2450.0,False,15,211,24750.0
3712.5,-1287.5,3175.0,1150.0,False,15,210,12900.0
6650.0,1650.0,4975.0,1150.0,False,15,210,12475.0
6100.0,1100.0,2612.5,1375.0,False,15,205,23750.0
3062.5,-1937.5,2962.5,1700.0,False,15,209,25100.0
3437.5,-1562.5,3250.0,1775.0,False,15,205,18500.0
6812.5,1812.5,4450.0,1275.0,False,15,210,28375.0
8987.5,3987.5,4800.0,1350.0,False,15,204,24050.0
6362.5,1362.5,4875.0,2500.0,False,15,208,24525.0
6100.0,1100.0,3100.0,1750.0,False,15,209,21975.0
1662.5,-3337.5,500.0,3400.0,False,15,205,17725.0
9600.0,4600.0,4625.0,1850.0,False,15,208,34150.0
3887.5,-1112.5,2787.5,2500.0,False,15,205,18850.0
6175.0,1175.0,4500.0,1000.0,False,15,210,16300.0
4950.0,-50.0,4275.0,1675.0,False,15,207,24225.0
7875.0,2875.0,4750.0,1000.0,False,15,200,24250.0
8600.0,3600.0,4237.5,2100.0,False,15,206,29050.0
3887.5,-1112.5,3825.0,1450.0,False,15,213,12875.0
5225.0,225.0,4800.0,2600.0,False,15,211,16375.0
5012.5,12.5,4637.5,2250.0,False,15,205,34950.0
9050.0,4050.0,4837.5,1600.0,False,15,203,16500.0
5012.5,12.5,3800.0,2100.0,False,15,207,21700.0
2062.5,-2937.5,2062.5,1600.0,False,15,201,22250.0
6850.0,1850.0,2100.0,2800.0,False,15,204,32100.0
4087.5,-912.5,4087.5,1900.0,False,15,205,26250.0
3112.5,-1887.5,1962.5,2975.0,False,15,199,36425.0
3100.0,-1900.0,2600.0,2000.0,False,15,207,21250.0
8625.0,3625.0,3900.0,1900.0,False,15,207,25250.0
5200.0,200.0,3437.5,3950.0,False,15,200,23775.0
4225.0,-775.0,2762.5,2000.0,False,15,203,22325.0
5975.0,975.0,3087.5,1050.0,False,15,207,19375.0
5437.5,437.5,3875.0,1750.0,False,15,207,25625.0
1062.5,-3937.5,325.0,2800.0,False,15,208,19950.0
1875.0,-3125.0,1575.0,3750.0,False,15,201,24450.0
3700.0,-1300.0,2300.0,2000.0,False,15,208,21225.0
7825.0,2825.0,5000.0,1250.0,False,15,203,24125.0
5450.0,450.0,4675.0,1500.0,False,15,207,23700.0
7325.0,2325.0,4825.0,2250.0,False,15,204,25275.0
5150.0,150.0,4462.5,1100.0,False,15,202,17800.0
12062.5,7062.5,4575.0,1000.0,False,15,206,26900.0
9575.0,4575.0,2725.0,2425.0,False,15,202,34175.0
9187.5,4187.5,2362.5,2500.0,False,15,206,35250.0
3125.0,-1875.0,3125.0,1950.0,False,15,205,16300.0
7850.0,2850.0,4700.0,1900.0,False,15,209,26050.0
5950.0,950.0,4562.5,1050.0,False,15,206,17150.0
1675.0,-3325.0,1625.0,1800.0,False,15,212,17800.0
3675.0,-1325.0,3300.0,1500.0,False,15,208,15275.0
3062.5,-1937.5,1975.0,1475.0,False,15,207,19625.0
1512.5,-3487.5,612.5,3150.0,False,15,209,13875.0
3612.5,-1387.5,1950.0,2000.0,False,15,208,19100.0
1362.5,-3637.5,1187.5,3000.0,False,15,209,21350.0
-187.5,-5187.5,-187.5,2350.0,True,15,204,22825.0
6487.5,1487.5,4750.0,1125.0,False,15,204,20100.0
7875.0,2875.0,4925.0,2000.0,False,15,201,28175.0
6312.5,1312.5,4912.5,2125.0,False,15,205,26525.0
3837.5,-1162.5,2475.0,2175.0,False,15,206,21925.0
8200.0,3200.0,4975.0,600.0,False,15,205,14950.0
-225.0,-5225.0,-225.0,2550.0,True,10,135,14175.0
6187.5,1187.5,1900.0,2075.0,False,15,207,22475.0
2725.0,-2275.0,2650.0,3525.0,False,15,209,25375.0
4075.0,-925.0,2425.0,1600.0,False,15,205,29475.0
4475.0,-525.0,1950.0,2100.0,False,15,209,19000.0
6400.0,1400.0,4750.0,750.0,False,15,209,21375.0
11175.0,6175.0,3287.5,1050.0,False,15,210,24225.0
4000.0,-1000.0,3075.0,1250.0,False,15,204,16575.0
5325.0,325.0,3337.5,1450.0,False,15,206,30525.0
9037.5,4037.5,4975.0,1450.0,False,15,210,26775.0
4737.5,-262.5,1987.5,2500.0,False,15,205,30350.0
2262.5,-2737.5,812.5,2400.0,False,15,205,34025.0
7100.0,2100.0,4837.5,1350.0,False,15,210,21800.0
2600.0,-2400.0,1412.5,1800.0,False,15,205,18500.0
2812.5,-2187.5,1375.0,3400.0,False,15,207,29000.0
4362.5,-637.5,2437.5,2200.0,False,15,201,26125.0
7912.5,2912.5,4962.5,1600.0,False,15,207,20475.0
6475.0,1475.0,4750.0,2000.0,False,15,206,27925.0
-150.0,-5150.0,-150.0,2825.0,True,14,190,27350.0
5075.0,75.0,3525.0,1500.0,False,15,207,24450.0
2600.0,-2400.0,1687.5,2375.0,False,15,209,27525.0
6975.0,1975.0,4975.0,1600.0,False,15,212,27200.0
5875.0,875.0,3312.5,2000.0,False,15,207,23675.0
5437.5,437.5,3550.0,1800.0,False,15,205,16600.0
9312.5,4312.5,4675.0,1050.0,False,15,209,18875.0
3300.0,-1700.0,3137.5,1100.0,False,15,204,16625.0
10900.0,5900.0,4625.0,1400.0,False,15,200,29550.0
6825.0,1825.0,3875.0,1500.0,False,15,207,28475.0
4137.5,-862.5,3550.0,2650.0,False,15,203,32900.0
-150.0,-5150.0,-150.0,2500.0,True,10,137,24050.0
6450.0,1450.0,4287.5,1100.0,False,15,206,15075.0
11137.5,6137.5,3975.0,1225.0,False,15,206,24200.0
1812.5,-3187.5,675.0,2300.0,False,15,205,23675.0
7012.5,2012.5,4425.0,1500.0,False,15,206,22850.0
-400.0,-5400.0,-400.0,3600.0,True,11,151,25525.0
3900.0,-1100.0,2025.0,1600.0,False,15,208,22825.0
4100.0,-900.0,3350.0,1000.0,False,15,209,19275.0
-350.0,-5350.0,-350.0,2950.0,True,6,75,16850.0
3775.0,-1225.0,3500.0,1250.0,False,15,209,17700.0
4725.0,-275.0,3162.5,1550.0,False,15,204,18950.0
6812.5,1812.5,4900.0,1600.0,False,15,209,13950.0
5637.5,637.5,2100.0,1325.0,False,15,203,25200.0
6987.5,1987.5,4762.5,1750.0,False,15,209,24000.0
7450.0,2450.0,3937.5,1875.0,False,15,207,24650.0
5025.0,25.0,3837.5,2800.0,False,15,208,18050.0
7387.5,2387.5,3825.0,1250.0,False,15,204,22575.0
9062.5,4062.5,4900.0,800.0,False,15,211,16475.0
3837.5,-1162.5,1850.0,1500.0,False,15,201,28550.0
7650.0,2650.0,4812.5,1400.0,False,15,206,18700.0
3925.0,-1075.0,3062.5,1675.0,False,15,204,26000.0
4525.0,-475.0,3875.0,1100.0,False,15,208,19075.0
4887.5,-112.5,3800.0,925.0,False,15,203,12975.0
3237.5,-1762.5,2000.0,2500.0,False,15,205,31525.0
4937.5,-62.5,4937.5,1100.0,False,15,207,16850.0
3650.0,-1350.0,3562.5,1200.0,False,15,201,16100.0
14637.5,9637.5,4625.0,1000.0,False,15,206,30625.0
7337.5,2337.5,4537.5,1500.0,False,15,204,20725.0
5412.5,412.5,4412.5,2100.0,False,15,205,21125.0
6850.0,1850.0,4500.0,2000.0,False,15,205,26550.0
5600.0,600.0,3375.0,1750.0,False,15,204,30975.0
6100.0,1100.0,3637.5,2300.0,False,15,201,28425.0
5812.5,812.5,3612.5,1200.0,False,15,210,26000.0
5375.0,375.0,2462.5,1300.0,False,15,209,15800.0
5512.5,512.5,2025.0,4350.0,False,15,206,25400.0
7087.5,2087.5,4837.5,2750.0,False,15,206,26275.0
-150.0,-5150.0,-150.0,2250.0,True,12,161,20000.0
2600.0,-2400.0,450.0,2150.0,False,15,204,33725.0
6050.0,1050.0,2575.0,1850.0,False,15,204,27850.0
6137.5,1137.5,4025.0,1600.0,False,15,210,24075.0
-487.5,-5487.5,-487.5,2575.0,True,14,178,23000.0
6175.0,1175.0,5000.0,1000.0,False,15,207,22325.0
5400.0,400.0,4412.5,1000.0,False,15,207,18525.0
3262.5,-1737.5,2412.5,1650.0,False,15,208,27975.0
7775.0,2775.0,4050.0,1200.0,False,15,202,31325.0
5887.5,887.5,3175.0,1900.0,False,15,210,21000.0
7387.5,2387.5,4775.0,2900.0,False,15,203,20700.0
-412.5,-5412.5,-412.5,2250.0,True,13,178,17775.0
7812.5,2812.5,2537.5,1025.0,False,15,206,21575.0
2550.0,-2450.0,2150.0,1600.0,False,15,206,28075.0
6425.0,1425.0,2625.0,2200.0,False,15,212,25850.0
9087.5,4087.5,3887.5,1500.0,False,15,206,20550.0
3337.5,-1662.5,825.0,2112.5,False,15,205,26275.0
3162.5,-1837.5,1562.5,2550.0,False,15,208,26150.0
7512.5,2512.5,4975.0,1225.0,False,15,205,22625.0
3200.0,-1800.0,1075.0,1800.0,False,15,208,26375.0
5562.5,562.5,2500.0,2750.0,False,15,207,31575.0
8750.0,3750.0,4787.5,1100.0,False,15,208,18800.0
3487.5,-1512.5,2262.5,3000.0,False,15,205,30350.0
5250.0,250.0,4237.5,1500.0,False,15,206,16025.0
8000.0,3000.0,4325.0,1200.0,False,15,200,24775.0
7325.0,2325.0,4612.5,1500.0,False,15,208,22700.0
-125.0,-5125.0,-125.0,1850.0,True,8,103,17775.0
3225.0,-1775.0,1900.0,3250.0,False,15,207,19325.0
-300.0,-5300.0,-300.0,3250.0,True,7,93,18650.0
4950.0,-50.0,4600.0,2200.0,False,15,203,21725.0
6725.0,1725.0,4050.0,1950.0,False,15,207,22650.0
4450.0,-550.0,2837.5,1950.0,False,15,202,22950.0
5825.0,825.0,2375.0,2350.0,False,15,206,22550.0
1937.5,-3062.5,1912.5,2200.0,False,15,209,17375.0
4912.5,-87.5,3937.5,1700.0,False,15,207,19850.0
9450.0,4450.0,2562.5,2300.0,False,15,206,31875.0
3700.0,-1300.0,2637.5,1900.0,False,15,205,21625.0
6950.0,1950.0,4550.0,1750.0,False,15,202,31600.0
12.5,-4987.5,12.5,3650.0,True,12,159,23550.0
5125.0,125.0,4650.0,1600.0,False,15,211,21850.0
3150.0,-1850.0,3125.0,2125.0,False,15,208,22675.0
11850.0,6850.0,4887.5,1600.0,False,15,206,30725.0
3350.0,-1650.0,2750.0,2250.0,False,15,205,24675.0
5800.0,800.0,2250.0,1950.0,False,15,207,22550.0
6687.5,1687.5,4087.5,900.0,False,15,205,18800.0
10400.0,5400.0,3825.0,2500.0,False,15,206,33450.0
4662.5,-337.5,3875.0,1150.0,False,15,208,20325.0
5637.5,637.5,4675.0,1000.0,False,15,206,16275.0
4137.5,-862.5,3425.0,1300.0,False,15,213,16925.0
6812.5,1812.5,4712.5,1300.0,False,15,210,27900.0
6475.0,1475.0,3837.5,900.0,False,15,210,20300.0
7462.5,2462.5,4775.0,1500.0,False,15,208,25200.0
2462.5,-2537.5,2437.5,2200.0,False,15,205,20525.0
7025.0,2025.0,4600.0,1900.0,False,15,204,21075.0
9887.5,4887.5,4775.0,1750.0,False,15,208,29200.0
1600.0,-3400.0,1600.0,1800.0,False,15,206,22875.0
7362.5,2362.5,4125.0,1300.0,False,15,202,22825.0
6937.5,1937.5,3162.5,1575.0,False,15,208,27425.0
12937.5,7937.5,4300.0,1000.0,False,15,204,27800.0
6125.0,1125.0,3075.0,2025.0,False,15,206,24850.0
5887.5,887.5,4600.0,775.0,False,15,207,13300.0
4612.5,-387.5,1600.0,1700.0,False,15,205,29675.0
5312.5,312.5,3762.5,2475.0,False,15,202,27175.0
4937.5,-62.5,3612.5,2025.0,False,15,204,20275.0
1462.5,-3537.5,962.5,2875.0,False,15,205,27050.0
6537.5,1537.5,4575.0,800.0,False,15,208,20450.0
2975.0,-2025.0,2912.5,1475.0,False,15,210,22075.0
2800.0,-2200.0,1562.5,2050.0,False,15,210,26750.0
3175.0,-1825.0,1412.5,2175.0,False,15,206,25100.0
5712.5,712.5,2462.5,1400.0,False,15,212,25750.0
2887.5,-2112.5,2337.5,2000.0,False,15,207,18050.0
7625.0,2625.0,4525.0,1600.0,False,15,209,21875.0
3650.0,-1350.0,3475.0,1800.0,False,15,206,20025.0
-412.5,-5412.5,-412.5,2250.0,True,11,144,15600.0
8900.0,3900.0,2700.0,2150.0,False,15,202,25450.0
8487.5,3487.5,4012.5,675.0,False,15,206,17850.0
7987.5,2987.5,4950.0,1600.0,False,15,204,16900.0
6325.0,1325.0,3062.5,2400.0,False,15,204,35750.0
2437.5,-2562.5,1050.0,1725.0,False,15,205,23525.0
5225.0,225.0,2187.5,2600.0,False,15,205,30050.0
2662.5,-2337.5,1587.5,2550.0,False,15,208,19225.0
487.5,-4512.5,387.5,1650.0,False,15,202,26600.0
7462.5,2462.5,3087.5,2050.0,False,15,213,29275.0
3962.5,-1037.5,1450.0,3200.0,False,15,207,23000.0
7737.5,2737.5,3662.5,1000.0,False,15,204,29300.0
8612.5,3612.5,4000.0,1175.0,False,15,204,25375.0
7975.0,2975.0,4737.5,1100.0,False,15,204,22600.0
5712.5,712.5,3475.0,2000.0,False,15,210,24500.0
8525.0,3525.0,4875.0,1000.0,False,15,207,20125.0
-575.0,-5575.0,-575.0,2000.0,True,13,177,13650.0
8175.0,3175.0,4250.0,1500.0,False,15,208,25100.0
7650.0,2650.0,4825.0,750.0,False,15,206,19775.0
7200.0,2200.0,3737.5,1500.0,False,15,204,28250.0
2775.0,-2225.0,1862.5,2500.0,False,15,209,33050.0
3587.5,-1412.5,2762.5,1750.0,False,15,202,26000.0
6875.0,1875.0,4387.5,1375.0,False,15,206,18350.0
1425.0,-3575.0,925.0,2300.0,False,15,202,16225.0
5437.5,437.5,4012.5,2100.0,False,15,204,26875.0
9162.5,4162.5,4925.0,800.0,False,15,206,18550.0
-25.0,-5025.0,-25.0,4750.0,True,8,109,16025.0
6675.0,1675.0,4600.0,1800.0,False,15,204,21850.0
3725.0,-1275.0,1162.5,2200.0,False,15,201,23225.0
2762.5,-2237.5,1900.0,2875.0,False,15,204,27750.0
-425.0,-5425.0,-425.0,2150.0,True,11,148,23150.0
4562.5,-437.5,4075.0,1875.0,False,15,203,29025.0
12375.0,7375.0,4075.0,1600.0,False,15,206,30475.0
2737.5,-2262.5,1937.5,1575.0,False,15,205,22200.0
7687.5,2687.5,4625.0,1500.0,False,15,211,21525.0
1787.5,-3212.5,1787.5,3000.0,False,15,208,29200.0
4050.0,-950.0,3387.5,1350.0,False,15,209,30325.0
6212.5,1212.5,4612.5,700.0,False,15,208,15325.0
10125.0,5125.0,5000.0,900.0,False,15,207,24850.0
7212.5,2212.5,4050.0,1725.0,False,15,206,19600.0
6287.5,1287.5,4225.0,1750.0,False,15,207,26975.0
3887.5,-1112.5,3787.5,2250.0,False,15,205,27025.0
5337.5,337.5,2187.5,2750.0,False,15,206,23550.0
6025.0,1025.0,4212.5,1100.0,False,15,204,19625.0
3800.0,-1200.0,3762.5,1075.0,False,15,211,15700.0
1250.0,-3750.0,1250.0,2400.0,False,15,204,36200.0
6637.5,1637.5,4500.0,800.0,False,15,206,13975.0
4800.0,-200.0,3200.0,1125.0,False,15,203,20525.0
6912.5,1912.5,4437.5,1200.0,False,15,210,22850.0
7412.5,2412.5,4950.0,2150.0,False,15,204,31050.0
6287.5,1287.5,4612.5,1350.0,False,15,203,16400.0
5587.5,587.5,4050.0,1700.0,False,15,204,20475.0
2962.5,-2037.5,1662.5,2900.0,False,15,209,24150.0
7950.0,2950.0,4825.0,1300.0,False,15,207,16950.0
7787.5,2787.5,4975.0,1400.0,False,15,208,21350.0
12.5,-4987.5,12.5,1437.5,True,14,185,14550.0
3850.0,-1150.0,2912.5,2100.0,False,15,206,19575.0
7087.5,2087.5,4900.0,850.0,False,15,204,16450.0
8587.5,3587.5,712.5,1900.0,False,15,204,34950.0
6050.0,1050.0,4100.0,1300.0,False,15,206,25025.0
5825.0,825.0,3575.0,1300.0,False,15,206,27600.0
5137.5,137.5,2862.5,1800.0,False,15,203,20025.0
0.0,-5000.0,0.0,2250.0,True,4,46,10000.0
-175.0,-5175.0,-175.0,2900.0,True,8,96,21225.0
7700.0,2700.0,4375.0,1425.0,False,15,203,20700.0
8837.5,3837.5,4800.0,1000.0,False,15,207,20525.0
9237.5,4237.5,4812.5,1475.0,False,15,206,31850.0
7200.0,2200.0,4837.5,1075.0,False,15,207,19775.0
7487.5,2487.5,4950.0,1000.0,False,15,206,21575.0
5675.0,675.0,3837.5,1900.0,False,15,207,31875.0
1687.5,-3312.5,1000.0,1800.0,False,15,206,25125.0
6650.0,1650.0,4250.0,1325.0,False,15,205,18075.0
3412.5,-1587.5,2712.5,2050.0,False,15,203,17725.0
9875.0,4875.0,4225.0,1250.0,False,15,204,41750.0
5937.5,937.5,4475.0,1800.0,False,15,204,20125.0
6825.0,1825.0,4425.0,1000.0,False,15,206,22025.0
6887.5,1887.5,4250.0,1000.0,False,15,207,16050.0
10137.5,5137.5,3925.0,3400.0,False,15,204,37275.0
7250.0,2250.0,2775.0,2000.0,False,15,206,31075.0
5862.5,862.5,3612.5,1500.0,False,15,202,31475.0
10000.0,5000.0,5000.0,2050.0,False,15,207,21325.0
4200.0,-800.0,3175.0,2250.0,False,15,205,23525.0
4987.5,-12.5,1937.5,2500.0,False,15,204,34100.0
3362.5,-1637.5,1337.5,3400.0,False,15,202,28900.0
5137.5,137.5,3300.0,1750.0,False,15,206,18100.0
-162.5,-5162.5,-162.5,2450.0,True,12,163,20850.0
5412.5,412.5,3225.0,1750.0,False,15,204,26275.0
6062.5,1062.5,925.0,3800.0,False,15,204,25625.0
7087.5,2087.5,4412.5,2350.0,False,15,207,28875.0
6537.5,1537.5,4362.5,1475.0,False,15,205,23300.0
6525.0,1525.0,4700.0,650.0,False,15,208,11475.0
7537.5,2537.5,3950.0,2000.0,False,15,205,38125.0
7925.0,2925.0,4950.0,1800.0,False,15,207,25875.0
4425.0,-575.0,3850.0,2100.0,False,15,206,16425.0
5550.0,550.0,4762.5,925.0,False,15,205,14025.0
-200.0,-5200.0,-200.0,2325.0,True,13,165,11225.0
4600.0,-400.0,3950.0,2100.0,False,15,208,20600.0
4862.5,-137.5,3450.0,1300.0,False,15,199,18650.0
3437.5,-1562.5,1512.5,3875.0,False,15,205,24075.0
6912.5,1912.5,4412.5,1625.0,False,15,203,16075.0
4375.0,-625.0,3862.5,1050.0,False,15,207,16550.0
12387.5,7387.5,4962.5,1725.0,False,15,201,30800.0
7637.5,2637.5,2212.5,1950.0,False,15,209,20850.0
6062.5,1062.5,3937.5,1000.0,False,15,202,18200.0
3700.0,-1300.0,2900.0,1500.0,False,15,206,21675.0
6900.0,1900.0,4625.0,800.0,False,15,210,15425.0
-12.5,-5012.5,-12.5,3225.0,True,15,202,17625.0
4875.0,-125.0,4325.0,1150.0,False,15,206,20575.0
8337.5,3337.5,4250.0,1700.0,False,15,207,21775.0
1887.5,-3112.5,1387.5,3200.0,False,15,206,23950.0
5762.5,762.5,3350.0,2100.0,False,15,207,17475.0
11850.0,6850.0,4250.0,1100.0,False,15,209,25400.0
6275.0,1275.0,4950.0,1325.0,False,15,206,25075.0
11987.5,6987.5,4862.5,1400.0,False,15,203,24900.0
6962.5,1962.5,4975.0,1200.0,False,15,209,18050.0
7687.5,2687.5,1975.0,1900.0,False,15,211,23750.0
8262.5,3262.5,4800.0,1850.0,False,15,203,25300.0
3600.0,-1400.0,425.0,2750.0,False,15,208,28025.0
662.5,-4337.5,662.5,2300.0,False,15,208,19650.0
2375.0,-2625.0,1125.0,1900.0,False,15,210,19125.0
10237.5,5237.5,4525.0,2000.0,False,15,204,25575.0
6037.5,1037.5,4625.0,2500.0,False,15,212,35775.0
8162.5,3162.5,3325.0,2500.0,False,15,203,27650.0
4637.5,-362.5,3862.5,1200.0,False,15,204,23525.0
7300.0,2300.0,4512.5,1100.0,False,15,208,15475.0
7250.0,2250.0,4437.5,2175.0,False,15,209,28725.0
-12.5,-5012.5,-12.5,3550.0,True,9,122,16150.0
7150.0,2150.0,4675.0,3225.0,False,15,207,32775.0
6375.0,1375.0,4350.0,1500.0,False,15,205,21925.0
10937.5,5937.5,4512.5,1650.0,False,15,207,32150.0
5200.0,200.0,800.0,3650.0,False,15,204,30100.0
2800.0,-2200.0,2387.5,1400.0,False,15,206,21925.0
6550.0,1550.0,2400.0,1400.0,False,15,202,23025.0
7075.0,2075.0,4875.0,2000.0,False,15,207,32450.0
3425.0,-1575.0,3087.5,3000.0,False,15,208,23875.0
14137.5,9137.5,4975.0,1100.0,False,15,209,27450.0
4025.0,-975.0,2475.0,1300.0,False,15,203,33475.0
10612.5,5612.5,4900.0,1100.0,False,15,199,31225.0
3975.0,-1025.0,3975.0,1300.0,False,15,209,10925.0
8125.0,3125.0,3062.5,2075.0,False,15,204,30650.0
4175.0,-825.0,2900.0,2000.0,False,15,204,29525.0
5087.5,87.5,2950.0,2100.0,False,15,209,19725.0
5950.0,950.0,3875.0,1725.0,False,15,206,25650.0
4987.5,-12.5,4625.0,2000.0,False,15,202,25625.0
5850.0,850.0,5000.0,2825.0,False,15,205,34225.0
8850.0,3850.0,4875.0,1700.0,False,15,204,20850.0
6775.0,1775.0,4575.0,1150.0,False,15,203,21175.0
1400.0,-3600.0,1300.0,1875.0,False,15,207,25900.0
3937.5,-1062.5,3412.5,2675.0,False,15,203,19725.0
5325.0,325.0,4950.0,3450.0,False,15,210,22350.0
10775.0,5775.0,4175.0,1050.0,False,15,202,24625.0
-462.5,-5462.5,-462.5,3200.0,True,12,149,24375.0
2937.5,-2062.5,962.5,2000.0,False,15,207,25200.0
3075.0,-1925.0,3075.0,2000.0,False,15,202,24050.0
2200.0,-2800.0,1200.0,2950.0,False,15,203,31400.0
2637.5,-2362.5,1812.5,1700.0,False,15,209,20950.0
9162.5,4162.5,4337.5,1250.0,False,15,205,26625.0
8325.0,3325.0,4075.0,2100.0,False,15,207,28475.0
4925.0,-75.0,4537.5,1750.0,False,15,202,13925.0
1912.5,-3087.5,1187.5,1800.0,False,15,207,32425.0
112.5,-4887.5,75.0,2975.0,False,15,208,15675.0
12.5,-4987.5,12.5,3100.0,True,6,67,14400.0
4962.5,-37.5,3350.0,1500.0,False,15,206,27575.0
2775.0,-2225.0,175.0,2000.0,False,15,208,30750.0
4200.0,-800.0,3837.5,1825.0,False,15,211,21475.0
7600.0,2600.0,4775.0,1000.0,False,15,211,19950.0
8300.0,3300.0,3787.5,1400.0,False,15,201,27325.0
2387.5,-2612.5,1087.5,1925.0,False,15,209,21450.0
5437.5,437.5,4600.0,1500.0,False,15,205,20100.0
787.5,-4212.5,325.0,2150.0,False,15,209,27650.0
1550.0,-3450.0,487.5,1600.0,False,15,206,22000.0
4412.5,-587.5,2887.5,2000.0,False,15,205,30150.0
5400.0,400.0,3650.0,1600.0,False,15,207,20050.0
7375.0,2375.0,3175.0,2750.0,False,15,208,23200.0
2612.5,-2387.5,2612.5,1800.0,False,15,207,27775.0
3875.0,-1125.0,2625.0,1900.0,False,15,208,14275.0
3287.5,-1712.5,1787.5,2200.0,False,15,208,29025.0
7012.5,2012.5,4125.0,1000.0,False,15,209,21125.0
2350.0,-2650.0,2250.0,2200.0,False,15,208,27875.0
4825.0,-175.0,2612.5,2125.0,False,15,205,21100.0
1325.0,-3675.0,537.5,3100.0,False,15,206,25125.0
700.0,-4300.0,575.0,2000.0,False,15,205,23250.0
4437.5,-562.5,2525.0,1700.0,False,15,205,26775.0
8762.5,3762.5,4625.0,1100.0,False,15,209,24250.0
2962.5,-2037.5,2487.5,1825.0,False,15,205,24250.0
9662.5,4662.5,4787.5,1425.0,False,15,202,23625.0
4362.5,-637.5,3887.5,1550.0,False,15,207,21025.0
6012.5,1012.5,4700.0,1525.0,False,15,209,20975.0
6875.0,1875.0,3800.0,2800.0,False,15,202,39625.0
10750.0,5750.0,4825.0,2200.0,False,15,204,35500.0
8550.0,3550.0,4950.0,1700.0,False,15,208,20750.0
-375.0,-5375.0,-375.0,3500.0,True,9,116,14225.0
5175.0,175.0,2350.0,2100.0,False,15,207,25675.0
6200.0,1200.0,4900.0,750.0,False,15,209,21150.0
6912.5,1912.5,3825.0,1500.0,False,15,207,25050.0
8950.0,3950.0,4400.0,1000.0,False,15,205,18150.0
5125.0,125.0,3950.0,1550.0,False,15,207,18475.0
-75.0,-5075.0,-75.0,3800.0,True,4,52,9675.0
4987.5,-12.5,3825.0,3250.0,False,15,204,43525.0
8900.0,3900.0,4125.0,1250.0,False,15,205,21725.0
7062.5,2062.5,4475.0,1375.0,False,15,209,24200.0
7637.5,2637.5,4125.0,1500.0,False,15,210,28700.0
-87.5,-5087.5,-87.5,2500.0,True,11,144,24425.0
1475.0,-3525.0,1100.0,2300.0,False,15,204,25100.0
9337.5,4337.5,4725.0,500.0,False,15,210,23275.0
1725.0,-3275.0,200.0,3700.0,False,15,206,25725.0
8625.0,3625.0,4850.0,2300.0,False,15,203,32125.0
2650.0,-2350.0,2075.0,2100.0,False,15,205,17125.0
7612.5,2612.5,4650.0,1450.0,False,15,206,21725.0
5350.0,350.0,2725.0,1900.0,False,15,206,20475.0
2025.0,-2975.0,1050.0,2400.0,False,15,206,30250.0
4962.5,-37.5,3500.0,1625.0,False,15,206,27800.0
6412.5,1412.5,3775.0,1225.0,False,15,206,25450.0
6262.5,1262.5,4812.5,950.0,False,15,207,20750.0
11412.5,6412.5,3625.0,1700.0,False,15,207,41225.0
4475.0,-525.0,975.0,2700.0,False,15,197,25800.0
7675.0,2675.0,4875.0,1000.0,False,15,207,22000.0
6187.5,1187.5,3625.0,1000.0,False,15,209,19150.0
2750.0,-2250.0,2250.0,2100.0,False,15,210,17875.0
-112.5,-5112.5,-112.5,1725.0,True,15,201,17825.0
3337.5,-1662.5,2775.0,1612.5,False,15,203,16325.0
3000.0,-2000.0,2650.0,1800.0,False,15,205,24325.0
4887.5,-112.5,3550.0,1150.0,False,15,210,20750.0
8712.5,3712.5,4775.0,1250.0,False,15,204,26775.0
5825.0,825.0,3487.5,1000.0,False,15,208,21050.0
4400.0,-600.0,3487.5,1700.0,False,15,208,28725.0
-62.5,-5062.5,-62.5,2375.0,True,13,171,18625.0
6612.5,1612.5,3362.5,1800.0,False,15,204,20650.0
5337.5,337.5,1512.5,2150.0,False,15,204,26775.0
7800.0,2800.0,2125.0,2750.0,False,15,201,42300.0
4987.5,-12.5,4087.5,1600.0,False,15,210,17750.0
10250.0,5250.0,4450.0,1550.0,False,15,206,34650.0
6962.5,1962.5,4375.0,2350.0,False,15,204,19825.0
9150.0,4150.0,4437.5,900.0,False,15,203,26125.0
8025.0,3025.0,2700.0,1775.0,False,15,205,27475.0
3437.5,-1562.5,2175.0,2150.0,False,15,203,26875.0
9212.5,4212.5,4962.5,850.0,False,15,202,17775.0
5675.0,675.0,4225.0,1400.0,False,15,205,23400.0
3487.5,-1512.5,1925.0,2000.0,False,15,207,21200.0
7987.5,2987.5,4925.0,1500.0,False,15,206,28800.0
4962.5,-37.5,4612.5,900.0,False,15,213,13725.0
-262.5,-5262.5,-262.5,2250.0,True,11,149,15500.0
7112.5,2112.5,3712.5,2500.0,False,15,207,35050.0
5725.0,725.0,4450.0,1100.0,False,15,206,12900.0
5350.0,350.0,4437.5,975.0,False,15,208,21850.0
-562.5,-5562.5,-562.5,3000.0,True,4,53,10825.0
-62.5,-5062.5,-62.5,4050.0,True,9,110,11325.0
11575.0,6575.0,4100.0,1300.0,False,15,208,25225.0
4100.0,-900.0,1475.0,1875.0,False,15,209,19700.0
3612.5,-1387.5,2525.0,1475.0,False,15,206,19525.0
8987.5,3987.5,4500.0,2050.0,False,15,204,29875.0
1925.0,-3075.0,1487.5,2750.0,False,15,207,18025.0
2625.0,-2375.0,2500.0,1400.0,False,15,208,19375.0
6262.5,1262.5,4450.0,2400.0,False,15,205,29025.0
3487.5,-1512.5,2487.5,1650.0,False,15,207,32850.0
4887.5,-112.5,3712.5,1100.0,False,15,203,23725.0
6775.0,1775.0,5000.0,1900.0,False,15,209,17525.0
5787.5,787.5,4675.0,2800.0,False,15,207,35675.0
5875.0,875.0,4400.0,2375.0,False,15,206,31375.0
3962.5,-1037.5,3375.0,2600.0,False,15,205,28975.0
3112.5,-1887.5,2800.0,1475.0,False,15,208,16575.0
5512.5,512.5,4262.5,1875.0,False,15,207,29050.0
4175.0,-825.0,2875.0,1850.0,False,15,207,34975.0
8537.5,3537.5,4825.0,1500.0,False,15,209,17175.0
8387.5,3387.5,2800.0,2200.0,False,15,207,25650.0
9625.0,4625.0,4500.0,1300.0,False,15,203,19950.0
7137.5,2137.5,4800.0,1200.0,False,15,203,21350.0
6212.5,1212.5,2650.0,900.0,False,15,204,17725.0
2437.5,-2562.5,1337.5,2200.0,False,15,211,26500.0
9112.5,4112.5,4950.0,2800.0,False,15,204,24400.0
6087.5,1087.5,3662.5,1300.0,False,15,201,22500.0
3625.0,-1375.0,3275.0,1750.0,False,15,207,25525.0
5012.5,12.5,4387.5,2250.0,False,15,203,30600.0
4150.0,-850.0,3987.5,2450.0,False,15,206,22750.0
9062.5,4062.5,4450.0,850.0,False,15,203,20800.0
5325.0,325.0,1375.0,2050.0,False,15,206,28950.0
5400.0,400.0,4525.0,2700.0,False,15,208,28325.0
6887.5,1887.5,4512.5,2100.0,False,15,206,36800.0
4262.5,-737.5,3637.5,1450.0,False,15,206,20050.0
5612.5,612.5,625.0,3050.0,False,15,211,28700.0
8262.5,3262.5,4700.0,1300.0,False,15,208,24275.0
8637.5,3637.5,3300.0,2275.0,False,15,207,27600.0
4662.5,-337.5,4162.5,3000.0,False,15,210,27900.0
2925.0,-2075.0,2512.5,2250.0,False,15,207,26500.0
8112.5,3112.5,4900.0,1800.0,False,15,201,26425.0
3650.0,-1350.0,2687.5,2850.0,False,15,208,21200.0
1725.0,-3275.0,1725.0,1825.0,False,15,206,30700.0
3900.0,-1100.0,2912.5,1500.0,False,15,208,24475.0
5137.5,137.5,2612.5,2325.0,False,15,211,22275.0
7075.0,2075.0,4575.0,1200.0,False,15,207,19700.0
2637.5,-2362.5,2075.0,1475.0,False,15,206,13600.0
1287.5,-3712.5,1287.5,3150.0,False,15,207,38450.0
4037.5,-962.5,3850.0,1850.0,False,15,205,19225.0
-212.5,-5212.5,-212.5,3100.0,True,10,126,20525.0
8600.0,3600.0,4350.0,1900.0,False,15,206,31250.0
7437.5,2437.5,4937.5,925.0,False,15,209,11575.0
2650.0,-2350.0,1725.0,2650.0,False,15,208,24150.0
6287.5,1287.5,4500.0,1800.0,False,15,206,14375.0
9800.0,4800.0,3400.0,1900.0,False,15,204,27250.0
7025.0,2025.0,4162.5,1950.0,False,15,207,22325.0
6875.0,1875.0,4937.5,700.0,False,15,206,15050.0
7837.5,2837.5,4325.0,875.0,False,15,203,18900.0
4225.0,-775.0,3412.5,1625.0,False,15,209,15625.0
9237.5,4237.5,4975.0,950.0,False,15,203,17775.0
8050.0,3050.0,4687.5,1000.0,False,15,205,21900.0
9012.5,4012.5,4500.0,1000.0,False,15,205,20550.0
2687.5,-2312.5,1425.0,3150.0,False,15,205,26175.0
4625.0,-375.0,3625.0,1125.0,False,15,210,18125.0
3437.5,-1562.5,762.5,2500.0,False,15,202,22550.0
762.5,-4237.5,512.5,3000.0,False,15,209,19325.0
-100.0,-5100.0,-100.0,2050.0,True,8,94,21375.0
1862.5,-3137.5,1862.5,1400.0,False,15,207,22000.0
8162.5,3162.5,4137.5,2450.0,False,15,207,20225.0
3925.0,-1075.0,750.0,2400.0,False,15,208,28550.0
9262.5,4262.5,4700.0,1450.0,False,15,210,22600.0
-100.0,-5100.0,-100.0,1925.0,True,14,190,21750.0
6387.5,1387.5,4950.0,750.0,False,15,204,16900.0
5775.0,775.0,4375.0,2450.0,False,15,205,30625.0
7412.5,2412.5,3812.5,1800.0,False,15,206,29850.0
7337.5,2337.5,4725.0,800.0,False,15,206,21400.0
5562.5,562.5,1800.0,2500.0,False,15,207,31200.0
4400.0,-600.0,3400.0,2800.0,False,15,207,28250.0
7075.0,2075.0,3687.5,1000.0,False,15,209,21500.0
5537.5,537.5,2100.0,1950.0,False,15,205,24825.0
12800.0,7800.0,4425.0,1000.0,False,15,206,31225.0
6137.5,1137.5,3012.5,1750.0,False,15,208,28725.0
6212.5,1212.5,2087.5,1950.0,False,15,207,31400.0
2050.0,-2950.0,375.0,2275.0,False,15,207,27050.0
4525.0,-475.0,2075.0,3500.0,False,15,211,32275.0
8037.5,3037.5,4075.0,2000.0,False,15,203,26100.0
3737.5,-1262.5,2775.0,1575.0,False,15,205,27800.0
6412.5,1412.5,1500.0,2500.0,False,15,204,35125.0
2375.0,-2625.0,2137.5,2000.0,False,15,209,15675.0
7225.0,2225.0,3425.0,1525.0,False,15,201,31500.0
6512.5,1512.5,4400.0,1150.0,False,15,208,19450.0
5612.5,612.5,3150.0,1500.0,False,15,204,32525.0
2500.0,-2500.0,2000.0,2400.0,False,15,207,22400.0
5325.0,325.0,3850.0,1800.0,False,15,211,17650.0
6100.0,1100.0,3887.5,1075.0,False,15,205,20750.0
6775.0,1775.0,4700.0,1550.0,False,15,207,34375.0
4200.0,-800.0,2162.5,2225.0,False,15,206,19475.0
6150.0,1150.0,3600.0,2850.0,False,15,209,29925.0
5437.5,437.5,662.5,1900.0,False,15,204,40500.0
5375.0,375.0,4537.5,975.0,False,15,207,17800.0
4662.5,-337.5,3887.5,2250.0,False,15,201,30425.0
3112.5,-1887.5,3062.5,1550.0,False,15,208,18725.0
7375.0,2375.0,4575.0,625.0,False,15,207,17475.0
6825.0,1825.0,4825.0,1300.0,False,15,205,26925.0
2462.5,-2537.5,1500.0,2300.0,False,15,207,22975.0
6087.5,1087.5,5000.0,1625.0,False,15,206,23150.0
5325.0,325.0,2325.0,2400.0,False,15,206,19600.0
6112.5,1112.5,4775.0,1300.0,False,15,204,18000.0
2812.5,-2187.5,2262.5,1400.0,False,15,202,24875.0
3700.0,-1300.0,2800.0,3350.0,False,15,209,27475.0
8537.5,3537.5,4850.0,3050.0,False,15,203,37875.0
6825.0,1825.0,4700.0,1125.0,False,15,205,20575.0
3200.0,-1800.0,1425.0,1875.0,False,15,202,28075.0
3075.0,-1925.0,1475.0,3200.0,False,15,207,29275.0
2275.0,-2725.0,2025.0,2100.0,False,15,207,23575.0
5987.5,987.5,3437.5,2250.0,False,15,205,25125.0
6950.0,1950.0,4350.0,925.0,False,15,207,20525.0
9537.5,4537.5,4225.0,1800.0,False,15,205,25100.0
2137.5,-2862.5,1737.5,1400.0,False,15,209,24150.0
5837.5,837.5,4787.5,2100.0,False,15,204,24500.0
2437.5,-2562.5,2237.5,1600.0,False,15,207,13925.0
1900.0,-3100.0,1525.0,2300.0,False,15,208,19950.0
6150.0,1150.0,4600.0,900.0,False,15,210,14900.0
5550.0,550.0,4075.0,1600.0,False,15,206,22900.0
10537.5,5537.5,3775.0,1300.0,False,15,206,24875.0
10575.0,5575.0,4800.0,1300.0,False,15,206,20350.0
6200.0,1200.0,4525.0,1750.0,False,15,209,31825.0
4625.0,-375.0,912.5,2500.0,False,15,205,21625.0
5137.5,137.5,4175.0,1800.0,False,15,203,21600.0
9400.0,4400.0,4250.0,2000.0,False,15,205,30325.0
8375.0,3375.0,4937.5,1500.0,False,15,205,29225.0
7125.0,2125.0,3550.0,1150.0,False,15,208,17450.0
3350.0,-1650.0,2112.5,2700.0,False,15,206,27850.0
1937.5,-3062.5,1912.5,3650.0,False,15,208,24750.0
8137.5,3137.5,4775.0,650.0,False,15,210,15250.0
7000.0,2000.0,4800.0,2850.0,False,15,207,21225.0
1650.0,-3350.0,1275.0,2475.0,False,15,209,23425.0
6300.0,1300.0,4212.5,1350.0,False,15,204,17925.0
3987.5,-1012.5,3237.5,2200.0,False,15,205,23450.0
7100.0,2100.0,4575.0,2125.0,False,15,209,24200.0
4200.0,-800.0,2525.0,3250.0,False,15,210,24925.0
2212.5,-2787.5,1912.5,1250.0,False,15,207,18025.0
3262.5,-1737.5,2400.0,2500.0,False,15,211,30625.0
6387.5,1387.5,3737.5,1400.0,False,15,207,23950.0
4912.5,-87.5,4375.0,2500.0,False,15,208,23850.0
2475.0,-2525.0,1225.0,2100.0,False,15,209,32675.0
2100.0,-2900.0,450.0,3000.0,False,15,205,30325.0
-312.5,-5312.5,-312.5,2050.0,True,11,148,20175.0
4650.0,-350.0,4100.0,1000.0,False,15,206,16500.0
0.0,-5000.0,0.0,3200.0,True,5,60,12850.0
4075.0,-925.0,1925.0,1650.0,False,15,205,36000.0
6162.5,1162.5,2100.0,2550.0,False,15,200,24675.0
2550.0,-2450.0,2550.0,1100.0,False,15,204,13525.0
3675.0,-1325.0,3675.0,1600.0,False,15,207,18300.0
5512.5,512.5,4437.5,1250.0,False,15,210,19375.0
-337.5,-5337.5,-337.5,4225.0,True,6,79,10250.0
4475.0,-525.0,1975.0,2250.0,False,15,200,24425.0
7462.5,2462.5,3950.0,1600.0,False,15,207,26350.0
2787.5,-2212.5,2287.5,1600.0,False,15,209,21700.0
5200.0,200.0,4700.0,1250.0,False,15,206,18625.0
1900.0,-3100.0,1550.0,2000.0,False,15,206,22750.0
7462.5,2462.5,4162.5,1350.0,False,15,202,22125.0
4862.5,-137.5,4625.0,1525.0,False,15,208,17575.0
3587.5,-1412.5,812.5,1900.0,False,15,209,21875.0
2912.5,-2087.5,2025.0,2125.0,False,15,203,22700.0
5612.5,612.5,4950.0,2200.0,False,15,203,19175.0
4537.5,-462.5,3850.0,1075.0,False,15,211,15225.0
2475.0,-2525.0,2400.0,1975.0,False,15,209,26800.0
4600.0,-400.0,3125.0,1600.0,False,15,204,22200.0
3487.5,-1512.5,2325.0,2050.0,False,15,212,19700.0
5512.5,512.5,3012.5,2050.0,False,15,208,19950.0
8962.5,3962.5,3887.5,1500.0,False,15,205,31450.0
3100.0,-1900.0,2325.0,1600.0,False,15,205,13275.0
3900.0,-1100.0,3300.0,1575.0,False,15,207,28375.0
5500.0,500.0,4200.0,2000.0,False,15,208,25450.0
4100.0,-900.0,3600.0,2150.0,False,15,203,28600.0
7325.0,2325.0,4800.0,1400.0,False,15,208,35450.0
6262.5,1262.5,4775.0,2150.0,False,15,206,22425.0
6950.0,1950.0,5000.0,1400.0,False,15,206,17925.0
6475.0,1475.0,2775.0,2500.0,False,15,203,25225.0
4500.0,-500.0,3487.5,2300.0,False,15,209,21500.0
3687.5,-1312.5,3637.5,1750.0,False,15,207,30050.0
6825.0,1825.0,3975.0,1100.0,False,15,208,27950.0
3175.0,-1825.0,3175.0,1275.0,False,15,204,22475.0
11525.0,6525.0,4900.0,1500.0,False,15,203,30125.0
7950.0,2950.0,3950.0,1500.0,False,15,208,20225.0
3562.5,-1437.5,2425.0,1700.0,False,15,206,20200.0
3825.0,-1175.0,1662.5,1875.0,False,15,207,21900.0
6550.0,1550.0,4700.0,1150.0,False,15,209,19750.0
2062.5,-2937.5,1762.5,2500.0,False,15,205,32000.0
5400.0,400.0,3900.0,2200.0,False,15,204,27325.0
-487.5,-5487.5,-487.5,2300.0,True,9,120,13950.0
3587.5,-1412.5,3262.5,3400.0,False,15,206,31525.0
6112.5,1112.5,2675.0,1650.0,False,15,204,27150.0
4562.5,-437.5,2750.0,2850.0,False,15,210,28875.0
7900.0,2900.0,4400.0,750.0,False,15,208,18625.0
4562.5,-437.5,375.0,3600.0,False,15,209,27400.0
12287.5,7287.5,4312.5,1500.0,False,15,207,28300.0
2375.0,-2625.0,1900.0,3175.0,False,15,206,18900.0
6850.0,1850.0,4225.0,625.0,False,15,206,17475.0
-837.5,-5837.5,-837.5,3500.0,True,8,107,23775.0
8162.5,3162.5,4300.0,1000.0,False,15,211,24150.0
5912.5,912.5,4825.0,1175.0,False,15,202,25900.0
3887.5,-1112.5,3162.5,2050.0,False,15,206,30800.0
7937.5,2937.5,4400.0,1200.0,False,15,206,24350.0
1525.0,-3475.0,1450.0,1900.0,False,15,207,20000.0
8375.0,3375.0,4200.0,1600.0,False,15,204,26025.0
5800.0,800.0,4925.0,1900.0,False,15,207,20450.0
562.5,-4437.5,562.5,2550.0,False,15,207,35425.0
2375.0,-2625.0,1487.5,3275.0,False,15,203,29000.0
2612.5,-2387.5,2412.5,1650.0,False,15,211,22225.0
4112.5,-887.5,3987.5,1600.0,False,15,210,16000.0
6500.0,1500.0,3925.0,2150.0,False,15,207,27675.0
7787.5,2787.5,3925.0,1000.0,False,15,208,13250.0
4137.5,-862.5,1725.0,2100.0,False,15,206,22850.0
2087.5,-2912.5,1525.0,3800.0,False,15,204,34625.0
5600.0,600.0,3887.5,3075.0,False,15,201,23400.0
5850.0,850.0,4150.0,2000.0,False,15,203,16300.0
1075.0,-3925.0,1075.0,2300.0,False,15,198,17775.0
4562.5,-437.5,3000.0,1900.0,False,15,211,28075.0
6737.5,1737.5,4937.5,2250.0,False,15,204,34675.0
6212.5,1212.5,2412.5,2550.0,False,15,203,30175.0
8362.5,3362.5,4250.0,1000.0,False,15,203,20250.0
3987.5,-1012.5,3212.5,2050.0,False,15,205,27700.0
7562.5,2562.5,4975.0,2300.0,False,15,205,27925.0
8450.0,3450.0,4825.0,1925.0,False,15,208,27325.0
5087.5,87.5,4425.0,1450.0,False,15,206,22575.0
7850.0,2850.0,4537.5,1500.0,False,15,215,22700.0
9612.5,4612.5,4825.0,800.0,False,15,203,22950.0
9237.5,4237.5,3212.5,1150.0,False,15,204,26025.0
7400.0,2400.0,4512.5,1500.0,False,15,204,15500.0
3000.0,-2000.0,2275.0,2250.0,False,15,207,19925.0
5050.0,50.0,1475.0,1700.0,False,15,205,28150.0
6062.5,1062.5,4775.0,1225.0,False,15,208,14775.0
-162.5,-5162.5,-162.5,2450.0,True,12,158,18550.0
6025.0,1025.0,3762.5,1425.0,False,15,212,25325.0
7062.5,2062.5,4650.0,1350.0,False,15,210,24675.0
5762.5,762.5,4700.0,1775.0,False,15,209,32775.0
5400.0,400.0,4887.5,3000.0,False,15,204,22200.0
4850.0,-150.0,3750.0,2000.0,False,15,205,18400.0
7625.0,2625.0,3912.5,2575.0,False,15,204,28750.0
6750.0,1750.0,3762.5,1275.0,False,15,202,26175.0
2800.0,-2200.0,2525.0,1900.0,False,15,209,25450.0
7000.0,2000.0,3975.0,1900.0,False,15,202,25550.0
4100.0,-900.0,3762.5,2100.0,False,15,205,35725.0
5187.5,187.5,3187.5,2000.0,False,15,207,30025.0
7562.5,2562.5,4675.0,2000.0,False,15,209,32475.0
2462.5,-2537.5,1962.5,1850.0,False,15,208,16375.0
5087.5,87.5,2800.0,1750.0,False,15,208,15025.0
7212.5,2212.5,4162.5,1000.0,False,15,209,18500.0
7012.5,2012.5,4212.5,1500.0,False,15,210,24000.0
5387.5,387.5,2400.0,1650.0,False,15,205,19950.0
4987.5,-12.5,2200.0,1750.0,False,15,205,19625.0
5500.0,500.0,2650.0,2675.0,False,15,203,28075.0
4012.5,-987.5,3650.0,1800.0,False,15,208,23225.0
7387.5,2387.5,4925.0,2525.0,False,15,203,24250.0
5025.0,25.0,3850.0,1350.0,False,15,209,16200.0
3525.0,-1475.0,2737.5,3650.0,False,15,208,29125.0
9300.0,4300.0,4175.0,900.0,False,15,204,20275.0
6475.0,1475.0,3750.0,1875.0,False,15,206,32025.0
4187.5,-812.5,3425.0,1000.0,False,15,209,15775.0
8962.5,3962.5,3900.0,1700.0,False,15,206,26975.0
8912.5,3912.5,2637.5,2000.0,False,15,206,26900.0
8962.5,3962.5,5000.0,800.0,False,15,209,16675.0
875.0,-4125.0,525.0,4350.0,False,15,209,22525.0
2387.5,-2612.5,1850.0,2025.0,False,15,209,25900.0
5712.5,712.5,4837.5,1200.0,False,15,205,26800.0
3000.0,-2000.0,1487.5,2000.0,False,15,202,32800.0
8012.5,3012.5,4250.0,1000.0,False,15,206,18075.0
8812.5,3812.5,4875.0,1500.0,False,15,203,23825.0
3287.5,-1712.5,2837.5,3725.0,False,15,202,39875.0
7425.0,2425.0,4950.0,2100.0,False,15,206,30375.0
8025.0,3025.0,4200.0,2250.0,False,15,209,29600.0
4450.0,-550.0,2887.5,2300.0,False,15,205,27700.0
2912.5,-2087.5,2887.5,1850.0,False,15,208,27775.0
6162.5,1162.5,2337.5,2375.0,False,15,207,23175.0
6587.5,1587.5,4312.5,925.0,False,15,208,15925.0
3412.5,-1587.5,3350.0,1150.0,False,15,205,25675.0
2150.0,-2850.0,900.0,2750.0,False,15,210,25850.0
8912.5,3912.5,3062.5,2400.0,False,15,203,32300.0
7412.5,2412.5,4850.0,1175.0,False,15,204,17125.0
7462.5,2462.5,4125.0,1400.0,False,15,205,22350.0
-712.5,-5712.5,-712.5,2550.0,True,15,202,24575.0
2125.0,-2875.0,337.5,2050.0,False,15,208,21125.0
5700.0,700.0,2562.5,1700.0,False,15,205,18575.0
5137.5,137.5,4350.0,1200.0,False,15,210,18550.0
7912.5,2912.5,4237.5,800.0,False,15,201,13450.0
0.0,-5000.0,0.0,2275.0,True,10,132,15550.0
4375.0,-625.0,3687.5,1100.0,False,15,210,12450.0
7100.0,2100.0,4275.0,1900.0,False,15,205,26050.0
125.0,-4875.0,75.0,3000.0,False,15,207,35725.0
5487.5,487.5,4650.0,1500.0,False,15,208,18075.0
3737.5,-1262.5,3712.5,1575.0,False,15,208,16775.0
5075.0,75.0,3925.0,1775.0,False,15,209,20950.0
6775.0,1775.0,3500.0,2600.0,False,15,207,26350.0
2375.0,-2625.0,150.0,3200.0,False,15,205,22175.0
10075.0,5075.0,4787.5,1225.0,False,15,208,25325.0
7600.0,2600.0,4950.0,1250.0,False,15,207,18275.0
5712.5,712.5,3912.5,1200.0,False,15,207,17200.0
7000.0,2000.0,3275.0,1400.0,False,15,209,26600.0
5300.0,300.0,4875.0,3000.0,False,15,203,23025.0
2700.0,-2300.0,2387.5,2275.0,False,15,208,24175.0
13925.0,8925.0,4625.0,2000.0,False,15,198,29525.0
3262.5,-1737.5,825.0,2600.0,False,15,206,27700.0
6125.0,1125.0,4700.0,1325.0,False,15,209,26325.0
3225.0,-1775.0,1537.5,4400.0,False,15,207,26000.0
550.0,-4450.0,475.0,2500.0,False,15,200,23375.0
4312.5,-687.5,4312.5,1900.0,False,15,206,15175.0
4762.5,-237.5,2775.0,1650.0,False,15,209,16175.0
4275.0,-725.0,3325.0,1125.0,False,15,209,18375.0
3187.5,-1812.5,2612.5,2250.0,False,15,207,24875.0
2612.5,-2387.5,1887.5,2275.0,False,15,206,27050.0
10237.5,5237.5,3850.0,1175.0,False,15,208,18300.0
2987.5,-2012.5,862.5,3300.0,False,15,207,31200.0
12950.0,7950.0,4925.0,1000.0,False,15,203,33625.0
3500.0,-1500.0,2175.0,2000.0,False,15,205,20500.0
9637.5,4637.5,4925.0,1500.0,False,15,206,30550.0
8125.0,3125.0,4925.0,1800.0,False,15,205,33925.0
7575.0,2575.0,3850.0,2500.0,False,15,205,28300.0
5525.0,525.0,2875.0,2200.0,False,15,208,29850.0
2612.5,-2387.5,987.5,2350.0,False,15,205,25875.0
6550.0,1550.0,4950.0,2600.0,False,15,205,22625.0
4625.0,-375.0,4075.0,2200.0,False,15,205,29575.0
8887.5,3887.5,3862.5,900.0,False,15,206,18875.0
4287.5,-712.5,3937.5,1500.0,False,15,211,17500.0
2000.0,-3000.0,600.0,3000.0,False,15,204,20850.0
3887.5,-1112.5,2750.0,950.0,False,15,209,17600.0
10575.0,5575.0,4275.0,1700.0,False,15,210,38450.0
14100.0,9100.0,4600.0,2550.0,False,15,200,32900.0
8937.5,3937.5,4975.0,1900.0,False,15,201,29375.0
2875.0,-2125.0,2875.0,2250.0,False,15,209,29675.0
4250.0,-750.0,3937.5,2300.0,False,15,205,26375.0
700.0,-4300.0,662.5,2750.0,False,15,204,24150.0
4837.5,-162.5,4337.5,1500.0,False,15,206,25175.0
3750.0,-1250.0,3687.5,2350.0,False,15,207,18300.0
3837.5,-1162.5,2650.0,1750.0,False,15,205,19925.0
6937.5,1937.5,4975.0,1000.0,False,15,202,21275.0
2287.5,-2712.5,2287.5,3300.0,False,15,205,29700.0
6912.5,1912.5,2950.0,1900.0,False,15,208,21925.0
6800.0,1800.0,4237.5,1025.0,False,15,207,16150.0
5025.0,25.0,4937.5,1250.0,False,15,207,18600.0
4100.0,-900.0,2775.0,2000.0,False,15,206,35150.0
-212.5,-5212.5,-212.5,2825.0,True,11,153,16125.0
8275.0,3275.0,4900.0,1350.0,False,15,206,30800.0
4662.5,-337.5,2225.0,1700.0,False,15,201,31000.0
11525.0,6525.0,4350.0,1000.0,False,15,204,25950.0
10075.0,5075.0,4737.5,575.0,False,15,207,20175.0
-100.0,-5100.0,-100.0,2600.0,True,15,203,26525.0
10350.0,5350.0,4650.0,3000.0,False,15,210,23425.0
5037.5,37.5,4025.0,975.0,False,15,206,13100.0
14675.0,9675.0,4112.5,1100.0,False,15,207,29250.0
5750.0,750.0,4875.0,2000.0,False,15,206,15900.0
6425.0,1425.0,3875.0,2000.0,False,15,206,27550.0
2887.5,-2112.5,2387.5,2500.0,False,15,208,23325.0
2400.0,-2600.0,2300.0,2150.0,False,15,202,24575.0
5712.5,712.5,4362.5,2100.0,False,15,207,36525.0
-350.0,-5350.0,-350.0,1625.0,True,13,177,16875.0
2512.5,-2487.5,1912.5,1800.0,False,15,208,31400.0
3625.0,-1375.0,3150.0,1425.0,False,15,206,21850.0
1762.5,-3237.5,1662.5,1950.0,False,15,208,19550.0
9512.5,4512.5,4475.0,950.0,False,15,205,28000.0
4112.5,-887.5,2962.5,1900.0,False,15,204,26275.0
7400.0,2400.0,887.5,3100.0,False,15,206,21275.0
6650.0,1650.0,4262.5,1650.0,False,15,205,23700.0
887.5,-4112.5,887.5,2250.0,False,15,203,16400.0
4525.0,-475.0,3687.5,1000.0,False,15,205,19050.0
8300.0,3300.0,4975.0,1250.0,False,15,210,23875.0
7087.5,2087.5,3725.0,2550.0,False,15,207,20525.0
8250.0,3250.0,4850.0,1250.0,False,15,207,22200.0
3337.5,-1662.5,925.0,2175.0,False,15,204,18075.0
4725.0,-275.0,2237.5,2300.0,False,15,204,25450.0
925.0,-4075.0,100.0,2900.0,False,15,212,24750.0
11687.5,6687.5,4600.0,1650.0,False,15,209,29125.0
4362.5,-637.5,3437.5,1550.0,False,15,205,17650.0
2925.0,-2075.0,2200.0,2250.0,False,15,205,20875.0
5312.5,312.5,1737.5,2000.0,False,15,210,23450.0
7275.0,2275.0,3875.0,1550.0,False,15,207,26525.0
10762.5,5762.5,5000.0,675.0,False,15,207,17075.0
4612.5,-387.5,2162.5,2550.0,False,15,205,28375.0
3062.5,-1937.5,2500.0,2000.0,False,15,207,26275.0
5200.0,200.0,2487.5,1300.0,False,15,204,16325.0
9925.0,4925.0,4925.0,1250.0,False,15,211,26000.0
2037.5,-2962.5,337.5,3500.0,False,15,198,23050.0
4837.5,-162.5,3587.5,2550.0,False,15,206,13975.0
8312.5,3312.5,4462.5,1575.0,False,15,199,22575.0
10375.0,5375.0,4525.0,1400.0,False,15,205,24650.0
9662.5,4662.5,4950.0,1050.0,False,15,210,29550.0
7575.0,2575.0,4937.5,1650.0,False,15,205,21225.0
6262.5,1262.5,2512.5,2150.0,False,15,202,21950.0
2812.5,-2187.5,1137.5,3500.0,False,15,212,30975.0
8037.5,3037.5,3687.5,1000.0,False,15,209,21450.0
7875.0,2875.0,3587.5,2200.0,False,15,201,34825.0
9950.0,4950.0,4900.0,1500.0,False,15,209,17600.0
7825.0,2825.0,4862.5,2000.0,False,15,202,29475.0
6312.5,1312.5,4650.0,1600.0,False,15,207,21075.0
2787.5,-2212.5,1700.0,2000.0,False,15,210,25500.0
3200.0,-1800.0,1525.0,2200.0,False,15,205,20200.0
9287.5,4287.5,4425.0,1400.0,False,15,208,26525.0
7987.5,2987.5,4925.0,1050.0,False,15,211,18450.0
1875.0,-3125.0,1325.0,2250.0,False,15,205,26275.0
10475.0,5475.0,5000.0,1425.0,False,15,208,22300.0
8300.0,3300.0,3200.0,2500.0,False,15,204,22125.0
3812.5,-1187.5,1987.5,2725.0,False,15,210,27150.0
4587.5,-412.5,3200.0,2075.0,False,15,207,30550.0
-625.0,-5625.0,-625.0,2100.0,True,11,140,22200.0
8862.5,3862.5,4800.0,1200.0,False,15,208,24375.0
4912.5,-87.5,4137.5,1000.0,False,15,202,15850.0
4125.0,-875.0,3825.0,1500.0,False,15,207,12750.0
6337.5,1337.5,3837.5,2050.0,False,15,206,22250.0
2712.5,-2287.5,1675.0,1950.0,False,15,206,25275.0
7450.0,2450.0,4875.0,1250.0,False,15,200,17575.0
4925.0,-75.0,3812.5,1350.0,False,15,207,16450.0
3662.5,-1337.5,2587.5,1800.0,False,15,207,17400.0
3800.0,-1200.0,2700.0,2300.0,False,15,207,34025.0
2587.5,-2412.5,1987.5,1500.0,False,15,207,24475.0
10325.0,5325.0,4775.0,2000.0,False,15,207,33325.0
9087.5,4087.5,4075.0,1800.0,False,15,208,24650.0
7537.5,2537.5,4775.0,1700.0,False,15,214,19300.0
1525.0,-3475.0,1125.0,1350.0,False,15,201,21300.0
3400.0,-1600.0,1487.5,2650.0,False,15,204,27150.0
6475.0,1475.0,3812.5,1900.0,False,15,202,27100.0
4025.0,-975.0,3112.5,1800.0,False,15,209,22075.0
5200.0,200.0,4975.0,1900.0,False,15,203,23925.0
5025.0,25.0,4462.5,1400.0,False,15,205,15475.0
4387.5,-612.5,2137.5,3300.0,False,15,206,30025.0
4900.0,-100.0,4587.5,1575.0,False,15,210,31375.0
-25.0,-5025.0,-25.0,4050.0,True,7,82,11475.0
-275.0,-5275.0,-275.0,3550.0,True,4,52,11225.0
11212.5,6212.5,4725.0,1500.0,False,15,204,25400.0
3675.0,-1325.0,1150.0,2300.0,False,15,205,26175.0
7612.5,2612.5,4775.0,1500.0,False,15,202,20025.0
1750.0,-3250.0,612.5,1975.0,False,15,200,31375.0
5687.5,687.5,2850.0,1800.0,False,15,204,28250.0
3137.5,-1862.5,1912.5,2650.0,False,15,210,19300.0
7075.0,2075.0,4925.0,700.0,False,15,209,16450.0
3425.0,-1575.0,2512.5,1725.0,False,15,207,21325.0
2687.5,-2312.5,1587.5,1300.0,False,15,207,26725.0
4450.0,-550.0,2725.0,1525.0,False,15,205,17400.0
6387.5,1387.5,5000.0,2100.0,False,15,207,23625.0
3750.0,-1250.0,3650.0,1250.0,False,15,205,17775.0
2112.5,-2887.5,1637.5,3000.0,False,15,211,26700.0
-150.0,-5150.0,-150.0,1600.0,True,12,156,22875.0
3300.0,-1700.0,1725.0,1550.0,False,15,208,29625.0
3962.5,-1037.5,3662.5,1600.0,False,15,206,24150.0
1712.5,-3287.5,687.5,2225.0,False,15,207,25400.0
8187.5,3187.5,4450.0,2650.0,False,15,202,26200.0
3837.5,-1162.5,2487.5,1500.0,False,15,205,28525.0
4825.0,-175.0,4450.0,2250.0,False,15,212,21300.0
6625.0,1625.0,2912.5,1350.0,False,15,208,20075.0
4700.0,-300.0,3250.0,1700.0,False,15,203,21925.0
2987.5,-2012.5,1950.0,1400.0,False,15,205,25300.0
1237.5,-3762.5,237.5,3500.0,False,15,204,27575.0
7237.5,2237.5,1837.5,3000.0,False,15,209,27725.0
7087.5,2087.5,4800.0,1000.0,False,15,204,20000.0
3575.0,-1425.0,2975.0,2000.0,False,15,206,18100.0
4025.0,-975.0,2475.0,1400.0,False,15,206,20025.0
6150.0,1150.0,1862.5,1900.0,False,15,207,30550.0
5950.0,950.0,2300.0,2200.0,False,15,205,25650.0
4600.0,-400.0,3550.0,1750.0,False,15,203,21250.0
875.0,-4125.0,237.5,3900.0,False,15,211,32225.0
8050.0,3050.0,4600.0,1825.0,False,15,206,25825.0
5650.0,650.0,3587.5,2050.0,False,15,209,19775.0
3000.0,-2000.0,1937.5,2100.0,False,15,206,32525.0
8925.0,3925.0,4100.0,1400.0,False,15,208,34375.0
7812.5,2812.5,3850.0,1200.0,False,15,205,18500.0
1725.0,-3275.0,1650.0,2200.0,False,15,205,17450.0
8275.0,3275.0,4675.0,1525.0,False,15,205,21025.0
3312.5,-1687.5,2812.5,2750.0,False,15,208,28375.0
2050.0,-2950.0,2025.0,2400.0,False,15,202,17350.0
8100.0,3100.0,4587.5,2000.0,False,15,207,21175.0
7000.0,2000.0,3775.0,1600.0,False,15,205,17800.0
12.5,-4987.5,12.5,2650.0,True,12,160,24925.0
11862.5,6862.5,4487.5,500.0,False,15,210,19975.0
9137.5,4137.5,4937.5,1487.5,False,15,208,16725.0
4600.0,-400.0,3512.5,1750.0,False,15,207,20075.0
-375.0,-5375.0,-375.0,3325.0,True,8,100,11275.0
10150.0,5150.0,3850.0,1100.0,False,15,204,27525.0
8475.0,3475.0,4075.0,2100.0,False,15,208,28125.0
5087.5,87.5,3825.0,1300.0,False,15,203,15750.0
1512.5,-3487.5,512.5,2900.0,False,15,208,25750.0
5787.5,787.5,4125.0,2000.0,False,15,208,25600.0
8450.0,3450.0,1562.5,3200.0,False,15,208,32700.0
250.0,-4750.0,250.0,2150.0,False,15,208,16550.0
5725.0,725.0,4325.0,1475.0,False,15,205,23350.0
14050.0,9050.0,4650.0,1600.0,False,15,203,34275.0
8150.0,3150.0,4687.5,1750.0,False,15,208,29975.0
4150.0,-850.0,4150.0,1750.0,False,15,208,19475.0
4962.5,-37.5,4175.0,2050.0,False,15,205,28150.0
6775.0,1775.0,3862.5,1600.0,False,15,205,22425.0
6200.0,1200.0,2250.0,2350.0,False,15,209,30250.0
9237.5,4237.5,4487.5,1400.0,False,15,205,27825.0
5900.0,900.0,4612.5,2900.0,False,15,208,25050.0
2362.5,-2637.5,1025.0,3200.0,False,15,210,31300.0
3212.5,-1787.5,1475.0,2100.0,False,15,210,33175.0
5337.5,337.5,3887.5,1700.0,False,15,204,27850.0
2512.5,-2487.5,2362.5,2000.0,False,15,206,30575.0
9425.0,4425.0,4125.0,1550.0,False,15,204,26800.0
6012.5,1012.5,3475.0,1500.0,False,15,208,29325.0
3987.5,-1012.5,612.5,3675.0,False,15,207,21350.0
8062.5,3062.5,2387.5,1525.0,False,15,209,21100.0
9825.0,4825.0,4450.0,2400.0,False,15,207,35050.0
7950.0,2950.0,4475.0,550.0,False,15,207,13850.0
5312.5,312.5,3737.5,1250.0,False,15,205,16250.0
3837.5,-1162.5,3487.5,1750.0,False,15,208,25850.0
-437.5,-5437.5,-437.5,4100.0,True,7,89,15425.0
7075.0,2075.0,4975.0,1075.0,False,15,204,18275.0
6025.0,1025.0,3937.5,925.0,False,15,206,16400.0
4875.0,-125.0,2862.5,2000.0,False,15,205,27475.0
8400.0,3400.0,4925.0,1650.0,False,15,199,24025.0
7987.5,2987.5,2487.5,1800.0,False,15,206,26425.0
6150.0,1150.0,3650.0,2000.0,False,15,204,34750.0
7562.5,2562.5,3537.5,2350.0,False,15,207,28975.0
3512.5,-1487.5,3162.5,1300.0,False,15,204,25125.0
7387.5,2387.5,4800.0,1500.0,False,15,206,20425.0
11662.5,6662.5,3850.0,1300.0,False,15,203,26150.0
6137.5,1137.5,4925.0,1350.0,False,15,200,22525.0
4925.0,-75.0,3400.0,1500.0,False,15,204,37975.0
3725.0,-1275.0,3500.0,2000.0,False,15,206,30675.0
4650.0,-350.0,2075.0,2250.0,False,15,211,24175.0
6987.5,1987.5,3262.5,1500.0,False,15,199,22250.0
4937.5,-62.5,2012.5,3700.0,False,15,209,32500.0
7000.0,2000.0,4750.0,1225.0,False,15,208,17650.0
1587.5,-3412.5,825.0,2000.0,False,15,206,22175.0
8900.0,3900.0,3475.0,1800.0,False,15,208,31600.0
10787.5,5787.5,4200.0,950.0,False,15,208,17800.0
4400.0,-600.0,2350.0,1175.0,False,15,213,13725.0
6062.5,1062.5,3837.5,1400.0,False,15,206,20500.0
5125.0,125.0,2350.0,1650.0,False,15,208,18650.0
6137.5,1137.5,4050.0,1400.0,False,15,206,33650.0
8175.0,3175.0,4950.0,900.0,False,15,210,16350.0
0.0,-5000.0,0.0,2400.0,True,11,155,25175.0
8437.5,3437.5,4175.0,1200.0,False,15,201,26350.0
5100.0,100.0,3362.5,1125.0,False,15,201,21900.0
2625.0,-2375.0,2025.0,3075.0,False,15,207,20575.0
7425.0,2425.0,4550.0,825.0,False,15,208,17200.0
5450.0,450.0,4875.0,2550.0,False,15,208,20000.0
5725.0,725.0,4725.0,950.0,False,15,205,19475.0
6750.0,1750.0,3575.0,1450.0,False,15,202,15275.0
5400.0,400.0,4700.0,1800.0,False,15,205,21900.0
7650.0,2650.0,3212.5,2100.0,False,15,206,25650.0
4412.5,-587.5,3975.0,1050.0,False,15,207,16350.0
6650.0,1650.0,2662.5,2750.0,False,15,203,28800.0
5287.5,287.5,2050.0,1350.0,False,15,209,27025.0
6975.0,1975.0,4925.0,1000.0,False,15,208,18425.0
2525.0,-2475.0,1375.0,2100.0,False,15,203,27050.0
4912.5,-87.5,1237.5,4750.0,False,15,207,24150.0
7337.5,2337.5,3687.5,2250.0,False,15,206,24350.0
4550.0,-450.0,2350.0,1925.0,False,15,205,17075.0
2600.0,-2400.0,2600.0,2500.0,False,15,208,31425.0
-12.5,-5012.5,-12.5,1900.0,True,10,136,21175.0
912.5,-4087.5,862.5,3425.0,False,15,207,15800.0
3162.5,-1837.5,3150.0,3000.0,False,15,204,18025.0
4862.5,-137.5,4662.5,1875.0,False,15,204,24050.0
6062.5,1062.5,4437.5,2200.0,False,15,204,26875.0
5375.0,375.0,3125.0,1250.0,False,15,204,27700.0
3200.0,-1800.0,1875.0,2800.0,False,15,207,21125.0
6937.5,1937.5,3787.5,1250.0,False,15,204,25200.0
6512.5,1512.5,2825.0,1675.0,False,15,206,30525.0
8300.0,3300.0,4025.0,800.0,False,15,208,14000.0
5550.0,550.0,2950.0,1300.0,False,15,202,17700.0
2337.5,-2662.5,1712.5,2150.0,False,15,202,23575.0
4612.5,-387.5,2012.5,1700.0,False,15,206,21425.0
6050.0,1050.0,3087.5,2800.0,False,15,203,25000.0
7862.5,2862.5,4287.5,1800.0,False,15,207,23125.0
-462.5,-5462.5,-462.5,3500.0,True,12,162,26600.0
9462.5,4462.5,4237.5,1300.0,False,15,202,21100.0
6837.5,1837.5,4150.0,1600.0,False,15,204,15850.0
5987.5,987.5,4137.5,1000.0,False,15,208,15850.0
850.0,-4150.0,450.0,3450.0,False,15,208,31525.0
7387.5,2387.5,4775.0,1800.0,False,15,208,22025.0
612.5,-4387.5,437.5,2625.0,False,15,208,24825.0
8837.5,3837.5,4950.0,2150.0,False,15,208,28150.0
3075.0,-1925.0,212.5,4125.0,False,15,205,27450.0
1062.5,-3937.5,387.5,3750.0,False,15,208,29775.0
5612.5,612.5,4800.0,1400.0,False,15,202,21025.0
6487.5,1487.5,4900.0,2100.0,False,15,210,21450.0
10925.0,5925.0,4900.0,1400.0,False,15,205,31700.0
4587.5,-412.5,2487.5,2500.0,False,15,204,32375.0
5600.0,600.0,3675.0,1750.0,False,15,206,29200.0
-400.0,-5400.0,-400.0,2750.0,True,9,120,18050.0
5662.5,662.5,4925.0,325.0,False,15,203,7750.0
8037.5,3037.5,4600.0,1475.0,False,15,203,26075.0
1400.0,-3600.0,450.0,2650.0,False,15,206,40475.0
6525.0,1525.0,4037.5,2350.0,False,15,202,29625.0
11475.0,6475.0,4912.5,1000.0,False,15,204,29850.0
5175.0,175.0,4662.5,1300.0,False,15,207,23150.0
3600.0,-1400.0,2625.0,2075.0,False,15,208,24500.0
6712.5,1712.5,4625.0,700.0,False,15,208,18750.0
0.0,-5000.0,0.0,2000.0,True,12,157,16550.0
6575.0,1575.0,3950.0,900.0,False,15,208,15950.0
-12.5,-5012.5,-12.5,2900.0,True,8,99,18550.0
7075.0,2075.0,3387.5,1775.0,False,15,203,25900.0
4462.5,-537.5,1012.5,1500.0,False,15,208,23625.0
3400.0,-1600.0,3075.0,1700.0,False,15,203,23200.0
6687.5,1687.5,4475.0,1000.0,False,15,209,19200.0
5637.5,637.5,2912.5,1950.0,False,15,209,26125.0
5637.5,637.5,3037.5,1925.0,False,15,207,18800.0
3200.0,-1800.0,2812.5,2050.0,False,15,209,26175.0
6062.5,1062.5,4325.0,2300.0,False,15,204,28975.0
2325.0,-2675.0,1650.0,2350.0,False,15,204,21875.0
7237.5,2237.5,1850.0,2950.0,False,15,204,33475.0
6762.5,1762.5,4062.5,3600.0,False,15,206,24600.0
-12.5,-5012.5,-12.5,1900.0,True,15,199,23450.0
4050.0,-950.0,3450.0,1950.0,False,15,207,18100.0
2887.5,-2112.5,450.0,2375.0,False,15,208,21850.0
7350.0,2350.0,5000.0,1500.0,False,15,204,18200.0
1050.0,-3950.0,887.5,4000.0,False,15,212,24575.0
4600.0,-400.0,4350.0,1100.0,False,15,205,17750.0
3262.5,-1737.5,2625.0,2200.0,False,15,209,25600.0
7862.5,2862.5,4350.0,3000.0,False,15,205,33025.0
9500.0,4500.0,3750.0,1400.0,False,15,210,26900.0
12.5,-4987.5,12.5,2200.0,True,15,199,36175.0
12475.0,7475.0,4800.0,1850.0,False,15,206,28675.0
6000.0,1000.0,4312.5,1750.0,False,15,205,27625.0
4937.5,-62.5,4362.5,3400.0,False,15,208,28825.0
4875.0,-125.0,4150.0,1500.0,False,15,206,20750.0
5825.0,825.0,2612.5,2400.0,False,15,206,20125.0
8275.0,3275.0,4312.5,2100.0,False,15,204,26200.0
3487.5,-1512.5,1612.5,2700.0,False,15,208,18575.0
1175.0,-3825.0,925.0,2400.0,False,15,211,25775.0
2437.5,-2562.5,2075.0,1400.0,False,15,208,20750.0
4700.0,-300.0,3775.0,2025.0,False,15,204,27275.0
7175.0,2175.0,4687.5,800.0,False,15,206,16125.0
12.5,-4987.5,12.5,2500.0,True,14,187,24050.0
9200.0,4200.0,5000.0,2400.0,False,15,209,33725.0
9087.5,4087.5,4650.0,1700.0,False,15,207,26275.0
4737.5,-262.5,3525.0,1375.0,False,15,207,15575.0
5325.0,325.0,2900.0,2000.0,False,15,205,33350.0
5625.0,625.0,3862.5,1000.0,False,15,204,23475.0
6575.0,1575.0,4725.0,1200.0,False,15,205,22250.0
3637.5,-1362.5,3325.0,2075.0,False,15,209,16975.0
4212.5,-787.5,2462.5,1325.0,False,15,208,24675.0
2387.5,-2612.5,2237.5,2000.0,False,15,206,22250.0
7075.0,2075.0,4600.0,900.0,False,15,210,16475.0
2112.5,-2887.5,1925.0,1475.0,False,15,206,16950.0
7600.0,2600.0,4262.5,1700.0,False,15,204,25975.0
10800.0,5800.0,4450.0,600.0,False,15,207,22750.0
13725.0,8725.0,4925.0,800.0,False,15,205,30275.0
7200.0,2200.0,3825.0,1550.0,False,15,208,24275.0
3887.5,-1112.5,1325.0,1900.0,False,15,210,22550.0
7100.0,2100.0,4700.0,1325.0,False,15,208,23675.0
6550.0,1550.0,4875.0,1400.0,False,15,206,27975.0
2525.0,-2475.0,2525.0,2325.0,False,15,206,24550.0
5150.0,150.0,5000.0,2000.0,False,15,203,20825.0
0.0,-5000.0,0.0,2000.0,True,15,202,20075.0
3487.5,-1512.5,2412.5,2525.0,False,15,201,22175.0
5662.5,662.5,4412.5,2700.0,False,15,209,22000.0
9612.5,4612.5,4675.0,950.0,False,15,203,23075.0
5850.0,850.0,2525.0,2175.0,False,15,205,20900.0
6137.5,1137.5,4975.0,2200.0,False,15,202,17900.0
5387.5,387.5,4500.0,1300.0,False,15,210,17450.0
12512.5,7512.5,4662.5,2000.0,False,15,205,33825.0
5025.0,25.0,4425.0,2150.0,False,15,209,32225.0
10175.0,5175.0,4537.5,1250.0,False,15,207,23200.0
6475.0,1475.0,4437.5,1550.0,False,15,208,23925.0
5337.5,337.5,2587.5,2150.0,False,15,209,27500.0
7812.5,2812.5,5000.0,2000.0,False,15,207,27925.0
2850.0,-2150.0,1350.0,2550.0,False,15,204,26075.0
7475.0,2475.0,4887.5,1500.0,False,15,206,26875.0
3450.0,-1550.0,3412.5,1000.0,False,15,202,13600.0
4075.0,-925.0,3275.0,1400.0,False,15,205,24225.0
9262.5,4262.5,3750.0,1300.0,False,15,209,19275.0
9837.5,4837.5,4987.5,900.0,False,15,207,22025.0
-12.5,-5012.5,-12.5,2700.0,True,6,82,10150.0
5112.5,112.5,2612.5,2350.0,False,15,204,23750.0
6287.5,1287.5,4912.5,900.0,False,15,211,15500.0
3537.5,-1462.5,3437.5,1850.0,False,15,205,21750.0
8225.0,3225.0,4550.0,950.0,False,15,209,23225.0
10450.0,5450.0,3512.5,1850.0,False,15,204,19950.0
6587.5,1587.5,4712.5,1000.0,False,15,204,15575.0
10312.5,5312.5,3425.0,1650.0,False,15,208,23650.0
4075.0,-925.0,3475.0,1950.0,False,15,207,20325.0
450.0,-4550.0,75.0,2000.0,False,15,203,21500.0
4912.5,-87.5,4050.0,2000.0,False,15,207,16350.0
5162.5,162.5,3875.0,825.0,False,15,209,12150.0
3850.0,-1150.0,3350.0,1237.5,False,15,210,23300.0
9612.5,4612.5,4675.0,1800.0,False,15,204,26050.0
4400.0,-600.0,4400.0,2350.0,False,15,203,26075.0
6562.5,1562.5,4950.0,1000.0,False,15,209,16500.0
4825.0,-175.0,4500.0,1850.0,False,15,204,26450.0
3625.0,-1375.0,3525.0,2100.0,False,15,206,20550.0
13612.5,8612.5,4062.5,1750.0,False,15,206,37375.0
9550.0,4550.0,4775.0,800.0,False,15,208,22000.0
9962.5,4962.5,4737.5,900.0,False,15,211,18325.0
12312.5,7312.5,4925.0,800.0,False,15,207,27925.0
2075.0,-2925.0,2075.0,2000.0,False,15,208,14875.0
837.5,-4162.5,700.0,2000.0,False,15,206,38825.0
11037.5,6037.5,5000.0,1800.0,False,15,199,28700.0
6587.5,1587.5,4150.0,800.0,False,15,210,15675.0
7550.0,2550.0,5000.0,1200.0,False,15,205,22600.0
6500.0,1500.0,3375.0,975.0,False,15,204,19450.0
8412.5,3412.5,4975.0,900.0,False,15,205,14050.0
7875.0,2875.0,3750.0,1550.0,False,15,209,26975.0
1362.5,-3637.5,1000.0,2525.0,False,15,207,23700.0
4312.5,-687.5,4125.0,1400.0,False,15,208,23475.0
5762.5,762.5,4825.0,2700.0,False,15,204,27000.0
1725.0,-3275.0,1725.0,3600.0,False,15,208,26450.0
2262.5,-2737.5,1837.5,3300.0,False,15,203,21425.0
6900.0,1900.0,4837.5,1500.0,False,15,208,23700.0
6875.0,1875.0,4062.5,1300.0,False,15,209,15450.0
8625.0,3625.0,4162.5,950.0,False,15,209,19450.0
9475.0,4475.0,4600.0,1900.0,False,15,206,23675.0
9975.0,4975.0,4700.0,950.0,False,15,210,19125.0
10475.0,5475.0,4950.0,2000.0,False,15,209,27925.0
3700.0,-1300.0,3600.0,1500.0,False,15,206,21700.0
787.5,-4212.5,462.5,2650.0,False,15,205,32875.0
3287.5,-1712.5,3287.5,2700.0,False,15,203,19950.0
4262.5,-737.5,3450.0,1050.0,False,15,206,21150.0
4087.5,-912.5,3512.5,1200.0,False,15,206,12900.0
7562.5,2562.5,4150.0,1650.0,False,15,206,25750.0
11362.5,6362.5,4900.0,1300.0,False,15,204,27275.0
12037.5,7037.5,4875.0,1000.0,False,15,206,23575.0
775.0,-4225.0,437.5,2000.0,False,15,207,16350.0
4087.5,-912.5,4087.5,1250.0,False,15,208,15650.0
2625.0,-2375.0,2212.5,2000.0,False,15,208,37400.0
7937.5,2937.5,4575.0,2275.0,False,15,210,31125.0
4525.0,-475.0,3000.0,1675.0,False,15,208,23850.0
5212.5,212.5,3475.0,2300.0,False,15,204,29025.0
10337.5,5337.5,4900.0,1000.0,False,15,205,22325.0
6825.0,1825.0,4175.0,1450.0,False,15,205,24975.0
5587.5,587.5,4500.0,1800.0,False,15,200,19325.0
4087.5,-912.5,1962.5,2125.0,False,15,208,23925.0
3225.0,-1775.0,1800.0,2450.0,False,15,205,22800.0
5687.5,687.5,2837.5,2375.0,False,15,205,23325.0
3450.0,-1550.0,2075.0,1500.0,False,15,209,25225.0
5725.0,725.0,4925.0,1000.0,False,15,209,20775.0
1400.0,-3600.0,1400.0,3000.0,False,15,204,28625.0
3812.5,-1187.5,3400.0,1200.0,False,15,206,12175.0
1600.0,-3400.0,1525.0,2600.0,False,15,209,18925.0
7150.0,2150.0,3387.5,1500.0,False,15,203,20650.0
3912.5,-1087.5,2750.0,3000.0,False,15,201,26550.0
7912.5,2912.5,4500.0,925.0,False,15,206,16100.0
737.5,-4262.5,200.0,5025.0,False,15,208,24875.0
3950.0,-1050.0,3025.0,1900.0,False,15,205,24800.0
4525.0,-475.0,3687.5,1250.0,False,15,206,17350.0
6425.0,1425.0,4975.0,1325.0,False,15,206,25950.0
3087.5,-1912.5,2137.5,1600.0,False,15,208,19875.0
3500.0,-1500.0,2475.0,2000.0,False,15,206,18950.0
3850.0,-1150.0,2175.0,1250.0,False,15,207,18825.0
8062.5,3062.5,4625.0,950.0,False,15,212,19575.0
6337.5,1337.5,4975.0,1500.0,False,15,208,21075.0
3662.5,-1337.5,3162.5,3050.0,False,15,205,23925.0
4000.0,-1000.0,2875.0,1650.0,False,15,204,22725.0
9387.5,4387.5,4925.0,1050.0,False,15,207,21225.0
6425.0,1425.0,4000.0,1925.0,False,15,204,24325.0
4487.5,-512.5,3462.5,1000.0,False,15,208,20250.0
5487.5,487.5,4087.5,1050.0,False,15,211,18925.0
7500.0,2500.0,3837.5,1500.0,False,15,204,18650.0
5437.5,437.5,3850.0,700.0,False,15,204,14950.0
8362.5,3362.5,4950.0,1000.0,False,15,208,19300.0
-337.5,-5337.5,-337.5,2625.0,True,13,173,26800.0
3037.5,-1962.5,2550.0,1550.0,False,15,208,20125.0
5100.0,100.0,3687.5,825.0,False,15,205,17200.0
7437.5,2437.5,4825.0,1500.0,False,15,204,25325.0
-50.0,-5050.0,-50.0,2050.0,True,15,207,28375.0
8912.5,3912.5,3487.5,1600.0,False,15,203,25875.0
7150.0,2150.0,2725.0,2050.0,False,15,210,23925.0
4700.0,-300.0,3787.5,2675.0,False,15,205,22500.0
3637.5,-1362.5,2437.5,1575.0,False,15,209,29250.0
3925.0,-1075.0,750.0,3100.0,False,15,209,31225.0
1762.5,-3237.5,1612.5,1950.0,False,15,209,16025.0
4725.0,-275.0,2525.0,2100.0,False,15,207,28650.0
275.0,-4725.0,250.0,2825.0,False,15,206,24575.0
7525.0,2525.0,3700.0,2000.0,False,15,207,33450.0
4262.5,-737.5,2075.0,2100.0,False,15,202,29800.0
-125.0,-5125.0,-125.0,3175.0,True,11,150,15725.0
4562.5,-437.5,1800.0,1850.0,False,15,210,20575.0
6750.0,1750.0,3725.0,1500.0,False,15,209,21725.0
3650.0,-1350.0,3650.0,1350.0,False,15,205,22200.0
6400.0,1400.0,3662.5,1000.0,False,15,207,24225.0
7262.5,2262.5,3062.5,1250.0,False,15,204,22525.0
4387.5,-612.5,3025.0,1500.0,False,15,208,20450.0
4650.0,-350.0,2400.0,2000.0,False,15,206,31175.0
-150.0,-5150.0,-150.0,2450.0,True,6,80,14350.0
2700.0,-2300.0,2325.0,2375.0,False,15,210,21250.0
9050.0,4050.0,4550.0,2000.0,False,15,207,21350.0
8962.5,3962.5,4875.0,1350.0,False,15,209,21475.0
7825.0,2825.0,4875.0,1075.0,False,15,206,15925.0
5237.5,237.5,3487.5,1000.0,False,15,208,17425.0
9175.0,4175.0,3937.5,1700.0,False,15,206,28100.0
8837.5,3837.5,5000.0,1150.0,False,15,205,21100.0
8800.0,3800.0,4262.5,1325.0,False,15,201,23825.0
4475.0,-525.0,4212.5,1050.0,False,15,210,16275.0
3600.0,-1400.0,1312.5,3350.0,False,15,208,29125.0
7225.0,2225.0,5000.0,2450.0,False,15,208,27525.0
12012.5,7012.5,4425.0,1200.0,False,15,203,33900.0
6350.0,1350.0,4275.0,1100.0,False,15,204,25350.0
6687.5,1687.5,3475.0,1500.0,False,15,208,34925.0
12750.0,7750.0,4800.0,1500.0,False,15,201,33475.0
4000.0,-1000.0,3737.5,2450.0,False,15,206,22500.0
3137.5,-1862.5,2850.0,1700.0,False,15,209,28950.0
4487.5,-512.5,4125.0,1475.0,False,15,205,15025.0
4187.5,-812.5,3225.0,2075.0,False,15,203,27050.0
4787.5,-212.5,4012.5,1950.0,False,15,208,24200.0
800.0,-4200.0,500.0,2150.0,False,15,208,18250.0
6150.0,1150.0,2750.0,2400.0,False,15,201,24525.0
2750.0,-2250.0,1000.0,2750.0,False,15,205,32425.0
2337.5,-2662.5,1087.5,3325.0,False,15,203,20550.0
11325.0,6325.0,4462.5,1400.0,False,15,208,21325.0
7175.0,2175.0,4825.0,1100.0,False,15,207,17950.0
5237.5,237.5,4662.5,1675.0,False,15,206,18650.0
12637.5,7637.5,4625.0,1000.0,False,15,210,26600.0
6612.5,1612.5,3825.0,1250.0,False,15,207,25400.0
8612.5,3612.5,3050.0,2300.0,False,15,200,40600.0
6375.0,1375.0,4975.0,1500.0,False,15,206,23175.0
7412.5,2412.5,4287.5,1750.0,False,15,209,26475.0
6450.0,1450.0,3350.0,1600.0,False,15,205,26775.0
3925.0,-1075.0,3325.0,1500.0,False,15,204,19650.0
4450.0,-550.0,2700.0,1200.0,False,15,206,26825.0
8100.0,3100.0,2850.0,1900.0,False,15,210,17150.0
1562.5,-3437.5,1350.0,1850.0,False,15,208,12600.0
4475.0,-525.0,1575.0,2550.0,False,15,207,33025.0
2000.0,-3000.0,1500.0,2300.0,False,15,206,33725.0
6575.0,1575.0,4175.0,2000.0,False,15,204,22100.0
1987.5,-3012.5,987.5,1700.0,False,15,202,23925.0
6237.5,1237.5,4100.0,1500.0,False,15,209,25225.0
11350.0,6350.0,4787.5,600.0,False,15,200,20050.0
9962.5,4962.5,4712.5,1900.0,False,15,206,22900.0
6875.0,1875.0,5000.0,1875.0,False,15,208,22025.0
2362.5,-2637.5,2137.5,3000.0,False,15,206,25825.0
6300.0,1300.0,2962.5,2650.0,False,15,207,26225.0
5787.5,787.5,3100.0,1050.0,False,15,206,21375.0
2625.0,-2375.0,2600.0,1825.0,False,15,208,19100.0
4212.5,-787.5,1825.0,2500.0,False,15,207,19800.0
7737.5,2737.5,4700.0,1550.0,False,15,207,17900.0
-162.5,-5162.5,-162.5,2625.0,True,7,88,10425.0
3887.5,-1112.5,3637.5,1700.0,False,15,209,23650.0
6875.0,1875.0,3325.0,1250.0,False,15,206,19575.0
1850.0,-3150.0,1250.0,2150.0,False,15,201,31450.0
2525.0,-2475.0,2525.0,2250.0,False,15,208,33525.0
-212.5,-5212.5,-212.5,2150.0,True,7,90,15450.0
5675.0,675.0,4975.0,1875.0,False,15,208,28775.0
6087.5,1087.5,2850.0,1650.0,False,15,206,27625.0
11875.0,6875.0,5000.0,825.0,False,15,203,19775.0
3725.0,-1275.0,2225.0,2200.0,False,15,208,23400.0
1225.0,-3775.0,925.0,2600.0,False,15,205,16425.0
4325.0,-675.0,3575.0,1650.0,False,15,209,20925.0
3387.5,-1612.5,3387.5,1200.0,False,15,204,20000.0
4550.0,-450.0,2925.0,1500.0,False,15,203,19050.0
6600.0,1600.0,3000.0,2000.0,False,15,205,31525.0
4762.5,-237.5,3725.0,2250.0,False,15,207,26100.0
4437.5,-562.5,2625.0,2025.0,False,15,207,20875.0
6725.0,1725.0,4800.0,1025.0,False,15,207,22700.0
1625.0,-3375.0,1375.0,2025.0,False,15,208,19050.0
4400.0,-600.0,1525.0,2050.0,False,15,211,20250.0
7462.5,2462.5,4150.0,1650.0,False,15,209,25275.0
-137.5,-5137.5,-137.5,2950.0,True,11,136,17400.0
3962.5,-1037.5,2975.0,2150.0,False,15,207,25000.0
4712.5,-287.5,4112.5,1850.0,False,15,205,19875.0
4862.5,-137.5,3437.5,1850.0,False,15,208,25775.0
2212.5,-2787.5,125.0,1900.0,False,15,209,24100.0
3262.5,-1737.5,1350.0,3800.0,False,15,208,17700.0
10487.5,5487.5,3687.5,1800.0,False,15,207,27850.0
7650.0,2650.0,3837.5,600.0,False,15,205,20775.0
7462.5,2462.5,4062.5,1250.0,False,15,205,23875.0
4937.5,-62.5,2462.5,2775.0,False,15,206,31950.0
4800.0,-200.0,4025.0,1475.0,False,15,207,15425.0
-925.0,-5925.0,-925.0,3675.0,True,8,94,12425.0
-312.5,-5312.5,-312.5,2275.0,True,9,121,16725.0
5175.0,175.0,4625.0,600.0,False,15,209,9800.0
4725.0,-275.0,3975.0,2200.0,False,15,212,21725.0
7337.5,2337.5,3287.5,1600.0,False,15,205,26250.0
9687.5,4687.5,4925.0,1675.0,False,15,206,32575.0
-175.0,-5175.0,-175.0,4400.0,True,10,119,18450.0
7600.0,2600.0,4900.0,1200.0,False,15,207,25275.0
5600.0,600.0,4287.5,1325.0,False,15,207,23275.0
7987.5,2987.5,4062.5,1500.0,False,15,204,26625.0
9025.0,4025.0,4762.5,1400.0,False,15,203,21350.0
1575.0,-3425.0,875.0,2450.0,False,15,210,34125.0
475.0,-4525.0,175.0,2150.0,False,15,205,21425.0
2162.5,-2837.5,1562.5,1900.0,False,15,204,25275.0
5887.5,887.5,2812.5,2700.0,False,15,208,32150.0
6600.0,1600.0,4950.0,2100.0,False,15,205,26600.0
7325.0,2325.0,4875.0,2300.0,False,15,209,25250.0
3175.0,-1825.0,2312.5,1500.0,False,15,210,20275.0
1075.0,-3925.0,1012.5,1762.5,False,15,210,17775.0
7437.5,2437.5,4562.5,800.0,False,15,212,19700.0
5162.5,162.5,4462.5,600.0,False,15,205,12250.0
5687.5,687.5,4550.0,2225.0,False,15,206,21000.0
8125.0,3125.0,4975.0,2900.0,False,15,208,28900.0
5312.5,312.5,4712.5,1350.0,False,15,209,23500.0
4287.5,-712.5,4212.5,1800.0,False,15,209,23025.0
5150.0,150.0,3800.0,1400.0,False,15,207,32875.0
4762.5,-237.5,4537.5,1200.0,False,15,209,18000.0
7200.0,2200.0,4775.0,1975.0,False,15,201,22725.0
6425.0,1425.0,3700.0,1275.0,False,15,208,18600.0
2537.5,-2462.5,1150.0,2075.0,False,15,207,22625.0
650.0,-4350.0,525.0,3550.0,False,15,207,31950.0
6487.5,1487.5,4925.0,1300.0,False,15,207,18675.0
12.5,-4987.5,12.5,2300.0,True,9,108,18900.0
7937.5,2937.5,4775.0,1200.0,False,15,205,23675.0
2825.0,-2175.0,875.0,2400.0,False,15,207,21025.0
-87.5,-5087.5,-87.5,2175.0,True,14,182,30125.0
2212.5,-2787.5,1712.5,3500.0,False,15,204,28375.0
2775.0,-2225.0,2650.0,2150.0,False,15,205,19575.0
8825.0,3825.0,4425.0,1500.0,False,15,204,34100.0
3862.5,-1137.5,3712.5,1500.0,False,15,205,24375.0
4700.0,-300.0,4387.5,1550.0,False,15,209,20975.0
1487.5,-3512.5,1075.0,1850.0,False,15,205,22100.0
3687.5,-1312.5,2687.5,1500.0,False,15,206,20125.0
11775.0,6775.0,4950.0,850.0,False,15,206,31900.0
8737.5,3737.5,4250.0,2250.0,False,15,205,23600.0
800.0,-4200.0,425.0,2450.0,False,15,206,37675.0
4337.5,-662.5,4062.5,2850.0,False,15,205,24675.0
5337.5,337.5,4750.0,1150.0,False,15,206,16650.0
7387.5,2387.5,3275.0,1700.0,False,15,204,34050.0
3037.5,-1962.5,2150.0,1900.0,False,15,205,29600.0
3550.0,-1450.0,3550.0,1400.0,False,15,201,29550.0
5887.5,887.5,4587.5,1000.0,False,15,211,16725.0
6325.0,1325.0,4962.5,675.0,False,15,205,12375.0
3925.0,-1075.0,3687.5,1500.0,False,15,207,25550.0
-200.0,-5200.0,-200.0,3000.0,True,8,106,13650.0
4937.5,-62.5,3712.5,1150.0,False,15,210,26275.0
5225.0,225.0,3650.0,2700.0,False,15,208,29875.0
12762.5,7762.5,4850.0,1175.0,False,15,208,25975.0
5100.0,100.0,3087.5,2300.0,False,15,207,20725.0
6362.5,1362.5,4537.5,600.0,False,15,210,15175.0
5962.5,962.5,3912.5,2350.0,False,15,207,29800.0
7637.5,2637.5,4225.0,1150.0,False,15,203,25650.0
7025.0,2025.0,4975.0,1200.0,False,15,206,25850.0
10950.0,5950.0,5000.0,2500.0,False,15,203,29975.0
4212.5,-787.5,2137.5,2500.0,False,15,207,31375.0
2787.5,-2212.5,2575.0,3300.0,False,15,202,25050.0
3737.5,-1262.5,2625.0,1675.0,False,15,208,20600.0
9750.0,4750.0,4612.5,1800.0,False,15,208,27375.0
9475.0,4475.0,4625.0,1650.0,False,15,203,32050.0
4400.0,-600.0,1175.0,3500.0,False,15,204,28950.0
4625.0,-375.0,2800.0,1800.0,False,15,210,14150.0
8187.5,3187.5,4425.0,2500.0,False,15,203,30425.0
2900.0,-2100.0,2900.0,3100.0,False,15,206,15275.0
10687.5,5687.5,4362.5,800.0,False,15,207,18825.0
7112.5,2112.5,4800.0,3250.0,False,15,206,33525.0
6612.5,1612.5,4425.0,800.0,False,15,207,25400.0
7837.5,2837.5,4325.0,1000.0,False,15,204,17325.0
1662.5,-3337.5,1562.5,2200.0,False,15,207,23225.0
4025.0,-975.0,2637.5,3300.0,False,15,205,26075.0
3900.0,-1100.0,3650.0,1600.0,False,15,204,29525.0
8925.0,3925.0,4387.5,700.0,False,15,206,20450.0
5762.5,762.5,5000.0,1600.0,False,15,205,21825.0
5000.0,0.0,1825.0,3300.0,False,15,203,30025.0
3775.0,-1225.0,3725.0,1450.0,False,15,205,21425.0
2187.5,-2812.5,1137.5,2900.0,False,15,201,19075.0
7487.5,2487.5,3237.5,1400.0,False,15,202,21700.0
4325.0,-675.0,4225.0,875.0,False,15,206,17125.0
3950.0,-1050.0,3700.0,1750.0,False,15,212,22150.0
2925.0,-2075.0,2262.5,1400.0,False,15,209,27175.0
4612.5,-387.5,2687.5,1900.0,False,15,207,27800.0
5275.0,275.0,3400.0,1250.0,False,15,211,15525.0
12787.5,7787.5,4925.0,1025.0,False,15,207,28850.0
7650.0,2650.0,4050.0,1150.0,False,15,202,21475.0
10387.5,5387.5,4975.0,1125.0,False,15,205,21225.0
2475.0,-2525.0,1900.0,1900.0,False,15,209,19900.0
-287.5,-5287.5,-287.5,4150.0,True,14,190,19325.0
8612.5,3612.5,5000.0,2350.0,False,15,206,36800.0
2550.0,-2450.0,1800.0,1825.0,False,15,205,28725.0
5450.0,450.0,3425.0,1300.0,False,15,208,20350.0
6250.0,1250.0,3950.0,1150.0,False,15,206,16825.0
3362.5,-1637.5,1887.5,2300.0,False,15,207,28275.0
3225.0,-1775.0,3175.0,1500.0,False,15,206,28250.0
9300.0,4300.0,5000.0,500.0,False,15,208,18475.0
4075.0,-925.0,3550.0,2500.0,False,15,207,24525.0
3550.0,-1450.0,2750.0,1350.0,False,15,210,16275.0
2287.5,-2712.5,1162.5,2850.0,False,15,206,18225.0
6800.0,1800.0,4037.5,1300.0,False,15,206,28150.0
3725.0,-1275.0,1550.0,3075.0,False,15,205,28800.0
4250.0,-750.0,3100.0,1250.0,False,15,211,21075.0
1237.5,-3762.5,775.0,1500.0,False,15,211,18525.0
3337.5,-1662.5,3100.0,1825.0,False,15,207,18150.0
4050.0,-950.0,2737.5,2000.0,False,15,209,27425.0
4012.5,-987.5,4012.5,2325.0,False,15,206,21325.0
7937.5,2937.5,4437.5,2000.0,False,15,208,28200.0
4837.5,-162.5,2437.5,1550.0,False,15,206,27150.0
6612.5,1612.5,3350.0,1650.0,False,15,206,19775.0
4337.5,-662.5,4087.5,2150.0,False,15,205,21050.0
5275.0,275.0,4975.0,1225.0,False,15,204,18950.0
-162.5,-5162.5,-162.5,3500.0,True,7,95,17425.0
4837.5,-162.5,3150.0,1600.0,False,15,204,17325.0
8087.5,3087.5,4975.0,925.0,False,15,203,20725.0
9450.0,4450.0,3775.0,1850.0,False,15,207,21150.0
3525.0,-1475.0,2775.0,1600.0,False,15,206,22875.0
9375.0,4375.0,4925.0,1400.0,False,15,208,22925.0
6412.5,1412.5,3975.0,1375.0,False,15,206,25000.0
7712.5,2712.5,3762.5,2000.0,False,15,203,26875.0
5287.5,287.5,4562.5,2775.0,False,15,203,36025.0
5162.5,162.5,1525.0,2425.0,False,15,203,25750.0
4675.0,-325.0,4212.5,1475.0,False,15,214,22750.0
7475.0,2475.0,4175.0,925.0,False,15,203,22050.0
5737.5,737.5,2675.0,2125.0,False,15,206,37225.0
5650.0,650.0,3612.5,2050.0,False,15,208,34250.0
4062.5,-937.5,2300.0,2300.0,False,15,204,21000.0
5075.0,75.0,4700.0,1500.0,False,15,205,19550.0
8512.5,3512.5,4150.0,2100.0,False,15,205,25100.0
8800.0,3800.0,4287.5,2400.0,False,15,207,32550.0
5400.0,400.0,4300.0,1500.0,False,15,208,29300.0
7912.5,2912.5,3975.0,1450.0,False,15,210,22200.0
3912.5,-1087.5,3575.0,1775.0,False,15,207,19325.0
-25.0,-5025.0,-25.0,2250.0,True,12,155,23775.0
8950.0,3950.0,5000.0,1500.0,False,15,205,18775.0
3650.0,-1350.0,1725.0,1700.0,False,15,203,27725.0
6787.5,1787.5,4975.0,1500.0,False,15,207,19175.0
4250.0,-750.0,3600.0,1400.0,False,15,200,21100.0
3050.0,-1950.0,2925.0,2250.0,False,15,208,18375.0
6387.5,1387.5,4800.0,1250.0,False,15,208,13225.0
8687.5,3687.5,4975.0,1250.0,False,15,208,26400.0
7212.5,2212.5,4825.0,1000.0,False,15,206,17300.0
13500.0,8500.0,4950.0,1500.0,False,15,209,30650.0
3312.5,-1687.5,1112.5,2400.0,False,15,206,28350.0
1675.0,-3325.0,1400.0,2000.0,False,15,205,24275.0
12525.0,7525.0,4075.0,1550.0,False,15,210,33075.0
3687.5,-1312.5,1162.5,1700.0,False,15,206,22500.0
1725.0,-3275.0,700.0,1500.0,False,15,205,20825.0
6287.5,1287.5,4125.0,900.0,False,15,206,20250.0
4550.0,-450.0,2312.5,2000.0,False,15,203,31600.0
-475.0,-5475.0,-475.0,2200.0,True,12,150,24975.0
8112.5,3112.5,3087.5,1500.0,False,15,204,29700.0
5662.5,662.5,3975.0,1500.0,False,15,209,21100.0
4537.5,-462.5,1437.5,2500.0,False,15,200,26100.0
6425.0,1425.0,4837.5,3375.0,False,15,207,17350.0
2962.5,-2037.5,2912.5,2050.0,False,15,209,20275.0
2312.5,-2687.5,1712.5,2400.0,False,15,203,30475.0
3512.5,-1487.5,3262.5,1850.0,False,15,203,22825.0
3050.0,-1950.0,1987.5,2250.0,False,15,207,19875.0
5900.0,900.0,3750.0,825.0,False,15,208,18600.0
2125.0,-2875.0,1525.0,2025.0,False,15,208,16850.0
5950.0,950.0,2825.0,2200.0,False,15,208,28225.0
8250.0,3250.0,4575.0,1125.0,False,15,208,22625.0
6737.5,1737.5,3225.0,2150.0,False,15,208,22575.0
3712.5,-1287.5,800.0,2525.0,False,15,208,25825.0
6287.5,1287.5,4512.5,1800.0,False,15,204,23325.0
5312.5,312.5,4300.0,2250.0,False,15,206,27425.0
6900.0,1900.0,4950.0,1600.0,False,15,210,16175.0
5287.5,287.5,4300.0,975.0,False,15,207,13575.0
3412.5,-1587.5,2812.5,1800.0,False,15,206,18300.0
12037.5,7037.5,4925.0,1100.0,False,15,203,22825.0
2525.0,-2475.0,1075.0,2600.0,False,15,209,25100.0
4687.5,-312.5,3512.5,2100.0,False,15,205,27800.0
5725.0,725.0,1625.0,3550.0,False,15,209,26300.0
6087.5,1087.5,4262.5,1150.0,False,15,207,13625.0
3887.5,-1112.5,3475.0,3450.0,False,15,205,21875.0
4550.0,-450.0,4125.0,1200.0,False,15,210,15200.0
4875.0,-125.0,3087.5,1800.0,False,15,203,30150.0
7850.0,2850.0,3662.5,1050.0,False,15,209,19325.0
4262.5,-737.5,1962.5,2100.0,False,15,210,15750.0
8325.0,3325.0,4387.5,1250.0,False,15,206,26375.0
3437.5,-1562.5,3225.0,1600.0,False,15,204,19225.0
5275.0,275.0,4025.0,1500.0,False,15,206,19800.0
6087.5,1087.5,3837.5,1800.0,False,15,209,24350.0
7187.5,2187.5,2250.0,2025.0,False,15,205,35450.0
3412.5,-1587.5,3387.5,2400.0,False,15,204,41400.0
6950.0,1950.0,4925.0,1050.0,False,15,204,19525.0
3400.0,-1600.0,1850.0,1750.0,False,15,209,22600.0
4100.0,-900.0,3512.5,1700.0,False,15,200,20575.0
6525.0,1525.0,4812.5,1500.0,False,15,202,31800.0
7975.0,2975.0,4475.0,1800.0,False,15,206,21350.0
1150.0,-3850.0,837.5,2450.0,False,15,208,25100.0
5812.5,812.5,4550.0,1000.0,False,15,205,21625.0
11287.5,6287.5,5000.0,1100.0,False,15,208,23200.0
6200.0,1200.0,4237.5,1500.0,False,15,207,24200.0
7075.0,2075.0,4875.0,1500.0,False,15,206,23850.0
2525.0,-2475.0,2025.0,1900.0,False,15,206,16500.0
11550.0,6550.0,4850.0,1075.0,False,15,204,31225.0
1312.5,-3687.5,1250.0,2400.0,False,15,208,25875.0
3325.0,-1675.0,2700.0,1300.0,False,15,203,13825.0
6612.5,1612.5,4437.5,2250.0,False,15,208,16725.0
4162.5,-837.5,4150.0,1000.0,False,15,203,18750.0
8800.0,3800.0,3625.0,1000.0,False,15,202,21900.0
2162.5,-2837.5,1000.0,2300.0,False,15,207,28925.0
9575.0,4575.0,4750.0,1100.0,False,15,205,26550.0
8850.0,3850.0,4575.0,1500.0,False,15,208,32675.0
3925.0,-1075.0,3325.0,2400.0,False,15,210,23075.0
5100.0,100.0,4512.5,1500.0,False,15,203,21450.0
7737.5,2737.5,4075.0,1500.0,False,15,208,18600.0
3275.0,-1725.0,2462.5,1900.0,False,15,208,30450.0
3800.0,-1200.0,2775.0,1700.0,False,15,210,21150.0
4750.0,-250.0,3987.5,1150.0,False,15,210,24975.0
4375.0,-625.0,3387.5,1500.0,False,15,210,19500.0
6500.0,1500.0,4337.5,1100.0,False,15,204,19950.0
0.0,-5000.0,0.0,3550.0,True,4,53,7425.0
6412.5,1412.5,4287.5,1300.0,False,15,207,19775.0
-25.0,-5025.0,-25.0,2900.0,True,14,182,31275.0
7250.0,2250.0,3962.5,1750.0,False,15,206,29400.0
6525.0,1525.0,4612.5,1200.0,False,15,212,25825.0
8825.0,3825.0,4700.0,2200.0,False,15,207,30750.0
5200.0,200.0,4687.5,3050.0,False,15,209,28050.0
5750.0,750.0,4400.0,1250.0,False,15,211,17575.0
2512.5,-2487.5,675.0,2700.0,False,15,206,22450.0
5625.0,625.0,4975.0,2100.0,False,15,205,21600.0
6150.0,1150.0,4925.0,1650.0,False,15,202,30750.0
7750.0,2750.0,5000.0,1550.0,False,15,213,23425.0
7300.0,2300.0,4225.0,1050.0,False,15,208,19275.0
4862.5,-137.5,4762.5,1450.0,False,15,203,20325.0
4262.5,-737.5,2987.5,1850.0,False,15,207,34900.0
7250.0,2250.0,4975.0,2300.0,False,15,208,22500.0
5725.0,725.0,3762.5,2000.0,False,15,207,22475.0
6662.5,1662.5,4262.5,775.0,False,15,211,17200.0
6312.5,1312.5,4050.0,2500.0,False,15,207,29450.0
2050.0,-2950.0,1650.0,3225.0,False,15,204,15600.0
3362.5,-1637.5,862.5,2350.0,False,15,209,27350.0
5562.5,562.5,3237.5,3000.0,False,15,206,27200.0
5937.5,937.5,5000.0,1750.0,False,15,209,25925.0
2500.0,-2500.0,325.0,2900.0,False,15,210,33200.0
2450.0,-2550.0,2450.0,1900.0,False,15,205,25725.0
6562.5,1562.5,3200.0,2100.0,False,15,209,16500.0
7825.0,2825.0,5000.0,2300.0,False,15,203,19300.0
4825.0,-175.0,3137.5,2250.0,False,15,209,27575.0
6187.5,1187.5,3800.0,1200.0,False,15,212,15475.0
7562.5,2562.5,4675.0,1600.0,False,15,206,26350.0
6212.5,1212.5,4337.5,1000.0,False,15,209,19875.0
7750.0,2750.0,4175.0,1150.0,False,15,203,22725.0
4312.5,-687.5,3012.5,1800.0,False,15,206,25675.0
1587.5,-3412.5,387.5,2550.0,False,15,206,23800.0
1087.5,-3912.5,1087.5,2175.0,False,15,211,22800.0
-12.5,-5012.5,-12.5,3300.0,True,8,109,21050.0
7812.5,2812.5,4150.0,1800.0,False,15,210,23675.0
5512.5,512.5,3475.0,1900.0,False,15,204,20975.0
4475.0,-525.0,2950.0,1750.0,False,15,201,30425.0
5050.0,50.0,3575.0,1200.0,False,15,207,23300.0
6875.0,1875.0,3075.0,1800.0,False,15,209,21125.0
9887.5,4887.5,3850.0,1900.0,False,15,203,28750.0
3687.5,-1312.5,2700.0,2000.0,False,15,205,24000.0
7487.5,2487.5,4950.0,1500.0,False,15,203,20300.0
5462.5,462.5,4337.5,750.0,False,15,205,16500.0
14737.5,9737.5,4875.0,800.0,False,15,210,23950.0
7150.0,2150.0,4175.0,2700.0,False,15,207,22600.0
-512.5,-5512.5,-512.5,2500.0,True,13,169,23850.0
7362.5,2362.5,4437.5,1250.0,False,15,209,18150.0
8300.0,3300.0,3812.5,2400.0,False,15,207,26475.0
9037.5,4037.5,3850.0,1175.0,False,15,210,22125.0
6975.0,1975.0,4350.0,925.0,False,15,207,16350.0
6925.0,1925.0,4500.0,1400.0,False,15,210,14175.0
6712.5,1712.5,4550.0,575.0,False,15,205,13225.0
7787.5,2787.5,2425.0,2500.0,False,15,205,29425.0
4387.5,-612.5,4100.0,1550.0,False,15,210,19200.0
4712.5,-287.5,3437.5,1650.0,False,15,205,24150.0
8262.5,3262.5,4412.5,1500.0,False,15,205,22725.0
9912.5,4912.5,5000.0,1700.0,False,15,206,15875.0
8000.0,3000.0,4775.0,1400.0,False,15,209,26875.0
5275.0,275.0,3462.5,1300.0,False,15,207,17925.0
4175.0,-825.0,3175.0,1700.0,False,15,208,18600.0
6312.5,1312.5,4100.0,1100.0,False,15,206,22725.0
3512.5,-1487.5,3112.5,1300.0,False,15,207,13675.0
5325.0,325.0,3475.0,1000.0,False,15,207,18525.0
7050.0,2050.0,4962.5,900.0,False,15,209,15550.0
5662.5,662.5,3750.0,1300.0,False,15,210,15900.0
10312.5,5312.5,4762.5,525.0,False,15,208,16450.0
6162.5,1162.5,2850.0,1900.0,False,15,206,30050.0
3737.5,-1262.5,3037.5,1500.0,False,15,209,19650.0
1587.5,-3412.5,1487.5,2250.0,False,15,206,24050.0
5700.0,700.0,4462.5,1925.0,False,15,205,26750.0
8925.0,3925.0,4487.5,675.0,False,15,206,20950.0
5300.0,300.0,3812.5,2200.0,False,15,205,27175.0
4000.0,-1000.0,3187.5,2575.0,False,15,210,27075.0
5862.5,862.5,3700.0,1500.0,False,15,207,18725.0
2562.5,-2437.5,2362.5,2575.0,False,15,206,24250.0
4637.5,-362.5,4637.5,1750.0,False,15,206,19175.0
6162.5,1162.5,3687.5,2950.0,False,15,204,33400.0
2150.0,-2850.0,800.0,2250.0,False,15,211,28775.0
1937.5,-3062.5,1737.5,1600.0,False,15,202,24950.0
6375.0,1375.0,4450.0,975.0,False,15,211,16400.0
3600.0,-1400.0,3600.0,2400.0,False,15,208,24625.0
9887.5,4887.5,5000.0,1500.0,False,15,204,37150.0
9000.0,4000.0,4712.5,2100.0,False,15,205,29925.0
9412.5,4412.5,4100.0,2000.0,False,15,207,25500.0
6650.0,1650.0,4137.5,2175.0,False,15,205,31325.0
-50.0,-5050.0,-50.0,3000.0,True,3,38,10700.0
1812.5,-3187.5,775.0,2050.0,False,15,205,23600.0
8037.5,3037.5,4937.5,2500.0,False,15,211,28925.0
1850.0,-3150.0,1850.0,1600.0,False,15,204,20775.0
5112.5,112.5,2825.0,1500.0,False,15,209,16600.0
8662.5,3662.5,4000.0,1000.0,False,15,208,24150.0
2862.5,-2137.5,875.0,2575.0,False,15,206,23075.0
6487.5,1487.5,4000.0,1000.0,False,15,207,20425.0
2262.5,-2737.5,50.0,3000.0,False,15,207,33275.0
8825.0,3825.0,4975.0,650.0,False,15,206,18500.0
7287.5,2287.5,4275.0,1500.0,False,15,204,26350.0
8025.0,3025.0,5000.0,2000.0,False,15,206,27675.0
3712.5,-1287.5,2350.0,2025.0,False,15,201,29650.0
6050.0,1050.0,3525.0,1000.0,False,15,208,21575.0
3100.0,-1900.0,2825.0,1475.0,False,15,202,30475.0
6050.0,1050.0,2325.0,2600.0,False,15,206,20925.0
787.5,-4212.5,450.0,2025.0,False,15,204,26275.0
2025.0,-2975.0,1162.5,2900.0,False,15,207,24175.0
5637.5,637.5,3375.0,1500.0,False,15,206,26550.0
6312.5,1312.5,4137.5,3300.0,False,15,207,27500.0
3200.0,-1800.0,2462.5,2250.0,False,15,206,18775.0
12512.5,7512.5,4700.0,2100.0,False,15,206,35200.0
8812.5,3812.5,2937.5,2100.0,False,15,209,24975.0
5412.5,412.5,3100.0,1675.0,False,15,205,32075.0
5437.5,437.5,4912.5,1000.0,False,15,203,18850.0
4850.0,-150.0,3850.0,1750.0,False,15,207,22750.0
11175.0,6175.0,4725.0,2575.0,False,15,205,31475.0
6012.5,1012.5,4025.0,1000.0,False,15,207,18350.0
8800.0,3800.0,4637.5,1050.0,False,15,208,23850.0
5000.0,0.0,4775.0,1500.0,False,15,208,22075.0
4762.5,-237.5,4312.5,1000.0,False,15,205,17100.0
10637.5,5637.5,4675.0,1300.0,False,15,204,24300.0
1887.5,-3112.5,1312.5,2400.0,False,15,200,22725.0
-25.0,-5025.0,-25.0,3100.0,True,10,132,17025.0
4050.0,-950.0,3275.0,900.0,False,15,202,12150.0
1187.5,-3812.5,100.0,3575.0,False,15,207,19875.0
6787.5,1787.5,3950.0,2300.0,False,15,213,29850.0
11587.5,6587.5,4600.0,1500.0,False,15,204,31350.0
5150.0,150.0,4225.0,1550.0,False,15,211,18100.0
9800.0,4800.0,4875.0,2100.0,False,15,208,32750.0
13450.0,8450.0,5000.0,1500.0,False,15,206,25375.0
4475.0,-525.0,1562.5,1700.0,False,15,211,24875.0
6425.0,1425.0,3837.5,1100.0,False,15,206,22400.0
7337.5,2337.5,4225.0,1125.0,False,15,207,22275.0
11100.0,6100.0,4625.0,1500.0,False,15,204,21825.0
5800.0,800.0,4387.5,2250.0,False,15,206,26650.0
5287.5,287.5,4925.0,1575.0,False,15,204,20225.0
6162.5,1162.5,3925.0,1100.0,False,15,205,22025.0
7187.5,2187.5,4887.5,1325.0,False,15,208,22800.0
7937.5,2937.5,4975.0,1000.0,False,15,212,17800.0
5212.5,212.5,4375.0,1300.0,False,15,207,22875.0
4725.0,-275.0,3412.5,1875.0,False,15,207,23125.0
3862.5,-1137.5,2025.0,3200.0,False,15,207,32525.0
3350.0,-1650.0,1362.5,2950.0,False,15,208,22300.0
4812.5,-187.5,2800.0,2100.0,False,15,205,28150.0
11787.5,6787.5,3937.5,1750.0,False,15,204,32150.0
6862.5,1862.5,4400.0,1450.0,False,15,200,25425.0
8862.5,3862.5,1975.0,1250.0,False,15,204,27900.0
0.0,-5000.0,0.0,3100.0,True,11,141,19850.0
6075.0,1075.0,3975.0,1400.0,False,15,207,23150.0
2862.5,-2137.5,1212.5,2225.0,False,15,207,14650.0
2387.5,-2612.5,2387.5,1075.0,False,15,206,17475.0
6037.5,1037.5,3812.5,1150.0,False,15,210,17450.0
6462.5,1462.5,1812.5,2500.0,False,15,207,24100.0
11850.0,6850.0,4875.0,3250.0,False,15,206,36125.0
6175.0,1175.0,4525.0,1500.0,False,15,204,18425.0
-262.5,-5262.5,-262.5,2500.0,True,15,203,22050.0
3225.0,-1775.0,2887.5,4000.0,False,15,205,26500.0
6912.5,1912.5,5000.0,900.0,False,15,205,16975.0
5337.5,337.5,3312.5,1400.0,False,15,206,28100.0
2087.5,-2912.5,2087.5,3900.0,False,15,206,21500.0
2575.0,-2425.0,2375.0,1900.0,False,15,205,14425.0
3050.0,-1950.0,1412.5,1850.0,False,15,207,29400.0
4187.5,-812.5,4137.5,1725.0,False,15,209,26275.0
4937.5,-62.5,4775.0,1500.0,False,15,209,21425.0
2137.5,-2862.5,1825.0,900.0,False,15,208,15950.0
5175.0,175.0,4212.5,1350.0,False,15,204,18525.0
6950.0,1950.0,4775.0,1000.0,False,15,208,16625.0
4987.5,-12.5,4212.5,1000.0,False,15,210,10500.0
4987.5,-12.5,3500.0,1825.0,False,15,209,17950.0
7575.0,2575.0,3787.5,1750.0,False,15,206,20825.0
5525.0,525.0,3675.0,1100.0,False,15,207,18775.0
4987.5,-12.5,1850.0,2000.0,False,15,208,32650.0
2850.0,-2150.0,2625.0,3000.0,False,15,209,29275.0
3575.0,-1425.0,3450.0,2400.0,False,15,208,24100.0
2837.5,-2162.5,1587.5,2900.0,False,15,203,29075.0
8975.0,3975.0,4050.0,1250.0,False,15,207,24475.0
3425.0,-1575.0,625.0,2600.0,False,15,206,23025.0
5637.5,637.5,1975.0,3025.0,False,15,205,30950.0
8262.5,3262.5,2275.0,2200.0,False,15,206,26800.0
6600.0,1600.0,4412.5,1925.0,False,15,207,30250.0
4250.0,-750.0,4100.0,1050.0,False,15,209,20400.0
2450.0,-2550.0,1400.0,2950.0,False,15,206,20475.0
7650.0,2650.0,4850.0,1000.0,False,15,209,15825.0
13412.5,8412.5,4887.5,1100.0,False,15,208,30300.0
6387.5,1387.5,4775.0,2250.0,False,15,204,20550.0
3962.5,-1037.5,3112.5,2175.0,False,15,204,22825.0
4100.0,-900.0,1737.5,2050.0,False,15,206,25450.0
7037.5,2037.5,4600.0,800.0,False,15,206,23725.0
4162.5,-837.5,2175.0,1650.0,False,15,203,39525.0
3587.5,-1412.5,2912.5,1600.0,False,15,205,25175.0
6087.5,1087.5,4162.5,1000.0,False,15,208,15500.0
6800.0,1800.0,3900.0,1400.0,False,15,203,29150.0
5712.5,712.5,4500.0,1400.0,False,15,207,17650.0
6487.5,1487.5,3712.5,1800.0,False,15,211,28250.0
4950.0,-50.0,4450.0,1200.0,False,15,206,20800.0
4750.0,-250.0,3687.5,850.0,False,15,208,16050.0
7425.0,2425.0,4575.0,1000.0,False,15,209,15800.0
6637.5,1637.5,4737.5,1250.0,False,15,208,22700.0
8600.0,3600.0,3837.5,1200.0,False,15,203,29300.0
10637.5,5637.5,4962.5,2400.0,False,15,211,27850.0
8012.5,3012.5,4375.0,650.0,False,15,205,16950.0
9862.5,4862.5,4575.0,800.0,False,15,203,16850.0
5387.5,387.5,3575.0,1500.0,False,15,211,26775.0
7975.0,2975.0,4950.0,2350.0,False,15,206,26150.0
6487.5,1487.5,3875.0,3075.0,False,15,205,30000.0
8137.5,3137.5,4712.5,2375.0,False,15,203,31500.0
-362.5,-5362.5,-362.5,2300.0,True,15,200,27100.0
1475.0,-3525.0,875.0,2125.0,False,15,204,16150.0
5412.5,412.5,3350.0,1600.0,False,15,207,31475.0
9450.0,4450.0,3825.0,2325.0,False,15,203,29675.0
5712.5,712.5,4437.5,1700.0,False,15,207,25275.0
6875.0,1875.0,5000.0,1000.0,False,15,205,18225.0
4950.0,-50.0,4287.5,1400.0,False,15,203,26950.0
8037.5,3037.5,4400.0,1150.0,False,15,201,21500.0
3737.5,-1262.5,1375.0,1850.0,False,15,208,31825.0
9675.0,4675.0,3187.5,2450.0,False,15,211,26950.0
-237.5,-5237.5,-237.5,3300.0,True,10,130,21150.0
3300.0,-1700.0,2050.0,3150.0,False,15,205,23850.0
5962.5,962.5,4812.5,1175.0,False,15,209,19675.0
9725.0,4725.0,4825.0,1250.0,False,15,203,20900.0
5400.0,400.0,3612.5,1500.0,False,15,204,22900.0
9200.0,4200.0,4850.0,1200.0,False,15,203,18675.0
2475.0,-2525.0,2450.0,2000.0,False,15,209,24575.0
-862.5,-5862.5,-862.5,3000.0,True,8,107,15425.0
4637.5,-362.5,4075.0,1900.0,False,15,207,19900.0
-275.0,-5275.0,-275.0,2750.0,True,14,193,31225.0
5175.0,175.0,4412.5,2400.0,False,15,205,19925.0
4637.5,-362.5,4212.5,2000.0,False,15,207,26675.0
4275.0,-725.0,4275.0,1500.0,False,15,204,33375.0
9050.0,4050.0,4112.5,1250.0,False,15,201,22875.0
6775.0,1775.0,3025.0,1900.0,False,15,206,28750.0
5650.0,650.0,4775.0,3000.0,False,15,206,28775.0
3525.0,-1475.0,1975.0,2050.0,False,15,208,25250.0
4987.5,-12.5,4837.5,1750.0,False,15,210,23050.0
4312.5,-687.5,3675.0,1300.0,False,15,207,13400.0
4600.0,-400.0,3912.5,1900.0,False,15,205,27425.0
7662.5,2662.5,4175.0,1000.0,False,15,209,19700.0
3425.0,-1575.0,3175.0,1925.0,False,15,210,18150.0
6425.0,1425.0,3587.5,800.0,False,15,207,18025.0
6225.0,1225.0,4062.5,1800.0,False,15,208,19475.0
-187.5,-5187.5,-187.5,3975.0,True,14,189,23100.0
10075.0,5075.0,4112.5,1400.0,False,15,209,28500.0
6950.0,1950.0,4887.5,1150.0,False,15,204,20925.0
5137.5,137.5,212.5,2850.0,False,15,208,29200.0
6237.5,1237.5,4387.5,1100.0,False,15,207,18700.0
7850.0,2850.0,4537.5,2225.0,False,15,201,29250.0
2850.0,-2150.0,2850.0,2100.0,False,15,212,19925.0
1050.0,-3950.0,625.0,2750.0,False,15,207,33750.0
8662.5,3662.5,5000.0,1850.0,False,15,208,24250.0
5650.0,650.0,4300.0,1875.0,False,15,202,25650.0
3737.5,-1262.5,1912.5,2250.0,False,15,206,22175.0
6550.0,1550.0,4975.0,1500.0,False,15,205,21750.0
4725.0,-275.0,4450.0,1850.0,False,15,208,27900.0
7125.0,2125.0,4087.5,1500.0,False,15,204,25525.0
-175.0,-5175.0,-175.0,3025.0,True,7,93,14375.0
11762.5,6762.5,4975.0,1500.0,False,15,208,22850.0
7175.0,2175.0,2362.5,2650.0,False,15,203,26100.0
3550.0,-1450.0,2775.0,2500.0,False,15,207,22050.0
2100.0,-2900.0,925.0,2300.0,False,15,204,26975.0
9475.0,4475.0,4812.5,1500.0,False,15,209,26225.0
6212.5,1212.5,4500.0,600.0,False,15,205,15925.0
2437.5,-2562.5,2437.5,1725.0,False,15,207,23850.0
2775.0,-2225.0,2162.5,3125.0,False,15,207,24600.0
6625.0,1625.0,4412.5,675.0,False,15,209,16875.0
8587.5,3587.5,4650.0,1000.0,False,15,203,18275.0
9350.0,4350.0,4900.0,1950.0,False,15,203,30425.0
5487.5,487.5,4025.0,2575.0,False,15,204,28325.0
3175.0,-1825.0,1925.0,1600.0,False,15,209,15100.0
6775.0,1775.0,3800.0,1650.0,False,15,203,23250.0
6900.0,1900.0,1987.5,1000.0,False,15,208,23925.0
8950.0,3950.0,1250.0,2025.0,False,15,201,34950.0
-250.0,-5250.0,-250.0,2450.0,True,13,176,13025.0
3925.0,-1075.0,3625.0,3250.0,False,15,204,33725.0
6500.0,1500.0,2262.5,1600.0,False,15,205,28125.0
7350.0,2350.0,3975.0,1062.5,False,15,208,16350.0
4250.0,-750.0,2937.5,2200.0,False,15,211,14775.0
8100.0,3100.0,3875.0,2400.0,False,15,205,19075.0
4100.0,-900.0,3375.0,1150.0,False,15,206,24525.0
2525.0,-2475.0,2125.0,2050.0,False,15,209,29975.0
5037.5,37.5,3150.0,2200.0,False,15,204,21250.0
8187.5,3187.5,2237.5,2150.0,False,15,204,30450.0
2100.0,-2900.0,1450.0,2600.0,False,15,210,26400.0
10112.5,5112.5,4737.5,1300.0,False,15,202,20175.0
5912.5,912.5,4625.0,750.0,False,15,202,13975.0
6412.5,1412.5,3050.0,2100.0,False,15,206,24550.0
8250.0,3250.0,3587.5,1950.0,False,15,204,20500.0
8725.0,3725.0,4100.0,1275.0,False,15,204,27500.0
6287.5,1287.5,4637.5,1800.0,False,15,208,18600.0
5975.0,975.0,1225.0,2650.0,False,15,206,29475.0
4212.5,-787.5,2462.5,2500.0,False,15,200,24400.0
5137.5,137.5,3937.5,1500.0,False,15,202,26725.0
4837.5,-162.5,4637.5,700.0,False,15,209,10400.0
7375.0,2375.0,4825.0,1000.0,False,15,210,15550.0
7325.0,2325.0,4850.0,825.0,False,15,201,12325.0
9137.5,4137.5,4900.0,2300.0,False,15,202,31875.0
11250.0,6250.0,5000.0,1500.0,False,15,209,31950.0
4287.5,-712.5,3987.5,1975.0,False,15,206,14475.0
7550.0,2550.0,4662.5,1250.0,False,15,207,20175.0
0.0,-5000.0,0.0,3000.0,True,5,70,14850.0
-137.5,-5137.5,-137.5,1750.0,True,8,104,15250.0
4312.5,-687.5,3287.5,1575.0,False,15,205,21750.0
0.0,-5000.0,0.0,3800.0,True,8,104,19650.0
5437.5,437.5,3587.5,1800.0,False,15,208,14275.0
-112.5,-5112.5,-112.5,4400.0,True,10,141,22875.0
3850.0,-1150.0,2725.0,1000.0,False,15,206,21125.0
5400.0,400.0,4275.0,1500.0,False,15,207,22475.0
8962.5,3962.5,4900.0,1750.0,False,15,205,31225.0
6012.5,1012.5,2875.0,1350.0,False,15,206,16775.0
-250.0,-5250.0,-250.0,2525.0,True,12,163,19400.0
5587.5,587.5,4675.0,1150.0,False,15,207,16900.0
3612.5,-1387.5,2375.0,1700.0,False,15,207,17850.0
4950.0,-50.0,4112.5,2100.0,False,15,205,15300.0
4387.5,-612.5,1825.0,2000.0,False,15,207,30250.0
9300.0,4300.0,5000.0,1100.0,False,15,209,18200.0
8675.0,3675.0,3300.0,1300.0,False,15,210,24600.0
5887.5,887.5,4600.0,1050.0,False,15,204,21600.0
9912.5,4912.5,4225.0,2525.0,False,15,204,32550.0
3050.0,-1950.0,2725.0,2500.0,False,15,208,19525.0
2587.5,-2412.5,2187.5,2350.0,False,15,208,18925.0
7875.0,2875.0,5000.0,1600.0,False,15,207,23250.0
9862.5,4862.5,4637.5,800.0,False,15,202,25100.0
6787.5,1787.5,2962.5,2400.0,False,15,204,29375.0
8225.0,3225.0,4600.0,750.0,False,15,207,17650.0
3312.5,-1687.5,3012.5,975.0,False,15,207,16925.0
5687.5,687.5,4525.0,1275.0,False,15,206,21025.0
-375.0,-5375.0,-375.0,3900.0,True,9,124,21200.0
5025.0,25.0,3737.5,1750.0,False,15,207,24875.0
6750.0,1750.0,4100.0,2000.0,False,15,204,23575.0
3012.5,-1987.5,2637.5,2900.0,False,15,205,25300.0
5712.5,712.5,4975.0,1000.0,False,15,203,19525.0
1900.0,-3100.0,1900.0,1725.0,False,15,212,23650.0
9537.5,4537.5,4987.5,3125.0,False,15,203,32700.0
8750.0,3750.0,4800.0,2150.0,False,15,210,22825.0
7312.5,2312.5,4837.5,1250.0,False,15,208,17775.0
-200.0,-5200.0,-200.0,2200.0,True,15,196,29350.0
9787.5,4787.5,3800.0,1125.0,False,15,202,24050.0
5012.5,12.5,2287.5,1325.0,False,15,205,27175.0
8412.5,3412.5,4800.0,1100.0,False,15,204,27425.0
5162.5,162.5,3475.0,2500.0,False,15,207,21475.0
10650.0,5650.0,4750.0,1500.0,False,15,208,28475.0
6325.0,1325.0,3962.5,1750.0,False,15,206,34950.0
6612.5,1612.5,2700.0,2300.0,False,15,201,22150.0
4462.5,-537.5,3637.5,1500.0,False,15,206,17900.0
-75.0,-5075.0,-75.0,3000.0,True,3,36,10875.0
6537.5,1537.5,4150.0,2150.0,False,15,204,25425.0
8400.0,3400.0,4200.0,2100.0,False,15,203,38025.0
6600.0,1600.0,3325.0,1800.0,False,15,207,33200.0
3775.0,-1225.0,1462.5,2100.0,False,15,203,20025.0
9300.0,4300.0,4200.0,1500.0,False,15,204,23250.0
2387.5,-2612.5,2112.5,3400.0,False,15,205,29975.0
4450.0,-550.0,2425.0,2625.0,False,15,206,19800.0
2050.0,-2950.0,1650.0,3150.0,False,15,208,27725.0
5950.0,950.0,4725.0,1000.0,False,15,210,18000.0
2850.0,-2150.0,1487.5,1675.0,False,15,210,20175.0
3225.0,-1775.0,3225.0,3950.0,False,15,205,17600.0
8562.5,3562.5,4687.5,1000.0,False,15,208,19200.0
7587.5,2587.5,4637.5,2250.0,False,15,206,29425.0
3950.0,-1050.0,2450.0,1975.0,False,15,208,26700.0
12250.0,7250.0,5000.0,1750.0,False,15,207,31125.0
4487.5,-512.5,1662.5,2300.0,False,15,200,28300.0
8175.0,3175.0,1912.5,3500.0,False,15,203,29750.0
5312.5,312.5,1450.0,1950.0,False,15,211,30375.0
2412.5,-2587.5,1450.0,3200.0,False,15,210,26675.0
3050.0,-1950.0,1875.0,2525.0,False,15,208,22375.0
4650.0,-350.0,3662.5,3000.0,False,15,203,21775.0
8912.5,3912.5,3962.5,1900.0,False,15,201,19125.0
8700.0,3700.0,3700.0,1600.0,False,15,208,27450.0
6100.0,1100.0,3800.0,1400.0,False,15,209,17150.0
6125.0,1125.0,4737.5,1400.0,False,15,209,20350.0
4512.5,-487.5,2425.0,2500.0,False,15,200,21350.0
6075.0,1075.0,2662.5,1650.0,False,15,207,17350.0
2075.0,-2925.0,2075.0,2100.0,False,15,204,19900.0
7325.0,2325.0,4262.5,950.0,False,15,204,17875.0
-37.5,-5037.5,-37.5,1575.0,True,15,200,16925.0
1212.5,-3787.5,862.5,2550.0,False,15,206,24700.0
7512.5,2512.5,4875.0,1400.0,False,15,212,18875.0
3975.0,-1025.0,900.0,2400.0,False,15,206,34225.0
3200.0,-1800.0,2687.5,2750.0,False,15,206,24850.0
6337.5,1337.5,3625.0,2000.0,False,15,210,24500.0
9400.0,4400.0,3775.0,2000.0,False,15,208,33375.0
-312.5,-5312.5,-312.5,2400.0,True,9,116,15950.0
7687.5,2687.5,4950.0,800.0,False,15,204,17925.0
7687.5,2687.5,1725.0,2200.0,False,15,209,30775.0
2312.5,-2687.5,487.5,2000.0,False,15,208,23700.0
13512.5,8512.5,4912.5,500.0,False,15,204,21775.0
9037.5,4037.5,4262.5,1500.0,False,15,205,40500.0
5487.5,487.5,4625.0,1750.0,False,15,206,15600.0
6475.0,1475.0,4350.0,2100.0,False,15,210,20375.0
6012.5,1012.5,3137.5,2100.0,False,15,206,24375.0
12.5,-4987.5,12.5,2650.0,True,12,156,22950.0
6650.0,1650.0,4775.0,550.0,False,15,207,15125.0
7787.5,2787.5,4600.0,1500.0,False,15,206,22725.0
11250.0,6250.0,4887.5,1600.0,False,15,208,33700.0
7412.5,2412.5,3075.0,1875.0,False,15,206,23150.0
5462.5,462.5,1925.0,3050.0,False,15,210,24350.0
3475.0,-1525.0,3387.5,1750.0,False,15,210,25350.0
11162.5,6162.5,4750.0,1250.0,False,15,204,24850.0
5637.5,637.5,3850.0,2000.0,False,15,206,19875.0
-112.5,-5112.5,-112.5,2225.0,True,7,89,17525.0
4012.5,-987.5,3962.5,2750.0,False,15,205,24425.0
7300.0,2300.0,3512.5,2000.0,False,15,209,24725.0
2000.0,-3000.0,1925.0,2275.0,False,15,208,25875.0
4812.5,-187.5,3800.0,2250.0,False,15,209,28950.0
3425.0,-1575.0,2675.0,2975.0,False,15,211,27675.0
1875.0,-3125.0,1275.0,2000.0,False,15,205,15875.0
6575.0,1575.0,3850.0,2750.0,False,15,209,25975.0
2612.5,-2387.5,550.0,2175.0,False,15,207,22825.0
13200.0,8200.0,4162.5,1250.0,False,15,207,28500.0
5300.0,300.0,2312.5,1525.0,False,15,205,20425.0
8925.0,3925.0,5000.0,1000.0,False,15,204,17800.0
6137.5,1137.5,4412.5,2300.0,False,15,201,32850.0
7512.5,2512.5,4900.0,1700.0,False,15,206,20325.0
6525.0,1525.0,3587.5,2950.0,False,15,207,36100.0
9675.0,4675.0,4125.0,2500.0,False,15,207,29275.0
6037.5,1037.5,4225.0,1400.0,False,15,206,24625.0
11825.0,6825.0,4975.0,1300.0,False,15,203,25475.0
6087.5,1087.5,4925.0,1400.0,False,15,209,15825.0
9712.5,4712.5,5000.0,2800.0,False,15,203,34900.0
3775.0,-1225.0,3275.0,1800.0,False,15,205,26625.0
6137.5,1137.5,3775.0,1550.0,False,15,207,25700.0
5287.5,287.5,3625.0,1800.0,False,15,206,14950.0
7487.5,2487.5,4325.0,1650.0,False,15,207,23650.0
5687.5,687.5,4225.0,950.0,False,15,211,16450.0
4987.5,-12.5,4487.5,1900.0,False,15,209,13325.0
5975.0,975.0,5000.0,1600.0,False,15,209,17675.0
6200.0,1200.0,4487.5,1650.0,False,15,207,34925.0
4125.0,-875.0,3837.5,1750.0,False,15,207,15900.0
1050.0,-3950.0,50.0,2100.0,False,15,215,18125.0
5825.0,825.0,4600.0,1500.0,False,15,207,25450.0
5900.0,900.0,4175.0,1225.0,False,15,207,16925.0
8187.5,3187.5,1937.5,1600.0,False,15,205,33250.0
5750.0,750.0,5000.0,900.0,False,15,212,18025.0
5075.0,75.0,4050.0,1325.0,False,15,207,22250.0
2950.0,-2050.0,1587.5,2675.0,False,15,202,22325.0
6662.5,1662.5,4075.0,1150.0,False,15,204,25250.0
6512.5,1512.5,4737.5,1825.0,False,15,208,19700.0
8262.5,3262.5,3100.0,1275.0,False,15,208,22425.0
4150.0,-850.0,2837.5,1200.0,False,15,207,21725.0
5525.0,525.0,3637.5,1300.0,False,15,203,22275.0
4837.5,-162.5,4362.5,1000.0,False,15,200,15650.0
5025.0,25.0,3575.0,1400.0,False,15,204,20875.0
2975.0,-2025.0,2362.5,2500.0,False,15,206,18975.0
1775.0,-3225.0,1150.0,1650.0,False,15,208,26725.0
3525.0,-1475.0,1612.5,2350.0,False,15,210,23900.0
1050.0,-3950.0,875.0,3400.0,False,15,206,26125.0
5312.5,312.5,3425.0,1550.0,False,15,210,21425.0
5325.0,325.0,4600.0,700.0,False,15,206,16750.0
5887.5,887.5,3612.5,1200.0,False,15,211,17950.0
10787.5,5787.5,4950.0,1100.0,False,15,208,20575.0
2925.0,-2075.0,1675.0,2150.0,False,15,205,22675.0
7575.0,2575.0,4900.0,1200.0,False,15,206,20050.0
7450.0,2450.0,1850.0,2100.0,False,15,207,34350.0
2350.0,-2650.0,2050.0,2500.0,False,15,210,26025.0
12662.5,7662.5,4925.0,1550.0,False,15,201,32925.0
-62.5,-5062.5,-62.5,1250.0,True,12,165,12850.0
-37.5,-5037.5,-37.5,2525.0,True,10,136,13050.0
2487.5,-2512.5,1412.5,1500.0,False,15,209,25875.0
6700.0,1700.0,4350.0,850.0,False,15,208,14775.0
3925.0,-1075.0,3350.0,1575.0,False,15,203,17900.0
1275.0,-3725.0,1037.5,1975.0,False,15,209,17375.0
1400.0,-3600.0,1400.0,2675.0,False,15,206,32700.0
7362.5,2362.5,4237.5,1750.0,False,15,206,28200.0
-162.5,-5162.5,-162.5,2950.0,True,11,138,14850.0
2100.0,-2900.0,2087.5,1900.0,False,15,209,21875.0
2262.5,-2737.5,1687.5,2400.0,False,15,204,20725.0
7387.5,2387.5,4875.0,1275.0,False,15,209,18250.0
3962.5,-1037.5,2937.5,2250.0,False,15,204,33775.0
9600.0,4600.0,4737.5,1100.0,False,15,205,23500.0
687.5,-4312.5,75.0,2800.0,False,15,209,27650.0
275.0,-4725.0,75.0,2850.0,False,15,206,35325.0
-187.5,-5187.5,-187.5,2000.0,True,11,136,23150.0
6112.5,1112.5,4950.0,2400.0,False,15,200,20100.0
9125.0,4125.0,3700.0,2500.0,False,15,202,26700.0
5550.0,550.0,3012.5,1500.0,False,15,209,17800.0
5287.5,287.5,3125.0,1800.0,False,15,207,21075.0
4275.0,-725.0,3037.5,2500.0,False,15,203,28825.0
4475.0,-525.0,2500.0,1200.0,False,15,209,23250.0
8000.0,3000.0,3587.5,2425.0,False,15,204,24825.0
5762.5,762.5,3162.5,1525.0,False,15,208,27375.0
4687.5,-312.5,3012.5,1500.0,False,15,206,15925.0
4837.5,-162.5,3037.5,2100.0,False,15,206,12925.0
7312.5,2312.5,4787.5,650.0,False,15,203,17475.0
5137.5,137.5,2775.0,1500.0,False,15,208,24725.0
7075.0,2075.0,4425.0,3650.0,False,15,204,27000.0
7100.0,2100.0,4350.0,1000.0,False,15,205,21150.0
2237.5,-2762.5,1387.5,3000.0,False,15,209,29200.0
8037.5,3037.5,4262.5,1400.0,False,15,204,27225.0
5587.5,587.5,4225.0,1100.0,False,15,206,24325.0
9050.0,4050.0,4937.5,575.0,False,15,208,16300.0
4687.5,-312.5,3312.5,1825.0,False,15,206,18325.0
7950.0,2950.0,4950.0,1000.0,False,15,206,25125.0
-125.0,-5125.0,-125.0,2100.0,True,3,41,9850.0
8775.0,3775.0,4775.0,1500.0,False,15,202,25675.0
8887.5,3887.5,4075.0,2500.0,False,15,206,25525.0
5525.0,525.0,4237.5,1500.0,False,15,204,18250.0
5737.5,737.5,3650.0,2200.0,False,15,205,30300.0
5137.5,137.5,3787.5,1700.0,False,15,205,21675.0
6112.5,1112.5,4875.0,1400.0,False,15,206,17625.0
5000.0,0.0,4800.0,1250.0,False,15,207,25650.0
3275.0,-1725.0,1925.0,2250.0,False,15,205,35325.0
7725.0,2725.0,4200.0,2000.0,False,15,205,34375.0
4050.0,-950.0,1437.5,3300.0,False,15,203,26125.0
4587.5,-412.5,4175.0,1500.0,False,15,208,17475.0
2150.0,-2850.0,2150.0,1925.0,False,15,201,22300.0
6862.5,1862.5,3562.5,1600.0,False,15,207,21075.0
5075.0,75.0,4425.0,1075.0,False,15,206,12550.0
-237.5,-5237.5,-237.5,2850.0,True,13,174,25675.0
3925.0,-1075.0,3025.0,1500.0,False,15,206,24000.0
7525.0,2525.0,4875.0,1400.0,False,15,201,31825.0
5800.0,800.0,2925.0,1600.0,False,15,210,20900.0
9437.5,4437.5,4487.5,1500.0,False,15,203,30475.0
1400.0,-3600.0,900.0,1800.0,False,15,203,27350.0
2137.5,-2862.5,500.0,2025.0,False,15,208,17950.0
5012.5,12.5,3325.0,2300.0,False,15,209,20875.0
4512.5,-487.5,4075.0,1800.0,False,15,206,23875.0
7937.5,2937.5,4700.0,2250.0,False,15,206,34675.0
587.5,-4412.5,350.0,1800.0,False,15,205,16625.0
6812.5,1812.5,4125.0,1000.0,False,15,203,16750.0
4650.0,-350.0,4650.0,1500.0,False,15,204,16275.0
4337.5,-662.5,2287.5,2500.0,False,15,207,24350.0
6600.0,1600.0,4925.0,900.0,False,15,201,15150.0
7512.5,2512.5,4162.5,1000.0,False,15,206,23200.0
1687.5,-3312.5,1212.5,2075.0,False,15,211,15550.0
5425.0,425.0,3925.0,2100.0,False,15,207,29100.0
3512.5,-1487.5,2912.5,2100.0,False,15,210,21225.0
5800.0,800.0,4550.0,1500.0,False,15,205,21675.0
7950.0,2950.0,4875.0,1200.0,False,15,203,17850.0
8375.0,3375.0,3850.0,2100.0,False,15,207,28575.0
3162.5,-1837.5,2900.0,2825.0,False,15,203,17175.0
7387.5,2387.5,4075.0,1400.0,False,15,206,26175.0
3800.0,-1200.0,3700.0,2000.0,False,15,205,18150.0
8450.0,3450.0,4975.0,1100.0,False,15,205,24925.0
4287.5,-712.5,2912.5,1025.0,False,15,207,16525.0
6737.5,1737.5,4950.0,1725.0,False,15,206,20675.0
8200.0,3200.0,3937.5,1500.0,False,15,205,35075.0
8050.0,3050.0,4850.0,1325.0,False,15,208,24075.0
512.5,-4487.5,87.5,3500.0,False,15,204,29800.0
8312.5,3312.5,3225.0,2700.0,False,15,206,37500.0
5400.0,400.0,3112.5,1850.0,False,15,209,24625.0
5587.5,587.5,2412.5,2300.0,False,15,204,22650.0
9212.5,4212.5,4575.0,1500.0,False,15,207,23525.0
3887.5,-1112.5,3775.0,1350.0,False,15,206,22125.0
5150.0,150.0,2775.0,1850.0,False,15,209,26450.0
2637.5,-2362.5,2387.5,1525.0,False,15,210,14875.0
4725.0,-275.0,3550.0,1200.0,False,15,208,22550.0
5137.5,137.5,4900.0,1700.0,False,15,208,20825.0
2812.5,-2187.5,2812.5,1650.0,False,15,207,22975.0
5150.0,150.0,4300.0,1500.0,False,15,203,24950.0
7437.5,2437.5,3762.5,850.0,False,15,201,21850.0
4200.0,-800.0,4100.0,1100.0,False,15,208,14000.0
5700.0,700.0,4850.0,3550.0,False,15,203,18650.0
6875.0,1875.0,4112.5,2500.0,False,15,209,24125.0
11425.0,6425.0,4975.0,1750.0,False,15,210,24275.0
2325.0,-2675.0,1912.5,3000.0,False,15,209,31275.0
12050.0,7050.0,4150.0,1400.0,False,15,208,30200.0
7412.5,2412.5,4250.0,1600.0,False,15,208,30875.0
6112.5,1112.5,3800.0,2100.0,False,15,204,24975.0
10312.5,5312.5,3787.5,2100.0,False,15,201,33725.0
7525.0,2525.0,4750.0,1000.0,False,15,202,15750.0
5412.5,412.5,2775.0,3400.0,False,15,202,29625.0
8987.5,3987.5,4712.5,1000.0,False,15,206,23800.0
6987.5,1987.5,4562.5,1000.0,False,15,209,22550.0
7975.0,2975.0,4537.5,1700.0,False,15,209,23075.0
4275.0,-725.0,4050.0,2050.0,False,15,208,22925.0
6375.0,1375.0,2125.0,1450.0,False,15,208,21675.0
5412.5,412.5,2937.5,1850.0,False,15,200,27050.0
8550.0,3550.0,4337.5,1800.0,False,15,201,25100.0
11662.5,6662.5,4375.0,1100.0,False,15,207,26550.0
5050.0,50.0,3225.0,1700.0,False,15,205,32600.0
10400.0,5400.0,4900.0,1650.0,False,15,206,28425.0
3825.0,-1175.0,3175.0,1450.0,False,15,208,17125.0
3737.5,-1262.5,3637.5,2000.0,False,15,208,19225.0
5812.5,812.5,2987.5,1075.0,False,15,210,25000.0
10062.5,5062.5,4550.0,2175.0,False,15,207,28150.0
2800.0,-2200.0,1050.0,2650.0,False,15,206,20725.0
2837.5,-2162.5,2762.5,2000.0,False,15,208,16700.0
1900.0,-3100.0,1525.0,3150.0,False,15,202,25575.0
4475.0,-525.0,4237.5,1600.0,False,15,209,35375.0
5425.0,425.0,4275.0,1775.0,False,15,205,22550.0
6762.5,1762.5,4625.0,2500.0,False,15,203,25350.0
3637.5,-1362.5,3300.0,1600.0,False,15,208,22050.0
3225.0,-1775.0,2500.0,1400.0,False,15,212,17900.0
7050.0,2050.0,3525.0,1250.0,False,15,204,34275.0
4187.5,-812.5,2575.0,2100.0,False,15,205,24775.0
3362.5,-1637.5,2337.5,2600.0,False,15,204,21575.0
6712.5,1712.5,5000.0,1150.0,False,15,207,20550.0
5000.0,0.0,3337.5,2850.0,False,15,208,24800.0
2537.5,-2462.5,2312.5,2800.0,False,15,204,26025.0
3912.5,-1087.5,3912.5,2000.0,False,15,205,24675.0
4325.0,-675.0,2362.5,2150.0,False,15,205,34950.0
8250.0,3250.0,4137.5,1200.0,False,15,206,20075.0
9737.5,4737.5,4387.5,1650.0,False,15,207,31925.0
6100.0,1100.0,4662.5,1100.0,False,15,207,15925.0
8875.0,3875.0,3062.5,1525.0,False,15,208,24950.0
6800.0,1800.0,4312.5,2750.0,False,15,204,23725.0
8837.5,3837.5,4500.0,1300.0,False,15,203,17400.0
6637.5,1637.5,4975.0,900.0,False,15,209,19600.0
5962.5,962.5,3812.5,1650.0,False,15,206,25825.0
4875.0,-125.0,3612.5,2250.0,False,15,207,30775.0
5362.5,362.5,2575.0,2100.0,False,15,205,25025.0
5050.0,50.0,3262.5,1450.0,False,15,203,25600.0
1525.0,-3475.0,1375.0,1775.0,False,15,206,26975.0
7650.0,2650.0,3750.0,2500.0,False,15,206,21350.0
6725.0,1725.0,3975.0,1500.0,False,15,203,24600.0
8937.5,3937.5,3987.5,1250.0,False,15,204,22150.0
5887.5,887.5,4125.0,825.0,False,15,205,17825.0
2300.0,-2700.0,1700.0,1800.0,False,15,205,29450.0
6137.5,1137.5,1950.0,3700.0,False,15,207,23075.0
4675.0,-325.0,2287.5,2000.0,False,15,209,22200.0
2525.0,-2475.0,2525.0,3150.0,False,15,206,25900.0
8025.0,3025.0,4825.0,1750.0,False,15,206,32850.0
3775.0,-1225.0,3525.0,2350.0,False,15,206,22225.0
-237.5,-5237.5,-237.5,1600.0,True,15,203,16800.0
350.0,-4650.0,200.0,2850.0,False,15,209,33250.0
4087.5,-912.5,3287.5,4400.0,False,15,205,21225.0
4950.0,-50.0,2412.5,2650.0,False,15,206,24950.0
5100.0,100.0,4737.5,1850.0,False,15,206,20700.0
4987.5,-12.5,4187.5,375.0,False,15,211,11325.0
8475.0,3475.0,3525.0,1100.0,False,15,205,22925.0
5112.5,112.5,4262.5,1800.0,False,15,205,33225.0
2250.0,-2750.0,575.0,2900.0,False,15,204,31900.0
1337.5,-3662.5,262.5,2000.0,False,15,207,25625.0
8600.0,3600.0,3350.0,1625.0,False,15,205,18400.0
2462.5,-2537.5,2112.5,2500.0,False,15,208,25025.0
4600.0,-400.0,3600.0,1075.0,False,15,213,19525.0
2150.0,-2850.0,1762.5,1300.0,False,15,208,20000.0
3112.5,-1887.5,2837.5,1325.0,False,15,206,21325.0
4650.0,-350.0,4262.5,3000.0,False,15,206,20375.0
7062.5,2062.5,3275.0,1800.0,False,15,208,22125.0
7675.0,2675.0,4237.5,1000.0,False,15,204,19575.0
8012.5,3012.5,3425.0,1800.0,False,15,208,29525.0
2375.0,-2625.0,1950.0,2650.0,False,15,207,27350.0
700.0,-4300.0,212.5,1925.0,False,15,205,18875.0
6500.0,1500.0,3675.0,1350.0,False,15,208,13000.0
4975.0,-25.0,3325.0,1650.0,False,15,208,24000.0
9062.5,4062.5,5000.0,1100.0,False,15,203,21000.0
11412.5,6412.5,4250.0,1100.0,False,15,201,25125.0
6625.0,1625.0,4775.0,2000.0,False,15,209,25000.0
8412.5,3412.5,4975.0,1000.0,False,15,205,16725.0
8137.5,3137.5,4300.0,750.0,False,15,204,15075.0
8937.5,3937.5,4500.0,825.0,False,15,206,15600.0
4750.0,-250.0,2200.0,4275.0,False,15,206,40950.0
5487.5,487.5,3562.5,1600.0,False,15,206,31225.0
4575.0,-425.0,3950.0,1300.0,False,15,207,23925.0
6412.5,1412.5,3037.5,1275.0,False,15,204,27450.0
6375.0,1375.0,4400.0,1900.0,False,15,207,22150.0
6387.5,1387.5,4300.0,500.0,False,15,209,18450.0
6625.0,1625.0,3987.5,1725.0,False,15,205,22225.0
4200.0,-800.0,4150.0,1100.0,False,15,208,16750.0
11437.5,6437.5,4575.0,1150.0,False,15,202,28525.0
4175.0,-825.0,2537.5,1200.0,False,15,209,18275.0
4812.5,-187.5,3800.0,1750.0,False,15,207,24250.0
2350.0,-2650.0,1650.0,2000.0,False,15,204,16425.0
5275.0,275.0,4850.0,1100.0,False,15,211,17975.0
11050.0,6050.0,4575.0,1350.0,False,15,203,27725.0
5262.5,262.5,3537.5,2500.0,False,15,205,31475.0
6325.0,1325.0,4562.5,1325.0,False,15,204,25025.0
6925.0,1925.0,3375.0,1600.0,False,15,204,19850.0
7912.5,2912.5,4875.0,4000.0,False,15,207,28175.0
4862.5,-137.5,3700.0,1800.0,False,15,208,20850.0
2075.0,-2925.0,1175.0,2650.0,False,15,204,29375.0
6937.5,1937.5,4850.0,1600.0,False,15,203,30925.0
0.0,-5000.0,0.0,3000.0,True,5,62,11375.0
6025.0,1025.0,5000.0,1050.0,False,15,208,18850.0
0.0,-5000.0,0.0,3300.0,True,8,98,14500.0
8687.5,3687.5,4975.0,1000.0,False,15,205,15425.0
4725.0,-275.0,3575.0,1650.0,False,15,207,17600.0
5687.5,687.5,3700.0,2000.0,False,15,208,22150.0
4487.5,-512.5,3975.0,1050.0,False,15,204,29650.0
3500.0,-1500.0,2725.0,2425.0,False,15,208,27850.0
4150.0,-850.0,3175.0,2300.0,False,15,209,25950.0
1425.0,-3575.0,1250.0,1600.0,False,15,206,20050.0
5300.0,300.0,3212.5,2100.0,False,15,209,17050.0
4362.5,-637.5,3562.5,1200.0,False,15,207,29175.0
4062.5,-937.5,2400.0,3550.0,False,15,205,16875.0
8037.5,3037.5,4975.0,700.0,False,15,204,17625.0
6562.5,1562.5,4250.0,1700.0,False,15,209,28575.0
6837.5,1837.5,4250.0,1000.0,False,15,211,31025.0
3125.0,-1875.0,2287.5,1700.0,False,15,203,16400.0
675.0,-4325.0,675.0,2150.0,False,15,205,24400.0
2062.5,-2937.5,850.0,2550.0,False,15,204,24750.0
2862.5,-2137.5,2437.5,2800.0,False,15,207,18325.0
9012.5,4012.5,4950.0,2000.0,False,15,199,35775.0
3200.0,-1800.0,2625.0,1500.0,False,15,208,17950.0
6625.0,1625.0,4837.5,1775.0,False,15,207,27500.0
7000.0,2000.0,4975.0,1400.0,False,15,206,20675.0
8337.5,3337.5,2925.0,2950.0,False,15,212,24450.0
6737.5,1737.5,4950.0,1500.0,False,15,208,25025.0
4800.0,-200.0,2962.5,1100.0,False,15,211,20700.0
3650.0,-1350.0,3525.0,1650.0,False,15,206,25575.0
4512.5,-487.5,1462.5,2300.0,False,15,207,24375.0
5037.5,37.5,3225.0,2600.0,False,15,206,27575.0
6387.5,1387.5,4225.0,1250.0,False,15,205,25425.0
337.5,-4662.5,37.5,1600.0,False,15,208,19925.0
3475.0,-1525.0,850.0,2200.0,False,15,206,23800.0
7437.5,2437.5,1987.5,3050.0,False,15,209,28200.0
5162.5,162.5,1637.5,1800.0,False,15,208,22775.0
2250.0,-2750.0,1500.0,1800.0,False,15,204,26375.0
5750.0,750.0,4275.0,2575.0,False,15,208,22200.0
4062.5,-937.5,3187.5,2000.0,False,15,213,16575.0
3675.0,-1325.0,2175.0,2025.0,False,15,205,28900.0
4362.5,-637.5,3875.0,800.0,False,15,204,15475.0
5737.5,737.5,4912.5,650.0,False,15,207,11250.0
7300.0,2300.0,4700.0,1100.0,False,15,203,20400.0
8300.0,3300.0,4337.5,2350.0,False,15,206,25400.0
5650.0,650.0,3825.0,2200.0,False,15,207,27425.0
7887.5,2887.5,4725.0,2000.0,False,15,202,27725.0
6650.0,1650.0,4725.0,825.0,False,15,207,16400.0
8400.0,3400.0,4450.0,900.0,False,15,206,26275.0
4712.5,-287.5,1925.0,1725.0,False,15,210,16575.0
6625.0,1625.0,4850.0,1300.0,False,15,208,16475.0
5587.5,587.5,3875.0,1700.0,False,15,207,31050.0
6287.5,1287.5,3237.5,1575.0,False,15,210,19850.0
0.0,-5000.0,0.0,2650.0,True,13,174,29675.0
5100.0,100.0,5000.0,3250.0,False,15,209,26750.0
4812.5,-187.5,4787.5,2025.0,False,15,204,12075.0
4437.5,-562.5,4362.5,1300.0,False,15,206,26325.0
4650.0,-350.0,3962.5,1000.0,False,15,205,16650.0
4287.5,-712.5,4237.5,900.0,False,15,207,16050.0
5212.5,212.5,1775.0,3350.0,False,15,209,33600.0
5000.0,0.0,3725.0,2100.0,False,15,209,19000.0
11225.0,6225.0,5000.0,1400.0,False,15,209,24225.0
4575.0,-425.0,4575.0,1400.0,False,15,208,16500.0
1600.0,-3400.0,862.5,3450.0,False,15,208,23775.0
6262.5,1262.5,4250.0,1000.0,False,15,203,19775.0
7700.0,2700.0,3300.0,2300.0,False,15,199,25375.0
6462.5,1462.5,4250.0,1700.0,False,15,209,25750.0
6112.5,1112.5,2762.5,2350.0,False,15,209,26250.0
2675.0,-2325.0,2112.5,1625.0,False,15,208,20550.0
6600.0,1600.0,3950.0,1000.0,False,15,209,15275.0
1850.0,-3150.0,375.0,3450.0,False,15,204,32750.0
9100.0,4100.0,4225.0,1600.0,False,15,208,25925.0
3562.5,-1437.5,3137.5,1550.0,False,15,213,19775.0
13562.5,8562.5,2000.0,2100.0,False,15,205,31100.0
1975.0,-3025.0,975.0,2300.0,False,15,207,26775.0
6837.5,1837.5,5000.0,1750.0,False,15,205,22975.0
8825.0,3825.0,4712.5,1150.0,False,15,207,26000.0
6500.0,1500.0,4325.0,900.0,False,15,205,18950.0
4812.5,-187.5,3687.5,3000.0,False,15,203,25325.0
-12.5,-5012.5,-12.5,4050.0,True,8,103,12650.0
-187.5,-5187.5,-187.5,2900.0,True,13,180,24300.0
4000.0,-1000.0,2250.0,1500.0,False,15,207,19275.0
7775.0,2775.0,4712.5,1100.0,False,15,206,19075.0
4337.5,-662.5,3275.0,1450.0,False,15,204,23250.0
5812.5,812.5,2725.0,2350.0,False,15,208,22800.0
5187.5,187.5,3825.0,1500.0,False,15,205,28800.0
4237.5,-762.5,3037.5,1700.0,False,15,204,27125.0
7362.5,2362.5,3862.5,1000.0,False,15,204,19125.0
7512.5,2512.5,4475.0,1100.0,False,15,204,16250.0
6800.0,1800.0,4925.0,2100.0,False,15,206,22250.0
5225.0,225.0,3462.5,1400.0,False,15,206,25625.0
5300.0,300.0,3987.5,2000.0,False,15,209,26150.0
6787.5,1787.5,2000.0,3175.0,False,15,203,29100.0
3337.5,-1662.5,3312.5,1275.0,False,15,211,21300.0
4925.0,-75.0,3250.0,1600.0,False,15,211,21450.0
3125.0,-1875.0,2725.0,2500.0,False,15,203,26400.0
-675.0,-5675.0,-675.0,3275.0,True,15,197,22725.0
4225.0,-775.0,3325.0,1000.0,False,15,209,24175.0
4237.5,-762.5,3212.5,2550.0,False,15,209,26425.0
8500.0,3500.0,4825.0,800.0,False,15,208,23600.0
8212.5,3212.5,3262.5,1850.0,False,15,207,29300.0
6350.0,1350.0,4475.0,1750.0,False,15,209,28225.0
4925.0,-75.0,4300.0,1775.0,False,15,205,31050.0
6300.0,1300.0,3350.0,1800.0,False,15,207,33300.0
4475.0,-525.0,3700.0,2200.0,False,15,209,27425.0
4400.0,-600.0,2037.5,1425.0,False,15,206,26075.0
4950.0,-50.0,4025.0,1750.0,False,15,202,15775.0
5300.0,300.0,3900.0,1950.0,False,15,208,20075.0
8950.0,3950.0,4550.0,2250.0,False,15,206,24575.0
987.5,-4012.5,987.5,3900.0,False,15,209,28150.0
7825.0,2825.0,4062.5,1400.0,False,15,209,23200.0
8112.5,3112.5,4275.0,2800.0,False,15,207,32375.0
7237.5,2237.5,4950.0,500.0,False,15,204,11825.0
8425.0,3425.0,3087.5,3325.0,False,15,205,32200.0
6037.5,1037.5,2387.5,1300.0,False,15,206,19025.0
6387.5,1387.5,4825.0,850.0,False,15,205,17700.0
4950.0,-50.0,3350.0,1650.0,False,15,205,20400.0
9975.0,4975.0,3937.5,1400.0,False,15,208,28700.0
3425.0,-1575.0,3425.0,1575.0,False,15,212,14150.0
5987.5,987.5,3362.5,900.0,False,15,204,21175.0
5750.0,750.0,3262.5,1200.0,False,15,205,16975.0
5337.5,337.5,2562.5,1600.0,False,15,208,23575.0
9175.0,4175.0,3512.5,1450.0,False,15,205,27725.0
10425.0,5425.0,5000.0,900.0,False,15,206,22300.0
5037.5,37.5,3062.5,3325.0,False,15,206,25050.0
6800.0,1800.0,4625.0,1200.0,False,15,205,24775.0
925.0,-4075.0,900.0,2600.0,False,15,206,26675.0
3300.0,-1700.0,1437.5,1800.0,False,15,210,19750.0
6725.0,1725.0,2875.0,2150.0,False,15,201,29350.0
5562.5,562.5,3062.5,1850.0,False,15,208,22025.0
13875.0,8875.0,4712.5,900.0,False,15,211,20050.0
3362.5,-1637.5,3337.5,1950.0,False,15,207,40375.0
4612.5,-387.5,1387.5,3625.0,False,15,203,32650.0
2187.5,-2812.5,2187.5,1250.0,False,15,204,14450.0
6050.0,1050.0,4925.0,1300.0,False,15,207,17625.0
-25.0,-5025.0,-25.0,3025.0,True,13,179,21475.0
6700.0,1700.0,4862.5,1500.0,False,15,203,21925.0
3475.0,-1525.0,3125.0,1000.0,False,15,207,16950.0
8075.0,3075.0,4712.5,500.0,False,15,203,16275.0
4512.5,-487.5,4300.0,1975.0,False,15,208,13450.0
5700.0,700.0,3450.0,1500.0,False,15,204,16225.0
2300.0,-2700.0,2200.0,2950.0,False,15,205,24750.0
3175.0,-1825.0,775.0,3300.0,False,15,206,26200.0
7475.0,2475.0,4525.0,1850.0,False,15,206,29525.0
3350.0,-1650.0,2575.0,1250.0,False,15,208,20325.0
6950.0,1950.0,4887.5,900.0,False,15,208,16550.0
5575.0,575.0,3362.5,1675.0,False,15,207,21925.0
7887.5,2887.5,2825.0,2200.0,False,15,202,28375.0
10725.0,5725.0,3575.0,2200.0,False,15,202,33550.0
3175.0,-1825.0,2425.0,2000.0,False,15,214,19775.0
6525.0,1525.0,3287.5,1750.0,False,15,206,17725.0
5387.5,387.5,3450.0,2900.0,False,15,205,26100.0
8087.5,3087.5,5000.0,925.0,False,15,203,21700.0
7900.0,2900.0,4825.0,700.0,False,15,205,20325.0
1525.0,-3475.0,250.0,2800.0,False,15,205,36625.0
4262.5,-737.5,3162.5,925.0,False,15,204,13450.0
3187.5,-1812.5,3087.5,2450.0,False,15,204,15575.0
3550.0,-1450.0,1937.5,2850.0,False,15,206,25550.0
4787.5,-212.5,4750.0,762.5,False,15,209,10725.0
9087.5,4087.5,4687.5,1600.0,False,15,207,30375.0
6387.5,1387.5,3387.5,2325.0,False,15,206,21925.0
6862.5,1862.5,4100.0,1000.0,False,15,204,27975.0
4600.0,-400.0,4300.0,1050.0,False,15,206,19900.0
6500.0,1500.0,4637.5,1750.0,False,15,206,25475.0
8475.0,3475.0,3875.0,2125.0,False,15,210,33200.0
2125.0,-2875.0,312.5,1900.0,False,15,207,27350.0
3712.5,-1287.5,2300.0,1500.0,False,15,202,27725.0
2675.0,-2325.0,2125.0,2700.0,False,15,200,24250.0
5325.0,325.0,1000.0,3700.0,False,15,208,29400.0
10925.0,5925.0,5000.0,2000.0,False,15,207,29850.0
-162.5,-5162.5,-162.5,2650.0,True,13,174,21225.0
5062.5,62.5,2950.0,1850.0,False,15,208,12125.0
10025.0,5025.0,4537.5,1800.0,False,15,210,35025.0
4937.5,-62.5,3075.0,1300.0,False,15,201,21600.0
6937.5,1937.5,3737.5,1650.0,False,15,203,24900.0
4887.5,-112.5,3650.0,1900.0,False,15,206,19250.0
7337.5,2337.5,5000.0,1500.0,False,15,209,24875.0
7812.5,2812.5,4650.0,1000.0,False,15,205,24350.0
2925.0,-2075.0,2725.0,1150.0,False,15,204,19850.0
1875.0,-3125.0,1875.0,2450.0,False,15,210,21600.0
7712.5,2712.5,4000.0,1200.0,False,15,204,27950.0
6575.0,1575.0,4975.0,950.0,False,15,205,22325.0
8437.5,3437.5,4125.0,2000.0,False,15,204,23675.0
6662.5,1662.5,3587.5,1450.0,False,15,205,25575.0
8300.0,3300.0,3575.0,1425.0,False,15,207,28575.0
5075.0,75.0,3162.5,2600.0,False,15,206,27975.0
9925.0,4925.0,4462.5,575.0,False,15,210,20275.0
6037.5,1037.5,3975.0,1600.0,False,15,205,19475.0
4162.5,-837.5,3412.5,1775.0,False,15,205,16125.0
-287.5,-5287.5,-287.5,2400.0,True,15,190,27375.0
2675.0,-2325.0,2275.0,2300.0,False,15,207,31900.0
5912.5,912.5,4675.0,900.0,False,15,207,22250.0
5000.0,0.0,4550.0,4550.0,False,15,210,29025.0
5750.0,750.0,4000.0,3500.0,False,15,203,27125.0
7300.0,2300.0,4112.5,1500.0,False,15,203,19050.0
4600.0,-400.0,3387.5,1000.0,False,15,207,20000.0
4212.5,-787.5,2925.0,1825.0,False,15,204,28200.0
1775.0,-3225.0,900.0,1750.0,False,15,205,29675.0
7212.5,2212.5,4525.0,1150.0,False,15,206,26150.0
9600.0,4600.0,3287.5,1250.0,False,15,210,19450.0
8312.5,3312.5,2325.0,1325.0,False,15,204,24100.0
4000.0,-1000.0,1400.0,1375.0,False,15,205,15175.0
5837.5,837.5,2837.5,2550.0,False,15,208,21800.0
3050.0,-1950.0,1225.0,2100.0,False,15,207,24600.0
7475.0,2475.0,4725.0,2225.0,False,15,208,29850.0
7737.5,2737.5,5000.0,1850.0,False,15,202,25275.0
10487.5,5487.5,4775.0,1100.0,False,15,207,18675.0
4937.5,-62.5,3462.5,1600.0,False,15,206,28075.0
8037.5,3037.5,3800.0,1300.0,False,15,202,26125.0
7625.0,2625.0,4625.0,700.0,False,15,209,17950.0
8537.5,3537.5,4300.0,1250.0,False,15,206,24625.0
3387.5,-1612.5,2737.5,1725.0,False,15,205,17325.0
6612.5,1612.5,4862.5,1400.0,False,15,206,23500.0
1512.5,-3487.5,1037.5,3150.0,False,15,209,27825.0
8300.0,3300.0,2450.0,2650.0,False,15,205,29900.0
7462.5,2462.5,4875.0,1750.0,False,15,208,23175.0
4275.0,-725.0,3525.0,1400.0,False,15,205,19375.0
2600.0,-2400.0,2600.0,1650.0,False,15,207,19975.0
8650.0,3650.0,4975.0,2125.0,False,15,203,29900.0
5312.5,312.5,3662.5,1400.0,False,15,209,19250.0
-150.0,-5150.0,-150.0,3900.0,True,6,68,10350.0
7550.0,2550.0,4912.5,875.0,False,15,205,14525.0
1587.5,-3412.5,1362.5,2800.0,False,15,204,16300.0
9012.5,4012.5,4975.0,875.0,False,15,209,23650.0
1287.5,-3712.5,1287.5,1800.0,False,15,207,14275.0
5900.0,900.0,3387.5,1425.0,False,15,203,15550.0
6125.0,1125.0,4250.0,925.0,False,15,206,15500.0
9300.0,4300.0,3362.5,1700.0,False,15,204,20200.0
4625.0,-375.0,4625.0,3050.0,False,15,202,26625.0
2762.5,-2237.5,737.5,1800.0,False,15,212,28025.0
6575.0,1575.0,4975.0,1000.0,False,15,206,23175.0
1000.0,-4000.0,1000.0,2400.0,False,15,204,31750.0
6750.0,1750.0,2712.5,1600.0,False,15,209,28350.0
7125.0,2125.0,4912.5,1900.0,False,15,206,18900.0
5587.5,587.5,1412.5,1900.0,False,15,205,25975.0
2237.5,-2762.5,2062.5,1400.0,False,15,208,24075.0
8587.5,3587.5,3237.5,1700.0,False,15,206,22525.0
3600.0,-1400.0,500.0,2750.0,False,15,211,31675.0
6212.5,1212.5,4112.5,1050.0,False,15,208,14825.0
8462.5,3462.5,3975.0,1300.0,False,15,207,27450.0
7862.5,2862.5,3937.5,1000.0,False,15,207,21275.0
5025.0,25.0,3662.5,1925.0,False,15,209,23700.0
6850.0,1850.0,4562.5,1350.0,False,15,204,22525.0
4475.0,-525.0,3750.0,2250.0,False,15,203,28400.0
8312.5,3312.5,4925.0,2550.0,False,15,201,21250.0
8337.5,3337.5,3825.0,1025.0,False,15,206,22425.0
7125.0,2125.0,5000.0,2000.0,False,15,204,23200.0
6812.5,1812.5,4275.0,1500.0,False,15,207,30000.0
-725.0,-5725.0,-725.0,3600.0,True,7,79,18350.0
1337.5,-3662.5,700.0,3125.0,False,15,206,23025.0
4675.0,-325.0,3237.5,1500.0,False,15,206,22425.0
5737.5,737.5,4950.0,725.0,False,15,210,15450.0
3425.0,-1575.0,2925.0,1250.0,False,15,207,17200.0
4550.0,-450.0,4187.5,1000.0,False,15,208,13175.0
6212.5,1212.5,4725.0,900.0,False,15,211,19800.0
8487.5,3487.5,1950.0,1900.0,False,15,203,31650.0
7937.5,2937.5,4962.5,2525.0,False,15,206,22500.0
6487.5,1487.5,3575.0,2350.0,False,15,205,24200.0
3162.5,-1837.5,2987.5,1700.0,False,15,201,26750.0
2900.0,-2100.0,2825.0,1300.0,False,15,208,18800.0
3587.5,-1412.5,2837.5,1850.0,False,15,204,23400.0
7037.5,2037.5,3312.5,1750.0,False,15,204,28750.0
-50.0,-5050.0,-50.0,2400.0,True,3,34,11500.0
5862.5,862.5,4412.5,1025.0,False,15,211,12450.0
6000.0,1000.0,1875.0,1600.0,False,15,207,22475.0
4000.0,-1000.0,1512.5,1700.0,False,15,206,22100.0
7112.5,2112.5,3025.0,2150.0,False,15,207,27100.0
8875.0,3875.0,4187.5,800.0,False,15,209,18550.0
4475.0,-525.0,3762.5,1550.0,False,15,207,16300.0
1675.0,-3325.0,925.0,2150.0,False,15,205,33075.0
9600.0,4600.0,3700.0,800.0,False,15,208,23250.0
-175.0,-5175.0,-175.0,2600.0,True,7,85,11800.0
1062.5,-3937.5,737.5,1950.0,False,15,209,21550.0
7100.0,2100.0,4275.0,1500.0,False,15,206,14125.0
8325.0,3325.0,4975.0,1400.0,False,15,205,26800.0
9837.5,4837.5,4737.5,500.0,False,15,203,20100.0
2337.5,-2662.5,2025.0,1900.0,False,15,207,23575.0
6387.5,1387.5,4712.5,1800.0,False,15,207,26700.0
9412.5,4412.5,5000.0,1800.0,False,15,207,28550.0
8350.0,3350.0,4862.5,1625.0,False,15,206,30275.0
7162.5,2162.5,4662.5,1400.0,False,15,205,21450.0
7037.5,2037.5,3900.0,2150.0,False,15,206,26575.0
5825.0,825.0,4725.0,1500.0,False,15,207,20975.0
5237.5,237.5,4250.0,2500.0,False,15,207,25075.0
6812.5,1812.5,4900.0,700.0,False,15,209,12150.0
1987.5,-3012.5,1012.5,1450.0,False,15,203,27725.0
7687.5,2687.5,4850.0,825.0,False,15,207,18725.0
2975.0,-2025.0,1450.0,3550.0,False,15,204,19450.0
9050.0,4050.0,3050.0,1725.0,False,15,208,35450.0
3537.5,-1462.5,2387.5,1800.0,False,15,204,30150.0
8575.0,3575.0,3550.0,1500.0,False,15,208,21550.0
6012.5,1012.5,4462.5,1675.0,False,15,207,15025.0
4687.5,-312.5,2575.0,2450.0,False,15,208,28625.0
3762.5,-1237.5,1362.5,2000.0,False,15,204,29275.0
3675.0,-1325.0,1337.5,1525.0,False,15,204,25450.0
3012.5,-1987.5,2075.0,2400.0,False,15,204,40475.0
-137.5,-5137.5,-137.5,2850.0,True,14,190,27150.0
8162.5,3162.5,3175.0,2000.0,False,15,205,29250.0
7675.0,2675.0,4600.0,1200.0,False,15,207,20625.0
5575.0,575.0,4600.0,1500.0,False,15,207,25875.0
7475.0,2475.0,4850.0,1400.0,False,15,206,24675.0
5437.5,437.5,5000.0,2275.0,False,15,203,32575.0
3112.5,-1887.5,2762.5,1500.0,False,15,208,18725.0
5550.0,550.0,475.0,3200.0,False,15,205,26950.0
5187.5,187.5,4150.0,1800.0,False,15,208,24375.0
4075.0,-925.0,2062.5,3300.0,False,15,204,26750.0
6212.5,1212.5,4425.0,2850.0,False,15,205,21575.0
5712.5,712.5,3950.0,1900.0,False,15,205,33700.0
1425.0,-3575.0,1400.0,1725.0,False,15,208,19575.0
37.5,-4962.5,37.5,2625.0,False,15,206,23625.0
6800.0,1800.0,4087.5,1400.0,False,15,203,20725.0
4000.0,-1000.0,2487.5,1750.0,False,15,207,31075.0
5550.0,550.0,4325.0,2250.0,False,15,206,24575.0
-150.0,-5150.0,-150.0,2250.0,True,6,78,12975.0
8700.0,3700.0,4200.0,1000.0,False,15,201,16350.0
11312.5,6312.5,4800.0,1200.0,False,15,205,30900.0
1200.0,-3800.0,325.0,1675.0,False,15,207,21425.0
10812.5,5812.5,4475.0,2450.0,False,15,209,32600.0
4187.5,-812.5,3375.0,1400.0,False,15,207,21425.0
4262.5,-737.5,750.0,2500.0,False,15,204,25075.0
5887.5,887.5,4750.0,1750.0,False,15,209,16675.0
6425.0,1425.0,4400.0,1650.0,False,15,209,19075.0
5575.0,575.0,1712.5,2000.0,False,15,210,24900.0
1737.5,-3262.5,1375.0,2925.0,False,15,204,32625.0
4575.0,-425.0,3487.5,1250.0,False,15,208,18600.0
4937.5,-62.5,4537.5,1750.0,False,15,204,16400.0
4362.5,-637.5,3175.0,1950.0,False,15,202,21250.0
2625.0,-2375.0,2275.0,2575.0,False,15,206,22125.0
7412.5,2412.5,4775.0,2200.0,False,15,207,18275.0
550.0,-4450.0,137.5,2825.0,False,15,209,24450.0
2125.0,-2875.0,2125.0,2000.0,False,15,208,26950.0
8225.0,3225.0,3900.0,1800.0,False,15,205,37000.0
5987.5,987.5,3987.5,2000.0,False,15,202,25200.0
4662.5,-337.5,4650.0,1950.0,False,15,208,27975.0
8612.5,3612.5,2550.0,2950.0,False,15,206,28050.0
1837.5,-3162.5,1587.5,3025.0,False,15,206,22475.0
9750.0,4750.0,4900.0,2350.0,False,15,207,28225.0
-12.5,-5012.5,-12.5,2925.0,True,6,81,11900.0
3600.0,-1400.0,3275.0,1600.0,False,15,205,26300.0
10387.5,5387.5,4812.5,1475.0,False,15,203,20425.0
6875.0,1875.0,4462.5,850.0,False,15,207,21975.0
4562.5,-437.5,3400.0,2875.0,False,15,204,21800.0
5237.5,237.5,3687.5,1325.0,False,15,208,19100.0
7625.0,2625.0,5000.0,1650.0,False,15,207,19775.0
9200.0,4200.0,4850.0,1500.0,False,15,203,28550.0
3850.0,-1150.0,3825.0,3500.0,False,15,205,28050.0
5875.0,875.0,3562.5,1500.0,False,15,209,22575.0
8587.5,3587.5,4900.0,950.0,False,15,205,16925.0
9025.0,4025.0,5000.0,1300.0,False,15,205,31650.0
2687.5,-2312.5,175.0,2325.0,False,15,207,28825.0
8325.0,3325.0,4675.0,1800.0,False,15,211,34975.0
4862.5,-137.5,4212.5,2100.0,False,15,207,29950.0
6512.5,1512.5,3587.5,2000.0,False,15,207,24675.0
5025.0,25.0,2250.0,4050.0,False,15,212,28450.0
8250.0,3250.0,3575.0,3000.0,False,15,206,25750.0
1862.5,-3137.5,1862.5,3000.0,False,15,208,22600.0
8700.0,3700.0,4875.0,1825.0,False,15,203,19550.0
9950.0,4950.0,3737.5,2400.0,False,15,206,29400.0
-150.0,-5150.0,-150.0,2500.0,True,14,190,24800.0
-450.0,-5450.0,-450.0,3900.0,True,6,80,11850.0
3787.5,-1212.5,2000.0,2500.0,False,15,203,19750.0
3312.5,-1687.5,3312.5,750.0,False,15,207,12450.0
1850.0,-3150.0,1725.0,2025.0,False,15,206,24900.0
6175.0,1175.0,4750.0,1100.0,False,15,206,16550.0
3912.5,-1087.5,3862.5,762.5,False,15,210,10125.0
2787.5,-2212.5,2212.5,2300.0,False,15,210,26650.0
2937.5,-2062.5,2037.5,3050.0,False,15,210,14400.0
7537.5,2537.5,2200.0,1925.0,False,15,214,22800.0
2162.5,-2837.5,2162.5,1325.0,False,15,204,24450.0
5362.5,362.5,4662.5,2500.0,False,15,204,36750.0
7387.5,2387.5,5000.0,700.0,False,15,210,18000.0
3700.0,-1300.0,3700.0,1300.0,False,15,208,14700.0
4262.5,-737.5,3050.0,1675.0,False,15,206,27025.0
9312.5,4312.5,4975.0,575.0,False,15,205,14950.0
5400.0,400.0,3487.5,2150.0,False,15,204,22350.0
5787.5,787.5,4187.5,1100.0,False,15,210,24775.0
10250.0,5250.0,4875.0,1500.0,False,15,209,20650.0
2287.5,-2712.5,1837.5,1300.0,False,15,205,14975.0
3587.5,-1412.5,1875.0,2600.0,False,15,207,22425.0
5150.0,150.0,4200.0,1750.0,False,15,205,14650.0
700.0,-4300.0,87.5,2300.0,False,15,205,28125.0
5662.5,662.5,4550.0,975.0,False,15,209,15625.0
5062.5,62.5,2625.0,1300.0,False,15,206,21900.0
2762.5,-2237.5,2587.5,1550.0,False,15,209,19100.0
9262.5,4262.5,4400.0,1150.0,False,15,202,25650.0
1937.5,-3062.5,1712.5,3200.0,False,15,206,28000.0
7325.0,2325.0,4437.5,1000.0,False,15,207,17500.0
6525.0,1525.0,4400.0,1650.0,False,15,205,19675.0
8462.5,3462.5,3687.5,1900.0,False,15,205,22350.0
6150.0,1150.0,4675.0,1000.0,False,15,208,24075.0
2012.5,-2987.5,1475.0,2200.0,False,15,206,18525.0
6375.0,1375.0,4437.5,1100.0,False,15,209,26850.0
7887.5,2887.5,4825.0,700.0,False,15,207,20100.0
6562.5,1562.5,4050.0,1000.0,False,15,207,26750.0
7412.5,2412.5,4975.0,1100.0,False,15,209,17900.0
9837.5,4837.5,4275.0,1275.0,False,15,207,21025.0
7500.0,2500.0,4200.0,1425.0,False,15,207,21275.0
9687.5,4687.5,4787.5,1500.0,False,15,204,21475.0
4212.5,-787.5,2475.0,1037.5,False,15,205,16850.0
9987.5,4987.5,4975.0,800.0,False,15,206,24925.0
8325.0,3325.0,3425.0,1175.0,False,15,209,19350.0
5562.5,562.5,4387.5,1300.0,False,15,203,20450.0
3625.0,-1375.0,3425.0,2300.0,False,15,204,21550.0
6550.0,1550.0,4212.5,1475.0,False,15,212,17250.0
712.5,-4287.5,200.0,1800.0,False,15,208,23400.0
7900.0,2900.0,1562.5,1900.0,False,15,210,28950.0
5450.0,450.0,4425.0,1150.0,False,15,204,20000.0
5712.5,712.5,4075.0,1250.0,False,15,205,20250.0
7550.0,2550.0,4250.0,1112.5,False,15,208,25375.0
687.5,-4312.5,687.5,4025.0,False,15,209,16900.0
8800.0,3800.0,4875.0,825.0,False,15,206,18600.0
10100.0,5100.0,4600.0,1625.0,False,15,209,29550.0
6537.5,1537.5,3300.0,1500.0,False,15,210,22775.0
14350.0,9350.0,4875.0,1050.0,False,15,208,24800.0
4087.5,-912.5,3425.0,1600.0,False,15,208,22425.0
5112.5,112.5,4525.0,1625.0,False,15,211,33100.0
5387.5,387.5,4275.0,900.0,False,15,206,10100.0
4925.0,-75.0,4300.0,2500.0,False,15,207,27725.0
4112.5,-887.5,1975.0,1550.0,False,15,204,33125.0
5987.5,987.5,3050.0,2700.0,False,15,206,23900.0
9587.5,4587.5,1337.5,2350.0,False,15,207,26900.0
-162.5,-5162.5,-162.5,2650.0,True,7,96,16100.0
5787.5,787.5,4975.0,2800.0,False,15,210,28200.0
3362.5,-1637.5,2662.5,3650.0,False,15,209,22875.0
4712.5,-287.5,4012.5,1900.0,False,15,205,25975.0
2450.0,-2550.0,2212.5,1725.0,False,15,209,16925.0
8487.5,3487.5,4887.5,500.0,False,15,211,15700.0
5437.5,437.5,1362.5,2775.0,False,15,209,28975.0
4487.5,-512.5,3200.0,1275.0,False,15,200,13625.0
4100.0,-900.0,2150.0,1950.0,False,15,209,29125.0
6550.0,1550.0,4050.0,1375.0,False,15,204,19975.0
6287.5,1287.5,3725.0,1400.0,False,15,204,29925.0
2187.5,-2812.5,2000.0,2100.0,False,15,204,30450.0
7250.0,2250.0,4900.0,600.0,False,15,201,9925.0
4625.0,-375.0,1575.0,3025.0,False,15,206,19850.0
8612.5,3612.5,4750.0,950.0,False,15,203,17500.0
9150.0,4150.0,4212.5,1500.0,False,15,206,31975.0
5412.5,412.5,4800.0,2000.0,False,15,207,24250.0
9750.0,4750.0,4875.0,1600.0,False,15,205,28100.0
10937.5,5937.5,3125.0,2000.0,False,15,207,24650.0
4587.5,-412.5,2975.0,1500.0,False,15,208,16300.0
1600.0,-3400.0,1575.0,2550.0,False,15,209,15875.0
9175.0,4175.0,4950.0,1725.0,False,15,207,37500.0
7612.5,2612.5,4750.0,1425.0,False,15,207,24050.0
7075.0,2075.0,2950.0,2000.0,False,15,204,25650.0
5400.0,400.0,3175.0,1900.0,False,15,206,26525.0
8050.0,3050.0,3962.5,750.0,False,15,206,18000.0
9000.0,4000.0,4187.5,1500.0,False,15,206,24825.0
3175.0,-1825.0,2425.0,1750.0,False,15,204,24775.0
-250.0,-5250.0,-250.0,2650.0,True,13,172,20425.0
6337.5,1337.5,4000.0,1400.0,False,15,211,23650.0
3800.0,-1200.0,3662.5,1800.0,False,15,210,25825.0
7650.0,2650.0,3750.0,925.0,False,15,206,20775.0
10575.0,5575.0,4175.0,1050.0,False,15,202,23725.0
4112.5,-887.5,3062.5,1400.0,False,15,204,19825.0
-137.5,-5137.5,-137.5,2200.0,True,7,90,11775.0
6437.5,1437.5,4300.0,2500.0,False,15,208,21450.0
5300.0,300.0,4900.0,4225.0,False,15,204,27875.0
6637.5,1637.5,4825.0,2175.0,False,15,206,22800.0
4987.5,-12.5,3625.0,750.0,False,15,206,13500.0
11000.0,6000.0,4250.0,1250.0,False,15,202,26600.0
6350.0,1350.0,4775.0,1400.0,False,15,209,25300.0
5537.5,537.5,4937.5,1000.0,False,15,207,14150.0
8075.0,3075.0,4875.0,600.0,False,15,204,18550.0
7725.0,2725.0,4137.5,1400.0,False,15,206,34900.0
6400.0,1400.0,4287.5,675.0,False,15,207,18950.0
6275.0,1275.0,3600.0,2000.0,False,15,208,30575.0
3737.5,-1262.5,1987.5,3500.0,False,15,210,27925.0
7612.5,2612.5,4350.0,1000.0,False,15,208,20775.0
6450.0,1450.0,4550.0,1300.0,False,15,208,25250.0
-87.5,-5087.5,-87.5,1850.0,True,10,132,16975.0
2987.5,-2012.5,2487.5,2300.0,False,15,208,20400.0
11700.0,6700.0,3525.0,1500.0,False,15,205,30975.0
2975.0,-2025.0,1400.0,2100.0,False,15,204,21775.0
6162.5,1162.5,3925.0,1575.0,False,15,200,25675.0
5562.5,562.5,3562.5,1250.0,False,15,205,26575.0
7112.5,2112.5,5000.0,2250.0,False,15,208,27250.0
8150.0,3150.0,5000.0,1600.0,False,15,205,15900.0
4137.5,-862.5,3387.5,2000.0,False,15,212,13325.0
7962.5,2962.5,4825.0,1200.0,False,15,206,22475.0
3700.0,-1300.0,3450.0,1650.0,False,15,208,21750.0
8362.5,3362.5,4325.0,1500.0,False,15,210,22150.0
5425.0,425.0,4537.5,3800.0,False,15,206,30700.0
8012.5,3012.5,4150.0,2350.0,False,15,206,25275.0
7375.0,2375.0,4650.0,1500.0,False,15,209,30100.0
1275.0,-3725.0,837.5,2500.0,False,15,210,24550.0
-62.5,-5062.5,-62.5,2350.0,True,8,105,17150.0
6500.0,1500.0,4775.0,1600.0,False,15,207,21850.0
6375.0,1375.0,4625.0,850.0,False,15,203,18500.0
8012.5,3012.5,4225.0,2500.0,False,15,203,30125.0
4850.0,-150.0,1862.5,1575.0,False,15,207,23050.0
6075.0,1075.0,4737.5,1700.0,False,15,205,26550.0
1212.5,-3787.5,825.0,4400.0,False,15,204,32625.0
7675.0,2675.0,4225.0,1125.0,False,15,207,20825.0
7450.0,2450.0,4700.0,1400.0,False,15,212,30975.0
6737.5,1737.5,4062.5,1950.0,False,15,207,24350.0
4350.0,-650.0,2150.0,2750.0,False,15,209,23750.0
4350.0,-650.0,3625.0,1150.0,False,15,213,14675.0
5250.0,250.0,2675.0,2550.0,False,15,204,33175.0
5187.5,187.5,812.5,3850.0,False,15,207,30600.0
8612.5,3612.5,3925.0,1700.0,False,15,208,37575.0
762.5,-4237.5,700.0,2000.0,False,15,206,23275.0
5887.5,887.5,2887.5,2200.0,False,15,204,32675.0
7000.0,2000.0,3575.0,1700.0,False,15,208,30125.0
5525.0,525.0,4450.0,1125.0,False,15,211,16200.0
11900.0,6900.0,4800.0,562.5,False,15,206,22825.0
1937.5,-3062.5,62.5,2375.0,False,15,205,24700.0
9862.5,4862.5,4850.0,1250.0,False,15,203,24050.0
7275.0,2275.0,4100.0,1650.0,False,15,203,25100.0
3575.0,-1425.0,3087.5,2100.0,False,15,206,26325.0
11275.0,6275.0,4950.0,1475.0,False,15,202,37325.0
6712.5,1712.5,4850.0,2000.0,False,15,202,22750.0
8162.5,3162.5,4087.5,1850.0,False,15,205,29800.0
8500.0,3500.0,3462.5,1500.0,False,15,206,31925.0
11012.5,6012.5,4000.0,900.0,False,15,202,20700.0
5512.5,512.5,3600.0,1400.0,False,15,208,21075.0
-25.0,-5025.0,-25.0,3400.0,True,14,189,30675.0
4787.5,-212.5,4487.5,1750.0,False,15,211,27825.0
2037.5,-2962.5,1425.0,1500.0,False,15,210,14500.0
5700.0,700.0,3675.0,2550.0,False,15,201,31750.0
5787.5,787.5,3337.5,1575.0,False,15,205,22950.0
5675.0,675.0,4975.0,1900.0,False,15,207,18200.0
6175.0,1175.0,4675.0,1675.0,False,15,209,24075.0
5175.0,175.0,4262.5,1800.0,False,15,209,25250.0
2962.5,-2037.5,2750.0,2500.0,False,15,208,22725.0
7162.5,2162.5,3662.5,1325.0,False,15,205,26200.0
5937.5,937.5,3900.0,1500.0,False,15,210,26100.0
4412.5,-587.5,2962.5,2750.0,False,15,209,31225.0
3112.5,-1887.5,1712.5,2425.0,False,15,205,30725.0
6112.5,1112.5,1500.0,2225.0,False,15,211,34225.0
10112.5,5112.5,4775.0,675.0,False,15,207,16450.0
4837.5,-162.5,4337.5,2400.0,False,15,203,21850.0
2600.0,-2400.0,2100.0,1850.0,False,15,206,27025.0
3350.0,-1650.0,2850.0,2100.0,False,15,206,29625.0
7450.0,2450.0,3800.0,1225.0,False,15,210,23775.0
11350.0,6350.0,4600.0,1050.0,False,15,209,27975.0
9625.0,4625.0,4462.5,1425.0,False,15,207,22200.0
10887.5,5887.5,4750.0,1300.0,False,15,206,29600.0
5375.0,375.0,3225.0,1200.0,False,15,204,22425.0
7725.0,2725.0,4187.5,1925.0,False,15,208,27125.0
4550.0,-450.0,3525.0,1925.0,False,15,209,22050.0
6462.5,1462.5,3537.5,1525.0,False,15,207,20275.0
4112.5,-887.5,3912.5,1050.0,False,15,207,15125.0
7462.5,2462.5,4600.0,1325.0,False,15,203,20725.0
5975.0,975.0,3625.0,1600.0,False,15,207,19450.0
8450.0,3450.0,4962.5,2250.0,False,15,204,30450.0
6150.0,1150.0,4162.5,1600.0,False,15,205,25100.0
5475.0,475.0,3875.0,1500.0,False,15,205,19225.0
2837.5,-2162.5,2812.5,2125.0,False,15,203,20875.0
6300.0,1300.0,3475.0,1525.0,False,15,209,18950.0
4137.5,-862.5,1962.5,1750.0,False,15,207,27425.0
2200.0,-2800.0,2200.0,1450.0,False,15,207,19775.0
1412.5,-3587.5,825.0,2250.0,False,15,207,22000.0
-887.5,-5887.5,-887.5,2875.0,True,8,108,14875.0
10862.5,5862.5,4712.5,2050.0,False,15,205,33800.0
9262.5,4262.5,3725.0,1450.0,False,15,207,24875.0
6112.5,1112.5,2562.5,1350.0,False,15,204,19200.0
7237.5,2237.5,3875.0,1150.0,False,15,201,20400.0
5187.5,187.5,3462.5,1800.0,False,15,206,24675.0
9337.5,4337.5,3975.0,1750.0,False,15,202,27275.0
6337.5,1337.5,2875.0,2250.0,False,15,203,30675.0
3137.5,-1862.5,3137.5,2200.0,False,15,204,19525.0
6762.5,1762.5,5000.0,775.0,False,15,203,10150.0
4912.5,-87.5,4200.0,2500.0,False,15,206,22750.0
5250.0,250.0,3775.0,1500.0,False,15,203,27725.0
9300.0,4300.0,3375.0,1350.0,False,15,208,28800.0
4812.5,-187.5,4187.5,1800.0,False,15,207,20900.0
2037.5,-2962.5,1962.5,3350.0,False,15,201,22875.0
5350.0,350.0,3962.5,1050.0,False,15,207,19550.0
4887.5,-112.5,2662.5,2500.0,False,15,210,16925.0
7050.0,2050.0,3925.0,1700.0,False,15,202,22575.0
5475.0,475.0,2137.5,2600.0,False,15,202,23925.0
9450.0,4450.0,4612.5,1500.0,False,15,203,23125.0
9787.5,4787.5,3650.0,1500.0,False,15,208,31025.0
8375.0,3375.0,3900.0,2100.0,False,15,206,30125.0
1125.0,-3875.0,1125.0,2400.0,False,15,209,25200.0
9487.5,4487.5,4950.0,2250.0,False,15,205,34925.0
6862.5,1862.5,4837.5,1600.0,False,15,202,16125.0
5000.0,0.0,2925.0,1025.0,False,15,202,12375.0
600.0,-4400.0,400.0,3200.0,False,15,211,24100.0
7075.0,2075.0,4850.0,1000.0,False,15,204,24350.0
7425.0,2425.0,4950.0,875.0,False,15,205,20150.0
5312.5,312.5,4875.0,2000.0,False,15,203,21400.0
5387.5,387.5,3062.5,1300.0,False,15,211,24050.0
9812.5,4812.5,4675.0,900.0,False,15,204,22200.0
6825.0,1825.0,2675.0,1750.0,False,15,208,24050.0
11312.5,6312.5,4825.0,1050.0,False,15,206,24275.0
2512.5,-2487.5,2387.5,2300.0,False,15,205,20075.0
4362.5,-637.5,2737.5,1400.0,False,15,204,20375.0
7000.0,2000.0,4250.0,3750.0,False,15,207,35175.0
7725.0,2725.0,4100.0,2650.0,False,15,210,28600.0
637.5,-4362.5,262.5,2050.0,False,15,210,26800.0
4050.0,-950.0,2012.5,1750.0,False,15,206,22350.0
9962.5,4962.5,4825.0,3250.0,False,15,203,37175.0
7900.0,2900.0,4350.0,2000.0,False,15,207,27550.0
4837.5,-162.5,2200.0,1500.0,False,15,207,25175.0
2625.0,-2375.0,575.0,2725.0,False,15,207,26675.0
8175.0,3175.0,4987.5,2050.0,False,15,201,26375.0
4487.5,-512.5,3437.5,2900.0,False,15,207,24575.0
-250.0,-5250.0,-250.0,2900.0,True,15,202,23850.0
4250.0,-750.0,3375.0,2750.0,False,15,207,29575.0
862.5,-4137.5,687.5,3175.0,False,15,206,27575.0
9225.0,4225.0,4837.5,1400.0,False,15,207,21225.0
9700.0,4700.0,4925.0,2300.0,False,15,206,31750.0
7825.0,2825.0,4725.0,1100.0,False,15,207,23075.0
3100.0,-1900.0,2200.0,2500.0,False,15,211,25900.0
7200.0,2200.0,4250.0,1500.0,False,15,203,27575.0
6500.0,1500.0,4050.0,1200.0,False,15,209,19775.0
6325.0,1325.0,4400.0,2800.0,False,15,206,26600.0
2950.0,-2050.0,2825.0,1650.0,False,15,206,25525.0
9400.0,4400.0,4875.0,1500.0,False,15,200,24575.0
6637.5,1637.5,4975.0,1000.0,False,15,203,21125.0
5725.0,725.0,4525.0,1250.0,False,15,205,19500.0
4050.0,-950.0,2800.0,2550.0,False,15,206,26025.0
5400.0,400.0,3700.0,1800.0,False,15,210,22500.0
2612.5,-2387.5,2350.0,1200.0,False,15,205,16800.0
4912.5,-87.5,3350.0,1000.0,False,15,207,18600.0
7850.0,2850.0,3412.5,1475.0,False,15,202,18350.0
7087.5,2087.5,4875.0,2100.0,False,15,208,22275.0
10725.0,5725.0,4687.5,1250.0,False,15,207,21625.0
9312.5,4312.5,4887.5,1825.0,False,15,208,26050.0
8487.5,3487.5,4700.0,1400.0,False,15,206,22100.0
9325.0,4325.0,4325.0,1150.0,False,15,209,21350.0
4362.5,-637.5,2862.5,1400.0,False,15,205,23100.0
3737.5,-1262.5,3612.5,2400.0,False,15,201,25425.0
7212.5,2212.5,3562.5,1600.0,False,15,210,26800.0
4125.0,-875.0,2550.0,2600.0,False,15,202,22275.0
7062.5,2062.5,3762.5,1300.0,False,15,213,15700.0
9012.5,4012.5,4137.5,800.0,False,15,208,20175.0
2600.0,-2400.0,2100.0,1000.0,False,15,201,20700.0
2525.0,-2475.0,200.0,1850.0,False,15,204,39900.0
3862.5,-1137.5,3387.5,2700.0,False,15,206,22525.0
3987.5,-1012.5,2425.0,2700.0,False,15,204,27275.0
5487.5,487.5,3775.0,2250.0,False,15,203,31375.0
2925.0,-2075.0,2825.0,2250.0,False,15,204,23375.0
4575.0,-425.0,3675.0,2625.0,False,15,207,22875.0
-337.5,-5337.5,-337.5,4750.0,True,10,135,20250.0
4950.0,-50.0,4175.0,2500.0,False,15,204,20850.0
4937.5,-62.5,3150.0,1100.0,False,15,210,19900.0
5625.0,625.0,3875.0,1250.0,False,15,204,17850.0
7337.5,2337.5,3912.5,1025.0,False,15,208,16850.0
3350.0,-1650.0,1475.0,2400.0,False,15,207,18000.0
5725.0,725.0,4700.0,1200.0,False,15,213,13075.0
4837.5,-162.5,3400.0,1725.0,False,15,203,17850.0
3962.5,-1037.5,1125.0,3625.0,False,15,208,21000.0
-200.0,-5200.0,-200.0,2400.0,True,10,126,26900.0
4112.5,-887.5,3400.0,2000.0,False,15,207,23075.0
3750.0,-1250.0,2137.5,3150.0,False,15,211,37625.0
8700.0,3700.0,4750.0,1200.0,False,15,210,29475.0
4250.0,-750.0,3225.0,1750.0,False,15,204,23975.0
-650.0,-5650.0,-650.0,4500.0,True,5,55,10250.0
5262.5,262.5,2662.5,3900.0,False,15,202,29375.0
3275.0,-1725.0,2150.0,1550.0,False,15,204,27250.0
-37.5,-5037.5,-37.5,3500.0,True,5,67,10475.0
2737.5,-2262.5,1812.5,2225.0,False,15,202,24775.0
5425.0,425.0,3562.5,1000.0,False,15,211,15850.0
7612.5,2612.5,4487.5,950.0,False,15,210,18975.0
7625.0,2625.0,3375.0,1500.0,False,15,206,22275.0
6300.0,1300.0,3412.5,1550.0,False,15,206,24825.0
4775.0,-225.0,4100.0,1300.0,False,15,203,24800.0
6925.0,1925.0,4850.0,975.0,False,15,208,19750.0
2750.0,-2250.0,2350.0,1725.0,False,15,208,18800.0
9237.5,4237.5,2500.0,1975.0,False,15,206,32125.0
6400.0,1400.0,4750.0,950.0,False,15,207,14825.0
5025.0,25.0,4600.0,600.0,False,15,207,13625.0
4000.0,-1000.0,1237.5,1700.0,False,15,210,23475.0
2687.5,-2312.5,2687.5,1175.0,False,15,206,16800.0
4625.0,-375.0,2875.0,1500.0,False,15,209,24575.0
7600.0,2600.0,2500.0,1500.0,False,15,208,26350.0
5012.5,12.5,3587.5,1350.0,False,15,205,16900.0
2050.0,-2950.0,1450.0,1500.0,False,15,204,24700.0
4012.5,-987.5,4012.5,2500.0,False,15,208,19925.0
9362.5,4362.5,4250.0,900.0,False,15,208,21050.0
3400.0,-1600.0,3000.0,2600.0,False,15,205,22325.0
11500.0,6500.0,4450.0,1250.0,False,15,206,28375.0
6875.0,1875.0,3675.0,1150.0,False,15,210,16500.0
5325.0,325.0,4725.0,1800.0,False,15,207,17125.0
11287.5,6287.5,4825.0,1000.0,False,15,209,24325.0
3950.0,-1050.0,3137.5,2550.0,False,15,206,34875.0
5587.5,587.5,3687.5,800.0,False,15,207,12975.0
6337.5,1337.5,4387.5,1100.0,False,15,205,20300.0
9825.0,4825.0,4412.5,700.0,False,15,209,20750.0
1050.0,-3950.0,1050.0,2000.0,False,15,209,35700.0
6300.0,1300.0,4550.0,1950.0,False,15,199,24300.0
5575.0,575.0,2475.0,2300.0,False,15,211,22400.0
6350.0,1350.0,4762.5,1237.5,False,15,210,21000.0
5900.0,900.0,4175.0,1700.0,False,15,209,25925.0
3425.0,-1575.0,3125.0,2000.0,False,15,209,15425.0
2650.0,-2350.0,2650.0,4000.0,False,15,210,25975.0
7100.0,2100.0,4625.0,2050.0,False,15,208,24225.0
-112.5,-5112.5,-112.5,2400.0,True,8,110,17100.0
5287.5,287.5,2387.5,1300.0,False,15,210,18775.0
10162.5,5162.5,3925.0,1125.0,False,15,204,28925.0
2825.0,-2175.0,2650.0,1100.0,False,15,206,14200.0
7800.0,2800.0,5000.0,750.0,False,15,206,18325.0
7525.0,2525.0,4625.0,900.0,False,15,204,19775.0
7600.0,2600.0,3250.0,3300.0,False,15,206,32925.0
1312.5,-3687.5,737.5,1950.0,False,15,208,21000.0
8937.5,3937.5,4887.5,700.0,False,15,206,20925.0
7275.0,2275.0,4400.0,2050.0,False,15,207,22150.0
1612.5,-3387.5,212.5,4000.0,False,15,203,22125.0
5062.5,62.5,4550.0,1900.0,False,15,208,14450.0
11225.0,6225.0,4350.0,1150.0,False,15,206,23875.0
837.5,-4162.5,450.0,2075.0,False,15,203,27525.0
4937.5,-62.5,3800.0,1675.0,False,15,204,28250.0
8350.0,3350.0,3650.0,1500.0,False,15,204,28475.0
6675.0,1675.0,3950.0,1150.0,False,15,200,28900.0
4875.0,-125.0,3250.0,1200.0,False,15,205,18475.0
-125.0,-5125.0,-125.0,2550.0,True,11,143,14875.0
4912.5,-87.5,4487.5,2350.0,False,15,205,26275.0
5350.0,350.0,3887.5,1500.0,False,15,207,23225.0
5175.0,175.0,3525.0,2200.0,False,15,205,25850.0
3100.0,-1900.0,3050.0,2225.0,False,15,204,34300.0
5487.5,487.5,4012.5,1650.0,False,15,208,20050.0
2887.5,-2112.5,2487.5,1575.0,False,15,207,20350.0
250.0,-4750.0,125.0,2350.0,False,15,203,21600.0
6225.0,1225.0,3600.0,2600.0,False,15,205,22900.0
2987.5,-2012.5,2762.5,2850.0,False,15,208,22350.0
4512.5,-487.5,3712.5,2500.0,False,15,206,25400.0
7537.5,2537.5,4975.0,1300.0,False,15,206,24650.0
7187.5,2187.5,4650.0,1400.0,False,15,210,16675.0
3812.5,-1187.5,350.0,1975.0,False,15,209,32900.0
9237.5,4237.5,4125.0,2000.0,False,15,206,25200.0
7337.5,2337.5,4550.0,1400.0,False,15,203,25025.0
5800.0,800.0,4475.0,2350.0,False,15,210,22050.0
1887.5,-3112.5,787.5,3000.0,False,15,204,22050.0
5762.5,762.5,4450.0,1600.0,False,15,207,24425.0
625.0,-4375.0,425.0,2550.0,False,15,205,29700.0
4987.5,-12.5,3950.0,2250.0,False,15,207,28200.0
7612.5,2612.5,4975.0,1500.0,False,15,206,19050.0
4312.5,-687.5,1962.5,2500.0,False,15,210,19500.0
5587.5,587.5,2887.5,2050.0,False,15,211,24025.0
3950.0,-1050.0,3550.0,925.0,False,15,203,16900.0
5375.0,375.0,4000.0,2150.0,False,15,210,21200.0
7075.0,2075.0,2400.0,1750.0,False,15,210,26825.0
11212.5,6212.5,4775.0,700.0,False,15,207,22300.0
9862.5,4862.5,4225.0,1000.0,False,15,206,25525.0
6587.5,1587.5,3412.5,1100.0,False,15,204,20575.0
10862.5,5862.5,4975.0,1000.0,False,15,207,20000.0
10150.0,5150.0,5000.0,650.0,False,15,205,18925.0
6125.0,1125.0,287.5,2050.0,False,15,205,35525.0
1512.5,-3487.5,1312.5,3300.0,False,15,207,13875.0
2112.5,-2887.5,2112.5,2750.0,False,15,206,16875.0
3200.0,-1800.0,1612.5,1850.0,False,15,204,24025.0
7712.5,2712.5,4162.5,975.0,False,15,210,21275.0
8187.5,3187.5,4825.0,2000.0,False,15,207,25125.0
6337.5,1337.5,4112.5,1500.0,False,15,203,21200.0
8137.5,3137.5,4000.0,1087.5,False,15,209,25250.0
1750.0,-3250.0,1750.0,2450.0,False,15,206,24350.0
10500.0,5500.0,4425.0,1400.0,False,15,207,31275.0
3750.0,-1250.0,1800.0,2400.0,False,15,205,19875.0
5425.0,425.0,3787.5,1025.0,False,15,213,19150.0
5675.0,675.0,2975.0,1650.0,False,15,203,22150.0
7212.5,2212.5,4012.5,1250.0,False,15,203,21000.0
6850.0,1850.0,4150.0,2000.0,False,15,208,22650.0
5925.0,925.0,3962.5,1825.0,False,15,200,22050.0
4375.0,-625.0,2575.0,2400.0,False,15,206,30350.0
9437.5,4437.5,4587.5,1300.0,False,15,203,20075.0
3825.0,-1175.0,2162.5,2000.0,False,15,206,18625.0
6500.0,1500.0,4887.5,600.0,False,15,206,13025.0
3412.5,-1587.5,1250.0,1825.0,False,15,208,22625.0
-25.0,-5025.0,-25.0,3300.0,True,11,149,22650.0
-250.0,-5250.0,-250.0,2750.0,True,15,192,18525.0
5650.0,650.0,3000.0,2200.0,False,15,202,20250.0
5887.5,887.5,4700.0,1300.0,False,15,209,19350.0
4562.5,-437.5,2600.0,2000.0,False,15,205,23425.0
4450.0,-550.0,3087.5,2250.0,False,15,212,22425.0
6312.5,1312.5,2775.0,2000.0,False,15,201,21000.0
4912.5,-87.5,3100.0,2200.0,False,15,205,28025.0
7637.5,2637.5,4987.5,900.0,False,15,207,14000.0
-200.0,-5200.0,-200.0,2250.0,True,10,131,14500.0
5087.5,87.5,1450.0,2225.0,False,15,206,29125.0
2412.5,-2587.5,1312.5,1300.0,False,15,206,20750.0
4337.5,-662.5,1750.0,2300.0,False,15,208,34200.0
6050.0,1050.0,3775.0,1300.0,False,15,204,23675.0
7800.0,2800.0,4900.0,1300.0,False,15,205,25725.0
4212.5,-787.5,1312.5,1850.0,False,15,210,22925.0
-75.0,-5075.0,-75.0,4400.0,True,10,135,15625.0
3387.5,-1612.5,2900.0,2725.0,False,15,208,20175.0
2537.5,-2462.5,437.5,3925.0,False,15,204,41300.0
7437.5,2437.5,4662.5,1950.0,False,15,204,23200.0
10075.0,5075.0,4125.0,1400.0,False,15,205,25150.0
7000.0,2000.0,4125.0,1825.0,False,15,206,19475.0
1762.5,-3237.5,1562.5,2000.0,False,15,206,16150.0
1562.5,-3437.5,350.0,2400.0,False,15,206,22475.0
5700.0,700.0,3862.5,1300.0,False,15,208,20275.0
4525.0,-475.0,537.5,3750.0,False,15,203,29500.0
3012.5,-1987.5,3012.5,1450.0,False,15,205,22300.0
7100.0,2100.0,4650.0,1800.0,False,15,207,23300.0
4437.5,-562.5,4237.5,1000.0,False,15,205,15625.0
4925.0,-75.0,2412.5,2250.0,False,15,207,29900.0
6275.0,1275.0,3900.0,1400.0,False,15,202,24200.0
5612.5,612.5,2275.0,2500.0,False,15,198,29050.0
3100.0,-1900.0,612.5,3850.0,False,15,206,39250.0
11775.0,6775.0,4475.0,1750.0,False,15,205,27725.0
6287.5,1287.5,4375.0,1500.0,False,15,211,17700.0
9662.5,4662.5,4650.0,1400.0,False,15,207,24400.0
4312.5,-687.5,3100.0,2700.0,False,15,205,28675.0
4712.5,-287.5,3987.5,1350.0,False,15,210,15100.0
3837.5,-1162.5,2775.0,2100.0,False,15,208,21975.0
4900.0,-100.0,1925.0,1700.0,False,15,202,17625.0
0.0,-5000.0,0.0,2150.0,True,12,165,26425.0
11925.0,6925.0,4487.5,1425.0,False,15,205,30325.0
2375.0,-2625.0,2300.0,1200.0,False,15,209,16950.0
7737.5,2737.5,4412.5,1750.0,False,15,203,31475.0
3787.5,-1212.5,3187.5,2000.0,False,15,209,19750.0
6362.5,1362.5,3612.5,1350.0,False,15,210,22125.0
11650.0,6650.0,4900.0,1200.0,False,15,209,20025.0
1362.5,-3637.5,387.5,3200.0,False,15,206,20075.0
4862.5,-137.5,3925.0,975.0,False,15,203,18250.0
4112.5,-887.5,3625.0,2300.0,False,15,206,31550.0
1237.5,-3762.5,1162.5,3950.0,False,15,209,28875.0
8350.0,3350.0,4275.0,1700.0,False,15,207,23200.0
4437.5,-562.5,4375.0,1500.0,False,15,203,20550.0
6250.0,1250.0,2762.5,1900.0,False,15,206,31050.0
5587.5,587.5,4850.0,1150.0,False,15,209,18650.0
9625.0,4625.0,4187.5,1750.0,False,15,207,26775.0
-712.5,-5712.5,-712.5,3200.0,True,15,205,26050.0
-37.5,-5037.5,-37.5,3150.0,True,7,88,10050.0
8500.0,3500.0,3025.0,1725.0,False,15,204,27575.0
6562.5,1562.5,4975.0,875.0,False,15,209,16075.0
-562.5,-5562.5,-562.5,3900.0,True,8,104,25000.0
5112.5,112.5,1500.0,3050.0,False,15,210,23425.0
7125.0,2125.0,2462.5,2450.0,False,15,208,34725.0
3500.0,-1500.0,3500.0,1425.0,False,15,205,20600.0
1387.5,-3612.5,837.5,2800.0,False,15,205,24000.0
5912.5,912.5,4762.5,1000.0,False,15,208,18450.0
5112.5,112.5,3137.5,2250.0,False,15,206,26150.0
8262.5,3262.5,5000.0,1000.0,False,15,204,21925.0
4950.0,-50.0,3075.0,1700.0,False,15,209,27700.0
8712.5,3712.5,4312.5,1050.0,False,15,203,23875.0
3500.0,-1500.0,2075.0,1800.0,False,15,206,25450.0
6525.0,1525.0,4500.0,3150.0,False,15,201,26850.0
3925.0,-1075.0,2325.0,3250.0,False,15,204,31350.0
-350.0,-5350.0,-350.0,4100.0,True,15,194,31275.0
6075.0,1075.0,2887.5,1800.0,False,15,206,20200.0
2587.5,-2412.5,2587.5,1900.0,False,15,206,24075.0
3687.5,-1312.5,1312.5,2800.0,False,15,205,30025.0
8175.0,3175.0,4950.0,1200.0,False,15,206,25775.0
4450.0,-550.0,3262.5,1250.0,False,15,208,22775.0
2612.5,-2387.5,2112.5,1250.0,False,15,208,22350.0
2625.0,-2375.0,1887.5,2700.0,False,15,204,23375.0
6000.0,1000.0,3862.5,1500.0,False,15,208,34775.0
4262.5,-737.5,2312.5,1700.0,False,15,203,33125.0
8075.0,3075.0,3837.5,2050.0,False,15,205,30750.0
2400.0,-2600.0,1950.0,1650.0,False,15,207,15575.0
4962.5,-37.5,2587.5,2400.0,False,15,204,37450.0
-450.0,-5450.0,-450.0,2037.5,True,10,132,18475.0
2550.0,-2450.0,2375.0,1700.0,False,15,205,17175.0
4512.5,-487.5,3862.5,2150.0,False,15,207,18150.0
6662.5,1662.5,1387.5,2225.0,False,15,207,34950.0
7900.0,2900.0,4375.0,1200.0,False,15,209,28300.0
5287.5,287.5,4262.5,1750.0,False,15,207,19825.0
9275.0,4275.0,2900.0,2000.0,False,15,204,30575.0
3250.0,-1750.0,3200.0,1200.0,False,15,206,19700.0
3212.5,-1787.5,2812.5,1350.0,False,15,208,18675.0
5900.0,900.0,4587.5,1900.0,False,15,213,27275.0
6537.5,1537.5,4950.0,1200.0,False,15,210,12825.0
7175.0,2175.0,4900.0,850.0,False,15,207,14975.0
5125.0,125.0,2100.0,1500.0,False,15,202,18550.0
7925.0,2925.0,4312.5,1500.0,False,15,209,31450.0
9137.5,4137.5,3787.5,1750.0,False,15,208,27325.0
4400.0,-600.0,4100.0,1000.0,False,15,206,20150.0
2825.0,-2175.0,2725.0,1750.0,False,15,207,26625.0
0.0,-5000.0,0.0,2125.0,True,14,180,19975.0
4575.0,-425.0,975.0,2225.0,False,15,207,21425.0
11775.0,6775.0,4800.0,1500.0,False,15,203,30750.0
6125.0,1125.0,3337.5,1925.0,False,15,208,23750.0
5287.5,287.5,4262.5,2675.0,False,15,206,27350.0
5300.0,300.0,2762.5,1850.0,False,15,207,20300.0
825.0,-4175.0,825.0,2350.0,False,15,203,26550.0
5437.5,437.5,4887.5,1100.0,False,15,203,21475.0
3675.0,-1325.0,2950.0,2700.0,False,15,209,24900.0
6150.0,1150.0,4500.0,1000.0,False,15,206,14675.0
7125.0,2125.0,4725.0,2500.0,False,15,202,21250.0
6800.0,1800.0,3062.5,3150.0,False,15,207,22600.0
6637.5,1637.5,3812.5,1375.0,False,15,204,25750.0
11550.0,6550.0,4000.0,1600.0,False,15,206,33425.0
7712.5,2712.5,2662.5,3400.0,False,15,201,34725.0
1450.0,-3550.0,625.0,2400.0,False,15,208,21600.0
3625.0,-1375.0,2500.0,1625.0,False,15,204,24075.0
8400.0,3400.0,4812.5,1500.0,False,15,206,32250.0
5012.5,12.5,3475.0,2525.0,False,15,202,25775.0
3275.0,-1725.0,2925.0,3300.0,False,15,211,20725.0
-200.0,-5200.0,-200.0,3000.0,True,9,123,19250.0
4750.0,-250.0,4525.0,1125.0,False,15,205,28600.0
3550.0,-1450.0,2375.0,3100.0,False,15,209,23275.0
7112.5,2112.5,5000.0,1237.5,False,15,207,18850.0
8137.5,3137.5,3025.0,2750.0,False,15,205,31850.0
4825.0,-175.0,4800.0,500.0,False,15,207,8250.0
9262.5,4262.5,4575.0,1325.0,False,15,206,32750.0
3312.5,-1687.5,3162.5,2550.0,False,15,204,29100.0
6512.5,1512.5,4250.0,3000.0,False,15,211,22075.0
10937.5,5937.5,4725.0,1500.0,False,15,207,32350.0
7775.0,2775.0,3962.5,1950.0,False,15,205,28375.0
9800.0,4800.0,4837.5,1925.0,False,15,204,30825.0
5912.5,912.5,4650.0,1050.0,False,15,205,14000.0
6887.5,1887.5,3950.0,1000.0,False,15,201,21150.0
6950.0,1950.0,4975.0,1300.0,False,15,205,20275.0
2600.0,-2400.0,2050.0,2450.0,False,15,205,22750.0
3962.5,-1037.5,2700.0,2500.0,False,15,203,20075.0
700.0,-4300.0,700.0,2000.0,False,15,205,21750.0
1987.5,-3012.5,1262.5,1500.0,False,15,208,16550.0
9000.0,4000.0,4537.5,1600.0,False,15,207,22850.0
4037.5,-962.5,3937.5,2200.0,False,15,208,26350.0
5550.0,550.0,4637.5,1850.0,False,15,210,20600.0
3000.0,-2000.0,775.0,2650.0,False,15,212,23275.0
6187.5,1187.5,4450.0,2000.0,False,15,201,28600.0
4450.0,-550.0,3062.5,1375.0,False,15,206,19225.0
4850.0,-150.0,3900.0,1500.0,False,15,204,30650.0
6925.0,1925.0,2887.5,1500.0,False,15,207,27650.0
6362.5,1362.5,4500.0,1900.0,False,15,206,21225.0
2787.5,-2212.5,1825.0,2000.0,False,15,207,22650.0
4900.0,-100.0,2700.0,2500.0,False,15,209,26600.0
6650.0,1650.0,3562.5,2700.0,False,15,209,26125.0
5750.0,750.0,4375.0,975.0,False,15,204,24025.0
3787.5,-1212.5,3312.5,1275.0,False,15,207,18575.0
4500.0,-500.0,1325.0,2550.0,False,15,204,22525.0
6962.5,1962.5,4400.0,1400.0,False,15,203,24375.0
7312.5,2312.5,4775.0,1150.0,False,15,203,19375.0
3637.5,-1362.5,800.0,3000.0,False,15,204,25275.0
5600.0,600.0,4600.0,2225.0,False,15,207,14600.0
10337.5,5337.5,4650.0,1250.0,False,15,210,23550.0
2912.5,-2087.5,2912.5,2500.0,False,15,211,20850.0
3800.0,-1200.0,3487.5,2100.0,False,15,209,18600.0
4675.0,-325.0,4075.0,1700.0,False,15,203,25225.0
7237.5,2237.5,3375.0,1075.0,False,15,202,26325.0
5725.0,725.0,3662.5,1750.0,False,15,204,23450.0
8362.5,3362.5,4775.0,700.0,False,15,206,18325.0
7687.5,2687.5,4750.0,1400.0,False,15,208,20000.0
10962.5,5962.5,4875.0,1000.0,False,15,208,25825.0
9200.0,4200.0,4425.0,1900.0,False,15,209,32350.0
4487.5,-512.5,2537.5,2350.0,False,15,207,21850.0
5387.5,387.5,3700.0,1200.0,False,15,213,11675.0
4175.0,-825.0,2675.0,2650.0,False,15,209,24500.0
5587.5,587.5,3675.0,2275.0,False,15,207,36900.0
5412.5,412.5,2912.5,1400.0,False,15,206,23275.0
5175.0,175.0,4150.0,4700.0,False,15,209,36075.0
7300.0,2300.0,4300.0,1150.0,False,15,207,20750.0
-62.5,-5062.5,-62.5,1650.0,True,8,107,16200.0
1175.0,-3825.0,1175.0,2500.0,False,15,200,23600.0
2487.5,-2512.5,2462.5,1500.0,False,15,206,17875.0
8775.0,3775.0,3975.0,1825.0,False,15,210,27675.0
4337.5,-662.5,3262.5,1400.0,False,15,207,20975.0
9000.0,4000.0,3537.5,1300.0,False,15,206,29100.0
3275.0,-1725.0,3275.0,1225.0,False,15,204,24275.0
4500.0,-500.0,3562.5,1950.0,False,15,205,23425.0
-12.5,-5012.5,-12.5,1750.0,True,15,197,24325.0
6012.5,1012.5,3050.0,1700.0,False,15,204,30825.0
9100.0,4100.0,4487.5,1250.0,False,15,206,33400.0
2100.0,-2900.0,600.0,3000.0,False,15,208,20575.0
4462.5,-537.5,3725.0,3275.0,False,15,206,20350.0
9825.0,4825.0,4700.0,1400.0,False,15,206,25000.0
1912.5,-3087.5,1787.5,2100.0,False,15,206,23275.0
-250.0,-5250.0,-250.0,2250.0,True,6,78,13475.0
8537.5,3537.5,2962.5,1500.0,False,15,208,20300.0
6125.0,1125.0,4300.0,1800.0,False,15,208,18700.0
6575.0,1575.0,4750.0,1200.0,False,15,207,22950.0
-275.0,-5275.0,-275.0,2700.0,True,12,154,17375.0
4837.5,-162.5,2425.0,2000.0,False,15,204,22550.0
4350.0,-650.0,3662.5,1200.0,False,15,208,24200.0
6275.0,1275.0,4662.5,925.0,False,15,207,18125.0
10875.0,5875.0,4937.5,825.0,False,15,203,22775.0
5325.0,325.0,4300.0,2500.0,False,15,206,23400.0
4787.5,-212.5,3000.0,1400.0,False,15,205,20275.0
4612.5,-387.5,3987.5,2000.0,False,15,207,26100.0
5025.0,25.0,1962.5,2675.0,False,15,211,21300.0
4925.0,-75.0,4625.0,2200.0,False,15,210,17100.0
3275.0,-1725.0,3275.0,2550.0,False,15,206,21075.0
2300.0,-2700.0,1275.0,1900.0,False,15,209,25000.0
6000.0,1000.0,4925.0,2100.0,False,15,208,24050.0
8437.5,3437.5,3687.5,1100.0,False,15,202,20525.0
4350.0,-650.0,2175.0,2000.0,False,15,206,18800.0
4200.0,-800.0,4000.0,1475.0,False,15,207,24525.0
7275.0,2275.0,4300.0,1150.0,False,15,199,22850.0
5812.5,812.5,3750.0,1500.0,False,15,204,33400.0
-12.5,-5012.5,-12.5,2850.0,True,15,201,27475.0
1050.0,-3950.0,1050.0,3000.0,False,15,201,25325.0
8687.5,3687.5,2262.5,3050.0,False,15,207,28275.0
7887.5,2887.5,4925.0,2000.0,False,15,210,22125.0
6087.5,1087.5,2762.5,1200.0,False,15,205,23325.0
1612.5,-3387.5,1500.0,2650.0,False,15,210,38275.0
5400.0,400.0,4050.0,1400.0,False,15,202,24725.0
8687.5,3687.5,4912.5,1500.0,False,15,209,25900.0
4375.0,-625.0,3675.0,2200.0,False,15,203,27000.0
5775.0,775.0,4350.0,1500.0,False,15,207,26775.0
5187.5,187.5,2837.5,2050.0,False,15,202,26900.0
1900.0,-3100.0,1900.0,3175.0,False,15,208,21100.0
7837.5,2837.5,3025.0,3500.0,False,15,206,26750.0
4262.5,-737.5,3562.5,1900.0,False,15,208,16450.0
3925.0,-1075.0,3475.0,2250.0,False,15,208,27250.0
1575.0,-3425.0,1575.0,2250.0,False,15,203,17200.0
8262.5,3262.5,4200.0,1150.0,False,15,206,20325.0
4975.0,-25.0,3775.0,1700.0,False,15,212,12925.0
7075.0,2075.0,4950.0,1750.0,False,15,209,34000.0
5100.0,100.0,3412.5,1700.0,False,15,208,21600.0
4462.5,-537.5,4187.5,2750.0,False,15,207,30600.0
6587.5,1587.5,4350.0,1150.0,False,15,207,17200.0
4137.5,-862.5,3137.5,2175.0,False,15,205,33825.0
4450.0,-550.0,1337.5,2450.0,False,15,202,27350.0
3950.0,-1050.0,3712.5,2150.0,False,15,207,24625.0
6187.5,1187.5,4950.0,1000.0,False,15,205,17750.0
4525.0,-475.0,3300.0,1700.0,False,15,206,27375.0
4500.0,-500.0,2637.5,2700.0,False,15,200,28100.0
9050.0,4050.0,1925.0,2200.0,False,15,206,28600.0
6175.0,1175.0,3037.5,1500.0,False,15,202,33550.0
7875.0,2875.0,5000.0,775.0,False,15,203,17450.0
5662.5,662.5,3112.5,1500.0,False,15,205,25825.0
1937.5,-3062.5,1937.5,2100.0,False,15,207,18700.0
7300.0,2300.0,4712.5,1000.0,False,15,208,22550.0
4912.5,-87.5,3675.0,2850.0,False,15,205,25475.0
3775.0,-1225.0,2862.5,1625.0,False,15,206,24750.0
5525.0,525.0,3187.5,1300.0,False,15,211,18675.0
-25.0,-5025.0,-25.0,3600.0,True,9,122,13175.0
2075.0,-2925.0,2075.0,2100.0,False,15,206,22975.0
12.5,-4987.5,12.5,2350.0,True,13,169,23725.0
10162.5,5162.5,4775.0,1500.0,False,15,209,28825.0
8962.5,3962.5,4875.0,1100.0,False,15,209,19300.0
5287.5,287.5,1737.5,1750.0,False,15,207,25525.0
3712.5,-1287.5,2600.0,1950.0,False,15,206,12375.0
9837.5,4837.5,4800.0,800.0,False,15,211,19100.0
7537.5,2537.5,3687.5,1300.0,False,15,208,23125.0
4162.5,-837.5,3012.5,2600.0,False,15,206,30675.0
7212.5,2212.5,4625.0,1000.0,False,15,204,24925.0
2225.0,-2775.0,1912.5,1600.0,False,15,210,23725.0
4362.5,-637.5,1687.5,2900.0,False,15,205,26700.0
4587.5,-412.5,1612.5,2000.0,False,15,207,20875.0
7775.0,2775.0,4300.0,1225.0,False,15,205,24950.0
5687.5,687.5,2762.5,1850.0,False,15,208,22750.0
3300.0,-1700.0,3125.0,2500.0,False,15,209,20175.0
9487.5,4487.5,3462.5,1300.0,False,15,207,35350.0
3175.0,-1825.0,2612.5,1500.0,False,15,207,12900.0
3612.5,-1387.5,3012.5,1900.0,False,15,203,16900.0
6562.5,1562.5,3662.5,2000.0,False,15,205,25475.0
3050.0,-1950.0,2575.0,1625.0,False,15,208,31525.0
7812.5,2812.5,3925.0,1200.0,False,15,208,17075.0
11287.5,6287.5,5000.0,2000.0,False,15,208,33775.0
2662.5,-2337.5,500.0,2800.0,False,15,210,20425.0
8387.5,3387.5,4862.5,1100.0,False,15,207,16375.0
8012.5,3012.5,4950.0,1500.0,False,15,202,28650.0
7087.5,2087.5,4775.0,725.0,False,15,208,13525.0
-125.0,-5125.0,-125.0,2000.0,True,14,191,15400.0
4575.0,-425.0,4150.0,1400.0,False,15,210,20025.0
6162.5,1162.5,4750.0,1500.0,False,15,205,21475.0
4662.5,-337.5,3175.0,2400.0,False,15,207,22300.0
5475.0,475.0,3575.0,1200.0,False,15,208,14400.0
5150.0,150.0,2500.0,1900.0,False,15,205,27175.0
-237.5,-5237.5,-237.5,2975.0,True,14,193,23850.0
7812.5,2812.5,4975.0,1650.0,False,15,209,26725.0
4425.0,-575.0,2212.5,1400.0,False,15,207,23225.0
8975.0,3975.0,4925.0,1450.0,False,15,206,27325.0
4525.0,-475.0,2225.0,2100.0,False,15,205,25975.0
6700.0,1700.0,4400.0,900.0,False,15,212,20000.0
10837.5,5837.5,4950.0,1350.0,False,15,205,31100.0
3612.5,-1387.5,3050.0,1550.0,False,15,209,24625.0
8825.0,3825.0,4187.5,1425.0,False,15,208,24675.0
5375.0,375.0,3400.0,2100.0,False,15,206,19950.0
1562.5,-3437.5,212.5,3150.0,False,15,204,25625.0
4662.5,-337.5,4187.5,2000.0,False,15,202,17675.0
7350.0,2350.0,4950.0,1000.0,False,15,207,18950.0
4700.0,-300.0,3900.0,1825.0,False,15,205,24675.0
5737.5,737.5,4550.0,1500.0,False,15,205,19100.0
2075.0,-2925.0,1612.5,2625.0,False,15,207,29125.0
6162.5,1162.5,4950.0,1200.0,False,15,208,18675.0
5337.5,337.5,5000.0,1800.0,False,15,203,17650.0
4600.0,-400.0,2125.0,1612.5,False,15,208,28000.0
4687.5,-312.5,3650.0,1000.0,False,15,207,16200.0
2187.5,-2812.5,1487.5,2050.0,False,15,208,27400.0
6412.5,1412.5,4800.0,2200.0,False,15,206,32725.0
5687.5,687.5,2812.5,2000.0,False,15,203,25850.0
5037.5,37.5,4775.0,1500.0,False,15,209,19950.0
9200.0,4200.0,3850.0,975.0,False,15,204,22600.0
1450.0,-3550.0,75.0,2500.0,False,15,204,24050.0
9912.5,4912.5,4525.0,1200.0,False,15,203,30250.0
5600.0,600.0,4500.0,725.0,False,15,206,15725.0
6450.0,1450.0,3950.0,2075.0,False,15,207,20725.0
10300.0,5300.0,4275.0,1500.0,False,15,203,35650.0
5650.0,650.0,4875.0,1625.0,False,15,206,34200.0
4225.0,-775.0,4175.0,1850.0,False,15,204,10200.0
2237.5,-2762.5,2200.0,1575.0,False,15,206,24325.0
825.0,-4175.0,825.0,2475.0,False,15,206,22100.0
2912.5,-2087.5,2337.5,2100.0,False,15,207,25875.0
3650.0,-1350.0,1662.5,1300.0,False,15,209,36375.0
4362.5,-637.5,2625.0,1300.0,False,15,207,20375.0
4275.0,-725.0,3725.0,2050.0,False,15,207,27800.0
6362.5,1362.5,4950.0,2750.0,False,15,207,38725.0
9850.0,4850.0,4475.0,1050.0,False,15,210,21225.0
2912.5,-2087.5,1250.0,2300.0,False,15,206,24925.0
7262.5,2262.5,4675.0,2275.0,False,15,197,19775.0
2587.5,-2412.5,1487.5,1912.5,False,15,207,24075.0
712.5,-4287.5,537.5,1900.0,False,15,206,19825.0
7175.0,2175.0,3112.5,3250.0,False,15,201,33375.0
6512.5,1512.5,3850.0,2150.0,False,15,209,26200.0
2512.5,-2487.5,1612.5,3100.0,False,15,203,27325.0
7012.5,2012.5,5000.0,1400.0,False,15,209,25475.0
4625.0,-375.0,2700.0,1900.0,False,15,206,19400.0
8500.0,3500.0,4050.0,1550.0,False,15,208,18300.0
1900.0,-3100.0,1412.5,2350.0,False,15,202,28250.0
6212.5,1212.5,4787.5,1162.5,False,15,209,17375.0
4187.5,-812.5,2775.0,2200.0,False,15,212,20000.0
4525.0,-475.0,2425.0,1700.0,False,15,211,25975.0
9462.5,4462.5,4275.0,1475.0,False,15,203,27475.0
4425.0,-575.0,1750.0,2750.0,False,15,204,29825.0
3187.5,-1812.5,1437.5,2000.0,False,15,205,28575.0
5537.5,537.5,2575.0,2500.0,False,15,209,18000.0
4650.0,-350.0,2975.0,2300.0,False,15,207,22450.0
5287.5,287.5,2800.0,1500.0,False,15,202,30575.0
4537.5,-462.5,2312.5,1975.0,False,15,209,21775.0
7625.0,2625.0,3562.5,1450.0,False,15,209,28300.0
7100.0,2100.0,4150.0,825.0,False,15,201,21200.0
3175.0,-1825.0,3175.0,1150.0,False,15,206,23500.0
3562.5,-1437.5,1512.5,2975.0,False,15,205,26600.0
7625.0,2625.0,4550.0,1350.0,False,15,208,23475.0
5237.5,237.5,4075.0,1050.0,False,15,206,16300.0
5862.5,862.5,4375.0,1000.0,False,15,206,20675.0
6150.0,1150.0,4825.0,1225.0,False,15,205,17925.0
5512.5,512.5,4475.0,2300.0,False,15,205,25575.0
6862.5,1862.5,4262.5,800.0,False,15,202,17525.0
4312.5,-687.5,2587.5,1650.0,False,15,208,33475.0
2050.0,-2950.0,1450.0,2650.0,False,15,211,16550.0
1437.5,-3562.5,837.5,1350.0,False,15,210,13900.0
4525.0,-475.0,4425.0,1650.0,False,15,209,23525.0
5287.5,287.5,3650.0,2025.0,False,15,206,27000.0
4687.5,-312.5,2700.0,1500.0,False,15,206,20000.0
4075.0,-925.0,3562.5,1125.0,False,15,208,22250.0
5787.5,787.5,3337.5,2000.0,False,15,209,16275.0
7200.0,2200.0,1862.5,1750.0,False,15,208,24225.0
8037.5,3037.5,4500.0,1850.0,False,15,203,27225.0
5512.5,512.5,3500.0,1000.0,False,15,209,19950.0
4137.5,-862.5,2200.0,1925.0,False,15,207,15500.0
-325.0,-5325.0,-325.0,2900.0,True,4,41,9275.0
4725.0,-275.0,4350.0,2000.0,False,15,207,27975.0
6287.5,1287.5,2487.5,2600.0,False,15,209,26200.0
4937.5,-62.5,4187.5,1075.0,False,15,204,15500.0
5012.5,12.5,4925.0,1425.0,False,15,206,19425.0
4987.5,-12.5,2162.5,1450.0,False,15,209,34150.0
6950.0,1950.0,3512.5,2000.0,False,15,210,28800.0
8425.0,3425.0,4462.5,600.0,False,15,207,22775.0
4137.5,-862.5,3637.5,1900.0,False,15,211,23975.0
4487.5,-512.5,1250.0,2050.0,False,15,201,26750.0
4475.0,-525.0,3175.0,2500.0,False,15,208,27225.0
11962.5,6962.5,4225.0,1100.0,False,15,203,31700.0
9350.0,4350.0,3250.0,2500.0,False,15,204,33950.0
3487.5,-1512.5,3362.5,1900.0,False,15,210,17200.0
8625.0,3625.0,4225.0,2000.0,False,15,209,31025.0
1362.5,-3637.5,937.5,1225.0,False,15,208,21325.0
5175.0,175.0,4475.0,1500.0,False,15,208,24550.0
5562.5,562.5,4050.0,1750.0,False,15,208,22100.0
6825.0,1825.0,3812.5,1950.0,False,15,205,27650.0
5662.5,662.5,4912.5,1400.0,False,15,206,25075.0
4987.5,-12.5,4062.5,650.0,False,15,207,14275.0
-12.5,-5012.5,-12.5,2850.0,True,12,160,20700.0
4675.0,-325.0,1775.0,3000.0,False,15,205,17250.0
7512.5,2512.5,4500.0,2000.0,False,15,206,32825.0
8600.0,3600.0,3862.5,1025.0,False,15,206,29450.0
6487.5,1487.5,4825.0,2350.0,False,15,204,18850.0
7475.0,2475.0,3837.5,2200.0,False,15,205,24525.0
4987.5,-12.5,3350.0,2000.0,False,15,208,25275.0
5550.0,550.0,3225.0,2225.0,False,15,205,22425.0
6712.5,1712.5,3050.0,1400.0,False,15,212,29175.0
150.0,-4850.0,125.0,2750.0,False,15,209,17625.0
8962.5,3962.5,4975.0,1000.0,False,15,205,18500.0
3862.5,-1137.5,3862.5,2600.0,False,15,209,24200.0
3462.5,-1537.5,2750.0,2150.0,False,15,209,30800.0
10362.5,5362.5,2625.0,2500.0,False,15,206,32525.0
2100.0,-2900.0,1887.5,2550.0,False,15,205,28250.0
3325.0,-1675.0,1950.0,2000.0,False,15,204,41750.0
9250.0,4250.0,4500.0,1400.0,False,15,205,32250.0
-50.0,-5050.0,-50.0,1825.0,True,15,202,23800.0
7937.5,2937.5,4500.0,1400.0,False,15,204,28000.0
6712.5,1712.5,4475.0,1200.0,False,15,205,20050.0
6412.5,1412.5,3125.0,1700.0,False,15,206,20375.0
7437.5,2437.5,4375.0,2575.0,False,15,206,27650.0
6737.5,1737.5,3337.5,1700.0,False,15,207,18800.0
7912.5,2912.5,4000.0,1500.0,False,15,209,33600.0
4887.5,-112.5,4100.0,1900.0,False,15,205,20475.0
6750.0,1750.0,5000.0,2000.0,False,15,203,23475.0
4862.5,-137.5,2262.5,2450.0,False,15,208,28775.0
4100.0,-900.0,2250.0,3075.0,False,15,206,25000.0
7262.5,2262.5,4525.0,2200.0,False,15,207,25775.0
4987.5,-12.5,4687.5,2575.0,False,15,206,20525.0
7312.5,2312.5,3712.5,1800.0,False,15,208,19550.0
3900.0,-1100.0,3825.0,1725.0,False,15,203,19125.0
1262.5,-3737.5,550.0,2025.0,False,15,207,27575.0
8287.5,3287.5,4725.0,1100.0,False,15,203,29475.0
9050.0,4050.0,3550.0,1400.0,False,15,205,23425.0
5175.0,175.0,3512.5,1700.0,False,15,209,27850.0
6175.0,1175.0,4062.5,1000.0,False,15,207,24650.0
4562.5,-437.5,3750.0,2050.0,False,15,208,25550.0
2637.5,-2362.5,2637.5,2400.0,False,15,208,32525.0
1987.5,-3012.5,1800.0,1825.0,False,15,205,17825.0
3375.0,-1625.0,3350.0,1825.0,False,15,204,23400.0
5462.5,462.5,4437.5,1000.0,False,15,204,25100.0
7000.0,2000.0,4312.5,1250.0,False,15,207,24275.0
4937.5,-62.5,3712.5,1700.0,False,15,203,25825.0
-25.0,-5025.0,-25.0,3075.0,True,11,147,16350.0
4337.5,-662.5,2850.0,1925.0,False,15,203,22500.0
-37.5,-5037.5,-37.5,4250.0,True,11,144,15575.0
5862.5,862.5,3975.0,1450.0,False,15,205,25550.0
4862.5,-137.5,2987.5,1900.0,False,15,206,18100.0
4362.5,-637.5,4250.0,1800.0,False,15,214,25025.0
5337.5,337.5,2300.0,3300.0,False,15,208,27800.0
2537.5,-2462.5,1225.0,1700.0,False,15,207,29925.0
4612.5,-387.5,3437.5,1500.0,False,15,210,30825.0
8787.5,3787.5,2687.5,2000.0,False,15,205,34625.0
11975.0,6975.0,4750.0,1000.0,False,15,202,21750.0
8462.5,3462.5,4875.0,1100.0,False,15,204,21400.0
5587.5,587.5,4375.0,1850.0,False,15,206,19900.0
3100.0,-1900.0,1850.0,1600.0,False,15,206,20000.0
1375.0,-3625.0,1375.0,3025.0,False,15,208,25300.0
3125.0,-1875.0,3125.0,1550.0,False,15,205,14050.0
4962.5,-37.5,3812.5,750.0,False,15,207,12775.0
-112.5,-5112.5,-112.5,3750.0,True,7,92,14175.0
5275.0,275.0,3175.0,1500.0,False,15,204,19900.0
10775.0,5775.0,4775.0,1000.0,False,15,209,24900.0
6150.0,1150.0,3087.5,2000.0,False,15,206,22825.0
10825.0,5825.0,4825.0,1825.0,False,15,204,37925.0
4462.5,-537.5,4437.5,2000.0,False,15,206,23800.0
6675.0,1675.0,4225.0,3350.0,False,15,207,42850.0
5137.5,137.5,4587.5,1600.0,False,15,205,29325.0
4887.5,-112.5,3062.5,1925.0,False,15,200,23900.0
6350.0,1350.0,4600.0,1025.0,False,15,204,19200.0
4275.0,-725.0,4025.0,1725.0,False,15,204,22275.0
7912.5,2912.5,4212.5,1600.0,False,15,204,20675.0
5250.0,250.0,4625.0,1500.0,False,15,209,25325.0
4150.0,-850.0,2887.5,1750.0,False,15,211,23350.0
2725.0,-2275.0,2650.0,1700.0,False,15,209,18100.0
12.5,-4987.5,12.5,1900.0,True,15,199,26750.0
6425.0,1425.0,3750.0,1300.0,False,15,209,20800.0
4775.0,-225.0,3500.0,1650.0,False,15,208,29725.0
2562.5,-2437.5,1225.0,2175.0,False,15,202,37550.0
12.5,-4987.5,12.5,2875.0,True,15,201,24375.0
10262.5,5262.5,4887.5,1500.0,False,15,207,26275.0
3237.5,-1762.5,2837.5,3150.0,False,15,204,35925.0
3800.0,-1200.0,3537.5,1650.0,False,15,207,26300.0
7712.5,2712.5,4875.0,1500.0,False,15,203,25825.0
1687.5,-3312.5,1312.5,2400.0,False,15,207,23925.0
5350.0,350.0,4625.0,1700.0,False,15,210,18650.0
4787.5,-212.5,3812.5,1725.0,False,15,204,22775.0
7800.0,2800.0,3737.5,1400.0,False,15,205,20050.0
10800.0,5800.0,4687.5,1700.0,False,15,205,22675.0
4425.0,-575.0,3912.5,1500.0,False,15,207,17150.0
5887.5,887.5,2350.0,2800.0,False,15,208,21150.0
6562.5,1562.5,3912.5,2500.0,False,15,206,33825.0
4875.0,-125.0,3800.0,1850.0,False,15,206,21425.0
4437.5,-562.5,4437.5,2350.0,False,15,208,18975.0
3162.5,-1837.5,1700.0,2000.0,False,15,206,21600.0
2300.0,-2700.0,2075.0,1975.0,False,15,206,22500.0
7925.0,2925.0,4925.0,1400.0,False,15,205,21425.0
7637.5,2637.5,4725.0,1125.0,False,15,203,26300.0
1337.5,-3662.5,212.5,2900.0,False,15,210,28475.0
7750.0,2750.0,3975.0,1350.0,False,15,202,30475.0
8162.5,3162.5,4487.5,1500.0,False,15,202,22875.0
3387.5,-1612.5,3262.5,1000.0,False,15,208,8275.0
7462.5,2462.5,5000.0,1200.0,False,15,205,18125.0
3050.0,-1950.0,2937.5,2750.0,False,15,206,29700.0
10537.5,5537.5,2312.5,2900.0,False,15,203,30000.0
7775.0,2775.0,2125.0,1575.0,False,15,203,26750.0
7687.5,2687.5,4650.0,1700.0,False,15,207,27325.0
10737.5,5737.5,4262.5,750.0,False,15,208,22850.0
4887.5,-112.5,2150.0,3400.0,False,15,205,30075.0
7175.0,2175.0,3475.0,1100.0,False,15,204,20150.0
3312.5,-1687.5,3062.5,2500.0,False,15,202,22625.0
6287.5,1287.5,4075.0,1600.0,False,15,206,28550.0
6750.0,1750.0,4125.0,1000.0,False,15,207,22375.0
4875.0,-125.0,1687.5,1650.0,False,15,200,31000.0
4025.0,-975.0,2912.5,2000.0,False,15,206,29425.0
275.0,-4725.0,175.0,3150.0,False,15,210,25450.0
8512.5,3512.5,4650.0,800.0,False,15,210,19675.0
6025.0,1025.0,4975.0,1000.0,False,15,206,17500.0
-150.0,-5150.0,-150.0,2475.0,True,15,206,32300.0
3762.5,-1237.5,1412.5,2500.0,False,15,204,33375.0
5625.0,625.0,4237.5,750.0,False,15,207,15375.0
-312.5,-5312.5,-312.5,3100.0,True,11,138,17375.0
6300.0,1300.0,3412.5,1450.0,False,15,205,20825.0
2300.0,-2700.0,2100.0,1500.0,False,15,209,22175.0
4000.0,-1000.0,3550.0,1200.0,False,15,211,16450.0
8800.0,3800.0,4850.0,1150.0,False,15,204,19875.0
5150.0,150.0,4487.5,1000.0,False,15,208,18500.0
0.0,-5000.0,0.0,2250.0,True,9,112,16475.0
7437.5,2437.5,4125.0,1250.0,False,15,206,16275.0
4737.5,-262.5,3150.0,1700.0,False,15,210,25225.0
5875.0,875.0,3250.0,2350.0,False,15,211,31725.0
5850.0,850.0,3487.5,1462.5,False,15,209,27500.0
10850.0,5850.0,3450.0,2500.0,False,15,205,33300.0
7275.0,2275.0,3650.0,2575.0,False,15,206,30225.0
6312.5,1312.5,4637.5,1100.0,False,15,201,17300.0
5975.0,975.0,3187.5,1750.0,False,15,206,26650.0
2050.0,-2950.0,1800.0,2000.0,False,15,207,26400.0
7237.5,2237.5,4650.0,2150.0,False,15,210,23150.0
4587.5,-412.5,3175.0,1050.0,False,15,209,21100.0
6100.0,1100.0,2875.0,1300.0,False,15,208,19925.0
12.5,-4987.5,12.5,3975.0,True,4,51,7575.0
9075.0,4075.0,3650.0,2200.0,False,15,208,30900.0
3212.5,-1787.5,2062.5,1750.0,False,15,203,25300.0
4162.5,-837.5,3162.5,2500.0,False,15,202,23500.0
1350.0,-3650.0,1325.0,1900.0,False,15,207,24175.0
5487.5,487.5,3512.5,1575.0,False,15,206,20575.0
12900.0,7900.0,5000.0,3000.0,False,15,205,35475.0
675.0,-4325.0,262.5,3250.0,False,15,210,28475.0
7275.0,2275.0,2637.5,2350.0,False,15,208,22425.0
5062.5,62.5,3462.5,1725.0,False,15,205,18500.0
7750.0,2750.0,4825.0,2850.0,False,15,204,39475.0
7887.5,2887.5,5000.0,900.0,False,15,201,22475.0
3562.5,-1437.5,3487.5,1500.0,False,15,207,20750.0
13725.0,8725.0,5000.0,1200.0,False,15,207,25800.0
11400.0,6400.0,4675.0,1500.0,False,15,207,22850.0
4037.5,-962.5,3837.5,1100.0,False,15,201,21125.0
9525.0,4525.0,4375.0,950.0,False,15,207,20025.0
4150.0,-850.0,3337.5,1350.0,False,15,203,16975.0
7262.5,2262.5,4650.0,2050.0,False,15,204,20425.0
12825.0,7825.0,4925.0,1750.0,False,15,202,32325.0
6362.5,1362.5,3825.0,1175.0,False,15,207,24200.0
2037.5,-2962.5,1200.0,2000.0,False,15,202,26650.0
6300.0,1300.0,5000.0,2300.0,False,15,203,31700.0
5937.5,937.5,4287.5,1250.0,False,15,208,22975.0
7537.5,2537.5,3275.0,1225.0,False,15,206,22650.0
9112.5,4112.5,4300.0,900.0,False,15,207,28125.0
10425.0,5425.0,5000.0,700.0,False,15,210,17925.0
11775.0,6775.0,4850.0,1200.0,False,15,206,23400.0
2787.5,-2212.5,2600.0,3300.0,False,15,208,34725.0
9237.5,4237.5,4700.0,1500.0,False,15,203,32725.0
1237.5,-3762.5,1125.0,2250.0,False,15,204,20800.0
8812.5,3812.5,4675.0,1500.0,False,15,205,24400.0
-425.0,-5425.0,-425.0,2925.0,True,9,126,26425.0
4350.0,-650.0,3262.5,1900.0,False,15,206,31725.0
6362.5,1362.5,3700.0,1200.0,False,15,207,23075.0
5862.5,862.5,2387.5,2850.0,False,15,205,27625.0
7225.0,2225.0,4100.0,1250.0,False,15,210,19250.0
87.5,-4912.5,87.5,3800.0,False,15,207,25425.0
8250.0,3250.0,4400.0,1300.0,False,15,206,22025.0
5575.0,575.0,4250.0,1600.0,False,15,209,26800.0
5975.0,975.0,3837.5,1950.0,False,15,206,34300.0
4100.0,-900.0,3187.5,2200.0,False,15,204,22050.0
6187.5,1187.5,4625.0,1500.0,False,15,207,22475.0
8687.5,3687.5,4225.0,1900.0,False,15,204,27425.0
8637.5,3637.5,4875.0,1400.0,False,15,212,19300.0
8925.0,3925.0,4625.0,1500.0,False,15,205,27125.0
2112.5,-2887.5,1587.5,1475.0,False,15,207,20450.0
3950.0,-1050.0,2650.0,2100.0,False,15,206,27025.0
-225.0,-5225.0,-225.0,2875.0,True,5,68,10000.0
2162.5,-2837.5,212.5,3125.0,False,15,208,27225.0
4450.0,-550.0,4150.0,700.0,False,15,206,9550.0
4275.0,-725.0,4025.0,1800.0,False,15,205,17100.0
4425.0,-575.0,3500.0,1450.0,False,15,209,19275.0
5975.0,975.0,4562.5,1250.0,False,15,208,15875.0
8987.5,3987.5,4900.0,600.0,False,15,207,19475.0
1325.0,-3675.0,212.5,2600.0,False,15,205,26275.0
4350.0,-650.0,4300.0,2000.0,False,15,203,16400.0
8875.0,3875.0,4787.5,750.0,False,15,212,19150.0
3650.0,-1350.0,2800.0,1650.0,False,15,209,30050.0
7025.0,2025.0,2700.0,2125.0,False,15,205,33150.0
5887.5,887.5,3837.5,1200.0,False,15,210,20400.0
6500.0,1500.0,4387.5,1500.0,False,15,209,15600.0
10987.5,5987.5,4900.0,1000.0,False,15,203,26975.0
5362.5,362.5,4937.5,1100.0,False,15,206,21550.0
2650.0,-2350.0,2075.0,1550.0,False,15,209,27750.0
3712.5,-1287.5,1700.0,3500.0,False,15,203,31275.0
7800.0,2800.0,4837.5,2700.0,False,15,207,18725.0
5787.5,787.5,3062.5,1900.0,False,15,210,25625.0
3825.0,-1175.0,3750.0,1050.0,False,15,213,19200.0
2187.5,-2812.5,1787.5,1500.0,False,15,211,23475.0
6787.5,1787.5,4825.0,1425.0,False,15,203,20825.0
4637.5,-362.5,4312.5,1300.0,False,15,206,25025.0
10062.5,5062.5,4525.0,1250.0,False,15,209,27375.0
5300.0,300.0,3175.0,1750.0,False,15,206,21475.0
3000.0,-2000.0,2975.0,2475.0,False,15,205,29825.0
6687.5,1687.5,1887.5,2475.0,False,15,206,29850.0
4737.5,-262.5,3325.0,1600.0,False,15,206,29100.0
8037.5,3037.5,4025.0,1000.0,False,15,211,23700.0
5587.5,587.5,3562.5,825.0,False,15,208,13375.0
2900.0,-2100.0,1412.5,2500.0,False,15,204,33325.0
6900.0,1900.0,4587.5,1275.0,False,15,209,26475.0
7887.5,2887.5,3662.5,1200.0,False,15,204,19150.0
5337.5,337.5,962.5,2500.0,False,15,204,27950.0
3162.5,-1837.5,1850.0,2100.0,False,15,207,28000.0
5137.5,137.5,4212.5,1075.0,False,15,212,23025.0
4750.0,-250.0,2825.0,1700.0,False,15,209,19450.0
10825.0,5825.0,4825.0,1000.0,False,15,205,24625.0
6025.0,1025.0,4600.0,1400.0,False,15,206,26400.0
10925.0,5925.0,4750.0,800.0,False,15,204,25175.0
7537.5,2537.5,4662.5,1650.0,False,15,207,25050.0
6050.0,1050.0,2825.0,1500.0,False,15,209,17950.0
5512.5,512.5,4587.5,1850.0,False,15,204,29150.0
6912.5,1912.5,2912.5,1075.0,False,15,209,24800.0
8987.5,3987.5,3950.0,2425.0,False,15,203,23350.0
4587.5,-412.5,4087.5,1137.5,False,15,206,17475.0
6700.0,1700.0,4850.0,1025.0,False,15,206,26275.0
4212.5,-787.5,4162.5,2650.0,False,15,207,20025.0
4150.0,-850.0,1712.5,2900.0,False,15,204,27150.0
2475.0,-2525.0,2062.5,1725.0,False,15,208,15800.0
7225.0,2225.0,4550.0,800.0,False,15,210,20225.0
7400.0,2400.0,4775.0,1075.0,False,15,207,19325.0
6975.0,1975.0,3275.0,1200.0,False,15,208,23125.0
8387.5,3387.5,4237.5,1250.0,False,15,203,22550.0
9275.0,4275.0,4212.5,1200.0,False,15,206,26025.0
6362.5,1362.5,2512.5,1800.0,False,15,205,21125.0
6750.0,1750.0,3875.0,1200.0,False,15,207,24650.0
8925.0,3925.0,4800.0,1600.0,False,15,205,27100.0
6075.0,1075.0,3100.0,1700.0,False,15,204,24825.0
-800.0,-5800.0,-800.0,3575.0,True,15,192,25900.0
6800.0,1800.0,4187.5,1650.0,False,15,205,30025.0
4325.0,-675.0,3200.0,2400.0,False,15,204,21100.0
6862.5,1862.5,4937.5,2500.0,False,15,209,21575.0
0.0,-5000.0,0.0,1800.0,True,10,130,13975.0
3862.5,-1137.5,2062.5,1800.0,False,15,204,16125.0
1512.5,-3487.5,1300.0,2000.0,False,15,204,24850.0
7187.5,2187.5,4750.0,1900.0,False,15,205,28325.0
5537.5,537.5,3875.0,1900.0,False,15,207,20150.0
7012.5,2012.5,3600.0,1100.0,False,15,207,23500.0
4675.0,-325.0,3762.5,1625.0,False,15,204,31275.0
12.5,-4987.5,12.5,3900.0,True,10,132,14725.0
1962.5,-3037.5,1462.5,1975.0,False,15,208,18325.0
3237.5,-1762.5,2650.0,3000.0,False,15,208,21000.0
6150.0,1150.0,4975.0,1150.0,False,15,206,19075.0
5487.5,487.5,1425.0,2750.0,False,15,203,31000.0
5587.5,587.5,3900.0,1900.0,False,15,206,25575.0
4612.5,-387.5,4612.5,2000.0,False,15,207,23125.0
5637.5,637.5,4487.5,3075.0,False,15,204,33750.0
2775.0,-2225.0,150.0,2250.0,False,15,209,31100.0
1362.5,-3637.5,1362.5,2600.0,False,15,208,25975.0
4487.5,-512.5,3837.5,2750.0,False,15,209,22500.0
6800.0,1800.0,4100.0,1400.0,False,15,202,24500.0
9962.5,4962.5,4850.0,2000.0,False,15,201,26825.0
12.5,-4987.5,12.5,2400.0,True,7,89,12300.0
4687.5,-312.5,3725.0,1300.0,False,15,208,22700.0
8025.0,3025.0,4900.0,850.0,False,15,205,23675.0
-112.5,-5112.5,-112.5,1975.0,True,9,117,15050.0
4500.0,-500.0,3175.0,2000.0,False,15,206,21350.0
3300.0,-1700.0,2000.0,2550.0,False,15,204,34750.0
4725.0,-275.0,2362.5,2000.0,False,15,203,24125.0
7937.5,2937.5,4450.0,1700.0,False,15,208,20700.0
5000.0,0.0,2437.5,2500.0,False,15,208,31475.0
3875.0,-1125.0,3025.0,1500.0,False,15,205,19050.0
6187.5,1187.5,3450.0,2275.0,False,15,210,25900.0
7387.5,2387.5,4650.0,525.0,False,15,204,15150.0
3850.0,-1150.0,1675.0,2000.0,False,15,206,23275.0
925.0,-4075.0,575.0,2300.0,False,15,206,23400.0
7800.0,2800.0,3925.0,2900.0,False,15,205,40625.0
9487.5,4487.5,4362.5,1000.0,False,15,204,34225.0
0.0,-5000.0,0.0,4100.0,True,4,52,10025.0
7875.0,2875.0,4150.0,1375.0,False,15,208,27150.0
4750.0,-250.0,4475.0,2250.0,False,15,207,28375.0
8762.5,3762.5,3462.5,1800.0,False,15,210,21650.0
8425.0,3425.0,4025.0,1000.0,False,15,206,19875.0
8750.0,3750.0,3525.0,2300.0,False,15,208,24525.0
9062.5,4062.5,4187.5,1000.0,False,15,206,21300.0
4762.5,-237.5,4450.0,1300.0,False,15,207,23450.0
3937.5,-1062.5,3500.0,1800.0,False,15,206,27325.0
6050.0,1050.0,2887.5,2950.0,False,15,206,18100.0
8737.5,3737.5,4700.0,1500.0,False,15,206,27875.0
5075.0,75.0,2850.0,1225.0,False,15,205,19500.0
3800.0,-1200.0,3450.0,1650.0,False,15,205,22025.0
5787.5,787.5,3450.0,1000.0,False,15,202,17850.0
9050.0,4050.0,4712.5,1900.0,False,15,206,27975.0
7912.5,2912.5,4775.0,1850.0,False,15,208,30000.0
5687.5,687.5,4050.0,1900.0,False,15,205,23975.0
1900.0,-3100.0,1700.0,3450.0,False,15,204,21750.0
5175.0,175.0,4912.5,1300.0,False,15,204,17050.0
6075.0,1075.0,3850.0,1500.0,False,15,204,20725.0
5937.5,937.5,4087.5,2225.0,False,15,207,20400.0
6087.5,1087.5,4600.0,1125.0,False,15,206,17575.0
2962.5,-2037.5,2962.5,2050.0,False,15,205,26175.0
7162.5,2162.5,4837.5,1300.0,False,15,211,14150.0
2650.0,-2350.0,1462.5,2200.0,False,15,208,19425.0
7587.5,2587.5,4925.0,1200.0,False,15,208,20350.0
8187.5,3187.5,4125.0,825.0,False,15,210,17450.0
2650.0,-2350.0,2537.5,900.0,False,15,206,15200.0
8612.5,3612.5,3937.5,2150.0,False,15,203,28750.0
8537.5,3537.5,3100.0,1250.0,False,15,205,23450.0
8750.0,3750.0,4350.0,1550.0,False,15,207,22150.0
10175.0,5175.0,4825.0,1500.0,False,15,200,37250.0
4712.5,-287.5,4037.5,1100.0,False,15,207,17050.0
10300.0,5300.0,3875.0,1300.0,False,15,207,24625.0
3637.5,-1362.5,3137.5,3825.0,False,15,206,33425.0
9450.0,4450.0,4050.0,1025.0,False,15,206,22300.0
3137.5,-1862.5,2550.0,2500.0,False,15,210,16050.0
8412.5,3412.5,4550.0,1150.0,False,15,206,31200.0
11587.5,6587.5,4725.0,2400.0,False,15,206,34725.0
5962.5,962.5,4812.5,850.0,False,15,211,12825.0
8900.0,3900.0,4375.0,1000.0,False,15,205,27700.0
7900.0,2900.0,4875.0,1200.0,False,15,199,29525.0
3725.0,-1275.0,3262.5,3000.0,False,15,205,20875.0
6087.5,1087.5,4825.0,1700.0,False,15,204,23125.0
6412.5,1412.5,3062.5,1800.0,False,15,208,19875.0
5475.0,475.0,2925.0,1125.0,False,15,207,18950.0
10175.0,5175.0,4825.0,700.0,False,15,207,20450.0
8837.5,3837.5,4625.0,2700.0,False,15,205,27000.0
2225.0,-2775.0,2162.5,3000.0,False,15,204,21400.0
7562.5,2562.5,4475.0,1500.0,False,15,210,28275.0
8200.0,3200.0,4950.0,425.0,False,15,205,11175.0
6600.0,1600.0,4550.0,2100.0,False,15,202,23200.0
5175.0,175.0,3637.5,1000.0,False,15,207,23300.0
4662.5,-337.5,2412.5,1475.0,False,15,210,20000.0
7325.0,2325.0,4487.5,1400.0,False,15,204,22275.0
9737.5,4737.5,4950.0,2000.0,False,15,207,32400.0
3675.0,-1325.0,2725.0,2200.0,False,15,201,25825.0
6587.5,1587.5,3900.0,1800.0,False,15,203,25975.0
9325.0,4325.0,4950.0,750.0,False,15,203,22475.0
4350.0,-650.0,2950.0,2050.0,False,15,212,21900.0
7162.5,2162.5,4625.0,725.0,False,15,208,15600.0
-75.0,-5075.0,-75.0,3000.0,True,15,202,26050.0
5325.0,325.0,4612.5,2550.0,False,15,209,21850.0
9787.5,4787.5,3925.0,1150.0,False,15,206,18250.0
6987.5,1987.5,4850.0,375.0,False,15,203,11350.0
8212.5,3212.5,2875.0,1400.0,False,15,204,26225.0
9112.5,4112.5,4637.5,2000.0,False,15,206,28950.0
4600.0,-400.0,2987.5,2000.0,False,15,203,24225.0
8012.5,3012.5,4400.0,1400.0,False,15,205,18250.0
6975.0,1975.0,4837.5,1900.0,False,15,206,20625.0
1600.0,-3400.0,925.0,3750.0,False,15,207,20150.0
3737.5,-1262.5,2475.0,2900.0,False,15,206,20000.0
5425.0,425.0,2925.0,2200.0,False,15,205,31200.0
3200.0,-1800.0,1637.5,1950.0,False,15,206,20700.0
6725.0,1725.0,4025.0,2300.0,False,15,208,21950.0
7900.0,2900.0,4312.5,2300.0,False,15,202,32050.0
8162.5,3162.5,3325.0,1550.0,False,15,205,18825.0
10662.5,5662.5,4625.0,1900.0,False,15,203,29575.0
7012.5,2012.5,3162.5,2750.0,False,15,202,21250.0
5850.0,850.0,2862.5,1450.0,False,15,206,22775.0
3575.0,-1425.0,3400.0,1200.0,False,15,205,15575.0
6837.5,1837.5,4637.5,3575.0,False,15,205,34725.0
5587.5,587.5,2812.5,1075.0,False,15,205,17600.0
5037.5,37.5,3600.0,1300.0,False,15,209,20150.0
6962.5,1962.5,2875.0,1750.0,False,15,202,19100.0
10087.5,5087.5,4337.5,750.0,False,15,206,23225.0
7975.0,2975.0,4762.5,1900.0,False,15,208,20075.0
0.0,-5000.0,0.0,2300.0,True,13,171,26850.0
7962.5,2962.5,4950.0,1100.0,False,15,209,29175.0
6012.5,1012.5,4375.0,2325.0,False,15,202,28025.0
10712.5,5712.5,3700.0,1500.0,False,15,205,29375.0
2575.0,-2425.0,1062.5,2600.0,False,15,206,23950.0
3812.5,-1187.5,2937.5,2250.0,False,15,207,30600.0
5925.0,925.0,2425.0,2100.0,False,15,203,22950.0
5362.5,362.5,4062.5,1650.0,False,15,205,22300.0
10187.5,5187.5,3800.0,800.0,False,15,205,20500.0
1737.5,-3262.5,637.5,1500.0,False,15,209,22275.0
7587.5,2587.5,4737.5,1100.0,False,15,205,24550.0
5700.0,700.0,4575.0,1600.0,False,15,203,21625.0
7450.0,2450.0,4075.0,1025.0,False,15,207,28775.0
2200.0,-2800.0,1025.0,2025.0,False,15,207,19750.0
3075.0,-1925.0,862.5,3850.0,False,15,205,18075.0
7475.0,2475.0,4700.0,1425.0,False,15,202,27350.0
6062.5,1062.5,4987.5,1700.0,False,15,205,18100.0
5387.5,387.5,3350.0,1325.0,False,15,207,23075.0
3662.5,-1337.5,2937.5,2700.0,False,15,208,21250.0
3762.5,-1237.5,3462.5,1425.0,False,15,207,15575.0
6587.5,1587.5,3525.0,2000.0,False,15,209,27150.0
8400.0,3400.0,4287.5,1350.0,False,15,206,27950.0
4000.0,-1000.0,3525.0,1550.0,False,15,206,21000.0
5837.5,837.5,4262.5,2000.0,False,15,206,31200.0
8187.5,3187.5,4325.0,1000.0,False,15,209,19600.0
5325.0,325.0,3462.5,2025.0,False,15,211,22325.0
3062.5,-1937.5,2762.5,1500.0,False,15,210,15550.0
7087.5,2087.5,3112.5,1500.0,False,15,207,21750.0
6425.0,1425.0,4525.0,1650.0,False,15,204,31975.0
1637.5,-3362.5,1237.5,2550.0,False,15,204,33100.0
9587.5,4587.5,4075.0,2400.0,False,15,204,29725.0
5712.5,712.5,3400.0,1550.0,False,15,205,25250.0
4012.5,-987.5,3287.5,900.0,False,15,211,20525.0
2900.0,-2100.0,1487.5,2325.0,False,15,204,19550.0
1225.0,-3775.0,525.0,2000.0,False,15,207,22950.0
5412.5,412.5,2050.0,1550.0,False,15,205,25200.0
5675.0,675.0,4825.0,1000.0,False,15,212,17900.0
8337.5,3337.5,4112.5,1900.0,False,15,200,30500.0
6312.5,1312.5,2637.5,3000.0,False,15,206,25100.0
9162.5,4162.5,4400.0,1300.0,False,15,205,19675.0
3225.0,-1775.0,2750.0,2500.0,False,15,202,30825.0
5775.0,775.0,4925.0,1150.0,False,15,202,16875.0
350.0,-4650.0,350.0,2000.0,False,15,208,20525.0
12225.0,7225.0,4725.0,3000.0,False,15,200,50475.0
6812.5,1812.5,4850.0,1000.0,False,15,208,15950.0
6912.5,1912.5,4575.0,1800.0,False,15,205,22825.0
7362.5,2362.5,4787.5,1150.0,False,15,207,17925.0
5525.0,525.0,4737.5,850.0,False,15,209,17425.0
6525.0,1525.0,4750.0,1750.0,False,15,207,25450.0
8050.0,3050.0,3662.5,1900.0,False,15,207,24225.0
-12.5,-5012.5,-12.5,2450.0,True,12,166,18200.0
7875.0,2875.0,3650.0,2050.0,False,15,208,26900.0
4212.5,-787.5,925.0,2450.0,False,15,205,31425.0
5375.0,375.0,3287.5,1700.0,False,15,203,15725.0
2000.0,-3000.0,1712.5,1875.0,False,15,204,15850.0
6762.5,1762.5,4962.5,1500.0,False,15,199,29350.0
5525.0,525.0,3987.5,2050.0,False,15,214,20375.0
11262.5,6262.5,4075.0,1600.0,False,15,201,23000.0
1925.0,-3075.0,1875.0,2900.0,False,15,206,24425.0
4275.0,-725.0,2162.5,2500.0,False,15,204,35000.0
-450.0,-5450.0,-450.0,2500.0,True,11,136,17475.0
3825.0,-1175.0,3562.5,2500.0,False,15,203,25025.0
7112.5,2112.5,2762.5,2100.0,False,15,207,26150.0
5900.0,900.0,4900.0,1650.0,False,15,210,18800.0
7425.0,2425.0,5000.0,900.0,False,15,211,14875.0
6625.0,1625.0,2537.5,2875.0,False,15,203,23550.0
2212.5,-2787.5,2212.5,1800.0,False,15,210,16200.0
3700.0,-1300.0,2575.0,1900.0,False,15,207,24450.0
4575.0,-425.0,475.0,2850.0,False,15,201,27200.0
2662.5,-2337.5,2137.5,1600.0,False,15,209,24200.0
5462.5,462.5,787.5,3150.0,False,15,206,31275.0
6325.0,1325.0,3537.5,2600.0,False,15,208,27675.0
5837.5,837.5,3512.5,1450.0,False,15,206,20100.0
2787.5,-2212.5,1150.0,3850.0,False,15,208,29725.0
3775.0,-1225.0,2225.0,1625.0,False,15,210,24075.0
-12.5,-5012.5,-12.5,2550.0,True,15,195,23250.0
5212.5,212.5,4950.0,2500.0,False,15,209,32050.0
2087.5,-2912.5,1387.5,2650.0,False,15,205,23675.0
7275.0,2275.0,4700.0,1500.0,False,15,207,21500.0
3825.0,-1175.0,2550.0,2550.0,False,15,207,14025.0
8487.5,3487.5,5000.0,750.0,False,15,210,13100.0
2462.5,-2537.5,650.0,1300.0,False,15,203,19725.0
7862.5,2862.5,3100.0,1025.0,False,15,207,15825.0
3050.0,-1950.0,2087.5,1500.0,False,15,206,17100.0
4112.5,-887.5,2587.5,1600.0,False,15,205,19250.0
4825.0,-175.0,4225.0,2100.0,False,15,208,18100.0
8300.0,3300.0,3812.5,2150.0,False,15,208,19775.0
1087.5,-3912.5,1012.5,1650.0,False,15,207,21250.0
2875.0,-2125.0,1750.0,1750.0,False,15,205,30375.0
2787.5,-2212.5,2787.5,1950.0,False,15,210,20100.0
-437.5,-5437.5,-437.5,2600.0,True,15,201,34200.0
1937.5,-3062.5,700.0,2500.0,False,15,210,23400.0
0.0,-5000.0,0.0,4500.0,True,6,82,13800.0
2200.0,-2800.0,1825.0,3400.0,False,15,208,13000.0
8562.5,3562.5,4662.5,1500.0,False,15,204,20675.0
3537.5,-1462.5,3300.0,2750.0,False,15,207,32525.0
2525.0,-2475.0,2525.0,2550.0,False,15,205,19500.0
5587.5,587.5,2450.0,2750.0,False,15,207,26700.0
7775.0,2775.0,3350.0,1650.0,False,15,203,25250.0
-187.5,-5187.5,-187.5,3200.0,True,8,104,13425.0
6700.0,1700.0,2412.5,1825.0,False,15,207,34025.0
5187.5,187.5,4700.0,1400.0,False,15,207,17975.0
3812.5,-1187.5,3612.5,1550.0,False,15,213,21975.0
9300.0,4300.0,4650.0,2400.0,False,15,207,30150.0
7725.0,2725.0,4475.0,1100.0,False,15,206,21425.0
3237.5,-1762.5,3037.5,1400.0,False,15,206,27625.0
6425.0,1425.0,3100.0,2700.0,False,15,207,22625.0
10162.5,5162.5,4350.0,1100.0,False,15,209,25575.0
1162.5,-3837.5,887.5,2150.0,False,15,205,18525.0
2787.5,-2212.5,2787.5,2150.0,False,15,204,35500.0
7487.5,2487.5,4600.0,1575.0,False,15,208,23550.0
3225.0,-1775.0,1325.0,2050.0,False,15,205,25075.0
7050.0,2050.0,3900.0,1425.0,False,15,207,24450.0
3112.5,-1887.5,962.5,2400.0,False,15,208,29425.0
8862.5,3862.5,3962.5,2150.0,False,15,206,31000.0
4887.5,-112.5,2525.0,1900.0,False,15,210,18800.0
-375.0,-5375.0,-375.0,3225.0,True,14,191,36250.0
3662.5,-1337.5,3587.5,825.0,False,15,208,13525.0
3025.0,-1975.0,2875.0,2150.0,False,15,208,27150.0
2362.5,-2637.5,1375.0,2450.0,False,15,209,24525.0
5550.0,550.0,3112.5,1000.0,False,15,209,24850.0
5787.5,787.5,3112.5,1550.0,False,15,204,19825.0
75.0,-4925.0,50.0,2175.0,False,15,207,20175.0
7050.0,2050.0,4537.5,1050.0,False,15,209,19150.0
5875.0,875.0,2800.0,1400.0,False,15,207,26800.0
6075.0,1075.0,3800.0,825.0,False,15,208,15850.0
512.5,-4487.5,512.5,2500.0,False,15,205,36625.0
10625.0,5625.0,4950.0,1100.0,False,15,206,22725.0
7737.5,2737.5,2100.0,1600.0,False,15,207,32950.0
6112.5,1112.5,3712.5,1250.0,False,15,200,23850.0
6225.0,1225.0,3625.0,3300.0,False,15,207,25800.0
3237.5,-1762.5,1375.0,1800.0,False,15,204,16300.0
3625.0,-1375.0,2937.5,2875.0,False,15,206,25725.0
3900.0,-1100.0,2400.0,1700.0,False,15,207,21225.0
5600.0,600.0,3562.5,1500.0,False,15,210,23400.0
7262.5,2262.5,4975.0,3000.0,False,15,206,29175.0
5462.5,462.5,2875.0,2200.0,False,15,206,23700.0
3700.0,-1300.0,2437.5,1400.0,False,15,204,19250.0
4600.0,-400.0,3900.0,1400.0,False,15,212,19475.0
4362.5,-637.5,3450.0,1800.0,False,15,206,21325.0
11500.0,6500.0,5000.0,1500.0,False,15,209,23100.0
5037.5,37.5,4687.5,1900.0,False,15,205,22400.0
9012.5,4012.5,4250.0,925.0,False,15,205,20525.0
8862.5,3862.5,4737.5,1500.0,False,15,206,21725.0
3337.5,-1662.5,3337.5,1325.0,False,15,206,17150.0
5637.5,637.5,3525.0,1600.0,False,15,204,23875.0
5562.5,562.5,3175.0,1850.0,False,15,204,34750.0
2775.0,-2225.0,2775.0,1650.0,False,15,205,24200.0
5612.5,612.5,2025.0,2325.0,False,15,206,27375.0
5662.5,662.5,4650.0,1900.0,False,15,207,20300.0
6587.5,1587.5,4525.0,1250.0,False,15,204,19025.0
3662.5,-1337.5,1350.0,2800.0,False,15,207,25675.0
6775.0,1775.0,4825.0,2100.0,False,15,203,19975.0
7662.5,2662.5,4950.0,1800.0,False,15,207,35900.0
2212.5,-2787.5,2025.0,2900.0,False,15,203,29525.0
8075.0,3075.0,4900.0,1850.0,False,15,208,24850.0
5437.5,437.5,4037.5,1100.0,False,15,207,17350.0
7825.0,2825.0,4475.0,3200.0,False,15,208,29600.0
9462.5,4462.5,4387.5,2300.0,False,15,204,23425.0
6250.0,1250.0,2350.0,2750.0,False,15,208,22425.0
5950.0,950.0,2637.5,2900.0,False,15,209,20175.0
8412.5,3412.5,4162.5,2000.0,False,15,206,30450.0
8400.0,3400.0,3612.5,1825.0,False,15,207,24175.0
4537.5,-462.5,3650.0,1300.0,False,15,209,24500.0
13162.5,8162.5,4950.0,1700.0,False,15,203,37700.0
3425.0,-1575.0,3300.0,1650.0,False,15,208,21900.0
6650.0,1650.0,4087.5,1000.0,False,15,209,21925.0
4562.5,-437.5,4025.0,1925.0,False,15,209,32875.0
7375.0,2375.0,4425.0,1375.0,False,15,207,20025.0
7875.0,2875.0,4450.0,2300.0,False,15,208,31700.0
5900.0,900.0,5000.0,2000.0,False,15,209,23100.0
5487.5,487.5,2425.0,1400.0,False,15,209,24750.0
8512.5,3512.5,4950.0,1100.0,False,15,209,18125.0
1400.0,-3600.0,287.5,2100.0,False,15,208,21450.0
6962.5,1962.5,1225.0,1500.0,False,15,202,29625.0
11800.0,6800.0,5000.0,1200.0,False,15,207,22450.0
4962.5,-37.5,4837.5,1800.0,False,15,210,12425.0
75.0,-4925.0,75.0,3250.0,False,15,205,35425.0
7537.5,2537.5,4725.0,2000.0,False,15,209,34125.0
3662.5,-1337.5,3662.5,2400.0,False,15,205,22750.0
7900.0,2900.0,4525.0,1400.0,False,15,202,19400.0
3325.0,-1675.0,2837.5,2600.0,False,15,206,23200.0
4825.0,-175.0,4187.5,1425.0,False,15,205,27400.0
5012.5,12.5,3612.5,900.0,False,15,206,13700.0
10650.0,5650.0,4475.0,2000.0,False,15,205,22275.0
9012.5,4012.5,5000.0,1400.0,False,15,203,26750.0
2137.5,-2862.5,2137.5,1550.0,False,15,205,14225.0
987.5,-4012.5,937.5,2225.0,False,15,205,27000.0
4862.5,-137.5,3587.5,1275.0,False,15,208,18850.0
-37.5,-5037.5,-37.5,2225.0,True,14,175,27875.0
5437.5,437.5,3250.0,1000.0,False,15,208,18025.0
12.5,-4987.5,12.5,2325.0,True,10,129,19775.0
1550.0,-3450.0,650.0,2150.0,False,15,206,29000.0
7387.5,2387.5,4750.0,1000.0,False,15,207,13925.0
4450.0,-550.0,3850.0,1600.0,False,15,208,22625.0
9850.0,4850.0,4075.0,1750.0,False,15,205,39950.0
4012.5,-987.5,2337.5,1500.0,False,15,205,20650.0
12.5,-4987.5,12.5,4000.0,True,11,152,19425.0
-62.5,-5062.5,-62.5,2800.0,True,7,96,16250.0
4762.5,-237.5,2700.0,1225.0,False,15,207,22425.0
5625.0,625.0,4625.0,1500.0,False,15,204,22450.0
4662.5,-337.5,2762.5,1500.0,False,15,210,15425.0
11462.5,6462.5,4087.5,1350.0,False,15,206,31425.0
7687.5,2687.5,4875.0,3000.0,False,15,206,34250.0
3462.5,-1537.5,3337.5,1450.0,False,15,208,25400.0
9237.5,4237.5,4950.0,400.0,False,15,207,14700.0
6100.0,1100.0,5000.0,1150.0,False,15,206,23100.0
10787.5,5787.5,4362.5,1125.0,False,15,203,25925.0
5025.0,25.0,2250.0,1900.0,False,15,206,24575.0
5975.0,975.0,3675.0,2500.0,False,15,208,27550.0
10325.0,5325.0,4275.0,1500.0,False,15,210,23900.0
8637.5,3637.5,4900.0,2925.0,False,15,205,35275.0
5875.0,875.0,4612.5,750.0,False,15,204,14425.0
3800.0,-1200.0,1575.0,2225.0,False,15,203,26375.0
4962.5,-37.5,3912.5,2100.0,False,15,205,21725.0
9487.5,4487.5,4950.0,1950.0,False,15,204,25475.0
1212.5,-3787.5,1212.5,2500.0,False,15,206,27075.0
1962.5,-3037.5,725.0,2125.0,False,15,204,16625.0
3950.0,-1050.0,3700.0,1800.0,False,15,206,18000.0
1675.0,-3325.0,1175.0,3500.0,False,15,200,36625.0
6112.5,1112.5,3762.5,1337.5,False,15,206,19125.0
3237.5,-1762.5,2612.5,2500.0,False,15,205,27600.0
7737.5,2737.5,4875.0,1150.0,False,15,205,20275.0
7100.0,2100.0,3775.0,1650.0,False,15,204,26450.0
5975.0,975.0,4275.0,1500.0,False,15,207,18575.0
5850.0,850.0,3350.0,2500.0,False,15,207,29100.0
2537.5,-2462.5,2362.5,2100.0,False,15,205,26025.0
4437.5,-562.5,1325.0,1950.0,False,15,207,33650.0
1462.5,-3537.5,1312.5,2050.0,False,15,210,23450.0
-475.0,-5475.0,-475.0,2900.0,True,12,159,24425.0
9125.0,4125.0,4025.0,1100.0,False,15,207,16325.0
7512.5,2512.5,3475.0,1900.0,False,15,211,19325.0
3925.0,-1075.0,3775.0,1300.0,False,15,208,14775.0
0.0,-5000.0,0.0,3000.0,True,13,179,21750.0
7062.5,2062.5,4300.0,1250.0,False,15,212,24775.0
6775.0,1775.0,4750.0,1750.0,False,15,210,27450.0
3937.5,-1062.5,3650.0,700.0,False,15,209,16400.0
6400.0,1400.0,4950.0,950.0,False,15,206,15675.0
7200.0,2200.0,4450.0,2050.0,False,15,204,23025.0
6350.0,1350.0,2762.5,2900.0,False,15,205,29675.0
-337.5,-5337.5,-337.5,3350.0,True,11,149,17175.0
6362.5,1362.5,4925.0,875.0,False,15,211,18425.0
-37.5,-5037.5,-37.5,2200.0,True,13,173,20400.0
3400.0,-1600.0,2162.5,2550.0,False,15,205,20050.0
6987.5,1987.5,4450.0,1000.0,False,15,208,18925.0
7012.5,2012.5,4950.0,1225.0,False,15,204,31075.0
4762.5,-237.5,1762.5,2800.0,False,15,203,25925.0
5750.0,750.0,3200.0,2000.0,False,15,207,30450.0
4237.5,-762.5,2875.0,2400.0,False,15,208,22575.0
5775.0,775.0,3350.0,1700.0,False,15,205,20575.0
3875.0,-1125.0,3575.0,700.0,False,15,205,15525.0
7762.5,2762.5,4975.0,1000.0,False,15,204,18825.0
9250.0,4250.0,1112.5,1750.0,False,15,208,38775.0
4025.0,-975.0,4000.0,2500.0,False,15,207,21050.0
4312.5,-687.5,3100.0,1375.0,False,15,204,14400.0
9500.0,4500.0,3575.0,1300.0,False,15,203,26750.0
4687.5,-312.5,2637.5,1675.0,False,15,205,13450.0
2600.0,-2400.0,1712.5,2000.0,False,15,203,20475.0
4487.5,-512.5,2437.5,2900.0,False,15,202,25775.0
3825.0,-1175.0,1800.0,3050.0,False,15,203,25325.0
3900.0,-1100.0,2737.5,1800.0,False,15,207,23550.0
9550.0,4550.0,4900.0,800.0,False,15,203,22300.0
6237.5,1237.5,3912.5,1000.0,False,15,207,18050.0
7775.0,2775.0,3587.5,2000.0,False,15,210,28225.0
2825.0,-2175.0,2825.0,2400.0,False,15,208,24950.0
5775.0,775.0,4025.0,1550.0,False,15,204,20050.0
-200.0,-5200.0,-200.0,4150.0,True,13,174,30650.0
5162.5,162.5,4262.5,1500.0,False,15,211,13850.0
6075.0,1075.0,1975.0,2500.0,False,15,208,24800.0
12.5,-4987.5,12.5,1850.0,True,10,138,17700.0
7687.5,2687.5,3937.5,2800.0,False,15,209,33675.0
5450.0,450.0,4925.0,2100.0,False,15,205,24650.0
5062.5,62.5,1250.0,2350.0,False,15,206,24225.0
6250.0,1250.0,2950.0,2100.0,False,15,208,19700.0
5812.5,812.5,4075.0,1375.0,False,15,209,19925.0
8975.0,3975.0,4825.0,2400.0,False,15,205,21950.0
5112.5,112.5,4412.5,1000.0,False,15,207,16600.0
10400.0,5400.0,4975.0,1250.0,False,15,206,20550.0
1425.0,-3575.0,637.5,1700.0,False,15,205,24450.0
8762.5,3762.5,4750.0,1700.0,False,15,209,26475.0
6050.0,1050.0,1100.0,3000.0,False,15,205,33525.0
1700.0,-3300.0,687.5,2450.0,False,15,208,31250.0
3712.5,-1287.5,3675.0,800.0,False,15,205,11225.0
8637.5,3637.5,4925.0,1600.0,False,15,208,30950.0
9125.0,4125.0,4975.0,1500.0,False,15,203,25825.0
8537.5,3537.5,2700.0,2150.0,False,15,206,32400.0
1850.0,-3150.0,250.0,3250.0,False,15,210,20175.0
8350.0,3350.0,4500.0,1500.0,False,15,203,21775.0
6112.5,1112.5,3462.5,2150.0,False,15,209,28025.0
3150.0,-1850.0,825.0,2300.0,False,15,204,30550.0
7762.5,2762.5,3512.5,2750.0,False,15,208,23725.0
5937.5,937.5,4600.0,2500.0,False,15,208,25050.0
-112.5,-5112.5,-112.5,2950.0,True,15,188,18425.0
5037.5,37.5,2725.0,1500.0,False,15,205,24300.0
5687.5,687.5,3287.5,1225.0,False,15,205,20000.0
1650.0,-3350.0,550.0,2850.0,False,15,206,22325.0
9612.5,4612.5,4900.0,500.0,False,15,207,19475.0
4500.0,-500.0,3625.0,1900.0,False,15,207,24450.0
4850.0,-150.0,3475.0,1900.0,False,15,208,30475.0
-350.0,-5350.0,-350.0,2900.0,True,3,34,8275.0
3450.0,-1550.0,2012.5,1650.0,False,15,207,19875.0
5887.5,887.5,2687.5,1200.0,False,15,206,20500.0
13537.5,8537.5,4975.0,2000.0,False,15,208,39125.0
3375.0,-1625.0,3000.0,1900.0,False,15,209,21425.0
4162.5,-837.5,2662.5,1400.0,False,15,205,23875.0
8100.0,3100.0,4012.5,1200.0,False,15,206,20650.0
1962.5,-3037.5,1962.5,3150.0,False,15,206,19150.0
4250.0,-750.0,3050.0,2550.0,False,15,210,25450.0
2937.5,-2062.5,1112.5,3025.0,False,15,208,21975.0
4450.0,-550.0,3675.0,1550.0,False,15,209,23600.0
5387.5,387.5,4825.0,1250.0,False,15,212,18650.0
6400.0,1400.0,4825.0,2300.0,False,15,204,18400.0
4912.5,-87.5,2612.5,1925.0,False,15,202,31425.0
11937.5,6937.5,4975.0,1500.0,False,15,210,26700.0
3062.5,-1937.5,3012.5,1600.0,False,15,205,20625.0
7737.5,2737.5,4950.0,1000.0,False,15,206,16225.0
1550.0,-3450.0,800.0,2200.0,False,15,202,33725.0
3175.0,-1825.0,3087.5,1800.0,False,15,207,22675.0
5325.0,325.0,2200.0,3350.0,False,15,205,26225.0
6062.5,1062.5,2175.0,1300.0,False,15,201,22825.0
8462.5,3462.5,4312.5,1600.0,False,15,203,26950.0
2650.0,-2350.0,1875.0,1700.0,False,15,208,20050.0
3500.0,-1500.0,3112.5,1000.0,False,15,208,13925.0
7462.5,2462.5,4275.0,1500.0,False,15,208,16900.0
4287.5,-712.5,2900.0,2500.0,False,15,207,28000.0
6625.0,1625.0,2575.0,3000.0,False,15,207,20800.0
9600.0,4600.0,4912.5,1975.0,False,15,204,22525.0
7550.0,2550.0,4225.0,850.0,False,15,208,16500.0
10375.0,5375.0,3675.0,1500.0,False,15,205,31425.0
5712.5,712.5,3612.5,1825.0,False,15,209,33325.0
5175.0,175.0,3375.0,1500.0,False,15,206,20550.0
1887.5,-3112.5,1487.5,2400.0,False,15,203,19925.0
6887.5,1887.5,4725.0,1100.0,False,15,204,17075.0
4887.5,-112.5,2700.0,3600.0,False,15,206,30225.0
6362.5,1362.5,3987.5,1350.0,False,15,203,22275.0
7262.5,2262.5,4150.0,1950.0,False,15,203,19075.0
6962.5,1962.5,4562.5,675.0,False,15,206,12300.0
3450.0,-1550.0,3450.0,1150.0,False,15,207,14075.0
5987.5,987.5,1862.5,2400.0,False,15,202,24900.0
2862.5,-2137.5,2862.5,3300.0,False,15,212,22975.0
4587.5,-412.5,2500.0,2950.0,False,15,205,22175.0
6037.5,1037.5,3087.5,1975.0,False,15,210,24250.0
5262.5,262.5,3075.0,1750.0,False,15,202,31375.0
-175.0,-5175.0,-175.0,2450.0,True,15,193,22225.0
1350.0,-3650.0,850.0,3400.0,False,15,209,25625.0
2575.0,-2425.0,1687.5,2975.0,False,15,204,22650.0
6237.5,1237.5,3737.5,1950.0,False,15,204,27550.0
2037.5,-2962.5,1937.5,2125.0,False,15,210,19450.0
3300.0,-1700.0,1175.0,2025.0,False,15,206,26800.0
7775.0,2775.0,4900.0,1150.0,False,15,206,17775.0
4412.5,-587.5,3175.0,1650.0,False,15,209,20750.0
2662.5,-2337.5,1162.5,2125.0,False,15,209,23900.0
-575.0,-5575.0,-575.0,2200.0,True,14,193,25975.0
5662.5,662.5,3437.5,1350.0,False,15,211,17325.0
4062.5,-937.5,3562.5,3700.0,False,15,205,21700.0
5875.0,875.0,4300.0,1100.0,False,15,211,17975.0
5712.5,712.5,4425.0,1400.0,False,15,202,21975.0
575.0,-4425.0,125.0,2100.0,False,15,207,25175.0
1750.0,-3250.0,1075.0,1900.0,False,15,205,23275.0
5375.0,375.0,4387.5,1650.0,False,15,209,18800.0
-87.5,-5087.5,-87.5,2900.0,True,14,190,31375.0
6012.5,1012.5,4150.0,700.0,False,15,206,15450.0
3912.5,-1087.5,3912.5,900.0,False,15,206,16525.0
5187.5,187.5,4550.0,1975.0,False,15,208,22150.0
2712.5,-2287.5,1037.5,2250.0,False,15,207,20675.0
8087.5,3087.5,4875.0,1200.0,False,15,203,21325.0
1387.5,-3612.5,887.5,2875.0,False,15,203,31000.0
10275.0,5275.0,4662.5,900.0,False,15,207,23325.0
4762.5,-237.5,3812.5,1100.0,False,15,203,16500.0
8425.0,3425.0,4875.0,1300.0,False,15,203,24000.0
9550.0,4550.0,4437.5,1450.0,False,15,207,23225.0
5225.0,225.0,4725.0,850.0,False,15,204,14800.0
475.0,-4525.0,62.5,2250.0,False,15,205,28700.0
7387.5,2387.5,5000.0,1300.0,False,15,211,17375.0
7312.5,2312.5,4500.0,1250.0,False,15,204,24050.0
6725.0,1725.0,4950.0,1300.0,False,15,202,16175.0
6112.5,1112.5,4087.5,1600.0,False,15,207,24475.0
5775.0,775.0,4875.0,2300.0,False,15,202,31575.0
7812.5,2812.5,4775.0,950.0,False,15,211,21175.0
7987.5,2987.5,3600.0,1500.0,False,15,204,30825.0
6350.0,1350.0,4287.5,1125.0,False,15,207,15375.0
7250.0,2250.0,3275.0,1700.0,False,15,209,17850.0
5637.5,637.5,2350.0,2300.0,False,15,205,22075.0
4037.5,-962.5,2900.0,1175.0,False,15,207,15675.0
8162.5,3162.5,4400.0,600.0,False,15,206,18825.0
7250.0,2250.0,4312.5,775.0,False,15,209,16800.0
5337.5,337.5,3462.5,2500.0,False,15,206,30550.0
11587.5,6587.5,4300.0,1600.0,False,15,211,22675.0
4025.0,-975.0,1837.5,3250.0,False,15,209,20325.0
8350.0,3350.0,4525.0,800.0,False,15,208,16350.0
5725.0,725.0,3100.0,2200.0,False,15,204,18050.0
8687.5,3687.5,4900.0,1800.0,False,15,205,19550.0
-100.0,-5100.0,-100.0,2600.0,True,7,84,12700.0
3700.0,-1300.0,1950.0,2250.0,False,15,209,20050.0
7725.0,2725.0,3612.5,2700.0,False,15,204,27100.0
4287.5,-712.5,3062.5,1500.0,False,15,205,23425.0
3987.5,-1012.5,2725.0,1850.0,False,15,210,22125.0
5325.0,325.0,4350.0,1425.0,False,15,211,19825.0
8112.5,3112.5,4750.0,1100.0,False,15,204,25625.0
4762.5,-237.5,4412.5,1700.0,False,15,205,20650.0
-125.0,-5125.0,-125.0,1925.0,True,15,192,22250.0
5375.0,375.0,4400.0,1000.0,False,15,209,15500.0
7712.5,2712.5,4925.0,1950.0,False,15,209,20250.0
5575.0,575.0,3687.5,2600.0,False,15,206,25350.0
5700.0,700.0,3275.0,2500.0,False,15,210,34875.0
5075.0,75.0,3925.0,2000.0,False,15,207,16750.0
5712.5,712.5,1525.0,2125.0,False,15,204,32750.0
675.0,-4325.0,150.0,2850.0,False,15,208,24425.0
5275.0,275.0,3200.0,1800.0,False,15,207,22350.0
6950.0,1950.0,3200.0,2100.0,False,15,207,39375.0
4075.0,-925.0,3100.0,2300.0,False,15,206,24650.0
4637.5,-362.5,1962.5,2675.0,False,15,208,25950.0
-487.5,-5487.5,-487.5,1850.0,True,12,168,26750.0
3275.0,-1725.0,2862.5,1900.0,False,15,210,24450.0
8550.0,3550.0,4975.0,1850.0,False,15,203,21600.0
7850.0,2850.0,4537.5,1350.0,False,15,200,21250.0
11212.5,6212.5,3337.5,1250.0,False,15,206,31525.0
9500.0,4500.0,5000.0,700.0,False,15,205,20025.0
6550.0,1550.0,4087.5,2100.0,False,15,211,21125.0
3012.5,-1987.5,2925.0,500.0,False,15,208,9925.0
3512.5,-1487.5,2975.0,2625.0,False,15,205,33825.0
10012.5,5012.5,4537.5,1600.0,False,15,207,27125.0
9875.0,4875.0,4900.0,500.0,False,15,206,17550.0
10862.5,5862.5,212.5,2800.0,False,15,205,36875.0
6725.0,1725.0,4975.0,1625.0,False,15,205,22575.0
3937.5,-1062.5,825.0,3700.0,False,15,210,30100.0
6100.0,1100.0,4687.5,1225.0,False,15,209,20000.0
6225.0,1225.0,4600.0,1200.0,False,15,203,20500.0
6312.5,1312.5,4800.0,1050.0,False,15,211,15050.0
5275.0,275.0,4237.5,1300.0,False,15,206,20275.0
10250.0,5250.0,3700.0,2250.0,False,15,200,36825.0
2862.5,-2137.5,300.0,4725.0,False,15,208,28000.0
1925.0,-3075.0,1925.0,1750.0,False,15,202,23850.0
3712.5,-1287.5,1237.5,2425.0,False,15,207,28225.0
3575.0,-1425.0,3437.5,1200.0,False,15,211,10825.0
6212.5,1212.5,3962.5,2000.0,False,15,207,19875.0
5562.5,562.5,3475.0,2925.0,False,15,210,26750.0
6300.0,1300.0,4337.5,1175.0,False,15,205,21375.0
7325.0,2325.0,1300.0,2400.0,False,15,204,30350.0
9000.0,4000.0,4512.5,2075.0,False,15,209,28975.0
2712.5,-2287.5,2300.0,2050.0,False,15,200,30575.0
10225.0,5225.0,3700.0,1500.0,False,15,208,39825.0
3650.0,-1350.0,2250.0,1500.0,False,15,207,18500.0
7587.5,2587.5,4762.5,600.0,False,15,208,21600.0
3962.5,-1037.5,1850.0,3400.0,False,15,205,18550.0
5687.5,687.5,4500.0,700.0,False,15,205,18125.0
4312.5,-687.5,3087.5,1500.0,False,15,210,29150.0
8762.5,3762.5,4775.0,1100.0,False,15,203,22400.0
7775.0,2775.0,3887.5,1300.0,False,15,207,23900.0
4362.5,-637.5,4012.5,1850.0,False,15,206,20400.0
6900.0,1900.0,4350.0,2800.0,False,15,207,25725.0
4950.0,-50.0,3250.0,1200.0,False,15,207,15725.0
-125.0,-5125.0,-125.0,2375.0,True,11,146,17175.0
-62.5,-5062.5,-62.5,1900.0,True,9,120,16475.0
7812.5,2812.5,4950.0,1300.0,False,15,205,21375.0
6950.0,1950.0,4950.0,1350.0,False,15,207,16550.0
6850.0,1850.0,4050.0,1800.0,False,15,208,22975.0
7275.0,2275.0,1400.0,1350.0,False,15,206,21800.0
6812.5,1812.5,4350.0,1700.0,False,15,205,28575.0
5500.0,500.0,4362.5,2000.0,False,15,209,17400.0
3300.0,-1700.0,1612.5,2225.0,False,15,203,22900.0
7737.5,2737.5,4387.5,800.0,False,15,206,15500.0
6000.0,1000.0,4062.5,1600.0,False,15,208,18075.0
3812.5,-1187.5,2475.0,1400.0,False,15,209,22200.0
10175.0,5175.0,4675.0,1400.0,False,15,205,30325.0
6650.0,1650.0,3612.5,2500.0,False,15,209,26275.0
5150.0,150.0,3412.5,2025.0,False,15,202,22925.0
8225.0,3225.0,4262.5,1925.0,False,15,207,21300.0
2187.5,-2812.5,987.5,1875.0,False,15,204,20200.0
6925.0,1925.0,3975.0,1775.0,False,15,199,24150.0
4087.5,-912.5,2612.5,1400.0,False,15,211,14900.0
2787.5,-2212.5,2437.5,2600.0,False,15,210,30225.0
5575.0,575.0,4900.0,1900.0,False,15,205,36000.0
4437.5,-562.5,4400.0,800.0,False,15,212,10900.0
2087.5,-2912.5,1175.0,1800.0,False,15,207,18575.0
7675.0,2675.0,4225.0,1650.0,False,15,208,25300.0
8000.0,3000.0,4200.0,1000.0,False,15,208,19300.0
4287.5,-712.5,3550.0,1950.0,False,15,205,29375.0
6762.5,1762.5,4075.0,1550.0,False,15,201,27575.0
5825.0,825.0,4675.0,1200.0,False,15,207,20850.0
3325.0,-1675.0,2825.0,1700.0,False,15,207,21225.0
9287.5,4287.5,3887.5,950.0,False,15,208,22600.0
4612.5,-387.5,2787.5,3700.0,False,15,209,30000.0
6137.5,1137.5,3975.0,1800.0,False,15,202,28725.0
6887.5,1887.5,4562.5,1400.0,False,15,207,22875.0
1475.0,-3525.0,1400.0,2500.0,False,15,209,30000.0
4937.5,-62.5,4462.5,975.0,False,15,209,20675.0
7100.0,2100.0,4500.0,2000.0,False,15,208,26625.0
6587.5,1587.5,4287.5,1500.0,False,15,208,17525.0
1725.0,-3275.0,537.5,2600.0,False,15,208,24000.0
4050.0,-950.0,3962.5,1875.0,False,15,208,15050.0
4475.0,-525.0,3275.0,900.0,False,15,209,11400.0
6125.0,1125.0,3587.5,1800.0,False,15,208,21525.0
4162.5,-837.5,1675.0,1800.0,False,15,204,21250.0
2812.5,-2187.5,2312.5,2375.0,False,15,209,17125.0
6625.0,1625.0,1750.0,2850.0,False,15,203,28650.0
7937.5,2937.5,5000.0,2800.0,False,15,210,32950.0
6312.5,1312.5,4437.5,1350.0,False,15,207,18050.0
7412.5,2412.5,1225.0,4000.0,False,15,207,45075.0
3562.5,-1437.5,3237.5,1425.0,False,15,212,12575.0
-200.0,-5200.0,-200.0,2900.0,True,14,182,18650.0
4987.5,-12.5,2087.5,2000.0,False,15,202,25125.0
7012.5,2012.5,4200.0,1500.0,False,15,208,22900.0
5287.5,287.5,2475.0,1975.0,False,15,203,27725.0
2337.5,-2662.5,2337.5,1625.0,False,15,206,32425.0
8125.0,3125.0,3500.0,1325.0,False,15,202,25425.0
7862.5,2862.5,4125.0,1000.0,False,15,203,28625.0
7437.5,2437.5,4237.5,800.0,False,15,203,15000.0
7775.0,2775.0,4975.0,500.0,False,15,208,13175.0
2862.5,-2137.5,2862.5,1525.0,False,15,207,22775.0
5550.0,550.0,3050.0,2350.0,False,15,205,26050.0
4550.0,-450.0,2962.5,1450.0,False,15,206,18475.0
9587.5,4587.5,4650.0,1350.0,False,15,207,20425.0
6237.5,1237.5,2437.5,2000.0,False,15,209,27150.0
6312.5,1312.5,4925.0,1750.0,False,15,207,27650.0
8362.5,3362.5,4675.0,1500.0,False,15,207,35850.0
5500.0,500.0,4175.0,1350.0,False,15,208,25300.0
5212.5,212.5,3987.5,2100.0,False,15,207,20750.0
4150.0,-850.0,2862.5,2100.0,False,15,213,22275.0
5737.5,737.5,4412.5,3000.0,False,15,206,25375.0
5137.5,137.5,4187.5,1600.0,False,15,207,27275.0
11200.0,6200.0,4975.0,850.0,False,15,206,26725.0
4262.5,-737.5,3000.0,2000.0,False,15,206,18700.0
6437.5,1437.5,3575.0,2325.0,False,15,204,30375.0
3962.5,-1037.5,3175.0,1500.0,False,15,206,19850.0
9500.0,4500.0,4412.5,1900.0,False,15,209,26350.0
6075.0,1075.0,4975.0,625.0,False,15,208,12600.0
12575.0,7575.0,5000.0,900.0,False,15,207,18775.0
8600.0,3600.0,3875.0,500.0,False,15,204,15325.0
6762.5,1762.5,2837.5,2000.0,False,15,207,28125.0
6787.5,1787.5,4875.0,900.0,False,15,204,27200.0
5200.0,200.0,3212.5,2000.0,False,15,206,27025.0
6087.5,1087.5,3487.5,2250.0,False,15,202,31550.0
4875.0,-125.0,3425.0,1950.0,False,15,210,29325.0
2612.5,-2387.5,2512.5,1800.0,False,15,208,21700.0
3237.5,-1762.5,1200.0,3100.0,False,15,206,26050.0
1587.5,-3412.5,1587.5,2600.0,False,15,203,27075.0
3887.5,-1112.5,2425.0,2000.0,False,15,210,27925.0
8175.0,3175.0,4362.5,1000.0,False,15,204,21050.0
3912.5,-1087.5,3600.0,2700.0,False,15,204,24050.0
6437.5,1437.5,4225.0,1600.0,False,15,207,27225.0
5737.5,737.5,3437.5,2950.0,False,15,204,37225.0
8500.0,3500.0,4825.0,900.0,False,15,208,18725.0
8787.5,3787.5,4750.0,1500.0,False,15,208,23600.0
6825.0,1825.0,5000.0,3250.0,False,15,206,23375.0
4087.5,-912.5,3075.0,1875.0,False,15,208,26275.0
3612.5,-1387.5,3212.5,1050.0,False,15,207,20675.0
4862.5,-137.5,4400.0,1550.0,False,15,210,25150.0
2925.0,-2075.0,700.0,2900.0,False,15,207,22950.0
9937.5,4937.5,3425.0,1100.0,False,15,206,23575.0
6775.0,1775.0,4837.5,1750.0,False,15,206,21075.0
7125.0,2125.0,4275.0,500.0,False,15,209,15400.0
6000.0,1000.0,4287.5,1300.0,False,15,207,19425.0
5787.5,787.5,3700.0,1300.0,False,15,201,16975.0
6137.5,1137.5,4562.5,1000.0,False,15,210,15575.0
8462.5,3462.5,4950.0,1100.0,False,15,206,18500.0
8987.5,3987.5,4937.5,1600.0,False,15,206,27025.0
6625.0,1625.0,4025.0,1825.0,False,15,204,27825.0
3987.5,-1012.5,3662.5,1200.0,False,15,208,16675.0
4137.5,-862.5,2637.5,1950.0,False,15,205,20200.0
1650.0,-3350.0,1650.0,2400.0,False,15,209,22725.0
4712.5,-287.5,1400.0,1525.0,False,15,203,27725.0
8512.5,3512.5,4700.0,1775.0,False,15,204,29400.0
6825.0,1825.0,4312.5,1250.0,False,15,208,17625.0
1962.5,-3037.5,1687.5,2000.0,False,15,209,22750.0
10612.5,5612.5,4737.5,2850.0,False,15,205,26025.0
8600.0,3600.0,4950.0,1300.0,False,15,205,27075.0
6075.0,1075.0,4375.0,1000.0,False,15,208,19975.0
5937.5,937.5,3000.0,1825.0,False,15,209,23350.0
5000.0,0.0,4300.0,3025.0,False,15,206,27425.0
3025.0,-1975.0,2425.0,1500.0,False,15,204,19575.0
3450.0,-1550.0,2450.0,1800.0,False,15,208,26800.0
7362.5,2362.5,4700.0,2600.0,False,15,207,25800.0
6500.0,1500.0,4150.0,1100.0,False,15,206,20750.0
1362.5,-3637.5,587.5,1750.0,False,15,207,22525.0
10037.5,5037.5,4637.5,1500.0,False,15,205,25900.0
5975.0,975.0,1350.0,2300.0,False,15,207,27300.0
2412.5,-2587.5,2362.5,2250.0,False,15,208,16950.0
-437.5,-5437.5,-437.5,3200.0,True,6,82,15475.0
9462.5,4462.5,4337.5,750.0,False,15,204,21725.0
5487.5,487.5,4400.0,2400.0,False,15,206,21500.0
10100.0,5100.0,3737.5,1200.0,False,15,205,30175.0
5275.0,275.0,3400.0,2900.0,False,15,212,36175.0
1487.5,-3512.5,1487.5,4500.0,False,15,208,38475.0
7262.5,2262.5,4000.0,2050.0,False,15,208,27625.0
5312.5,312.5,2212.5,2900.0,False,15,204,35100.0
5637.5,637.5,1000.0,3250.0,False,15,203,29025.0
6925.0,1925.0,4675.0,1200.0,False,15,209,21925.0
2887.5,-2112.5,2462.5,3250.0,False,15,210,34625.0
4100.0,-900.0,2137.5,2525.0,False,15,207,25400.0
10300.0,5300.0,4575.0,2750.0,False,15,206,28125.0
7500.0,2500.0,4825.0,1650.0,False,15,206,20550.0
3362.5,-1637.5,2775.0,3000.0,False,15,207,21300.0
3112.5,-1887.5,2625.0,2000.0,False,15,207,18125.0
9262.5,4262.5,4825.0,900.0,False,15,211,25275.0
7012.5,2012.5,3525.0,1500.0,False,15,208,22700.0
5875.0,875.0,3950.0,875.0,False,15,208,15400.0
9675.0,4675.0,4475.0,1600.0,False,15,205,24850.0
12325.0,7325.0,3437.5,1700.0,False,15,207,25450.0
3137.5,-1862.5,2612.5,2200.0,False,15,204,17825.0
6925.0,1925.0,3350.0,1650.0,False,15,203,18500.0
4837.5,-162.5,4475.0,850.0,False,15,206,13075.0
-37.5,-5037.5,-37.5,2425.0,True,8,112,14225.0
9450.0,4450.0,5000.0,650.0,False,15,208,17950.0
5800.0,800.0,4437.5,2050.0,False,15,206,19825.0
-62.5,-5062.5,-62.5,2800.0,True,8,105,14150.0
13050.0,8050.0,4775.0,1000.0,False,15,205,36550.0
4175.0,-825.0,2812.5,2000.0,False,15,203,28250.0
5875.0,875.0,4500.0,550.0,False,15,213,14350.0
4025.0,-975.0,2212.5,2000.0,False,15,211,18650.0
4025.0,-975.0,3450.0,2100.0,False,15,210,30100.0
3600.0,-1400.0,2100.0,1600.0,False,15,202,19400.0
4675.0,-325.0,2112.5,3500.0,False,15,202,20800.0
2987.5,-2012.5,2987.5,1850.0,False,15,206,24625.0
1362.5,-3637.5,1150.0,2550.0,False,15,211,22725.0
1787.5,-3212.5,862.5,2250.0,False,15,206,29250.0
-287.5,-5287.5,-287.5,5025.0,True,11,149,25900.0
4075.0,-925.0,2600.0,2975.0,False,15,206,24275.0
4162.5,-837.5,3562.5,1750.0,False,15,209,23575.0
6187.5,1187.5,87.5,2700.0,False,15,206,42000.0
10800.0,5800.0,3225.0,1250.0,False,15,203,35000.0
7437.5,2437.5,4500.0,1950.0,False,15,207,19575.0
6025.0,1025.0,2037.5,1950.0,False,15,202,30250.0
3587.5,-1412.5,2925.0,2750.0,False,15,210,30475.0
6775.0,1775.0,4412.5,1500.0,False,15,206,29975.0
6675.0,1675.0,4800.0,1625.0,False,15,202,24800.0
3875.0,-1125.0,3400.0,2500.0,False,15,212,18700.0
5750.0,750.0,3600.0,1350.0,False,15,210,20900.0
3625.0,-1375.0,3625.0,700.0,False,15,209,14150.0
2375.0,-2625.0,1700.0,1925.0,False,15,204,24625.0
4037.5,-962.5,3800.0,2100.0,False,15,211,28425.0
5662.5,662.5,3187.5,1500.0,False,15,209,19925.0
5800.0,800.0,3375.0,1750.0,False,15,209,26075.0
4312.5,-687.5,3350.0,1250.0,False,15,201,16150.0
6000.0,1000.0,4737.5,1075.0,False,15,209,14925.0
3562.5,-1437.5,3437.5,1800.0,False,15,209,15275.0
2187.5,-2812.5,2037.5,1862.5,False,15,207,18425.0
12725.0,7725.0,4750.0,1000.0,False,15,204,27400.0
7850.0,2850.0,3250.0,2050.0,False,15,196,35225.0
5412.5,412.5,1800.0,2000.0,False,15,200,37000.0
3225.0,-1775.0,3000.0,1450.0,False,15,212,16575.0
2362.5,-2637.5,1787.5,1900.0,False,15,209,19850.0
5750.0,750.0,4675.0,700.0,False,15,201,12625.0
5175.0,175.0,3187.5,2525.0,False,15,206,25425.0
-312.5,-5312.5,-312.5,3850.0,True,15,204,24475.0
5962.5,962.5,4462.5,2400.0,False,15,210,24525.0
2250.0,-2750.0,2225.0,2000.0,False,15,205,22500.0
4650.0,-350.0,3362.5,2375.0,False,15,204,22650.0
3375.0,-1625.0,3375.0,1950.0,False,15,202,16825.0
-262.5,-5262.5,-262.5,3150.0,True,15,194,29350.0
4262.5,-737.5,3150.0,1200.0,False,15,210,15775.0
4550.0,-450.0,1562.5,2300.0,False,15,209,25875.0
4212.5,-787.5,2287.5,1850.0,False,15,204,22925.0
1462.5,-3537.5,462.5,2700.0,False,15,205,17850.0
-262.5,-5262.5,-262.5,2400.0,True,14,194,23650.0
8200.0,3200.0,3087.5,2250.0,False,15,203,30450.0
3925.0,-1075.0,2637.5,1325.0,False,15,208,28100.0
400.0,-4600.0,400.0,2125.0,False,15,209,20975.0
6850.0,1850.0,3425.0,1325.0,False,15,207,18725.0
7300.0,2300.0,5000.0,1650.0,False,15,208,19975.0
2312.5,-2687.5,1362.5,2125.0,False,15,206,20575.0
10850.0,5850.0,4425.0,850.0,False,15,201,19375.0
5175.0,175.0,3937.5,1150.0,False,15,205,16875.0
5312.5,312.5,2325.0,3150.0,False,15,207,23600.0
4125.0,-875.0,2712.5,2000.0,False,15,208,20675.0
4825.0,-175.0,2037.5,2750.0,False,15,203,21625.0
10187.5,5187.5,4775.0,2575.0,False,15,207,29475.0
6950.0,1950.0,4725.0,1750.0,False,15,208,24150.0
4800.0,-200.0,4075.0,1600.0,False,15,205,23525.0
4837.5,-162.5,3875.0,1250.0,False,15,203,33050.0
5087.5,87.5,3887.5,925.0,False,15,206,11950.0
2712.5,-2287.5,2687.5,1600.0,False,15,204,27950.0
4537.5,-462.5,1100.0,2600.0,False,15,209,28775.0
5375.0,375.0,4462.5,2000.0,False,15,208,19650.0
-50.0,-5050.0,-50.0,2600.0,True,6,77,10125.0
4087.5,-912.5,3875.0,2100.0,False,15,205,20500.0
2637.5,-2362.5,2275.0,2000.0,False,15,200,15050.0
3575.0,-1425.0,3500.0,1100.0,False,15,211,9900.0
6550.0,1550.0,4925.0,875.0,False,15,204,17375.0
3350.0,-1650.0,2425.0,2350.0,False,15,206,26250.0
5750.0,750.0,4575.0,1025.0,False,15,209,14475.0
6537.5,1537.5,2412.5,1500.0,False,15,211,28275.0
7262.5,2262.5,4950.0,1200.0,False,15,206,15275.0
2612.5,-2387.5,1250.0,1100.0,False,15,209,14100.0
4150.0,-850.0,4100.0,2350.0,False,15,208,24775.0
5937.5,937.5,4287.5,1600.0,False,15,209,20550.0
6975.0,1975.0,3600.0,2500.0,False,15,208,34750.0
9050.0,4050.0,4937.5,1075.0,False,15,206,24250.0
7262.5,2262.5,4275.0,1400.0,False,15,208,23825.0
9375.0,4375.0,4975.0,750.0,False,15,208,18750.0
2525.0,-2475.0,2300.0,2500.0,False,15,203,20925.0
8425.0,3425.0,3875.0,1300.0,False,15,207,23825.0
4112.5,-887.5,3012.5,2125.0,False,15,203,23900.0
5025.0,25.0,3200.0,1675.0,False,15,206,20275.0
5862.5,862.5,3362.5,2200.0,False,15,206,19725.0
4875.0,-125.0,2350.0,2400.0,False,15,207,21675.0
6787.5,1787.5,4975.0,1200.0,False,15,203,16175.0
5937.5,937.5,3925.0,1750.0,False,15,207,27475.0
712.5,-4287.5,487.5,2200.0,False,15,207,15100.0
6962.5,1962.5,4050.0,2100.0,False,15,204,23300.0
3287.5,-1712.5,1712.5,2900.0,False,15,204,25725.0
3012.5,-1987.5,3012.5,1100.0,False,15,209,20025.0
2750.0,-2250.0,662.5,1750.0,False,15,211,27750.0
4062.5,-937.5,2462.5,1825.0,False,15,205,19025.0
2437.5,-2562.5,1887.5,2950.0,False,15,208,21700.0
6825.0,1825.0,4975.0,2650.0,False,15,207,24775.0
3512.5,-1487.5,3212.5,1200.0,False,15,208,18400.0
1300.0,-3700.0,775.0,1750.0,False,15,202,24300.0
6150.0,1150.0,4475.0,900.0,False,15,204,14375.0
6012.5,1012.5,4325.0,1500.0,False,15,204,23900.0
8050.0,3050.0,3362.5,2850.0,False,15,204,35400.0
11987.5,6987.5,5000.0,1900.0,False,15,206,24800.0
7712.5,2712.5,4950.0,1125.0,False,15,208,17550.0
-25.0,-5025.0,-25.0,1500.0,True,13,174,17350.0
7587.5,2587.5,4662.5,900.0,False,15,208,18100.0
2275.0,-2725.0,2050.0,2500.0,False,15,206,19025.0
1712.5,-3287.5,1712.5,1600.0,False,15,208,14225.0
-412.5,-5412.5,-412.5,4000.0,True,6,81,12850.0
6212.5,1212.5,1987.5,2900.0,False,15,205,31675.0
8050.0,3050.0,4525.0,1250.0,False,15,202,16750.0
6075.0,1075.0,4350.0,1200.0,False,15,209,17450.0
3425.0,-1575.0,3275.0,1100.0,False,15,209,15375.0
7962.5,2962.5,4625.0,1550.0,False,15,202,29350.0
7450.0,2450.0,4650.0,1250.0,False,15,211,21650.0
3887.5,-1112.5,3887.5,1675.0,False,15,206,21400.0
5400.0,400.0,1812.5,2250.0,False,15,209,35550.0
-200.0,-5200.0,-200.0,2650.0,True,15,206,34700.0
5387.5,387.5,4950.0,2125.0,False,15,205,16975.0
3300.0,-1700.0,3300.0,2200.0,False,15,204,21950.0
2912.5,-2087.5,2912.5,2600.0,False,15,205,21125.0
4087.5,-912.5,3362.5,2150.0,False,15,203,22200.0
7487.5,2487.5,2325.0,1500.0,False,15,211,28475.0
3712.5,-1287.5,3237.5,1800.0,False,15,208,19050.0
1850.0,-3150.0,950.0,2250.0,False,15,207,38750.0
4312.5,-687.5,1575.0,2175.0,False,15,207,32825.0
8537.5,3537.5,3875.0,1200.0,False,15,208,21450.0
8562.5,3562.5,4900.0,1575.0,False,15,209,26100.0
4500.0,-500.0,4300.0,2025.0,False,15,204,21575.0
7762.5,2762.5,4550.0,1000.0,False,15,204,23825.0
4225.0,-775.0,975.0,2900.0,False,15,207,34425.0
-325.0,-5325.0,-325.0,3200.0,True,8,108,24650.0
10625.0,5625.0,4975.0,2550.0,False,15,209,24425.0
6400.0,1400.0,3287.5,1600.0,False,15,205,28850.0
3287.5,-1712.5,2687.5,1800.0,False,15,208,25425.0
2800.0,-2200.0,1075.0,2400.0,False,15,205,27200.0
5687.5,687.5,3487.5,1400.0,False,15,206,23725.0
3675.0,-1325.0,1700.0,2250.0,False,15,205,32075.0
9762.5,4762.5,4762.5,1000.0,False,15,206,23775.0
5437.5,437.5,2512.5,2000.0,False,15,201,28650.0
7287.5,2287.5,3987.5,1400.0,False,15,203,15625.0
7237.5,2237.5,4175.0,2150.0,False,15,208,29275.0
762.5,-4237.5,262.5,2750.0,False,15,206,22600.0
10237.5,5237.5,4950.0,1750.0,False,15,208,29925.0
6950.0,1950.0,1925.0,3050.0,False,15,208,29125.0
4612.5,-387.5,4162.5,1375.0,False,15,209,14425.0
5062.5,62.5,2600.0,2300.0,False,15,208,26000.0
6912.5,1912.5,3575.0,1525.0,False,15,209,13900.0
7700.0,2700.0,3125.0,1425.0,False,15,202,17800.0
3350.0,-1650.0,2825.0,1525.0,False,15,206,29850.0
7325.0,2325.0,3025.0,2250.0,False,15,202,21100.0
11112.5,6112.5,4737.5,1100.0,False,15,207,22700.0
3500.0,-1500.0,875.0,2700.0,False,15,210,22250.0
8275.0,3275.0,4925.0,900.0,False,15,206,18550.0
7200.0,2200.0,3550.0,1750.0,False,15,208,26950.0
-337.5,-5337.5,-337.5,2950.0,True,13,181,21425.0
4812.5,-187.5,3362.5,1750.0,False,15,210,25725.0
4150.0,-850.0,2500.0,1975.0,False,15,204,16350.0
5025.0,25.0,1462.5,2550.0,False,15,201,25325.0
5437.5,437.5,2325.0,2500.0,False,15,203,25050.0
7562.5,2562.5,2400.0,1950.0,False,15,211,28375.0
4012.5,-987.5,3412.5,2200.0,False,15,205,23525.0
5875.0,875.0,3962.5,1250.0,False,15,207,17350.0
2937.5,-2062.5,2125.0,3500.0,False,15,204,28475.0
6700.0,1700.0,1675.0,2550.0,False,15,207,21000.0
4900.0,-100.0,3225.0,2525.0,False,15,205,18575.0
2225.0,-2775.0,1950.0,2250.0,False,15,205,20475.0
7525.0,2525.0,4937.5,1100.0,False,15,206,26275.0
4837.5,-162.5,4200.0,2500.0,False,15,207,24725.0
2000.0,-3000.0,1800.0,1975.0,False,15,204,17750.0
11862.5,6862.5,4275.0,1300.0,False,15,205,29825.0
4812.5,-187.5,3937.5,1400.0,False,15,211,21550.0
3600.0,-1400.0,2300.0,2600.0,False,15,209,23150.0
-462.5,-5462.5,-462.5,3850.0,True,13,174,30425.0
6900.0,1900.0,3100.0,1550.0,False,15,206,22250.0
1650.0,-3350.0,1050.0,3000.0,False,15,210,19125.0
14637.5,9637.5,4975.0,500.0,False,15,208,23450.0
6450.0,1450.0,3975.0,1750.0,False,15,208,22725.0
9937.5,4937.5,4087.5,1500.0,False,15,206,27875.0
2487.5,-2512.5,2137.5,3150.0,False,15,205,29000.0
962.5,-4037.5,87.5,2575.0,False,15,204,27125.0
4587.5,-412.5,3825.0,1450.0,False,15,206,21575.0
5475.0,475.0,2187.5,2400.0,False,15,207,26025.0
4162.5,-837.5,2287.5,1100.0,False,15,206,15025.0
4975.0,-25.0,3900.0,1075.0,False,15,205,15600.0
4612.5,-387.5,3137.5,2750.0,False,15,203,26075.0
7775.0,2775.0,5000.0,900.0,False,15,208,18025.0
10000.0,5000.0,4825.0,1000.0,False,15,212,24475.0
10287.5,5287.5,4975.0,1300.0,False,15,205,22925.0
3712.5,-1287.5,3437.5,2900.0,False,15,209,28750.0
5125.0,125.0,4937.5,1150.0,False,15,207,12150.0
6037.5,1037.5,3312.5,1200.0,False,15,206,19375.0
4812.5,-187.5,4437.5,1300.0,False,15,202,26875.0
10437.5,5437.5,4475.0,1425.0,False,15,204,28725.0
6675.0,1675.0,4787.5,3300.0,False,15,207,22575.0
6150.0,1150.0,3725.0,1600.0,False,15,202,24900.0
3900.0,-1100.0,3075.0,1100.0,False,15,204,16525.0
5812.5,812.5,3862.5,1250.0,False,15,212,17475.0
2512.5,-2487.5,1887.5,2200.0,False,15,207,19250.0
200.0,-4800.0,200.0,2400.0,False,15,205,34075.0
8975.0,3975.0,4312.5,1750.0,False,15,202,27075.0
4050.0,-950.0,3225.0,2000.0,False,15,207,23950.0
1137.5,-3862.5,487.5,3325.0,False,15,204,18275.0
5962.5,962.5,4762.5,1400.0,False,15,207,22900.0
2150.0,-2850.0,325.0,2500.0,False,15,205,39900.0
4050.0,-950.0,3050.0,1500.0,False,15,206,17550.0
10225.0,5225.0,2200.0,2950.0,False,15,204,37625.0
4087.5,-912.5,3525.0,1800.0,False,15,208,16800.0
5175.0,175.0,4262.5,1800.0,False,15,208,22025.0
6150.0,1150.0,3000.0,1500.0,False,15,206,28100.0
8487.5,3487.5,3025.0,2000.0,False,15,205,30475.0
4637.5,-362.5,3700.0,2000.0,False,15,208,27900.0
2950.0,-2050.0,2450.0,1550.0,False,15,208,16675.0
5862.5,862.5,4662.5,1000.0,False,15,206,15500.0
2862.5,-2137.5,1875.0,1750.0,False,15,204,18400.0
8487.5,3487.5,1950.0,1600.0,False,15,206,32500.0
5212.5,212.5,3975.0,1200.0,False,15,207,17925.0
6737.5,1737.5,4662.5,1250.0,False,15,207,20050.0
7400.0,2400.0,4012.5,1200.0,False,15,203,15225.0
4687.5,-312.5,4137.5,1625.0,False,15,209,21275.0
7337.5,2337.5,4250.0,1100.0,False,15,207,18200.0
9275.0,4275.0,5000.0,825.0,False,15,208,14825.0
-212.5,-5212.5,-212.5,2300.0,True,13,174,37100.0
1562.5,-3437.5,1362.5,1700.0,False,15,205,20975.0
8337.5,3337.5,4425.0,2350.0,False,15,205,30325.0
3175.0,-1825.0,2250.0,2325.0,False,15,206,26350.0
6162.5,1162.5,3612.5,1325.0,False,15,211,20050.0
7387.5,2387.5,4975.0,1775.0,False,15,206,23400.0
5100.0,100.0,3162.5,1575.0,False,15,207,26075.0
3037.5,-1962.5,2975.0,2225.0,False,15,205,17600.0
5850.0,850.0,1362.5,2725.0,False,15,204,24075.0
2600.0,-2400.0,2500.0,1875.0,False,15,205,21625.0
6600.0,1600.0,4950.0,2025.0,False,15,206,28200.0
5900.0,900.0,3450.0,2000.0,False,15,204,24275.0
5762.5,762.5,3650.0,1800.0,False,15,206,37150.0
7187.5,2187.5,3200.0,1150.0,False,15,208,20500.0
8425.0,3425.0,925.0,2200.0,False,15,206,28200.0
3900.0,-1100.0,3400.0,2625.0,False,15,206,27325.0
11750.0,6750.0,4925.0,2900.0,False,15,206,31850.0
5050.0,50.0,4187.5,2000.0,False,15,208,17075.0
11812.5,6812.5,3462.5,1700.0,False,15,206,28000.0
5787.5,787.5,2887.5,1500.0,False,15,208,20050.0
5850.0,850.0,4900.0,1350.0,False,15,207,21875.0
4825.0,-175.0,4475.0,1325.0,False,15,205,16225.0
9287.5,4287.5,4425.0,2550.0,False,15,202,38850.0
6337.5,1337.5,3725.0,1450.0,False,15,209,18075.0
7125.0,2125.0,4525.0,1400.0,False,15,203,25425.0
12625.0,7625.0,4425.0,1450.0,False,15,209,30950.0
3100.0,-1900.0,2450.0,2000.0,False,15,209,21900.0
2575.0,-2425.0,2575.0,2500.0,False,15,204,28975.0
7287.5,2287.5,4725.0,2300.0,False,15,210,24875.0
8137.5,3137.5,4950.0,1000.0,False,15,207,28825.0
5512.5,512.5,3062.5,2150.0,False,15,212,29000.0
5387.5,387.5,4212.5,1975.0,False,15,207,29425.0
6700.0,1700.0,4887.5,1400.0,False,15,207,23050.0
7587.5,2587.5,4875.0,1750.0,False,15,208,23125.0
3612.5,-1387.5,2675.0,1950.0,False,15,200,28700.0
7237.5,2237.5,4500.0,775.0,False,15,212,12000.0
7825.0,2825.0,4975.0,1600.0,False,15,206,16425.0
3350.0,-1650.0,3225.0,2000.0,False,15,209,15575.0
8650.0,3650.0,4362.5,1500.0,False,15,205,29550.0
4900.0,-100.0,2375.0,1625.0,False,15,203,23150.0
7925.0,2925.0,4625.0,1000.0,False,15,206,20550.0
6887.5,1887.5,4975.0,1900.0,False,15,203,27400.0
10762.5,5762.5,4387.5,900.0,False,15,205,26525.0
5025.0,25.0,3975.0,1900.0,False,15,204,39250.0
4300.0,-700.0,2287.5,4000.0,False,15,207,30075.0
5075.0,75.0,3150.0,2250.0,False,15,207,32425.0
6625.0,1625.0,4425.0,1500.0,False,15,205,28175.0
10287.5,5287.5,4862.5,2000.0,False,15,206,21550.0
9125.0,4125.0,2950.0,1600.0,False,15,205,35600.0
4512.5,-487.5,2562.5,2000.0,False,15,206,26875.0
6212.5,1212.5,4012.5,1300.0,False,15,204,25350.0
7825.0,2825.0,4675.0,1250.0,False,15,206,23275.0
4487.5,-512.5,1400.0,4025.0,False,15,206,28875.0
3612.5,-1387.5,2737.5,2000.0,False,15,207,25600.0
8212.5,3212.5,4687.5,1000.0,False,15,206,21925.0
6962.5,1962.5,3325.0,1450.0,False,15,210,23675.0
4137.5,-862.5,3275.0,1400.0,False,15,204,16675.0
-275.0,-5275.0,-275.0,3400.0,True,8,105,17100.0
6412.5,1412.5,4412.5,1875.0,False,15,199,42800.0
9300.0,4300.0,4125.0,1850.0,False,15,204,39575.0
3637.5,-1362.5,1362.5,1400.0,False,15,209,15775.0
3812.5,-1187.5,2587.5,1800.0,False,15,209,21225.0
750.0,-4250.0,175.0,2400.0,False,15,207,31400.0
5750.0,750.0,4212.5,1400.0,False,15,207,21250.0
4525.0,-475.0,3925.0,1550.0,False,15,203,23375.0
5825.0,825.0,3850.0,2500.0,False,15,206,22625.0
-100.0,-5100.0,-100.0,2300.0,True,14,188,22500.0
5450.0,450.0,3500.0,725.0,False,15,210,17275.0
5062.5,62.5,1287.5,2150.0,False,15,206,27500.0
2425.0,-2575.0,2312.5,3050.0,False,15,206,27700.0
4050.0,-950.0,2487.5,1150.0,False,15,206,20825.0
-162.5,-5162.5,-162.5,2000.0,True,14,177,25050.0
-200.0,-5200.0,-200.0,1475.0,True,13,175,17050.0
4600.0,-400.0,3612.5,2250.0,False,15,207,32150.0
6812.5,1812.5,3812.5,2000.0,False,15,208,31100.0
8337.5,3337.5,1825.0,2400.0,False,15,206,27550.0
11025.0,6025.0,4562.5,500.0,False,15,204,22300.0
2225.0,-2775.0,2225.0,3650.0,False,15,206,22650.0
7375.0,2375.0,3825.0,1750.0,False,15,206,21925.0
5475.0,475.0,4437.5,1150.0,False,15,201,18450.0
8587.5,3587.5,4350.0,825.0,False,15,208,20200.0
2637.5,-2362.5,1687.5,1450.0,False,15,204,24425.0
3337.5,-1662.5,1875.0,1800.0,False,15,203,28300.0
3725.0,-1275.0,3325.0,1800.0,False,15,206,21450.0
5487.5,487.5,4387.5,1500.0,False,15,206,21400.0
-262.5,-5262.5,-262.5,4600.0,True,9,123,21350.0
2300.0,-2700.0,875.0,2500.0,False,15,207,23825.0
6837.5,1837.5,3200.0,1750.0,False,15,202,21300.0
5900.0,900.0,4650.0,1700.0,False,15,207,16250.0
1187.5,-3812.5,1187.5,3300.0,False,15,207,24775.0
2187.5,-2812.5,1950.0,4350.0,False,15,210,33725.0
5212.5,212.5,2462.5,1600.0,False,15,202,17475.0
6725.0,1725.0,4950.0,1050.0,False,15,202,22450.0
2425.0,-2575.0,1737.5,3025.0,False,15,207,34325.0
9412.5,4412.5,4600.0,800.0,False,15,204,23050.0
7037.5,2037.5,4275.0,850.0,False,15,204,15175.0
3312.5,-1687.5,1575.0,1200.0,False,15,205,38800.0
7375.0,2375.0,2525.0,2550.0,False,15,209,23225.0
4200.0,-800.0,3287.5,1500.0,False,15,206,20375.0
3237.5,-1762.5,2212.5,1600.0,False,15,203,22225.0
6600.0,1600.0,3287.5,2075.0,False,15,208,34750.0
6587.5,1587.5,4125.0,1700.0,False,15,206,26025.0
5200.0,200.0,4100.0,2500.0,False,15,210,18075.0
4862.5,-137.5,4137.5,575.0,False,15,207,13250.0
6725.0,1725.0,4512.5,2000.0,False,15,208,22000.0
2150.0,-2850.0,1850.0,1750.0,False,15,208,25000.0
5937.5,937.5,3862.5,2000.0,False,15,209,23675.0
4712.5,-287.5,3150.0,2625.0,False,15,204,28475.0
11825.0,6825.0,4162.5,1000.0,False,15,205,29950.0
2375.0,-2625.0,1200.0,2250.0,False,15,204,33225.0
3912.5,-1087.5,3912.5,1000.0,False,15,205,17450.0
9462.5,4462.5,2500.0,2400.0,False,15,210,21850.0
8600.0,3600.0,5000.0,1500.0,False,15,208,20325.0
4125.0,-875.0,4000.0,2400.0,False,15,209,25125.0
11425.0,6425.0,4912.5,600.0,False,15,207,21975.0
11600.0,6600.0,3375.0,1750.0,False,15,203,28750.0
3337.5,-1662.5,3025.0,1350.0,False,15,209,30825.0
2437.5,-2562.5,2437.5,2800.0,False,15,204,21325.0
4525.0,-475.0,3575.0,1300.0,False,15,206,20275.0
11162.5,6162.5,4975.0,600.0,False,15,206,16650.0
6625.0,1625.0,3600.0,1600.0,False,15,206,23850.0
4725.0,-275.0,4412.5,1900.0,False,15,209,22200.0
5012.5,12.5,3600.0,1850.0,False,15,210,18400.0
2387.5,-2612.5,2300.0,3150.0,False,15,212,27625.0
7800.0,2800.0,4100.0,2400.0,False,15,202,33975.0
7012.5,2012.5,3762.5,1200.0,False,15,210,17975.0
4337.5,-662.5,1737.5,2700.0,False,15,208,29275.0
5200.0,200.0,4025.0,1800.0,False,15,207,23075.0
-150.0,-5150.0,-150.0,3050.0,True,15,209,31525.0
8200.0,3200.0,4825.0,900.0,False,15,207,19700.0
-237.5,-5237.5,-237.5,2750.0,True,15,206,27775.0
2875.0,-2125.0,1262.5,2000.0,False,15,207,26650.0
1325.0,-3675.0,1137.5,3000.0,False,15,201,33325.0
6575.0,1575.0,4987.5,1700.0,False,15,207,29250.0
5600.0,600.0,2312.5,2100.0,False,15,207,29075.0
3012.5,-1987.5,825.0,2225.0,False,15,209,25750.0
5450.0,450.0,4362.5,1300.0,False,15,199,16475.0
8987.5,3987.5,4975.0,1000.0,False,15,204,14675.0
5787.5,787.5,3937.5,1600.0,False,15,209,29575.0
3037.5,-1962.5,2000.0,1300.0,False,15,208,16575.0
5025.0,25.0,3200.0,1825.0,False,15,208,22300.0
7225.0,2225.0,4925.0,1100.0,False,15,205,16625.0
6837.5,1837.5,4337.5,1750.0,False,15,209,20250.0
7512.5,2512.5,4687.5,1800.0,False,15,208,25275.0
5125.0,125.0,4462.5,900.0,False,15,206,11050.0
-275.0,-5275.0,-275.0,3550.0,True,14,187,25450.0
-100.0,-5100.0,-100.0,3400.0,True,13,168,19850.0
3687.5,-1312.5,3025.0,2750.0,False,15,208,20425.0
2075.0,-2925.0,737.5,2650.0,False,15,203,22650.0
7575.0,2575.0,3175.0,2650.0,False,15,206,23875.0
8000.0,3000.0,1975.0,1700.0,False,15,206,26500.0
7300.0,2300.0,3812.5,1500.0,False,15,206,28425.0
7912.5,2912.5,3825.0,2175.0,False,15,204,29650.0
8212.5,3212.5,4675.0,900.0,False,15,207,18025.0
8325.0,3325.0,4950.0,800.0,False,15,206,15925.0
-25.0,-5025.0,-25.0,2150.0,True,11,142,19850.0
7087.5,2087.5,4600.0,875.0,False,15,208,16200.0
6375.0,1375.0,5000.0,1800.0,False,15,201,22825.0
6225.0,1225.0,3962.5,500.0,False,15,209,13650.0
6725.0,1725.0,4925.0,1900.0,False,15,205,36075.0
6375.0,1375.0,3225.0,1525.0,False,15,207,21075.0
2400.0,-2600.0,650.0,2200.0,False,15,207,29875.0
1675.0,-3325.0,200.0,2500.0,False,15,211,33075.0
4475.0,-525.0,4250.0,1225.0,False,15,203,27200.0
5662.5,662.5,3875.0,1800.0,False,15,209,27125.0
6462.5,1462.5,3062.5,1850.0,False,15,207,35325.0
4025.0,-975.0,2975.0,1150.0,False,15,207,18475.0
7025.0,2025.0,4612.5,1300.0,False,15,206,18650.0
-287.5,-5287.5,-287.5,2800.0,True,14,192,25375.0
2737.5,-2262.5,2737.5,2400.0,False,15,203,30725.0
787.5,-4212.5,762.5,2200.0,False,15,211,24100.0
4825.0,-175.0,3237.5,1725.0,False,15,201,21800.0
7387.5,2387.5,4462.5,1200.0,False,15,205,17150.0
3837.5,-1162.5,3425.0,1625.0,False,15,212,15025.0
5512.5,512.5,2362.5,1825.0,False,15,206,21375.0
4600.0,-400.0,3487.5,2100.0,False,15,205,23000.0
7750.0,2750.0,3362.5,2000.0,False,15,203,32200.0
6125.0,1125.0,3875.0,1500.0,False,15,210,20900.0
1450.0,-3550.0,1450.0,2200.0,False,15,208,27675.0
8375.0,3375.0,4225.0,2100.0,False,15,208,28150.0
275.0,-4725.0,187.5,2700.0,False,15,207,30100.0
10375.0,5375.0,4100.0,1400.0,False,15,205,27200.0
8100.0,3100.0,4725.0,1025.0,False,15,207,24225.0
6000.0,1000.0,4125.0,1000.0,False,15,205,19100.0
7212.5,2212.5,4475.0,1200.0,False,15,205,20550.0
4112.5,-887.5,1837.5,2200.0,False,15,204,34900.0
8712.5,3712.5,4150.0,1000.0,False,15,205,25350.0
7912.5,2912.5,4925.0,1000.0,False,15,209,28425.0
4987.5,-12.5,4212.5,2400.0,False,15,204,33975.0
6237.5,1237.5,3987.5,1000.0,False,15,206,15425.0
4412.5,-587.5,3150.0,1100.0,False,15,209,15675.0
7912.5,2912.5,4775.0,1125.0,False,15,207,21500.0
862.5,-4137.5,325.0,1600.0,False,15,209,22650.0
4537.5,-462.5,3912.5,3650.0,False,15,209,25725.0
6187.5,1187.5,4012.5,1300.0,False,15,208,14425.0
10212.5,5212.5,4850.0,1000.0,False,15,202,24800.0
11262.5,6262.5,3512.5,2100.0,False,15,201,34375.0
6512.5,1512.5,5000.0,1000.0,False,15,213,18900.0
5450.0,450.0,4750.0,2450.0,False,15,206,20300.0
4437.5,-562.5,3300.0,1875.0,False,15,206,21975.0
5425.0,425.0,2600.0,2800.0,False,15,207,29400.0
4712.5,-287.5,4100.0,900.0,False,15,203,17275.0
3437.5,-1562.5,837.5,3275.0,False,15,210,25600.0
5750.0,750.0,2175.0,3050.0,False,15,204,24475.0
2400.0,-2600.0,2300.0,2000.0,False,15,203,22275.0
3512.5,-1487.5,3512.5,1500.0,False,15,211,17575.0
4412.5,-587.5,2750.0,1225.0,False,15,207,16775.0
3112.5,-1887.5,3112.5,1500.0,False,15,205,22350.0
2887.5,-2112.5,425.0,2650.0,False,15,208,29775.0
2175.0,-2825.0,1375.0,2350.0,False,15,208,19800.0
4437.5,-562.5,3575.0,1900.0,False,15,205,28350.0
2312.5,-2687.5,1887.5,2050.0,False,15,204,24025.0
3250.0,-1750.0,1800.0,2425.0,False,15,202,29800.0
5175.0,175.0,2600.0,1075.0,False,15,204,22550.0
-237.5,-5237.5,-237.5,2250.0,True,13,176,21050.0
7512.5,2512.5,4025.0,2225.0,False,15,205,33050.0
12.5,-4987.5,12.5,3350.0,True,8,109,16575.0
5437.5,437.5,2562.5,2250.0,False,15,204,23200.0
7087.5,2087.5,2562.5,1850.0,False,15,208,34800.0
5275.0,275.0,4562.5,1650.0,False,15,204,25800.0
-12.5,-5012.5,-12.5,2000.0,True,15,206,18750.0
5275.0,275.0,4825.0,1700.0,False,15,206,24225.0
5625.0,625.0,3650.0,1600.0,False,15,206,23800.0
7487.5,2487.5,4450.0,1050.0,False,15,208,31875.0
4487.5,-512.5,3512.5,1750.0,False,15,205,23525.0
7025.0,2025.0,2675.0,2000.0,False,15,208,24925.0
-125.0,-5125.0,-125.0,2900.0,True,14,180,23450.0
4225.0,-775.0,350.0,2700.0,False,15,205,40125.0
4262.5,-737.5,3575.0,1000.0,False,15,207,16050.0
275.0,-4725.0,237.5,1300.0,False,15,207,21325.0
2775.0,-2225.0,975.0,1900.0,False,15,208,19425.0
8825.0,3825.0,5000.0,1662.5,False,15,205,22000.0
5325.0,325.0,4550.0,1600.0,False,15,210,30250.0
7537.5,2537.5,4525.0,2275.0,False,15,208,28500.0
8375.0,3375.0,4975.0,1400.0,False,15,209,28675.0
7512.5,2512.5,4512.5,1300.0,False,15,205,18425.0
6087.5,1087.5,4575.0,1850.0,False,15,209,23550.0
4412.5,-587.5,4012.5,1225.0,False,15,210,16700.0
5762.5,762.5,4237.5,1675.0,False,15,205,22425.0
3225.0,-1775.0,2987.5,2400.0,False,15,209,13800.0
4312.5,-687.5,2875.0,2300.0,False,15,207,26125.0
9687.5,4687.5,5000.0,2000.0,False,15,200,23950.0
4350.0,-650.0,3625.0,1550.0,False,15,210,22350.0
3200.0,-1800.0,537.5,2275.0,False,15,206,31025.0
4687.5,-312.5,4350.0,1300.0,False,15,208,15650.0
4925.0,-75.0,3112.5,1500.0,False,15,205,24075.0
5050.0,50.0,4350.0,1300.0,False,15,206,24025.0
9487.5,4487.5,4937.5,1000.0,False,15,206,19925.0
5125.0,125.0,3600.0,4300.0,False,15,204,29775.0
6650.0,1650.0,5000.0,2100.0,False,15,205,21025.0
-200.0,-5200.0,-200.0,2575.0,True,10,137,15325.0
5050.0,50.0,1975.0,2300.0,False,15,206,26875.0
-87.5,-5087.5,-87.5,3000.0,True,9,114,14975.0
9162.5,4162.5,4950.0,1500.0,False,15,205,28100.0
4862.5,-137.5,2362.5,2575.0,False,15,208,35675.0
2525.0,-2475.0,375.0,1850.0,False,15,205,27275.0
6412.5,1412.5,4600.0,1900.0,False,15,207,20250.0
4400.0,-600.0,3150.0,2400.0,False,15,209,26000.0
-12.5,-5012.5,-12.5,1650.0,True,7,88,16475.0
7887.5,2887.5,4075.0,1075.0,False,15,210,22275.0
1825.0,-3175.0,1162.5,3800.0,False,15,204,41075.0
11437.5,6437.5,4950.0,1200.0,False,15,202,30675.0
5375.0,375.0,3462.5,1000.0,False,15,208,13300.0
1725.0,-3275.0,1600.0,2700.0,False,15,208,23450.0
9850.0,4850.0,4650.0,1700.0,False,15,202,24575.0
5550.0,550.0,4275.0,1600.0,False,15,207,23075.0
6125.0,1125.0,4262.5,1350.0,False,15,202,21925.0
7375.0,2375.0,4925.0,1750.0,False,15,204,19000.0
4187.5,-812.5,3387.5,1800.0,False,15,209,20075.0
1125.0,-3875.0,925.0,3600.0,False,15,201,33900.0
4100.0,-900.0,2325.0,2600.0,False,15,208,31000.0
4112.5,-887.5,2012.5,1875.0,False,15,206,27200.0
5412.5,412.5,3850.0,2500.0,False,15,210,23925.0
8125.0,3125.0,4125.0,2025.0,False,15,203,31500.0
-137.5,-5137.5,-137.5,1500.0,True,14,192,20500.0
4387.5,-612.5,3962.5,2600.0,False,15,211,28725.0
7500.0,2500.0,4075.0,1150.0,False,15,209,19150.0
6125.0,1125.0,4600.0,1125.0,False,15,209,19575.0
5200.0,200.0,3237.5,1625.0,False,15,206,27100.0
6062.5,1062.5,1462.5,2400.0,False,15,207,19850.0
10037.5,5037.5,4750.0,1625.0,False,15,200,31075.0
5262.5,262.5,4575.0,1750.0,False,15,205,19775.0
1525.0,-3475.0,1075.0,2350.0,False,15,204,34250.0
4125.0,-875.0,3925.0,1000.0,False,15,212,19125.0
5337.5,337.5,3187.5,1900.0,False,15,210,21525.0
4787.5,-212.5,4600.0,950.0,False,15,204,16850.0
3287.5,-1712.5,1687.5,3175.0,False,15,208,18900.0
4562.5,-437.5,4562.5,2300.0,False,15,206,16475.0
2862.5,-2137.5,1275.0,2400.0,False,15,208,25300.0
7425.0,2425.0,4537.5,1500.0,False,15,209,18925.0
3500.0,-1500.0,3450.0,1800.0,False,15,206,28900.0
2050.0,-2950.0,762.5,1175.0,False,15,206,18750.0
-250.0,-5250.0,-250.0,3500.0,True,12,158,20175.0
3137.5,-1862.5,1662.5,1675.0,False,15,202,24100.0
6237.5,1237.5,4725.0,1600.0,False,15,209,18750.0
3250.0,-1750.0,1450.0,1900.0,False,15,204,22075.0
1537.5,-3462.5,975.0,2050.0,False,15,198,27100.0
7075.0,2075.0,2125.0,2000.0,False,15,204,34725.0
6425.0,1425.0,4525.0,1000.0,False,15,208,18400.0
925.0,-4075.0,425.0,2550.0,False,15,204,30825.0
4637.5,-362.5,2025.0,1650.0,False,15,208,26125.0
4012.5,-987.5,3912.5,1000.0,False,15,209,13475.0
5312.5,312.5,2312.5,2300.0,False,15,207,26600.0
8587.5,3587.5,3900.0,1800.0,False,15,203,25500.0
4537.5,-462.5,2187.5,2200.0,False,15,208,18350.0
3600.0,-1400.0,937.5,2500.0,False,15,206,27925.0
4737.5,-262.5,3375.0,1175.0,False,15,206,24100.0
-37.5,-5037.5,-37.5,3250.0,True,12,163,16950.0
1150.0,-3850.0,900.0,3275.0,False,15,207,23100.0
4837.5,-162.5,4237.5,2200.0,False,15,206,21800.0
6562.5,1562.5,3962.5,1750.0,False,15,206,24125.0
5337.5,337.5,4012.5,1550.0,False,15,206,23450.0
2900.0,-2100.0,1987.5,3725.0,False,15,206,19225.0
137.5,-4862.5,50.0,2650.0,False,15,206,23950.0
6037.5,1037.5,4850.0,2800.0,False,15,203,27425.0
1587.5,-3412.5,1462.5,2525.0,False,15,206,21700.0
5587.5,587.5,4975.0,1675.0,False,15,207,19100.0
4362.5,-637.5,2650.0,3100.0,False,15,206,23475.0
3975.0,-1025.0,3437.5,3300.0,False,15,209,25825.0
8062.5,3062.5,4975.0,2350.0,False,15,207,24050.0
9212.5,4212.5,4525.0,950.0,False,15,207,23075.0
2762.5,-2237.5,2150.0,1500.0,False,15,202,14475.0
7675.0,2675.0,3987.5,1000.0,False,15,203,19000.0
7887.5,2887.5,3200.0,2125.0,False,15,205,22575.0
9287.5,4287.5,2462.5,1500.0,False,15,205,26925.0
2187.5,-2812.5,1187.5,2550.0,False,15,210,33625.0
7487.5,2487.5,4237.5,1450.0,False,15,201,34025.0
9037.5,4037.5,4537.5,1125.0,False,15,207,23950.0
4887.5,-112.5,3287.5,3000.0,False,15,206,25375.0
3375.0,-1625.0,2412.5,2500.0,False,15,206,29575.0
6075.0,1075.0,4525.0,750.0,False,15,212,13125.0
2100.0,-2900.0,925.0,3000.0,False,15,210,20825.0
8225.0,3225.0,4312.5,2000.0,False,15,204,26275.0
4150.0,-850.0,1650.0,2100.0,False,15,206,26050.0
4562.5,-437.5,3650.0,1600.0,False,15,210,23275.0
2325.0,-2675.0,2325.0,2550.0,False,15,206,15500.0
3125.0,-1875.0,1375.0,3200.0,False,15,208,28900.0
3275.0,-1725.0,2562.5,1800.0,False,15,208,24675.0
3012.5,-1987.5,1412.5,2900.0,False,15,206,21700.0
4612.5,-387.5,4362.5,1687.5,False,15,207,27475.0
2175.0,-2825.0,2087.5,2300.0,False,15,206,13300.0
6287.5,1287.5,4450.0,1975.0,False,15,208,16425.0
8800.0,3800.0,4550.0,1000.0,False,15,200,23700.0
3637.5,-1362.5,3000.0,1575.0,False,15,207,25200.0
8075.0,3075.0,4600.0,3000.0,False,15,204,27600.0
11125.0,6125.0,4325.0,900.0,False,15,207,21000.0
1112.5,-3887.5,687.5,2000.0,False,15,206,20100.0
-75.0,-5075.0,-75.0,3425.0,True,10,130,20700.0
7500.0,2500.0,4825.0,1862.5,False,15,211,33075.0
8550.0,3550.0,5000.0,2050.0,False,15,206,25600.0
8187.5,3187.5,2950.0,2700.0,False,15,204,38125.0
4225.0,-775.0,1925.0,1500.0,False,15,206,22525.0
1812.5,-3187.5,1012.5,3050.0,False,15,207,21525.0
3500.0,-1500.0,3362.5,1425.0,False,15,207,20050.0
6850.0,1850.0,2975.0,1000.0,False,15,206,20000.0
5050.0,50.0,4325.0,3300.0,False,15,207,27100.0
9737.5,4737.5,5000.0,2000.0,False,15,206,34925.0
6262.5,1262.5,3512.5,1400.0,False,15,205,28950.0
3625.0,-1375.0,2125.0,1650.0,False,15,204,20375.0
6087.5,1087.5,4650.0,1600.0,False,15,205,29225.0
8025.0,3025.0,4125.0,1400.0,False,15,210,25275.0
6900.0,1900.0,3475.0,900.0,False,15,208,17575.0
5487.5,487.5,1662.5,2000.0,False,15,212,31275.0
8837.5,3837.5,4312.5,1000.0,False,15,202,21650.0
-687.5,-5687.5,-687.5,3100.0,True,8,109,18975.0
4262.5,-737.5,3037.5,1600.0,False,15,206,21975.0
4637.5,-362.5,3850.0,1100.0,False,15,203,19375.0
4700.0,-300.0,4225.0,2000.0,False,15,206,27075.0
7800.0,2800.0,4975.0,1000.0,False,15,207,25775.0
9412.5,4412.5,1600.0,2500.0,False,15,206,31675.0
6262.5,1262.5,3387.5,1750.0,False,15,208,20700.0
5012.5,12.5,3712.5,750.0,False,15,204,14450.0
7662.5,2662.5,4800.0,1650.0,False,15,198,21000.0
4125.0,-875.0,4087.5,2900.0,False,15,208,22900.0
2525.0,-2475.0,1675.0,2025.0,False,15,210,20100.0
11362.5,6362.5,4550.0,775.0,False,15,199,28925.0
8637.5,3637.5,4450.0,1500.0,False,15,209,25625.0
6062.5,1062.5,4237.5,1500.0,False,15,204,22300.0
9300.0,4300.0,4975.0,3200.0,False,15,203,42475.0
4475.0,-525.0,3662.5,1050.0,False,15,201,18650.0
8937.5,3937.5,3650.0,1900.0,False,15,205,24375.0
9275.0,4275.0,4450.0,850.0,False,15,205,24075.0
4175.0,-825.0,1987.5,1800.0,False,15,203,23450.0
7050.0,2050.0,4900.0,3425.0,False,15,205,32250.0
5412.5,412.5,2962.5,2500.0,False,15,202,24325.0
4200.0,-800.0,2962.5,2250.0,False,15,203,28350.0
7037.5,2037.5,4075.0,2050.0,False,15,206,33175.0
4150.0,-850.0,3487.5,1850.0,False,15,208,16225.0
5125.0,125.0,4375.0,1100.0,False,15,209,21800.0
3725.0,-1275.0,1662.5,1775.0,False,15,204,21800.0
3925.0,-1075.0,3725.0,1500.0,False,15,206,16875.0
4212.5,-787.5,1625.0,1425.0,False,15,209,22000.0
2862.5,-2137.5,1412.5,2900.0,False,15,206,27900.0
1737.5,-3262.5,1050.0,1650.0,False,15,206,21950.0
6262.5,1262.5,4300.0,1650.0,False,15,204,26500.0
4750.0,-250.0,2762.5,1150.0,False,15,209,15625.0
2587.5,-2412.5,2575.0,3000.0,False,15,206,20975.0
3700.0,-1300.0,2587.5,2550.0,False,15,205,31100.0
6100.0,1100.0,3787.5,1450.0,False,15,205,20150.0
6325.0,1325.0,4700.0,2250.0,False,15,205,15075.0
1637.5,-3362.5,1137.5,2550.0,False,15,206,16050.0
4237.5,-762.5,2850.0,1525.0,False,15,206,16725.0
4250.0,-750.0,2462.5,2100.0,False,15,207,20075.0
2125.0,-2875.0,1125.0,2100.0,False,15,205,20750.0
11087.5,6087.5,4775.0,1550.0,False,15,208,31825.0
5425.0,425.0,4387.5,825.0,False,15,209,16400.0
6712.5,1712.5,4850.0,600.0,False,15,208,15000.0
900.0,-4100.0,900.0,2425.0,False,15,208,18975.0
6050.0,1050.0,4237.5,2150.0,False,15,207,41475.0
1625.0,-3375.0,962.5,3500.0,False,15,208,20825.0
1687.5,-3312.5,1025.0,2500.0,False,15,206,29275.0
7925.0,2925.0,4625.0,1000.0,False,15,205,15575.0
4625.0,-375.0,4625.0,2500.0,False,15,206,22375.0
8550.0,3550.0,4875.0,1000.0,False,15,210,19725.0
2837.5,-2162.5,925.0,2750.0,False,15,206,26950.0
8487.5,3487.5,3825.0,1250.0,False,15,208,31125.0
1325.0,-3675.0,875.0,1950.0,False,15,206,23425.0
3687.5,-1312.5,2625.0,1250.0,False,15,205,15100.0
7200.0,2200.0,4612.5,1150.0,False,15,208,23850.0
4712.5,-287.5,2337.5,2000.0,False,15,206,34650.0
4187.5,-812.5,1312.5,1650.0,False,15,207,26950.0
5700.0,700.0,4400.0,2500.0,False,15,203,30750.0
5000.0,0.0,3625.0,1400.0,False,15,206,20800.0
5762.5,762.5,3912.5,1900.0,False,15,207,24550.0
6675.0,1675.0,3800.0,1050.0,False,15,204,26750.0
2900.0,-2100.0,2462.5,2100.0,False,15,205,21250.0
6512.5,1512.5,2725.0,3750.0,False,15,205,22350.0
4625.0,-375.0,3862.5,2250.0,False,15,207,22050.0
5662.5,662.5,4525.0,1100.0,False,15,208,20825.0
8587.5,3587.5,4887.5,1300.0,False,15,207,19325.0
12.5,-4987.5,12.5,3150.0,True,12,149,18125.0
5837.5,837.5,4775.0,475.0,False,15,205,9475.0
4575.0,-425.0,4400.0,2100.0,False,15,208,24575.0
0.0,-5000.0,0.0,2325.0,True,12,149,18675.0
2612.5,-2387.5,2537.5,2250.0,False,15,209,21375.0
8075.0,3075.0,4762.5,1300.0,False,15,207,18100.0
6825.0,1825.0,4175.0,2000.0,False,15,204,26000.0
1162.5,-3837.5,1162.5,2900.0,False,15,209,31175.0
3150.0,-1850.0,2750.0,2600.0,False,15,210,19575.0
5950.0,950.0,2862.5,1325.0,False,15,207,27200.0
2962.5,-2037.5,2962.5,1850.0,False,15,207,20700.0
5425.0,425.0,4587.5,550.0,False,15,203,15425.0
1500.0,-3500.0,1300.0,1650.0,False,15,207,21050.0
11812.5,6812.5,4975.0,550.0,False,15,205,19725.0
5875.0,875.0,4412.5,2500.0,False,15,208,24275.0
6650.0,1650.0,4462.5,1075.0,False,15,207,20450.0
5425.0,425.0,2400.0,3400.0,False,15,211,32300.0
1875.0,-3125.0,500.0,2800.0,False,15,210,27875.0
7362.5,2362.5,4275.0,1100.0,False,15,201,22900.0
3737.5,-1262.5,3000.0,1300.0,False,15,212,27325.0
9625.0,4625.0,5000.0,1500.0,False,15,205,17475.0
4175.0,-825.0,3700.0,1525.0,False,15,206,27350.0
11150.0,6150.0,4175.0,1550.0,False,15,205,30550.0
6262.5,1262.5,4975.0,1600.0,False,15,205,33950.0
9850.0,4850.0,4575.0,1225.0,False,15,202,19375.0
2800.0,-2200.0,2075.0,2525.0,False,15,208,20450.0
4037.5,-962.5,2250.0,1700.0,False,15,206,21175.0
8075.0,3075.0,3700.0,900.0,False,15,205,24925.0
2750.0,-2250.0,1812.5,1750.0,False,15,204,23975.0
5425.0,425.0,700.0,2825.0,False,15,206,30175.0
2937.5,-2062.5,2925.0,2650.0,False,15,209,28625.0
4400.0,-600.0,2787.5,2000.0,False,15,206,19325.0
10962.5,5962.5,4975.0,1100.0,False,15,205,21175.0
8762.5,3762.5,4650.0,800.0,False,15,208,18175.0
7325.0,2325.0,3450.0,1500.0,False,15,204,28575.0
7150.0,2150.0,4387.5,1250.0,False,15,211,24150.0
4125.0,-875.0,3887.5,1400.0,False,15,206,24550.0
2900.0,-2100.0,2737.5,1500.0,False,15,206,19050.0
2137.5,-2862.5,2137.5,1600.0,False,15,208,29525.0
5050.0,50.0,4400.0,750.0,False,15,209,12650.0
9387.5,4387.5,4475.0,1250.0,False,15,206,19075.0
5350.0,350.0,2750.0,1175.0,False,15,211,19875.0
3725.0,-1275.0,3587.5,1800.0,False,15,207,28325.0
8512.5,3512.5,3400.0,2175.0,False,15,206,18825.0
-175.0,-5175.0,-175.0,2262.5,True,8,103,17325.0
6950.0,1950.0,4237.5,1300.0,False,15,200,21425.0
8050.0,3050.0,4225.0,2000.0,False,15,206,24425.0
7675.0,2675.0,3725.0,2400.0,False,15,205,34050.0
7075.0,2075.0,4550.0,1200.0,False,15,209,16000.0
11762.5,6762.5,4975.0,1950.0,False,15,208,34500.0
5350.0,350.0,2425.0,2000.0,False,15,202,22475.0
-337.5,-5337.5,-337.5,4000.0,True,13,168,19875.0
7775.0,2775.0,4775.0,2800.0,False,15,207,25750.0
12462.5,7462.5,3525.0,1475.0,False,15,209,30200.0
7550.0,2550.0,3362.5,1825.0,False,15,208,26350.0
3987.5,-1012.5,3425.0,1225.0,False,15,205,20700.0
3962.5,-1037.5,3112.5,1500.0,False,15,207,19700.0
5625.0,625.0,3925.0,1150.0,False,15,206,16850.0
4312.5,-687.5,3725.0,1400.0,False,15,202,21125.0
6700.0,1700.0,4200.0,1350.0,False,15,200,23775.0
6812.5,1812.5,4112.5,1900.0,False,15,206,21375.0
1600.0,-3400.0,950.0,2900.0,False,15,200,29200.0
7650.0,2650.0,2975.0,1375.0,False,15,205,27025.0
6262.5,1262.5,4137.5,1025.0,False,15,204,19625.0
6775.0,1775.0,3337.5,2700.0,False,15,203,24450.0
6825.0,1825.0,3725.0,1750.0,False,15,207,31875.0
5712.5,712.5,3800.0,4500.0,False,15,207,32400.0
6525.0,1525.0,3750.0,1400.0,False,15,207,23750.0
4362.5,-637.5,3437.5,1750.0,False,15,210,21975.0
8775.0,3775.0,4900.0,750.0,False,15,203,17000.0
4500.0,-500.0,4500.0,1400.0,False,15,206,20275.0
6200.0,1200.0,2800.0,2000.0,False,15,211,26025.0
3937.5,-1062.5,3937.5,2300.0,False,15,204,26475.0
6150.0,1150.0,3837.5,2425.0,False,15,208,27225.0
3862.5,-1137.5,1737.5,2750.0,False,15,205,25075.0
9812.5,4812.5,4000.0,2625.0,False,15,204,38725.0
3587.5,-1412.5,3012.5,1537.5,False,15,204,16775.0
5025.0,25.0,2412.5,1750.0,False,15,207,29425.0
1400.0,-3600.0,1400.0,2000.0,False,15,208,29875.0
5775.0,775.0,2100.0,2400.0,False,15,201,31725.0
11850.0,6850.0,4750.0,2500.0,False,15,203,30250.0
5737.5,737.5,3162.5,1000.0,False,15,210,21725.0
6662.5,1662.5,3850.0,1175.0,False,15,206,23300.0
7062.5,2062.5,3987.5,1400.0,False,15,206,16325.0
5837.5,837.5,3037.5,3100.0,False,15,209,29825.0
9387.5,4387.5,4375.0,1100.0,False,15,207,19575.0
8325.0,3325.0,3500.0,1400.0,False,15,206,22400.0
6987.5,1987.5,2812.5,2300.0,False,15,200,23125.0
6150.0,1150.0,4950.0,1375.0,False,15,203,20450.0
5925.0,925.0,2925.0,1950.0,False,15,207,22625.0
3537.5,-1462.5,3037.5,2450.0,False,15,209,26550.0
12200.0,7200.0,4850.0,1450.0,False,15,208,24600.0
4600.0,-400.0,3250.0,1950.0,False,15,212,20425.0
2537.5,-2462.5,1387.5,1475.0,False,15,207,27000.0
6437.5,1437.5,2937.5,2400.0,False,15,208,18250.0
3825.0,-1175.0,150.0,2900.0,False,15,206,23500.0
7100.0,2100.0,1325.0,2350.0,False,15,206,37175.0
1925.0,-3075.0,1250.0,1450.0,False,15,205,22300.0
4812.5,-187.5,1700.0,2400.0,False,15,204,20150.0
3762.5,-1237.5,1700.0,1800.0,False,15,204,29025.0
8462.5,3462.5,4125.0,1300.0,False,15,209,24425.0
-37.5,-5037.5,-37.5,3000.0,True,14,177,20775.0
4150.0,-850.0,3462.5,1250.0,False,15,204,12775.0
4887.5,-112.5,3325.0,1225.0,False,15,211,18650.0
6287.5,1287.5,4325.0,1950.0,False,15,208,34600.0
1887.5,-3112.5,1887.5,1900.0,False,15,210,23975.0
3062.5,-1937.5,1562.5,2250.0,False,15,208,27250.0
6812.5,1812.5,3125.0,3400.0,False,15,204,24175.0
3000.0,-2000.0,2600.0,1650.0,False,15,205,23800.0
7350.0,2350.0,1550.0,1750.0,False,15,209,31950.0
8412.5,3412.5,4237.5,1125.0,False,15,204,25425.0
0.0,-5000.0,0.0,2900.0,True,13,162,18425.0
8162.5,3162.5,3262.5,2050.0,False,15,204,22700.0
9425.0,4425.0,4975.0,1100.0,False,15,203,19250.0
7762.5,2762.5,3175.0,2750.0,False,15,207,32250.0
4625.0,-375.0,3900.0,1050.0,False,15,210,15550.0
6725.0,1725.0,4825.0,1025.0,False,15,207,21050.0
7537.5,2537.5,4750.0,2550.0,False,15,213,23200.0
2662.5,-2337.5,1925.0,2775.0,False,15,205,34000.0
8537.5,3537.5,3225.0,2800.0,False,15,205,37150.0
5300.0,300.0,4100.0,3300.0,False,15,205,25150.0
6287.5,1287.5,2275.0,1600.0,False,15,208,29300.0
4800.0,-200.0,3000.0,2000.0,False,15,205,27950.0
-200.0,-5200.0,-200.0,2650.0,True,11,149,19825.0
-162.5,-5162.5,-162.5,2100.0,True,13,175,21150.0
5012.5,12.5,4587.5,2275.0,False,15,206,22650.0
6387.5,1387.5,3562.5,1400.0,False,15,201,18550.0
6075.0,1075.0,4150.0,2100.0,False,15,206,28525.0
9725.0,4725.0,4212.5,1900.0,False,15,208,28225.0
3387.5,-1612.5,2275.0,1500.0,False,15,208,17825.0
-37.5,-5037.5,-37.5,2200.0,True,15,198,18925.0
3137.5,-1862.5,1612.5,1750.0,False,15,206,26350.0
5312.5,312.5,4000.0,1900.0,False,15,206,23750.0
2475.0,-2525.0,1737.5,2400.0,False,15,203,30450.0
2050.0,-2950.0,2050.0,2475.0,False,15,207,23025.0
5650.0,650.0,3287.5,1500.0,False,15,206,29100.0
5275.0,275.0,3375.0,1525.0,False,15,207,17050.0
4662.5,-337.5,3450.0,1500.0,False,15,205,22825.0
7637.5,2637.5,4675.0,887.5,False,15,208,14700.0
5712.5,712.5,2775.0,2300.0,False,15,204,26650.0
3500.0,-1500.0,2575.0,2700.0,False,15,208,33525.0
9250.0,4250.0,4112.5,1925.0,False,15,211,27750.0
7475.0,2475.0,3300.0,2000.0,False,15,205,32950.0
4062.5,-937.5,2250.0,1600.0,False,15,206,17750.0
5850.0,850.0,4762.5,1750.0,False,15,207,28675.0
3087.5,-1912.5,3087.5,2000.0,False,15,206,30325.0
8737.5,3737.5,3837.5,1550.0,False,15,212,27775.0
5487.5,487.5,3100.0,1600.0,False,15,206,22000.0
4937.5,-62.5,4350.0,1225.0,False,15,206,18575.0
4712.5,-287.5,3600.0,1200.0,False,15,209,21025.0
4537.5,-462.5,3062.5,2000.0,False,15,206,21750.0
850.0,-4150.0,200.0,2250.0,False,15,210,19100.0
3200.0,-1800.0,500.0,2500.0,False,15,204,26050.0
10875.0,5875.0,4325.0,1000.0,False,15,206,21950.0
3350.0,-1650.0,1887.5,1725.0,False,15,207,32250.0
5550.0,550.0,2725.0,2000.0,False,15,211,26600.0
7412.5,2412.5,4975.0,825.0,False,15,206,20800.0
5287.5,287.5,2112.5,1500.0,False,15,210,24250.0
5950.0,950.0,2200.0,2800.0,False,15,204,21000.0
3512.5,-1487.5,3287.5,1700.0,False,15,208,19475.0
4125.0,-875.0,2150.0,1750.0,False,15,205,28000.0
7937.5,2937.5,3887.5,900.0,False,15,208,15700.0
4650.0,-350.0,2225.0,1900.0,False,15,206,24925.0
6725.0,1725.0,4000.0,1000.0,False,15,206,19750.0
3612.5,-1387.5,3187.5,1250.0,False,15,207,16200.0
9325.0,4325.0,4925.0,1250.0,False,15,202,19200.0
8375.0,3375.0,3875.0,1300.0,False,15,207,37800.0
6137.5,1137.5,3600.0,1100.0,False,15,205,26950.0
4575.0,-425.0,1612.5,2425.0,False,15,211,28975.0
7262.5,2262.5,4825.0,850.0,False,15,202,14875.0
7800.0,2800.0,4725.0,1900.0,False,15,204,23875.0
1612.5,-3387.5,1612.5,2000.0,False,15,205,28975.0
8350.0,3350.0,4912.5,1200.0,False,15,207,19325.0
2875.0,-2125.0,1462.5,2900.0,False,15,204,21875.0
7150.0,2150.0,5000.0,800.0,False,15,205,19200.0
5950.0,950.0,4900.0,1800.0,False,15,209,12125.0
6675.0,1675.0,312.5,3750.0,False,15,202,23000.0
4350.0,-650.0,2512.5,1200.0,False,15,209,19800.0
5512.5,512.5,2962.5,1750.0,False,15,210,27675.0
8162.5,3162.5,3375.0,1250.0,False,15,211,21075.0
5737.5,737.5,2950.0,1600.0,False,15,206,24775.0
0.0,-5000.0,0.0,2425.0,True,5,58,10625.0
6075.0,1075.0,1925.0,2650.0,False,15,200,37525.0
4912.5,-87.5,4312.5,675.0,False,15,210,12300.0
6900.0,1900.0,4687.5,1000.0,False,15,209,17675.0
4362.5,-637.5,2775.0,2800.0,False,15,206,20450.0
7450.0,2450.0,3137.5,1500.0,False,15,202,28150.0
6875.0,1875.0,3900.0,2950.0,False,15,207,20900.0
9650.0,4650.0,4950.0,1050.0,False,15,209,19525.0
10350.0,5350.0,4725.0,1225.0,False,15,205,23825.0
625.0,-4375.0,225.0,2200.0,False,15,204,31700.0
5400.0,400.0,4150.0,1650.0,False,15,215,20325.0
5050.0,50.0,4400.0,1400.0,False,15,207,22350.0
7637.5,2637.5,4900.0,950.0,False,15,208,19575.0
2450.0,-2550.0,1550.0,2400.0,False,15,201,32050.0
7625.0,2625.0,5000.0,1550.0,False,15,208,29250.0
1900.0,-3100.0,1900.0,2000.0,False,15,205,21100.0
3550.0,-1450.0,1850.0,1825.0,False,15,205,30200.0
6325.0,1325.0,4825.0,1000.0,False,15,207,15925.0
5000.0,0.0,2875.0,2450.0,False,15,207,27100.0
7450.0,2450.0,4425.0,2500.0,False,15,206,27050.0
7512.5,2512.5,3925.0,900.0,False,15,204,17375.0
7500.0,2500.0,3762.5,1750.0,False,15,206,30350.0
5162.5,162.5,1000.0,1700.0,False,15,203,28225.0
6162.5,1162.5,4675.0,2250.0,False,15,210,21725.0
2250.0,-2750.0,1700.0,1850.0,False,15,207,34325.0
6675.0,1675.0,5000.0,1500.0,False,15,208,25900.0
3825.0,-1175.0,3537.5,1550.0,False,15,209,13300.0
8525.0,3525.0,4787.5,800.0,False,15,206,14900.0
5637.5,637.5,3962.5,1300.0,False,15,208,21725.0
10475.0,5475.0,4875.0,1000.0,False,15,206,23825.0
6850.0,1850.0,2687.5,1425.0,False,15,208,18650.0
-287.5,-5287.5,-287.5,3000.0,True,13,183,23975.0
9312.5,4312.5,4150.0,1500.0,False,15,208,23225.0
4462.5,-537.5,1775.0,1825.0,False,15,205,20225.0
8037.5,3037.5,3237.5,1800.0,False,15,204,29850.0
2475.0,-2525.0,737.5,1900.0,False,15,211,25375.0
5050.0,50.0,2612.5,3275.0,False,15,202,32375.0
3825.0,-1175.0,2600.0,1800.0,False,15,207,29550.0
9362.5,4362.5,3412.5,2200.0,False,15,209,23100.0
8850.0,3850.0,3875.0,800.0,False,15,204,17250.0
5875.0,875.0,4000.0,1175.0,False,15,208,19750.0
1250.0,-3750.0,1225.0,1300.0,False,15,207,17400.0
10150.0,5150.0,3912.5,1300.0,False,15,203,21925.0
6675.0,1675.0,4700.0,3250.0,False,15,210,25050.0
4562.5,-437.5,2862.5,2600.0,False,15,206,28375.0
2512.5,-2487.5,2187.5,1600.0,False,15,208,27200.0
5662.5,662.5,4762.5,1500.0,False,15,203,22500.0
2662.5,-2337.5,1337.5,2000.0,False,15,201,25675.0
4950.0,-50.0,3937.5,2200.0,False,15,205,20775.0
8137.5,3137.5,5000.0,1500.0,False,15,205,16950.0
5750.0,750.0,5000.0,525.0,False,15,199,13450.0
4800.0,-200.0,3750.0,1400.0,False,15,207,18900.0
6525.0,1525.0,4650.0,1400.0,False,15,207,23600.0
4312.5,-687.5,2362.5,1550.0,False,15,200,25575.0
5075.0,75.0,4587.5,1000.0,False,15,207,23675.0
4187.5,-812.5,3187.5,1200.0,False,15,202,22900.0
3912.5,-1087.5,1587.5,2500.0,False,15,203,26950.0
2787.5,-2212.5,2787.5,1100.0,False,15,203,14725.0
5625.0,625.0,4375.0,1475.0,False,15,206,17475.0
9037.5,4037.5,4575.0,1325.0,False,15,209,18525.0
1100.0,-3900.0,375.0,2825.0,False,15,204,16475.0
2650.0,-2350.0,1675.0,2150.0,False,15,203,28850.0
5100.0,100.0,4250.0,1000.0,False,15,205,15925.0
1100.0,-3900.0,100.0,1650.0,False,15,210,20225.0
5987.5,987.5,4487.5,1650.0,False,15,205,17475.0
0.0,-5000.0,0.0,1800.0,True,13,171,21025.0
5550.0,550.0,3875.0,600.0,False,15,208,13200.0
6712.5,1712.5,4350.0,1250.0,False,15,206,20325.0
5962.5,962.5,4375.0,2250.0,False,15,205,27000.0
6637.5,1637.5,4975.0,2800.0,False,15,205,25850.0
6337.5,1337.5,3950.0,1500.0,False,15,204,26075.0
5325.0,325.0,3037.5,1650.0,False,15,205,26125.0
3262.5,-1737.5,1100.0,1700.0,False,15,202,22525.0
3662.5,-1337.5,3100.0,1850.0,False,15,207,21675.0
8862.5,3862.5,4862.5,900.0,False,15,206,20925.0
2500.0,-2500.0,1700.0,3000.0,False,15,207,25500.0
3962.5,-1037.5,3137.5,2000.0,False,15,205,22000.0
6587.5,1587.5,4375.0,1600.0,False,15,209,23575.0
11600.0,6600.0,4775.0,800.0,False,15,208,25925.0
6137.5,1137.5,4350.0,1300.0,False,15,206,24950.0
6412.5,1412.5,4100.0,1300.0,False,15,204,22525.0
4125.0,-875.0,3437.5,1350.0,False,15,202,29375.0
6225.0,1225.0,2012.5,2150.0,False,15,203,23150.0
9112.5,4112.5,4750.0,850.0,False,15,203,16400.0
8737.5,3737.5,3725.0,1825.0,False,15,204,33675.0
7525.0,2525.0,1537.5,2400.0,False,15,208,33350.0
7825.0,2825.0,3375.0,1775.0,False,15,207,24175.0
6112.5,1112.5,3612.5,2475.0,False,15,208,24550.0
6987.5,1987.5,4125.0,1000.0,False,15,208,21450.0
5175.0,175.0,4175.0,1200.0,False,15,204,24800.0
10937.5,5937.5,4912.5,475.0,False,15,204,13500.0
10062.5,5062.5,3925.0,1750.0,False,15,209,29250.0
4950.0,-50.0,3725.0,2000.0,False,15,205,24750.0
2250.0,-2750.0,2112.5,2500.0,False,15,202,17900.0
5175.0,175.0,3900.0,1850.0,False,15,206,24875.0
12725.0,7725.0,4275.0,1500.0,False,15,202,29250.0
6100.0,1100.0,3875.0,1750.0,False,15,206,23950.0
5475.0,475.0,3200.0,1250.0,False,15,206,17925.0
8625.0,3625.0,4975.0,1300.0,False,15,204,23000.0
5675.0,675.0,2875.0,2200.0,False,15,209,23725.0
4000.0,-1000.0,1362.5,2762.5,False,15,208,26900.0
9225.0,4225.0,4162.5,900.0,False,15,207,22275.0
4687.5,-312.5,2850.0,1900.0,False,15,207,34325.0
5712.5,712.5,3112.5,1700.0,False,15,204,18775.0
4600.0,-400.0,1912.5,2100.0,False,15,202,30800.0
1612.5,-3387.5,1587.5,1600.0,False,15,206,18050.0
1012.5,-3987.5,562.5,2375.0,False,15,208,31075.0
9687.5,4687.5,4900.0,1950.0,False,15,208,36375.0
4025.0,-975.0,3275.0,1850.0,False,15,208,15850.0
6387.5,1387.5,3312.5,1300.0,False,15,205,19375.0
1850.0,-3150.0,1800.0,2375.0,False,15,206,16175.0
2212.5,-2787.5,2212.5,4525.0,False,15,210,23325.0
3612.5,-1387.5,2087.5,1700.0,False,15,204,19550.0
5575.0,575.0,4050.0,1300.0,False,15,208,17250.0
4350.0,-650.0,4325.0,2300.0,False,15,206,18200.0
8025.0,3025.0,4775.0,1025.0,False,15,207,16100.0
3475.0,-1525.0,2675.0,1900.0,False,15,204,20450.0
6637.5,1637.5,3150.0,1700.0,False,15,207,21225.0
2950.0,-2050.0,1250.0,2400.0,False,15,202,32525.0
5362.5,362.5,4550.0,1300.0,False,15,205,22300.0
1837.5,-3162.5,837.5,2900.0,False,15,202,31975.0
3487.5,-1512.5,3212.5,2262.5,False,15,200,19800.0
5687.5,687.5,3400.0,1450.0,False,15,204,22150.0
1112.5,-3887.5,1112.5,1700.0,False,15,205,20700.0
3300.0,-1700.0,1962.5,2200.0,False,15,209,17625.0
1300.0,-3700.0,1300.0,2425.0,False,15,206,24600.0
3000.0,-2000.0,625.0,2000.0,False,15,201,25175.0
9425.0,4425.0,4650.0,2125.0,False,15,205,28950.0
9637.5,4637.5,4575.0,1500.0,False,15,206,21450.0
9037.5,4037.5,4675.0,550.0,False,15,212,14000.0
7350.0,2350.0,4575.0,900.0,False,15,209,22075.0
2387.5,-2612.5,762.5,2400.0,False,15,206,19700.0
-50.0,-5050.0,-50.0,3500.0,True,6,80,12650.0
6675.0,1675.0,3162.5,1750.0,False,15,206,24300.0
7337.5,2337.5,4900.0,2250.0,False,15,204,15975.0
6862.5,1862.5,4575.0,1100.0,False,15,207,21825.0
8575.0,3575.0,4575.0,1900.0,False,15,209,34225.0
-175.0,-5175.0,-175.0,3250.0,True,15,205,20200.0
2650.0,-2350.0,2175.0,2450.0,False,15,208,16325.0
8875.0,3875.0,4950.0,1400.0,False,15,207,29650.0
9437.5,4437.5,4887.5,900.0,False,15,209,20025.0
8100.0,3100.0,3275.0,1725.0,False,15,205,32725.0
6037.5,1037.5,3400.0,2100.0,False,15,206,20375.0
1175.0,-3825.0,800.0,2550.0,False,15,208,25675.0
5287.5,287.5,3650.0,1750.0,False,15,207,23050.0
5250.0,250.0,2137.5,1600.0,False,15,206,15825.0
4362.5,-637.5,2162.5,2775.0,False,15,207,25625.0
1175.0,-3825.0,1175.0,2000.0,False,15,207,24925.0
9337.5,4337.5,4350.0,1550.0,False,15,204,27875.0
9475.0,4475.0,4575.0,1250.0,False,15,209,20175.0
6725.0,1725.0,4900.0,1250.0,False,15,210,17150.0
12712.5,7712.5,4762.5,2500.0,False,15,203,35225.0
7262.5,2262.5,4425.0,750.0,False,15,208,13650.0
1462.5,-3537.5,225.0,2500.0,False,15,205,28300.0
4300.0,-700.0,2400.0,2200.0,False,15,210,21950.0
1375.0,-3625.0,1200.0,2000.0,False,15,209,32500.0
2775.0,-2225.0,2562.5,2200.0,False,15,206,19650.0
3587.5,-1412.5,1687.5,2200.0,False,15,208,26800.0
5687.5,687.5,2487.5,1825.0,False,15,203,28725.0
3750.0,-1250.0,2100.0,1650.0,False,15,204,25725.0
6312.5,1312.5,4687.5,1250.0,False,15,205,23550.0
4812.5,-187.5,3475.0,1000.0,False,15,205,17125.0
4700.0,-300.0,4100.0,1500.0,False,15,204,18975.0
3362.5,-1637.5,1150.0,2400.0,False,15,207,35500.0
7550.0,2550.0,4312.5,2000.0,False,15,206,22850.0
3762.5,-1237.5,3737.5,2650.0,False,15,205,15525.0
7137.5,2137.5,4775.0,925.0,False,15,200,18500.0
5500.0,500.0,4087.5,2200.0,False,15,206,27450.0
5137.5,137.5,3362.5,1750.0,False,15,208,28150.0
5450.0,450.0,2775.0,2500.0,False,15,204,24225.0
5925.0,925.0,3700.0,1500.0,False,15,204,15025.0
4737.5,-262.5,1725.0,1500.0,False,15,203,24525.0
9125.0,4125.0,4975.0,1200.0,False,15,211,21650.0
7125.0,2125.0,4975.0,1550.0,False,15,210,20675.0
7875.0,2875.0,4725.0,1050.0,False,15,204,16750.0
7225.0,2225.0,4825.0,2000.0,False,15,201,26950.0
6525.0,1525.0,4112.5,1300.0,False,15,209,24450.0
3475.0,-1525.0,3387.5,1950.0,False,15,209,18700.0
1637.5,-3362.5,1637.5,2500.0,False,15,204,26650.0
4737.5,-262.5,4125.0,850.0,False,15,211,19225.0
5087.5,87.5,3437.5,1750.0,False,15,205,27950.0
5625.0,625.0,5000.0,900.0,False,15,204,14950.0
1887.5,-3112.5,562.5,1950.0,False,15,207,21250.0
2862.5,-2137.5,2650.0,2350.0,False,15,208,21225.0
8562.5,3562.5,4950.0,550.0,False,15,207,14775.0
5537.5,537.5,2712.5,1650.0,False,15,202,18350.0
-50.0,-5050.0,-50.0,2300.0,True,5,62,10475.0
4975.0,-25.0,3937.5,800.0,False,15,206,12375.0
-100.0,-5100.0,-100.0,3450.0,True,6,82,13650.0
5737.5,737.5,2850.0,1900.0,False,15,205,30875.0
9487.5,4487.5,4637.5,750.0,False,15,203,18350.0
7975.0,2975.0,4512.5,1550.0,False,15,203,26125.0
-50.0,-5050.0,-50.0,2850.0,True,14,192,29550.0
5987.5,987.5,4087.5,900.0,False,15,205,18050.0
-25.0,-5025.0,-25.0,2350.0,True,10,130,14800.0
3537.5,-1462.5,2925.0,2500.0,False,15,209,23100.0
5287.5,287.5,2712.5,2100.0,False,15,205,29875.0
3650.0,-1350.0,3525.0,1950.0,False,15,206,20000.0
4862.5,-137.5,3000.0,1500.0,False,15,206,23525.0
4712.5,-287.5,3900.0,1500.0,False,15,200,21175.0
5125.0,125.0,3262.5,2075.0,False,15,208,20150.0
5300.0,300.0,1475.0,1400.0,False,15,205,20600.0
6075.0,1075.0,3425.0,2225.0,False,15,209,28050.0
2675.0,-2325.0,2275.0,1900.0,False,15,204,21050.0
3825.0,-1175.0,1637.5,2475.0,False,15,209,18275.0
4412.5,-587.5,4387.5,3550.0,False,15,206,22950.0
4012.5,-987.5,3237.5,2325.0,False,15,207,22600.0
887.5,-4112.5,762.5,2500.0,False,15,207,29700.0
3962.5,-1037.5,3100.0,1750.0,False,15,205,24800.0
4512.5,-487.5,3962.5,2500.0,False,15,208,30450.0
8012.5,3012.5,4437.5,1450.0,False,15,202,18825.0
3325.0,-1675.0,2500.0,1900.0,False,15,206,27575.0
5725.0,725.0,4100.0,1500.0,False,15,200,30475.0
6800.0,1800.0,2912.5,900.0,False,15,206,18075.0
4100.0,-900.0,3100.0,2000.0,False,15,205,23800.0
8250.0,3250.0,4025.0,2050.0,False,15,206,21125.0
10125.0,5125.0,4925.0,1400.0,False,15,211,16475.0
5300.0,300.0,3400.0,3300.0,False,15,201,36825.0
10325.0,5325.0,4550.0,2000.0,False,15,208,24375.0
3137.5,-1862.5,2637.5,2725.0,False,15,208,22050.0
7362.5,2362.5,4787.5,1550.0,False,15,209,24275.0
4512.5,-487.5,4200.0,1000.0,False,15,208,16350.0
6475.0,1475.0,4950.0,1075.0,False,15,207,16075.0
9887.5,4887.5,4812.5,1000.0,False,15,203,27200.0
6287.5,1287.5,3375.0,2700.0,False,15,203,21175.0
2412.5,-2587.5,137.5,3750.0,False,15,201,28750.0
8100.0,3100.0,3900.0,1000.0,False,15,208,19425.0
5037.5,37.5,2612.5,1575.0,False,15,209,20800.0
-325.0,-5325.0,-325.0,3325.0,True,14,192,25950.0
4775.0,-225.0,3112.5,1200.0,False,15,209,17875.0
4062.5,-937.5,3487.5,2250.0,False,15,200,17900.0
5062.5,62.5,4825.0,1750.0,False,15,205,18350.0
3387.5,-1612.5,2987.5,2000.0,False,15,208,24950.0
7587.5,2587.5,4225.0,800.0,False,15,207,16350.0
4487.5,-512.5,3475.0,2000.0,False,15,205,22850.0
-137.5,-5137.5,-137.5,1887.5,True,6,83,12250.0
1275.0,-3725.0,500.0,2000.0,False,15,210,30625.0
3787.5,-1212.5,3787.5,2000.0,False,15,207,27450.0
7287.5,2287.5,3087.5,1500.0,False,15,205,21250.0
5937.5,937.5,2962.5,1800.0,False,15,201,25000.0
10112.5,5112.5,4975.0,1500.0,False,15,205,26425.0
4675.0,-325.0,4612.5,1500.0,False,15,206,18350.0
1887.5,-3112.5,1625.0,1850.0,False,15,206,13550.0
5262.5,262.5,2387.5,2250.0,False,15,205,21700.0
6475.0,1475.0,4675.0,2950.0,False,15,208,29175.0
6712.5,1712.5,4237.5,1375.0,False,15,205,25975.0
5537.5,537.5,3812.5,1162.5,False,15,204,24300.0
6375.0,1375.0,3500.0,2000.0,False,15,206,27225.0
9512.5,4512.5,4600.0,1400.0,False,15,205,16100.0
6400.0,1400.0,3650.0,1725.0,False,15,206,33650.0
5350.0,350.0,3125.0,1300.0,False,15,211,15625.0
4750.0,-250.0,4375.0,2450.0,False,15,205,26975.0
4912.5,-87.5,3787.5,1375.0,False,15,205,18500.0
5762.5,762.5,3662.5,1000.0,False,15,207,23450.0
7562.5,2562.5,4000.0,1825.0,False,15,207,30250.0
3312.5,-1687.5,3312.5,2500.0,False,15,205,25950.0
6087.5,1087.5,3662.5,1600.0,False,15,210,17175.0
4775.0,-225.0,2987.5,1750.0,False,15,206,17225.0
2737.5,-2262.5,1662.5,2500.0,False,15,208,17500.0
6862.5,1862.5,4400.0,1750.0,False,15,204,29975.0
2362.5,-2637.5,1625.0,3100.0,False,15,212,17100.0
7287.5,2287.5,4425.0,800.0,False,15,208,15625.0
6675.0,1675.0,1337.5,3800.0,False,15,205,29250.0
6437.5,1437.5,3150.0,1950.0,False,15,209,28400.0
4025.0,-975.0,3625.0,1800.0,False,15,209,16600.0
5750.0,750.0,3550.0,2250.0,False,15,213,20100.0
4837.5,-162.5,3287.5,1450.0,False,15,209,20475.0
2450.0,-2550.0,975.0,2300.0,False,15,209,23350.0
8075.0,3075.0,4950.0,2250.0,False,15,209,21150.0
3287.5,-1712.5,3262.5,2600.0,False,15,211,28375.0
8587.5,3587.5,4975.0,500.0,False,15,207,13775.0
5875.0,875.0,4025.0,800.0,False,15,205,12700.0
5762.5,762.5,4437.5,925.0,False,15,202,20375.0
6062.5,1062.5,4275.0,1600.0,False,15,206,26325.0
2912.5,-2087.5,1700.0,2950.0,False,15,203,20775.0
575.0,-4425.0,275.0,2012.5,False,15,205,26100.0
4237.5,-762.5,1887.5,2500.0,False,15,209,29375.0
11675.0,6675.0,5000.0,1500.0,False,15,203,29150.0
7312.5,2312.5,4550.0,1725.0,False,15,207,27075.0
3975.0,-1025.0,3087.5,3000.0,False,15,208,21775.0
3475.0,-1525.0,1812.5,1450.0,False,15,206,15600.0
6075.0,1075.0,3787.5,1000.0,False,15,205,23025.0
-150.0,-5150.0,-150.0,2700.0,True,5,63,11675.0
3025.0,-1975.0,1975.0,1875.0,False,15,206,17525.0
3150.0,-1850.0,3150.0,3050.0,False,15,208,32225.0
8925.0,3925.0,4562.5,1400.0,False,15,202,25625.0
6662.5,1662.5,5000.0,1200.0,False,15,209,25900.0
8550.0,3550.0,4900.0,500.0,False,15,209,15050.0
9487.5,4487.5,4762.5,1800.0,False,15,208,30925.0
6237.5,1237.5,4037.5,2025.0,False,15,199,17550.0
5637.5,637.5,4350.0,1500.0,False,15,213,14425.0
11125.0,6125.0,4762.5,1200.0,False,15,207,24025.0
6950.0,1950.0,4975.0,2975.0,False,15,208,26750.0
12687.5,7687.5,3925.0,1075.0,False,15,207,35150.0
5300.0,300.0,2637.5,2000.0,False,15,209,24800.0
9750.0,4750.0,4875.0,1200.0,False,15,208,15275.0
8287.5,3287.5,5000.0,900.0,False,15,208,22950.0
8175.0,3175.0,4037.5,1550.0,False,15,204,24525.0
5237.5,237.5,4087.5,1275.0,False,15,208,16625.0
1575.0,-3425.0,1550.0,2975.0,False,15,207,45200.0
5650.0,650.0,4250.0,800.0,False,15,211,20175.0
-37.5,-5037.5,-37.5,2450.0,True,13,180,17875.0
3862.5,-1137.5,3362.5,1950.0,False,15,206,26225.0
6450.0,1450.0,4950.0,1925.0,False,15,204,19700.0
11075.0,6075.0,4737.5,1200.0,False,15,206,27150.0
4212.5,-787.5,3350.0,1150.0,False,15,207,13475.0
-312.5,-5312.5,-312.5,2000.0,True,15,192,27275.0
1387.5,-3612.5,1387.5,2200.0,False,15,205,21475.0
8850.0,3850.0,4900.0,2225.0,False,15,208,25225.0
6400.0,1400.0,3175.0,925.0,False,15,205,16025.0
4662.5,-337.5,4550.0,1600.0,False,15,207,27850.0
4925.0,-75.0,1575.0,1600.0,False,15,207,34225.0
6675.0,1675.0,4475.0,1900.0,False,15,204,25775.0
4437.5,-562.5,1975.0,2000.0,False,15,211,28625.0
9812.5,4812.5,4250.0,1325.0,False,15,209,28300.0
1887.5,-3112.5,1762.5,2900.0,False,15,207,18975.0
3700.0,-1300.0,2200.0,2975.0,False,15,206,26650.0
10287.5,5287.5,4825.0,1600.0,False,15,207,22450.0
3312.5,-1687.5,1000.0,3050.0,False,15,208,21650.0
2775.0,-2225.0,1087.5,1950.0,False,15,205,22875.0
2262.5,-2737.5,1275.0,2900.0,False,15,207,20300.0
4125.0,-875.0,1062.5,2600.0,False,15,210,24875.0
10862.5,5862.5,4925.0,1800.0,False,15,206,26825.0
4787.5,-212.5,2437.5,2300.0,False,15,205,26450.0
7412.5,2412.5,4900.0,1400.0,False,15,209,17225.0
8562.5,3562.5,1800.0,2500.0,False,15,206,26725.0
3062.5,-1937.5,62.5,3700.0,False,15,202,23775.0
7362.5,2362.5,3675.0,1200.0,False,15,203,26825.0
5687.5,687.5,3175.0,1825.0,False,15,205,28200.0
7512.5,2512.5,1975.0,3300.0,False,15,204,28375.0
6050.0,1050.0,4625.0,1450.0,False,15,208,31900.0
4900.0,-100.0,3712.5,1000.0,False,15,213,13575.0
9162.5,4162.5,3925.0,1300.0,False,15,207,23350.0
4950.0,-50.0,4537.5,750.0,False,15,210,16500.0
5212.5,212.5,2787.5,2350.0,False,15,207,28250.0
7587.5,2587.5,3612.5,1325.0,False,15,208,27175.0
4812.5,-187.5,900.0,2625.0,False,15,206,27100.0
7912.5,2912.5,4850.0,2000.0,False,15,204,22550.0
7662.5,2662.5,4700.0,1200.0,False,15,208,21625.0
9275.0,4275.0,2800.0,1000.0,False,15,204,26950.0
4650.0,-350.0,3900.0,1200.0,False,15,205,10500.0
3712.5,-1287.5,3712.5,1500.0,False,15,206,16525.0
1750.0,-3250.0,900.0,2650.0,False,15,204,37675.0
4225.0,-775.0,2425.0,2150.0,False,15,204,35325.0
3175.0,-1825.0,3125.0,1775.0,False,15,207,26875.0
2262.5,-2737.5,1537.5,2750.0,False,15,208,20875.0
8750.0,3750.0,4287.5,2000.0,False,15,212,23325.0
7462.5,2462.5,4700.0,1900.0,False,15,207,23650.0
5800.0,800.0,3325.0,1300.0,False,15,205,20425.0
6012.5,1012.5,3700.0,2300.0,False,15,205,24125.0
8000.0,3000.0,4925.0,1200.0,False,15,206,22500.0
6362.5,1362.5,4137.5,900.0,False,15,208,21300.0
11025.0,6025.0,3950.0,1700.0,False,15,205,37125.0
3862.5,-1137.5,2375.0,1300.0,False,15,206,20975.0
-112.5,-5112.5,-112.5,2850.0,True,10,126,14900.0
3575.0,-1425.0,2425.0,1075.0,False,15,202,26075.0
3612.5,-1387.5,2662.5,3000.0,False,15,207,23400.0
3425.0,-1575.0,2900.0,2200.0,False,15,211,26025.0
3037.5,-1962.5,3025.0,925.0,False,15,204,12300.0
13037.5,8037.5,4850.0,1600.0,False,15,207,27500.0
5537.5,537.5,3550.0,2250.0,False,15,205,19050.0
2187.5,-2812.5,1850.0,2050.0,False,15,207,22950.0
-37.5,-5037.5,-37.5,2450.0,True,12,161,16550.0
1600.0,-3400.0,1350.0,2525.0,False,15,204,20275.0
5337.5,337.5,4562.5,2100.0,False,15,208,18500.0
5300.0,300.0,4112.5,1450.0,False,15,210,15025.0
4812.5,-187.5,3375.0,4000.0,False,15,205,25275.0
7500.0,2500.0,2825.0,1800.0,False,15,209,34925.0
4525.0,-475.0,3512.5,1800.0,False,15,205,33875.0
3875.0,-1125.0,3700.0,1500.0,False,15,203,14125.0
4425.0,-575.0,2625.0,2400.0,False,15,206,26550.0
4075.0,-925.0,1300.0,1675.0,False,15,207,23575.0
1975.0,-3025.0,612.5,2450.0,False,15,205,25625.0
10787.5,5787.5,3187.5,2600.0,False,15,201,39325.0
2862.5,-2137.5,2837.5,2000.0,False,15,205,24000.0
8512.5,3512.5,3837.5,1600.0,False,15,207,26600.0
2600.0,-2400.0,2600.0,3250.0,False,15,206,21900.0
4525.0,-475.0,4025.0,3100.0,False,15,209,26450.0
4850.0,-150.0,2450.0,2200.0,False,15,205,26200.0
6275.0,1275.0,3900.0,2000.0,False,15,205,38450.0
8275.0,3275.0,4300.0,1125.0,False,15,205,27225.0
3100.0,-1900.0,2137.5,1125.0,False,15,208,22125.0
5850.0,850.0,4475.0,575.0,False,15,209,10825.0
8375.0,3375.0,4750.0,1400.0,False,15,205,24450.0
8000.0,3000.0,4575.0,500.0,False,15,202,13875.0
3625.0,-1375.0,2725.0,2450.0,False,15,209,24900.0
6587.5,1587.5,4150.0,1425.0,False,15,202,31050.0
2175.0,-2825.0,1075.0,2350.0,False,15,206,21250.0
13725.0,8725.0,4387.5,1300.0,False,15,209,35775.0
6575.0,1575.0,4300.0,1250.0,False,15,205,15700.0
6400.0,1400.0,4762.5,1500.0,False,15,206,18075.0
4175.0,-825.0,2462.5,1900.0,False,15,207,16750.0
10700.0,5700.0,3375.0,2100.0,False,15,204,40250.0
5025.0,25.0,3500.0,1500.0,False,15,208,19950.0
5525.0,525.0,4650.0,750.0,False,15,204,19125.0
10625.0,5625.0,4950.0,1000.0,False,15,203,27675.0
7675.0,2675.0,4950.0,1900.0,False,15,206,33100.0
-312.5,-5312.5,-312.5,1750.0,True,13,176,26100.0
2225.0,-2775.0,1625.0,2100.0,False,15,207,18850.0
8825.0,3825.0,4875.0,1850.0,False,15,209,20975.0
8100.0,3100.0,4975.0,900.0,False,15,201,13125.0
4162.5,-837.5,3575.0,1350.0,False,15,207,14050.0
5612.5,612.5,2187.5,2100.0,False,15,206,29800.0
4600.0,-400.0,4525.0,1500.0,False,15,209,22925.0
7312.5,2312.5,4287.5,2500.0,False,15,206,34500.0
6412.5,1412.5,4900.0,1250.0,False,15,203,24225.0
4275.0,-725.0,1075.0,2350.0,False,15,210,24150.0
8337.5,3337.5,4675.0,1000.0,False,15,206,26400.0
4312.5,-687.5,3312.5,1800.0,False,15,206,17175.0
7875.0,2875.0,4800.0,1600.0,False,15,202,25000.0
7012.5,2012.5,3500.0,2500.0,False,15,204,26300.0
3800.0,-1200.0,2037.5,2500.0,False,15,209,27025.0
5237.5,237.5,4762.5,1500.0,False,15,208,18975.0
7575.0,2575.0,4425.0,1250.0,False,15,204,21925.0
-37.5,-5037.5,-37.5,3200.0,True,7,94,14450.0
5587.5,587.5,4200.0,2750.0,False,15,208,28125.0
11350.0,6350.0,4662.5,1650.0,False,15,208,40500.0
4200.0,-800.0,3925.0,825.0,False,15,209,14150.0
9900.0,4900.0,4950.0,3550.0,False,15,204,34650.0
6050.0,1050.0,4437.5,1600.0,False,15,206,21975.0
5100.0,100.0,1450.0,2300.0,False,15,202,32900.0
8525.0,3525.0,4537.5,2000.0,False,15,211,23850.0
2650.0,-2350.0,1200.0,1800.0,False,15,205,25175.0
6125.0,1125.0,4825.0,1100.0,False,15,207,14950.0
8300.0,3300.0,3425.0,2300.0,False,15,207,19950.0
6587.5,1587.5,5000.0,2650.0,False,15,208,22475.0
5150.0,150.0,1825.0,1400.0,False,15,206,23100.0
7637.5,2637.5,2900.0,1750.0,False,15,206,29025.0
850.0,-4150.0,350.0,2600.0,False,15,207,29250.0
7425.0,2425.0,4250.0,2000.0,False,15,209,28975.0
625.0,-4375.0,625.0,1550.0,False,15,208,18925.0
5450.0,450.0,3575.0,1800.0,False,15,208,24325.0
1825.0,-3175.0,1600.0,2375.0,False,15,207,23350.0
7237.5,2237.5,2275.0,1700.0,False,15,206,23475.0
5512.5,512.5,4975.0,1800.0,False,15,210,25000.0
5012.5,12.5,2350.0,2000.0,False,15,206,23275.0
9125.0,4125.0,4200.0,1100.0,False,15,208,19225.0
11737.5,6737.5,5000.0,900.0,False,15,204,23325.0
1800.0,-3200.0,575.0,1650.0,False,15,204,27200.0
7200.0,2200.0,4700.0,1250.0,False,15,207,28350.0
7175.0,2175.0,4875.0,1187.5,False,15,204,24275.0
4087.5,-912.5,3025.0,1675.0,False,15,206,14050.0
5625.0,625.0,4275.0,1225.0,False,15,210,13100.0
-312.5,-5312.5,-312.5,3850.0,True,13,167,24000.0
2700.0,-2300.0,587.5,1550.0,False,15,204,22050.0
3175.0,-1825.0,1900.0,1475.0,False,15,210,28850.0
9912.5,4912.5,4937.5,1000.0,False,15,207,27325.0
3362.5,-1637.5,2925.0,1125.0,False,15,207,12075.0
7387.5,2387.5,4850.0,1000.0,False,15,205,18275.0
7025.0,2025.0,3937.5,1750.0,False,15,207,23725.0
5600.0,600.0,3812.5,1300.0,False,15,212,23250.0
6925.0,1925.0,3700.0,1300.0,False,15,206,28050.0
3237.5,-1762.5,2350.0,1500.0,False,15,207,13175.0
10512.5,5512.5,4950.0,1400.0,False,15,207,21750.0
5375.0,375.0,3362.5,1050.0,False,15,208,23400.0
3150.0,-1850.0,3150.0,1500.0,False,15,205,21850.0
10012.5,5012.5,4687.5,500.0,False,15,203,18600.0
5425.0,425.0,4112.5,875.0,False,15,208,16850.0
2525.0,-2475.0,2525.0,3850.0,False,15,205,32650.0
4975.0,-25.0,2075.0,2725.0,False,15,209,20750.0
-37.5,-5037.5,-37.5,3450.0,True,5,55,15275.0
5050.0,50.0,3187.5,1100.0,False,15,208,19175.0
1762.5,-3237.5,1475.0,1900.0,False,15,202,30150.0
4162.5,-837.5,1975.0,1325.0,False,15,210,22775.0
7087.5,2087.5,4850.0,1700.0,False,15,205,30500.0
1862.5,-3137.5,1487.5,2650.0,False,15,205,20700.0
2937.5,-2062.5,2912.5,1925.0,False,15,210,22100.0
2375.0,-2625.0,612.5,1750.0,False,15,211,19525.0
5750.0,750.0,4300.0,3000.0,False,15,211,30075.0
3937.5,-1062.5,2862.5,3300.0,False,15,206,28150.0
2212.5,-2787.5,2137.5,900.0,False,15,207,14350.0
9387.5,4387.5,4650.0,1800.0,False,15,207,37800.0
-362.5,-5362.5,-362.5,4050.0,True,14,188,32425.0
6837.5,1837.5,3362.5,1125.0,False,15,206,17725.0
6125.0,1125.0,4275.0,1900.0,False,15,208,26975.0
8675.0,3675.0,4225.0,700.0,False,15,207,22075.0
10250.0,5250.0,4975.0,1300.0,False,15,209,27150.0
4612.5,-387.5,4275.0,2900.0,False,15,208,27325.0
2100.0,-2900.0,1687.5,1600.0,False,15,207,31425.0
6900.0,1900.0,4875.0,1200.0,False,15,209,20400.0
6062.5,1062.5,3100.0,2450.0,False,15,208,23625.0
8600.0,3600.0,4525.0,1350.0,False,15,203,30825.0
9250.0,4250.0,4287.5,1300.0,False,15,202,21925.0
8362.5,3362.5,4900.0,1350.0,False,15,200,21050.0
7337.5,2337.5,3487.5,1300.0,False,15,202,18000.0
2900.0,-2100.0,2562.5,3000.0,False,15,205,33900.0
7987.5,2987.5,4725.0,1300.0,False,15,203,25525.0
6475.0,1475.0,4862.5,1300.0,False,15,203,17250.0
4475.0,-525.0,4350.0,1350.0,False,15,209,21600.0
8350.0,3350.0,4550.0,1550.0,False,15,205,24075.0
5075.0,75.0,3675.0,1225.0,False,15,210,22875.0
-425.0,-5425.0,-425.0,2800.0,True,14,190,26350.0
2312.5,-2687.5,1887.5,2450.0,False,15,207,20275.0
7762.5,2762.5,3625.0,1900.0,False,15,208,26850.0
5500.0,500.0,4412.5,1275.0,False,15,205,21125.0
3975.0,-1025.0,1425.0,2500.0,False,15,206,43775.0
8537.5,3537.5,2850.0,2125.0,False,15,207,28125.0
-150.0,-5150.0,-150.0,2100.0,True,7,90,15300.0
6212.5,1212.5,4950.0,1700.0,False,15,206,22075.0
7250.0,2250.0,4675.0,800.0,False,15,204,16900.0
8000.0,3000.0,3487.5,1500.0,False,15,207,24175.0
-275.0,-5275.0,-275.0,3550.0,True,10,125,19525.0
4962.5,-37.5,4112.5,850.0,False,15,211,12525.0
7575.0,2575.0,4875.0,950.0,False,15,208,16325.0
6950.0,1950.0,4775.0,925.0,False,15,206,18550.0
6612.5,1612.5,4475.0,1650.0,False,15,209,20475.0
9512.5,4512.5,5000.0,1200.0,False,15,205,20850.0
6250.0,1250.0,3675.0,1150.0,False,15,207,23150.0
4837.5,-162.5,1975.0,1300.0,False,15,204,28725.0
5562.5,562.5,4300.0,1100.0,False,15,207,16675.0
6375.0,1375.0,2225.0,2550.0,False,15,208,30175.0
4225.0,-775.0,3637.5,1900.0,False,15,206,20525.0
7637.5,2637.5,4825.0,1200.0,False,15,207,18475.0
7200.0,2200.0,4675.0,1025.0,False,15,209,17125.0
6712.5,1712.5,3250.0,1675.0,False,15,208,31175.0
11862.5,6862.5,4612.5,2100.0,False,15,203,27775.0
4612.5,-387.5,4162.5,1100.0,False,15,206,17225.0
6025.0,1025.0,3337.5,2000.0,False,15,208,23500.0
6650.0,1650.0,4550.0,650.0,False,15,205,13475.0
6175.0,1175.0,3837.5,1200.0,False,15,211,23625.0
12425.0,7425.0,4412.5,1500.0,False,15,203,32950.0
6837.5,1837.5,2950.0,2000.0,False,15,206,34300.0
7400.0,2400.0,3987.5,1275.0,False,15,202,26925.0
8500.0,3500.0,3712.5,2150.0,False,15,210,29175.0
12187.5,7187.5,3725.0,1600.0,False,15,200,30800.0
3975.0,-1025.0,3900.0,700.0,False,15,203,12225.0
6575.0,1575.0,4900.0,2150.0,False,15,208,28875.0
4225.0,-775.0,1987.5,1400.0,False,15,208,31350.0
6637.5,1637.5,3987.5,1700.0,False,15,207,17175.0
6137.5,1137.5,4187.5,1300.0,False,15,208,22525.0
4362.5,-637.5,3487.5,1725.0,False,15,205,22025.0
2500.0,-2500.0,1750.0,1750.0,False,15,203,19825.0
6812.5,1812.5,4612.5,1300.0,False,15,205,20100.0
6137.5,1137.5,4800.0,2350.0,False,15,202,26150.0
6687.5,1687.5,3900.0,1500.0,False,15,206,21725.0
2275.0,-2725.0,1700.0,1700.0,False,15,207,19825.0
6537.5,1537.5,4100.0,900.0,False,15,206,15100.0
8062.5,3062.5,4850.0,1375.0,False,15,201,21950.0
3775.0,-1225.0,3050.0,2500.0,False,15,201,23250.0
6737.5,1737.5,4462.5,750.0,False,15,204,17500.0
7200.0,2200.0,3087.5,2125.0,False,15,210,46600.0
6125.0,1125.0,3212.5,1900.0,False,15,206,29500.0
8450.0,3450.0,4912.5,1925.0,False,15,205,32475.0
9100.0,4100.0,2725.0,1000.0,False,15,204,24950.0
4212.5,-787.5,1587.5,2900.0,False,15,206,34800.0
3712.5,-1287.5,3212.5,2500.0,False,15,205,35425.0
2112.5,-2887.5,800.0,1850.0,False,15,212,28150.0
6912.5,1912.5,3250.0,1000.0,False,15,209,19800.0
4487.5,-512.5,3600.0,1500.0,False,15,204,24350.0
4500.0,-500.0,4262.5,1700.0,False,15,209,21700.0
3837.5,-1162.5,1362.5,1250.0,False,15,207,22100.0
8512.5,3512.5,4837.5,850.0,False,15,204,21775.0
5362.5,362.5,3375.0,1800.0,False,15,207,19600.0
7025.0,2025.0,4162.5,625.0,False,15,207,12925.0
6250.0,1250.0,3900.0,1350.0,False,15,203,30425.0
5450.0,450.0,4725.0,1475.0,False,15,203,31675.0
3487.5,-1512.5,3487.5,1775.0,False,15,206,25525.0
4325.0,-675.0,2050.0,1400.0,False,15,213,27975.0
7612.5,2612.5,4987.5,1550.0,False,15,202,21775.0
5825.0,825.0,4325.0,2650.0,False,15,206,22450.0
4712.5,-287.5,1987.5,2850.0,False,15,204,23825.0
12550.0,7550.0,4975.0,750.0,False,15,203,25600.0
3475.0,-1525.0,2400.0,1800.0,False,15,209,13100.0
4187.5,-812.5,3850.0,2700.0,False,15,204,22775.0
4037.5,-962.5,2012.5,2450.0,False,15,206,24350.0
7200.0,2200.0,4562.5,3700.0,False,15,202,28550.0
8562.5,3562.5,4800.0,1625.0,False,15,207,24100.0
5137.5,137.5,4875.0,800.0,False,15,207,12925.0
5512.5,512.5,4100.0,1325.0,False,15,209,17875.0
7800.0,2800.0,3262.5,1150.0,False,15,207,17450.0
9500.0,4500.0,5000.0,2200.0,False,15,207,26750.0
4075.0,-925.0,2075.0,1400.0,False,15,207,25075.0
4162.5,-837.5,2912.5,2300.0,False,15,215,19350.0
7162.5,2162.5,4100.0,1800.0,False,15,207,25575.0
1737.5,-3262.5,1737.5,2700.0,False,15,208,22450.0
4837.5,-162.5,2475.0,2600.0,False,15,208,35100.0
2800.0,-2200.0,1800.0,1525.0,False,15,205,20600.0
7825.0,2825.0,4475.0,1425.0,False,15,210,33550.0
4337.5,-662.5,3275.0,1800.0,False,15,206,28075.0
2712.5,-2287.5,2700.0,3350.0,False,15,210,28300.0
4025.0,-975.0,2737.5,1112.5,False,15,203,26000.0
7625.0,2625.0,4925.0,1650.0,False,15,205,30050.0
2637.5,-2362.5,1537.5,2275.0,False,15,207,17225.0
5487.5,487.5,4850.0,2375.0,False,15,206,22850.0
4900.0,-100.0,3575.0,2500.0,False,15,209,26975.0
6512.5,1512.5,4750.0,1400.0,False,15,208,17375.0
6262.5,1262.5,4750.0,800.0,False,15,210,15950.0
5087.5,87.5,2950.0,1850.0,False,15,210,29050.0
4875.0,-125.0,4175.0,3000.0,False,15,207,24600.0
5712.5,712.5,3537.5,1800.0,False,15,203,22825.0
5762.5,762.5,3575.0,1650.0,False,15,205,25650.0
5162.5,162.5,3962.5,1000.0,False,15,206,16775.0
4987.5,-12.5,4262.5,1400.0,False,15,207,27650.0
2725.0,-2275.0,1087.5,1800.0,False,15,202,28975.0
2550.0,-2450.0,1525.0,3150.0,False,15,203,39200.0
-50.0,-5050.0,-50.0,3250.0,True,9,121,16350.0
4337.5,-662.5,1150.0,3825.0,False,15,205,28125.0
10837.5,5837.5,4975.0,2300.0,False,15,203,25800.0
9125.0,4125.0,4875.0,1500.0,False,15,203,29025.0
1787.5,-3212.5,1762.5,1625.0,False,15,208,17600.0
6987.5,1987.5,4825.0,600.0,False,15,205,16075.0
2637.5,-2362.5,975.0,2275.0,False,15,209,21150.0
10550.0,5550.0,4350.0,1250.0,False,15,207,23650.0
1087.5,-3912.5,212.5,2500.0,False,15,201,30550.0
9950.0,4950.0,4825.0,2600.0,False,15,206,38675.0
7575.0,2575.0,4850.0,1750.0,False,15,209,21325.0
6200.0,1200.0,4350.0,2500.0,False,15,205,25675.0
7325.0,2325.0,4012.5,850.0,False,15,210,22725.0
7887.5,2887.5,4912.5,900.0,False,15,208,15650.0
7187.5,2187.5,2562.5,3500.0,False,15,203,33925.0
-25.0,-5025.0,-25.0,2225.0,False,15,207,22275.0
2400.0,-2600.0,2400.0,1025.0,False,15,206,22175.0
6925.0,1925.0,4975.0,1200.0,False,15,212,18350.0
7862.5,2862.5,4212.5,1750.0,False,15,210,28000.0
6487.5,1487.5,3187.5,1775.0,False,15,206,22075.0
6662.5,1662.5,1900.0,2900.0,False,15,206,28275.0
6550.0,1550.0,3287.5,1500.0,False,15,208,33900.0
12400.0,7400.0,4825.0,1600.0,False,15,208,27875.0
5050.0,50.0,2775.0,1850.0,False,15,206,23250.0
8137.5,3137.5,4125.0,2200.0,False,15,206,28875.0
4987.5,-12.5,2887.5,1750.0,False,15,207,27950.0
5162.5,162.5,2712.5,2150.0,False,15,207,15575.0
-37.5,-5037.5,-37.5,3250.0,True,8,106,21650.0
4600.0,-400.0,4025.0,1525.0,False,15,204,22825.0
11537.5,6537.5,4325.0,1000.0,False,15,208,31600.0
7075.0,2075.0,4625.0,1900.0,False,15,202,24525.0
2625.0,-2375.0,2112.5,2500.0,False,15,207,23800.0
8037.5,3037.5,4950.0,1350.0,False,15,206,19675.0
7325.0,2325.0,4087.5,1250.0,False,15,206,21125.0
3275.0,-1725.0,1400.0,2000.0,False,15,203,31900.0
2337.5,-2662.5,1962.5,2600.0,False,15,207,20875.0
3950.0,-1050.0,2762.5,2800.0,False,15,207,26750.0
7587.5,2587.5,3562.5,1500.0,False,15,207,24675.0
6712.5,1712.5,3900.0,1000.0,False,15,206,13800.0
3387.5,-1612.5,2287.5,2700.0,False,15,207,24650.0
2050.0,-2950.0,1550.0,2850.0,False,15,207,39350.0
1475.0,-3525.0,1162.5,2700.0,False,15,210,26825.0
10525.0,5525.0,4537.5,1000.0,False,15,206,25100.0
2337.5,-2662.5,837.5,2100.0,False,15,204,31550.0
737.5,-4262.5,75.0,3000.0,False,15,207,22025.0
5887.5,887.5,4687.5,900.0,False,15,204,11100.0
1112.5,-3887.5,1112.5,2025.0,False,15,205,25850.0
1212.5,-3787.5,1212.5,2000.0,False,15,206,31000.0
-425.0,-5425.0,-425.0,2775.0,True,12,151,20150.0
5937.5,937.5,4425.0,1075.0,False,15,205,17800.0
10987.5,5987.5,4125.0,1000.0,False,15,205,19475.0
8662.5,3662.5,4887.5,2000.0,False,15,207,21900.0
8912.5,3912.5,2462.5,1500.0,False,15,207,18575.0
2800.0,-2200.0,1562.5,2550.0,False,15,209,22600.0
7675.0,2675.0,4937.5,1000.0,False,15,210,22550.0
1112.5,-3887.5,200.0,1925.0,False,15,202,35200.0
3900.0,-1100.0,3025.0,1900.0,False,15,209,17175.0
1737.5,-3262.5,1612.5,2250.0,False,15,207,24500.0
5712.5,712.5,4162.5,1250.0,False,15,203,29400.0
5750.0,750.0,4775.0,2900.0,False,15,203,30100.0
7212.5,2212.5,4450.0,1400.0,False,15,204,18650.0
8125.0,3125.0,3175.0,1350.0,False,15,201,29275.0
5500.0,500.0,4975.0,1900.0,False,15,200,19550.0
4487.5,-512.5,1987.5,3550.0,False,15,202,31075.0
2087.5,-2912.5,1987.5,2300.0,False,15,204,25325.0
5175.0,175.0,4062.5,1175.0,False,15,208,15475.0
5012.5,12.5,4250.0,1225.0,False,15,209,27775.0
11125.0,6125.0,4375.0,1050.0,False,15,208,22525.0
5312.5,312.5,3425.0,1800.0,False,15,208,31450.0
9925.0,4925.0,4200.0,1500.0,False,15,205,30350.0
7875.0,2875.0,3262.5,1500.0,False,15,207,24200.0
6800.0,1800.0,3425.0,2300.0,False,15,210,26550.0
8025.0,3025.0,4525.0,1500.0,False,15,210,22850.0
6437.5,1437.5,4475.0,850.0,False,15,209,16675.0
7662.5,2662.5,4975.0,1100.0,False,15,206,17425.0
2687.5,-2312.5,2687.5,2075.0,False,15,207,28425.0
9012.5,4012.5,3200.0,2550.0,False,15,207,24000.0
5562.5,562.5,4375.0,775.0,False,15,206,17375.0
8050.0,3050.0,5000.0,750.0,False,15,206,17500.0
7862.5,2862.5,4875.0,1600.0,False,15,207,28600.0
9887.5,4887.5,4775.0,1000.0,False,15,210,21100.0
3287.5,-1712.5,2687.5,2300.0,False,15,206,34550.0
5850.0,850.0,4300.0,1150.0,False,15,207,24550.0
9525.0,4525.0,4275.0,1900.0,False,15,204,32250.0
3800.0,-1200.0,2825.0,1800.0,False,15,206,18300.0
2975.0,-2025.0,2975.0,1500.0,False,15,208,18400.0
5462.5,462.5,4400.0,1325.0,False,15,208,26975.0
3762.5,-1237.5,3562.5,1350.0,False,15,206,18425.0
5612.5,612.5,3962.5,1400.0,False,15,208,16625.0
4900.0,-100.0,3787.5,2800.0,False,15,211,35875.0
8262.5,3262.5,4725.0,1050.0,False,15,204,30850.0
11762.5,6762.5,4575.0,1000.0,False,15,207,27325.0
5437.5,437.5,2375.0,1800.0,False,15,205,34875.0
3987.5,-1012.5,2312.5,1525.0,False,15,204,17875.0
4700.0,-300.0,700.0,2200.0,False,15,205,22550.0
5012.5,12.5,2900.0,1850.0,False,15,206,15950.0
3325.0,-1675.0,3162.5,2425.0,False,15,209,15300.0
7275.0,2275.0,4775.0,1600.0,False,15,209,29600.0
7325.0,2325.0,3137.5,1700.0,False,15,204,19000.0
5262.5,262.5,4162.5,2500.0,False,15,204,33000.0
2412.5,-2587.5,2137.5,2050.0,False,15,208,32625.0
10687.5,5687.5,4975.0,1350.0,False,15,205,23550.0
7512.5,2512.5,4600.0,1100.0,False,15,209,26600.0
3375.0,-1625.0,1875.0,1000.0,False,15,207,17300.0
8537.5,3537.5,4650.0,600.0,False,15,206,17925.0
-462.5,-5462.5,-462.5,2450.0,True,13,169,24650.0
5250.0,250.0,3575.0,950.0,False,15,211,13375.0
3800.0,-1200.0,1900.0,2300.0,False,15,210,17750.0
7012.5,2012.5,4362.5,1575.0,False,15,212,25675.0
-25.0,-5025.0,-25.0,2500.0,True,13,172,27850.0
3100.0,-1900.0,1962.5,1925.0,False,15,207,24175.0
5187.5,187.5,4500.0,2000.0,False,15,202,22750.0
7450.0,2450.0,4400.0,1850.0,False,15,207,28100.0
6850.0,1850.0,4062.5,1200.0,False,15,206,26075.0
3750.0,-1250.0,3475.0,1250.0,False,15,209,15450.0
5175.0,175.0,3475.0,2100.0,False,15,205,31475.0
5587.5,587.5,3137.5,1500.0,False,15,204,24100.0
8825.0,3825.0,4950.0,1500.0,False,15,197,26275.0
4737.5,-262.5,3587.5,2050.0,False,15,205,39925.0
4650.0,-350.0,4450.0,2700.0,False,15,207,23775.0
4612.5,-387.5,4000.0,1550.0,False,15,206,29150.0
6437.5,1437.5,3275.0,1400.0,False,15,208,26400.0
5825.0,825.0,4275.0,2000.0,False,15,208,21250.0
4887.5,-112.5,3962.5,1175.0,False,15,207,18325.0
6975.0,1975.0,4925.0,1500.0,False,15,207,28600.0
4875.0,-125.0,3100.0,1500.0,False,15,205,24350.0
1737.5,-3262.5,1675.0,1550.0,False,15,211,18500.0
6225.0,1225.0,4950.0,1900.0,False,15,206,18700.0
4075.0,-925.0,3250.0,1800.0,False,15,203,27625.0
5275.0,275.0,3987.5,1750.0,False,15,208,27700.0
3612.5,-1387.5,2887.5,1900.0,False,15,204,21975.0
4512.5,-487.5,2750.0,1700.0,False,15,206,25950.0
12.5,-4987.5,12.5,3400.0,True,14,177,19675.0
3775.0,-1225.0,2787.5,3250.0,False,15,207,30150.0
2175.0,-2825.0,1950.0,2500.0,False,15,210,20425.0
5387.5,387.5,4112.5,650.0,False,15,209,14725.0
5625.0,625.0,2937.5,2550.0,False,15,207,25875.0
6412.5,1412.5,4962.5,2800.0,False,15,205,19975.0
4912.5,-87.5,4862.5,350.0,False,15,205,8600.0
5037.5,37.5,1537.5,2400.0,False,15,208,27625.0
5612.5,612.5,3712.5,1850.0,False,15,204,21000.0
4537.5,-462.5,3875.0,1700.0,False,15,202,23750.0
9100.0,4100.0,4975.0,1850.0,False,15,204,35525.0
3925.0,-1075.0,3175.0,1400.0,False,15,210,16950.0
2687.5,-2312.5,1537.5,2175.0,False,15,208,22800.0
3587.5,-1412.5,3137.5,1050.0,False,15,208,24125.0
7712.5,2712.5,4875.0,1400.0,False,15,205,19175.0
762.5,-4237.5,187.5,1600.0,False,15,209,20300.0
7950.0,2950.0,3737.5,2450.0,False,15,206,40600.0
6675.0,1675.0,4950.0,1000.0,False,15,204,19325.0
6312.5,1312.5,4775.0,1350.0,False,15,203,18300.0
5150.0,150.0,3650.0,1500.0,False,15,206,25050.0
-662.5,-5662.5,-662.5,2625.0,True,9,121,23650.0
3062.5,-1937.5,2762.5,3300.0,False,15,206,30975.0
5087.5,87.5,4500.0,1600.0,False,15,207,16650.0
9425.0,4425.0,4125.0,1000.0,False,15,207,27400.0
9300.0,4300.0,4462.5,1575.0,False,15,208,34050.0
6200.0,1200.0,4512.5,2000.0,False,15,203,20800.0
10187.5,5187.5,4962.5,612.5,False,15,208,20375.0
11675.0,6675.0,4887.5,850.0,False,15,205,21750.0
4162.5,-837.5,4037.5,1750.0,False,15,210,16950.0
13375.0,8375.0,4925.0,1800.0,False,15,204,33650.0
6275.0,1275.0,3025.0,2025.0,False,15,205,26450.0
4875.0,-125.0,3437.5,3000.0,False,15,206,23675.0
162.5,-4837.5,137.5,4675.0,False,15,207,28875.0
3350.0,-1650.0,2975.0,1150.0,False,15,206,18800.0
8275.0,3275.0,3500.0,1850.0,False,15,204,29525.0
4487.5,-512.5,3137.5,850.0,False,15,208,13700.0
5025.0,25.0,3687.5,1200.0,False,15,208,20650.0
12050.0,7050.0,4600.0,1600.0,False,15,209,39375.0
10175.0,5175.0,4900.0,1100.0,False,15,203,25200.0
5875.0,875.0,4275.0,2500.0,False,15,203,31675.0
8250.0,3250.0,3637.5,1975.0,False,15,205,24750.0
6050.0,1050.0,4512.5,2175.0,False,15,206,24050.0
4725.0,-275.0,3475.0,1750.0,False,15,205,22025.0
3850.0,-1150.0,2387.5,1800.0,False,15,210,16175.0
-62.5,-5062.5,-62.5,1650.0,True,13,168,15800.0
4287.5,-712.5,4287.5,1125.0,False,15,210,20050.0
950.0,-4050.0,637.5,2100.0,False,15,208,23250.0
-75.0,-5075.0,-75.0,2150.0,True,9,113,16375.0
-262.5,-5262.5,-262.5,3400.0,True,9,122,14425.0
5562.5,562.5,3475.0,1400.0,False,15,208,22475.0
3362.5,-1637.5,2537.5,2300.0,False,15,206,22650.0
5062.5,62.5,3687.5,1825.0,False,15,208,17950.0
2012.5,-2987.5,562.5,3600.0,False,15,206,25600.0
2900.0,-2100.0,1512.5,2450.0,False,15,208,21225.0
6250.0,1250.0,4675.0,1800.0,False,15,206,17375.0
4737.5,-262.5,4512.5,2000.0,False,15,206,35250.0
5412.5,412.5,3737.5,1800.0,False,15,205,23300.0
6600.0,1600.0,2512.5,3800.0,False,15,206,38250.0
1012.5,-3987.5,912.5,3500.0,False,15,208,25950.0
2087.5,-2912.5,862.5,1900.0,False,15,204,27725.0
2025.0,-2975.0,1525.0,3100.0,False,15,204,34625.0
8412.5,3412.5,4450.0,900.0,False,15,208,20450.0
6475.0,1475.0,4950.0,2500.0,False,15,205,26850.0
6337.5,1337.5,300.0,2500.0,False,15,207,33525.0
3525.0,-1475.0,3112.5,2250.0,False,15,211,19225.0
2625.0,-2375.0,2225.0,1700.0,False,15,207,18700.0
7725.0,2725.0,4300.0,900.0,False,15,207,14900.0
5425.0,425.0,3525.0,925.0,False,15,204,17550.0
8237.5,3237.5,4950.0,1100.0,False,15,206,23375.0
5075.0,75.0,3837.5,1650.0,False,15,205,21925.0
2112.5,-2887.5,1637.5,2000.0,False,15,206,20575.0
-250.0,-5250.0,-250.0,2900.0,True,15,191,20350.0
7687.5,2687.5,4587.5,1300.0,False,15,207,26850.0
4837.5,-162.5,3337.5,1400.0,False,15,210,15200.0
4887.5,-112.5,4300.0,1500.0,False,15,207,21850.0
5125.0,125.0,2600.0,2150.0,False,15,210,25500.0
4700.0,-300.0,4062.5,2000.0,False,15,205,19600.0
6512.5,1512.5,4600.0,2750.0,False,15,207,24175.0
7012.5,2012.5,4537.5,1200.0,False,15,206,20300.0
6812.5,1812.5,4437.5,1100.0,False,15,206,26500.0
7175.0,2175.0,2675.0,2400.0,False,15,206,26650.0
5750.0,750.0,4975.0,1300.0,False,15,211,18000.0
5125.0,125.0,3775.0,2750.0,False,15,208,21975.0
3700.0,-1300.0,2700.0,2150.0,False,15,205,28625.0
3600.0,-1400.0,100.0,2825.0,False,15,205,28325.0
3687.5,-1312.5,3412.5,1700.0,False,15,209,23450.0
1525.0,-3475.0,1525.0,1750.0,False,15,203,25025.0
9425.0,4425.0,4825.0,925.0,False,15,207,16375.0
3962.5,-1037.5,1975.0,2525.0,False,15,205,19850.0
8500.0,3500.0,4975.0,3000.0,False,15,201,30300.0
13825.0,8825.0,4925.0,1400.0,False,15,205,28175.0
7600.0,2600.0,2200.0,2800.0,False,15,203,31000.0
5562.5,562.5,5000.0,2200.0,False,15,209,19325.0
8962.5,3962.5,3425.0,1550.0,False,15,210,33500.0
4450.0,-550.0,3937.5,2125.0,False,15,202,31850.0
4750.0,-250.0,2737.5,2000.0,False,15,208,32875.0
3850.0,-1150.0,2175.0,2925.0,False,15,206,34200.0
8425.0,3425.0,4825.0,1000.0,False,15,206,25400.0
4912.5,-87.5,2200.0,2700.0,False,15,204,25425.0
5587.5,587.5,3462.5,2725.0,False,15,206,37200.0
-112.5,-5112.5,-112.5,3000.0,True,11,139,16275.0
2025.0,-2975.0,2025.0,1625.0,False,15,210,21775.0
6600.0,1600.0,4725.0,1000.0,False,15,204,18425.0
137.5,-4862.5,137.5,2575.0,False,15,207,21500.0
8950.0,3950.0,2012.5,1875.0,False,15,209,32475.0
5362.5,362.5,3100.0,1500.0,False,15,206,25450.0
7537.5,2537.5,4775.0,2550.0,False,15,214,25400.0
4375.0,-625.0,3150.0,1100.0,False,15,208,19625.0
1362.5,-3637.5,287.5,2000.0,False,15,205,32375.0
5212.5,212.5,2275.0,3500.0,False,15,209,22425.0
1937.5,-3062.5,1937.5,1250.0,False,15,206,21725.0
1762.5,-3237.5,1700.0,2625.0,False,15,209,14700.0
6150.0,1150.0,4075.0,1500.0,False,15,205,33550.0
4612.5,-387.5,3925.0,2500.0,False,15,205,21950.0
6300.0,1300.0,3687.5,1887.5,False,15,205,20950.0
9625.0,4625.0,4450.0,1000.0,False,15,207,30700.0
3287.5,-1712.5,3012.5,1425.0,False,15,208,20200.0
10962.5,5962.5,4925.0,1000.0,False,15,206,23200.0
6125.0,1125.0,3650.0,1050.0,False,15,207,20025.0
2325.0,-2675.0,2325.0,1900.0,False,15,208,22375.0
6775.0,1775.0,4875.0,750.0,False,15,205,14100.0
10225.0,5225.0,4975.0,1100.0,False,15,202,23950.0
4075.0,-925.0,3675.0,1000.0,False,15,206,12975.0
3387.5,-1612.5,2437.5,2750.0,False,15,205,26300.0
6925.0,1925.0,2562.5,2100.0,False,15,207,38900.0
8462.5,3462.5,4387.5,1125.0,False,15,203,21800.0
5425.0,425.0,4200.0,2500.0,False,15,209,31900.0
6262.5,1262.5,4650.0,1500.0,False,15,207,15975.0
3087.5,-1912.5,3087.5,3100.0,False,15,210,16950.0
4637.5,-362.5,3275.0,1400.0,False,15,208,28950.0
8500.0,3500.0,4587.5,1100.0,False,15,206,22875.0
6550.0,1550.0,5000.0,1050.0,False,15,208,17850.0
6462.5,1462.5,4562.5,2000.0,False,15,201,28525.0
12.5,-4987.5,12.5,1900.0,True,15,203,22775.0
62.5,-4937.5,62.5,2350.0,False,15,203,30425.0
7162.5,2162.5,4750.0,1525.0,False,15,206,21000.0
8762.5,3762.5,4325.0,1100.0,False,15,203,24750.0
-50.0,-5050.0,-50.0,3450.0,True,3,36,11300.0
4912.5,-87.5,2250.0,1800.0,False,15,203,29125.0
3212.5,-1787.5,2112.5,1825.0,False,15,203,14475.0
5562.5,562.5,4537.5,2000.0,False,15,207,16525.0
9150.0,4150.0,3650.0,1500.0,False,15,204,23375.0
3737.5,-1262.5,237.5,3650.0,False,15,208,47075.0
4887.5,-112.5,1525.0,2225.0,False,15,206,22825.0
8987.5,3987.5,4150.0,2000.0,False,15,206,44300.0
-75.0,-5075.0,-75.0,2225.0,True,9,112,14450.0
7112.5,2112.5,4662.5,1450.0,False,15,202,25675.0
3225.0,-1775.0,2712.5,1725.0,False,15,204,24050.0
5837.5,837.5,637.5,2250.0,False,15,200,34575.0
6987.5,1987.5,4737.5,900.0,False,15,202,18025.0
10237.5,5237.5,5000.0,1200.0,False,15,205,21750.0
4512.5,-487.5,4037.5,2675.0,False,15,206,25900.0
5900.0,900.0,3850.0,2400.0,False,15,206,24575.0
4512.5,-487.5,4187.5,1100.0,False,15,206,15425.0
9850.0,4850.0,4275.0,1800.0,False,15,207,26225.0
7887.5,2887.5,4637.5,1450.0,False,15,204,23700.0
5600.0,600.0,3862.5,1075.0,False,15,202,24875.0
3037.5,-1962.5,2000.0,3500.0,False,15,202,30675.0
1700.0,-3300.0,737.5,2900.0,False,15,204,22450.0
5112.5,112.5,3912.5,975.0,False,15,208,18550.0
5625.0,625.0,4337.5,1500.0,False,15,206,24775.0
3100.0,-1900.0,2337.5,1600.0,False,15,213,27175.0
6287.5,1287.5,4075.0,1750.0,False,15,206,28875.0
10675.0,5675.0,4275.0,1900.0,False,15,204,34600.0
875.0,-4125.0,475.0,4600.0,False,15,208,25625.0
5625.0,625.0,2275.0,1675.0,False,15,211,19725.0
5525.0,525.0,4550.0,625.0,False,15,208,12550.0
6887.5,1887.5,4900.0,1750.0,False,15,213,24250.0
2512.5,-2487.5,1700.0,1400.0,False,15,208,21250.0
5162.5,162.5,4187.5,2850.0,False,15,205,19025.0
4887.5,-112.5,3725.0,2175.0,False,15,205,23825.0
6600.0,1600.0,3237.5,1950.0,False,15,205,21975.0
1150.0,-3850.0,25.0,2500.0,False,15,207,25775.0
3062.5,-1937.5,1087.5,2400.0,False,15,201,36000.0
3775.0,-1225.0,1675.0,1850.0,False,15,207,26400.0
6637.5,1637.5,4650.0,3500.0,False,15,205,40250.0
1712.5,-3287.5,1612.5,2200.0,False,15,204,15725.0
9962.5,4962.5,3400.0,1600.0,False,15,201,31000.0
3262.5,-1737.5,2762.5,1850.0,False,15,208,18350.0
6162.5,1162.5,3575.0,1400.0,False,15,205,20725.0
0.0,-5000.0,0.0,3000.0,True,14,182,23575.0
8825.0,3825.0,4287.5,2150.0,False,15,201,26275.0
5225.0,225.0,3712.5,1225.0,False,15,210,18375.0
750.0,-4250.0,750.0,1900.0,False,15,205,26000.0
300.0,-4700.0,75.0,3925.0,False,15,208,26125.0
6050.0,1050.0,4962.5,1500.0,False,15,209,22175.0
10612.5,5612.5,3837.5,1000.0,False,15,206,22750.0
4937.5,-62.5,4000.0,1350.0,False,15,205,17150.0
12975.0,7975.0,4837.5,1025.0,False,15,206,25175.0
5337.5,337.5,4525.0,1475.0,False,15,209,20100.0
7987.5,2987.5,3962.5,2500.0,False,15,207,28250.0
1912.5,-3087.5,1912.5,2500.0,False,15,207,32475.0
4337.5,-662.5,3150.0,1600.0,False,15,206,16925.0
6587.5,1587.5,1837.5,2425.0,False,15,205,24150.0
5687.5,687.5,3350.0,1000.0,False,15,206,18900.0
4337.5,-662.5,2412.5,3200.0,False,15,202,28725.0
2212.5,-2787.5,1787.5,2300.0,False,15,206,22775.0
2062.5,-2937.5,1300.0,1750.0,False,15,207,21675.0
2837.5,-2162.5,737.5,1900.0,False,15,202,23450.0
2512.5,-2487.5,2312.5,1750.0,False,15,205,15275.0
7687.5,2687.5,3962.5,2150.0,False,15,204,30925.0
1125.0,-3875.0,1025.0,1825.0,False,15,206,18000.0
3762.5,-1237.5,1362.5,3250.0,False,15,207,24475.0
1325.0,-3675.0,1325.0,2225.0,False,15,208,26675.0
6500.0,1500.0,4725.0,700.0,False,15,206,14800.0
5562.5,562.5,4975.0,1900.0,False,15,209,21600.0
5300.0,300.0,4350.0,1000.0,False,15,206,20075.0
6175.0,1175.0,4812.5,1600.0,False,15,204,21700.0
7625.0,2625.0,3550.0,1700.0,False,15,211,19225.0
4925.0,-75.0,3200.0,3250.0,False,15,199,26350.0
6037.5,1037.5,3200.0,2100.0,False,15,207,33925.0
11362.5,6362.5,4725.0,1000.0,False,15,211,22375.0
2162.5,-2837.5,2112.5,1700.0,False,15,207,30850.0
3250.0,-1750.0,1737.5,2500.0,False,15,204,34450.0
8750.0,3750.0,4537.5,1850.0,False,15,209,24200.0
4300.0,-700.0,3662.5,1225.0,False,15,206,17000.0
3150.0,-1850.0,112.5,2700.0,False,15,207,29050.0
-637.5,-5637.5,-637.5,2700.0,True,7,94,12050.0
4350.0,-650.0,3525.0,1400.0,False,15,208,15375.0
4712.5,-287.5,3825.0,2050.0,False,15,205,23175.0
5550.0,550.0,3700.0,1500.0,False,15,203,18225.0
4662.5,-337.5,3862.5,1925.0,False,15,210,26325.0
5637.5,637.5,3800.0,1575.0,False,15,204,23900.0
3400.0,-1600.0,1125.0,2300.0,False,15,206,21150.0
6875.0,1875.0,4950.0,950.0,False,15,202,14550.0
5687.5,687.5,4650.0,1850.0,False,15,210,32525.0
0.0,-5000.0,0.0,2250.0,True,8,109,17225.0
-325.0,-5325.0,-325.0,3250.0,True,3,34,12300.0
9337.5,4337.5,4325.0,1700.0,False,15,203,32600.0
-125.0,-5125.0,-125.0,2150.0,True,14,183,25400.0
4400.0,-600.0,2387.5,4350.0,False,15,203,43500.0
2225.0,-2775.0,1187.5,3100.0,False,15,208,24600.0
4600.0,-400.0,2987.5,1900.0,False,15,205,20125.0
7625.0,2625.0,4362.5,1250.0,False,15,205,21050.0
6200.0,1200.0,4775.0,2200.0,False,15,208,19625.0
3050.0,-1950.0,2050.0,1850.0,False,15,202,27175.0
8200.0,3200.0,4012.5,2300.0,False,15,206,30775.0
5700.0,700.0,3725.0,1800.0,False,15,204,25000.0
-75.0,-5075.0,-75.0,2300.0,True,10,136,20275.0
9325.0,4325.0,4975.0,1100.0,False,15,209,22575.0
-87.5,-5087.5,-87.5,1850.0,True,6,82,13075.0
3712.5,-1287.5,637.5,2600.0,False,15,210,19900.0
6062.5,1062.5,4800.0,1000.0,False,15,202,17125.0
4425.0,-575.0,2875.0,2700.0,False,15,206,26650.0
7512.5,2512.5,4600.0,1900.0,False,15,204,25050.0
1587.5,-3412.5,587.5,2350.0,False,15,205,24250.0
4212.5,-787.5,4212.5,1450.0,False,15,207,21225.0
5762.5,762.5,4050.0,2000.0,False,15,203,23775.0
5887.5,887.5,4250.0,1700.0,False,15,208,16150.0
6887.5,1887.5,4562.5,950.0,False,15,205,20525.0
12112.5,7112.5,3887.5,1150.0,False,15,204,31800.0
5987.5,987.5,3675.0,1550.0,False,15,205,32350.0
9650.0,4650.0,4650.0,1100.0,False,15,206,26225.0
6600.0,1600.0,4550.0,1125.0,False,15,207,18175.0
1862.5,-3137.5,762.5,2475.0,False,15,204,21125.0
1237.5,-3762.5,737.5,1800.0,False,15,207,17225.0
6475.0,1475.0,2962.5,2400.0,False,15,204,39375.0
5937.5,937.5,3525.0,2000.0,False,15,205,15425.0
2150.0,-2850.0,1850.0,1925.0,False,15,209,18375.0
4937.5,-62.5,2000.0,2200.0,False,15,210,26975.0
5037.5,37.5,3500.0,887.5,False,15,211,17300.0
7075.0,2075.0,4037.5,1525.0,False,15,208,19450.0
6612.5,1612.5,4075.0,2200.0,False,15,206,30175.0
3425.0,-1575.0,2075.0,2500.0,False,15,207,16750.0
10200.0,5200.0,4075.0,1000.0,False,15,207,29775.0
5500.0,500.0,4787.5,1325.0,False,15,209,14700.0
8300.0,3300.0,3900.0,1300.0,False,15,204,24900.0
10912.5,5912.5,4025.0,2500.0,False,15,207,38225.0
4812.5,-187.5,4212.5,1050.0,False,15,205,20150.0
-12.5,-5012.5,-12.5,2700.0,True,7,90,12275.0
6387.5,1387.5,3975.0,1250.0,False,15,206,18800.0
7562.5,2562.5,4487.5,1000.0,False,15,204,18325.0
2600.0,-2400.0,1325.0,1425.0,False,15,205,21850.0
1375.0,-3625.0,925.0,2125.0,False,15,206,25400.0
3112.5,-1887.5,2350.0,1675.0,False,15,207,24175.0
6750.0,1750.0,2375.0,2275.0,False,15,204,28225.0
4350.0,-650.0,4350.0,1850.0,False,15,206,20050.0
5525.0,525.0,4750.0,1000.0,False,15,209,17525.0
5437.5,437.5,3700.0,2025.0,False,15,207,15425.0
750.0,-4250.0,750.0,2475.0,False,15,208,23725.0
6212.5,1212.5,4550.0,1800.0,False,15,208,15375.0
-200.0,-5200.0,-200.0,2500.0,True,11,149,24500.0
-37.5,-5037.5,-37.5,2825.0,True,6,81,14575.0
7337.5,2337.5,3537.5,1475.0,False,15,206,22575.0
5137.5,137.5,4637.5,2150.0,False,15,208,29575.0
6450.0,1450.0,4600.0,1100.0,False,15,205,19300.0
8300.0,3300.0,4287.5,1900.0,False,15,205,29525.0
6575.0,1575.0,4587.5,1800.0,False,15,212,13975.0
275.0,-4725.0,237.5,3000.0,False,15,206,18725.0
3012.5,-1987.5,2762.5,1525.0,False,15,211,20225.0
3312.5,-1687.5,2325.0,1600.0,False,15,205,26525.0
8425.0,3425.0,4325.0,1250.0,False,15,209,16900.0
5625.0,625.0,2887.5,1650.0,False,15,207,19700.0
2025.0,-2975.0,1600.0,2200.0,False,15,207,27100.0
4125.0,-875.0,4125.0,750.0,False,15,208,13525.0
6037.5,1037.5,5000.0,1000.0,False,15,210,16200.0
2312.5,-2687.5,2312.5,2800.0,False,15,210,17500.0
6150.0,1150.0,1425.0,2150.0,False,15,207,25450.0
6912.5,1912.5,4712.5,1525.0,False,15,206,17625.0
3900.0,-1100.0,3575.0,1000.0,False,15,208,17150.0
4812.5,-187.5,1237.5,2600.0,False,15,209,27425.0
6187.5,1187.5,4950.0,1100.0,False,15,204,24525.0
5450.0,450.0,3862.5,1800.0,False,15,209,15575.0
-87.5,-5087.5,-87.5,1700.0,True,11,145,11375.0
2650.0,-2350.0,2475.0,1950.0,False,15,206,21775.0
3525.0,-1475.0,450.0,3450.0,False,15,200,25550.0
1875.0,-3125.0,1650.0,2450.0,False,15,206,15175.0
5012.5,12.5,3662.5,1300.0,False,15,212,25175.0
5725.0,725.0,4000.0,1250.0,False,15,203,26075.0
11462.5,6462.5,4812.5,2050.0,False,15,208,29950.0
5837.5,837.5,3150.0,950.0,False,15,209,14850.0
5950.0,950.0,1800.0,2100.0,False,15,204,29000.0
8437.5,3437.5,4825.0,600.0,False,15,203,17100.0
4250.0,-750.0,3500.0,1650.0,False,15,202,31025.0
7800.0,2800.0,4662.5,1000.0,False,15,206,18975.0
2175.0,-2825.0,900.0,2400.0,False,15,207,26675.0
625.0,-4375.0,125.0,2200.0,False,15,204,33475.0
5850.0,850.0,4200.0,2600.0,False,15,200,27325.0
3737.5,-1262.5,3250.0,1250.0,False,15,205,19475.0
-150.0,-5150.0,-150.0,5725.0,True,15,201,28950.0
7775.0,2775.0,4662.5,1500.0,False,15,201,23200.0
11050.0,6050.0,4750.0,1175.0,False,15,201,21625.0
-600.0,-5600.0,-600.0,2850.0,True,7,97,11000.0
5650.0,650.0,4400.0,1225.0,False,15,205,16675.0
5687.5,687.5,3737.5,1800.0,False,15,204,22275.0
0.0,-5000.0,0.0,2150.0,True,10,130,19225.0
9737.5,4737.5,4725.0,1000.0,False,15,206,20775.0
4037.5,-962.5,2387.5,1425.0,False,15,206,16975.0
3375.0,-1625.0,1412.5,1800.0,False,15,207,24325.0
10100.0,5100.0,5000.0,1400.0,False,15,210,24075.0
7275.0,2275.0,4425.0,800.0,False,15,204,19275.0
12112.5,7112.5,2825.0,2300.0,False,15,208,28850.0
3000.0,-2000.0,1250.0,3300.0,False,15,207,30850.0
5625.0,625.0,4525.0,2500.0,False,15,204,24275.0
4800.0,-200.0,2325.0,2600.0,False,15,209,22375.0
3562.5,-1437.5,2962.5,1800.0,False,15,208,27275.0
6700.0,1700.0,4675.0,1250.0,False,15,206,19650.0
1975.0,-3025.0,925.0,2100.0,False,15,210,21975.0
5875.0,875.0,3300.0,3275.0,False,15,204,30050.0
2912.5,-2087.5,1525.0,1700.0,False,15,202,27325.0
6612.5,1612.5,4450.0,1250.0,False,15,210,18850.0
5312.5,312.5,4775.0,625.0,False,15,208,11400.0
5837.5,837.5,4587.5,800.0,False,15,207,11850.0
5787.5,787.5,2950.0,2300.0,False,15,202,24800.0
3875.0,-1125.0,2462.5,1250.0,False,15,207,19275.0
4950.0,-50.0,2612.5,2450.0,False,15,208,15475.0
4162.5,-837.5,3462.5,1900.0,False,15,206,25925.0
5750.0,750.0,3825.0,1100.0,False,15,206,16525.0
8387.5,3387.5,4287.5,1550.0,False,15,202,29475.0
9150.0,4150.0,4875.0,900.0,False,15,205,19175.0
6750.0,1750.0,2437.5,2475.0,False,15,206,18925.0
3887.5,-1112.5,3062.5,1800.0,False,15,207,26650.0
8900.0,3900.0,4600.0,1100.0,False,15,209,22900.0
1087.5,-3912.5,887.5,2050.0,False,15,213,18825.0
7312.5,2312.5,4912.5,500.0,False,15,203,14675.0
3937.5,-1062.5,3375.0,3000.0,False,15,206,36525.0
6100.0,1100.0,3250.0,1400.0,False,15,204,23475.0
5562.5,562.5,3812.5,1950.0,False,15,203,22575.0
5125.0,125.0,4025.0,1600.0,False,15,207,20150.0
6250.0,1250.0,4650.0,1375.0,False,15,206,21125.0
11287.5,6287.5,4700.0,1500.0,False,15,205,24925.0
3250.0,-1750.0,3250.0,1850.0,False,15,201,23975.0
3175.0,-1825.0,3075.0,2100.0,False,15,207,35375.0
3387.5,-1612.5,3387.5,1600.0,False,15,205,17175.0
9187.5,4187.5,4900.0,1500.0,False,15,204,24625.0
1412.5,-3587.5,100.0,2250.0,False,15,210,37100.0
6987.5,1987.5,4350.0,1450.0,False,15,207,27000.0
6175.0,1175.0,2812.5,1500.0,False,15,205,27900.0
7462.5,2462.5,4575.0,1800.0,False,15,207,22350.0
8012.5,3012.5,4375.0,1000.0,False,15,206,22300.0
3675.0,-1325.0,2862.5,3725.0,False,15,206,24425.0
5300.0,300.0,1425.0,3075.0,False,15,201,29125.0
6962.5,1962.5,4850.0,1025.0,False,15,209,17175.0
3050.0,-1950.0,3050.0,1050.0,False,15,207,17250.0
6875.0,1875.0,4575.0,2725.0,False,15,207,31875.0
1875.0,-3125.0,837.5,3750.0,False,15,206,24400.0
3562.5,-1437.5,3400.0,1150.0,False,15,205,13550.0
8237.5,3237.5,4625.0,1400.0,False,15,202,15975.0
8412.5,3412.5,4437.5,1200.0,False,15,210,25200.0
4750.0,-250.0,4312.5,2000.0,False,15,208,19975.0
4950.0,-50.0,3650.0,1700.0,False,15,206,27075.0
10300.0,5300.0,3387.5,1900.0,False,15,206,32625.0
11387.5,6387.5,4875.0,1100.0,False,15,212,31825.0
10987.5,5987.5,3700.0,1250.0,False,15,207,29125.0
3700.0,-1300.0,1212.5,2300.0,False,15,204,28850.0
2525.0,-2475.0,2025.0,1775.0,False,15,208,23250.0
6150.0,1150.0,3975.0,1500.0,False,15,204,29400.0
7850.0,2850.0,4637.5,1500.0,False,15,204,17250.0
7350.0,2350.0,4687.5,650.0,False,15,210,15525.0
4287.5,-712.5,3725.0,2150.0,False,15,209,18325.0
862.5,-4137.5,787.5,2200.0,False,15,206,21800.0
8062.5,3062.5,1900.0,2500.0,False,15,210,30925.0
6112.5,1112.5,3800.0,2000.0,False,15,206,26950.0
6637.5,1637.5,4800.0,500.0,False,15,206,17400.0
8125.0,3125.0,4450.0,2400.0,False,15,204,30750.0
4525.0,-475.0,1800.0,2300.0,False,15,205,23775.0
5675.0,675.0,3612.5,1750.0,False,15,204,32925.0
2375.0,-2625.0,2375.0,2000.0,False,15,208,17625.0
5050.0,50.0,2975.0,2500.0,False,15,205,23750.0
4362.5,-637.5,3050.0,1500.0,False,15,208,24875.0
2887.5,-2112.5,1487.5,2400.0,False,15,212,20200.0
6612.5,1612.5,4650.0,2225.0,False,15,208,27600.0
4750.0,-250.0,3925.0,1475.0,False,15,204,22875.0
7362.5,2362.5,4525.0,1300.0,False,15,205,22875.0
2437.5,-2562.5,1200.0,1975.0,False,15,201,21000.0
2587.5,-2412.5,2012.5,1200.0,False,15,210,23475.0
6362.5,1362.5,4500.0,400.0,False,15,208,12675.0
6087.5,1087.5,3775.0,1900.0,False,15,208,18500.0
6775.0,1775.0,2675.0,2750.0,False,15,201,28100.0
4475.0,-525.0,3337.5,1750.0,False,15,203,19225.0
3325.0,-1675.0,3300.0,3300.0,False,15,208,19150.0
2612.5,-2387.5,2487.5,1550.0,False,15,203,20375.0
6012.5,1012.5,4775.0,1050.0,False,15,201,22150.0
4000.0,-1000.0,3425.0,1500.0,False,15,206,26675.0
5587.5,587.5,3025.0,2000.0,False,15,202,37750.0
9062.5,4062.5,4587.5,1550.0,False,15,209,31725.0
-937.5,-5937.5,-937.5,2300.0,True,7,86,13925.0
10175.0,5175.0,4775.0,900.0,False,15,208,22025.0
2487.5,-2512.5,2300.0,2850.0,False,15,209,25975.0
8875.0,3875.0,5000.0,850.0,False,15,205,18675.0
3562.5,-1437.5,3487.5,1850.0,False,15,204,22250.0
7675.0,2675.0,4900.0,750.0,False,15,206,14675.0
6375.0,1375.0,3525.0,1150.0,False,15,205,23400.0
4887.5,-112.5,4212.5,975.0,False,15,206,20025.0
6487.5,1487.5,5000.0,2975.0,False,15,203,28525.0
3662.5,-1337.5,1325.0,2500.0,False,15,207,31175.0
5750.0,750.0,4200.0,1300.0,False,15,207,24100.0
5675.0,675.0,4975.0,1800.0,False,15,210,17100.0
5612.5,612.5,4475.0,1400.0,False,15,204,25500.0
2337.5,-2662.5,362.5,1450.0,False,15,203,25900.0
5762.5,762.5,4687.5,1025.0,False,15,202,15475.0
-87.5,-5087.5,-87.5,3400.0,True,9,109,18175.0
7250.0,2250.0,3250.0,1675.0,False,15,203,28450.0
4012.5,-987.5,4012.5,2200.0,False,15,210,18825.0
7125.0,2125.0,5000.0,400.0,False,15,208,10850.0
8625.0,3625.0,4775.0,925.0,False,15,207,25325.0
3300.0,-1700.0,2487.5,1500.0,False,15,206,23350.0
7637.5,2637.5,2762.5,2650.0,False,15,211,30775.0
11100.0,6100.0,5000.0,1850.0,False,15,203,39825.0
7325.0,2325.0,1700.0,1500.0,False,15,203,31200.0
10412.5,5412.5,4675.0,1800.0,False,15,210,19600.0
4500.0,-500.0,4475.0,1200.0,False,15,203,27300.0
7800.0,2800.0,4712.5,2000.0,False,15,209,27850.0
5350.0,350.0,4825.0,2600.0,False,15,207,19400.0
9062.5,4062.5,5000.0,1100.0,False,15,206,23625.0
6350.0,1350.0,4975.0,1250.0,False,15,208,15750.0
6225.0,1225.0,2662.5,1600.0,False,15,208,23750.0
5150.0,150.0,3937.5,1250.0,False,15,205,29300.0
7137.5,2137.5,4100.0,1500.0,False,15,209,19100.0
6050.0,1050.0,4475.0,1400.0,False,15,209,22675.0
6400.0,1400.0,4825.0,800.0,False,15,208,16500.0
8900.0,3900.0,4562.5,1900.0,False,15,208,30100.0
12812.5,7812.5,4575.0,800.0,False,15,210,25175.0
6662.5,1662.5,4337.5,1150.0,False,15,201,18975.0
7637.5,2637.5,4150.0,1375.0,False,15,211,30750.0
3537.5,-1462.5,3537.5,2000.0,False,15,204,25875.0
7925.0,2925.0,5000.0,2750.0,False,15,205,32025.0
9112.5,4112.5,4775.0,2475.0,False,15,206,37000.0
6800.0,1800.0,4975.0,2100.0,False,15,201,18175.0
4887.5,-112.5,3737.5,2300.0,False,15,205,19525.0
5900.0,900.0,4500.0,1000.0,False,15,205,29500.0
7700.0,2700.0,3275.0,1900.0,False,15,205,29850.0
7187.5,2187.5,3800.0,1225.0,False,15,204,18375.0
9050.0,4050.0,3650.0,1000.0,False,15,205,25325.0
6975.0,1975.0,3675.0,1600.0,False,15,209,28050.0
6700.0,1700.0,4825.0,2600.0,False,15,202,22175.0
5800.0,800.0,3550.0,3150.0,False,15,207,23125.0
8262.5,3262.5,4012.5,850.0,False,15,204,14600.0
7887.5,2887.5,4187.5,1300.0,False,15,208,21075.0
1737.5,-3262.5,537.5,2400.0,False,15,208,24475.0
6650.0,1650.0,2525.0,2850.0,False,15,204,26200.0
6237.5,1237.5,4012.5,725.0,False,15,213,14225.0
5450.0,450.0,3712.5,1875.0,False,15,206,17325.0
5462.5,462.5,4775.0,1050.0,False,15,205,11550.0
9362.5,4362.5,4862.5,1000.0,False,15,203,20125.0
812.5,-4187.5,812.5,2750.0,False,15,202,34775.0
3625.0,-1375.0,1787.5,2500.0,False,15,210,28325.0
-200.0,-5200.0,-200.0,2250.0,True,9,121,19250.0
7787.5,2787.5,4450.0,2050.0,False,15,205,33750.0
9875.0,4875.0,4650.0,600.0,False,15,204,17400.0
6725.0,1725.0,4887.5,1475.0,False,15,203,20900.0
5775.0,775.0,3712.5,1600.0,False,15,207,23375.0
9687.5,4687.5,4250.0,1750.0,False,15,209,22675.0
3150.0,-1850.0,2300.0,2000.0,False,15,199,31000.0
6737.5,1737.5,3825.0,1425.0,False,15,207,16700.0
6350.0,1350.0,4287.5,1450.0,False,15,207,25700.0
3262.5,-1737.5,2337.5,1400.0,False,15,204,25075.0
-587.5,-5587.5,-587.5,1900.0,True,7,93,13475.0
5475.0,475.0,3725.0,2500.0,False,15,205,29375.0
9325.0,4325.0,3987.5,925.0,False,15,206,17850.0
4200.0,-800.0,3650.0,2600.0,False,15,209,20650.0
7400.0,2400.0,3100.0,2150.0,False,15,211,22450.0
6900.0,1900.0,3587.5,2000.0,False,15,203,26425.0
1300.0,-3700.0,1275.0,2000.0,False,15,205,16550.0
4087.5,-912.5,1662.5,5150.0,False,15,202,35425.0
4887.5,-112.5,2737.5,1675.0,False,15,209,26475.0
4287.5,-712.5,3387.5,1450.0,False,15,207,24875.0
3425.0,-1575.0,2150.0,1625.0,False,15,209,15800.0
4950.0,-50.0,4487.5,1650.0,False,15,204,15950.0
7037.5,2037.5,4825.0,1000.0,False,15,208,18725.0
7475.0,2475.0,3975.0,1500.0,False,15,206,24650.0
2950.0,-2050.0,2287.5,1500.0,False,15,208,22275.0
4175.0,-825.0,2500.0,1275.0,False,15,204,20100.0
175.0,-4825.0,50.0,2100.0,False,15,205,30050.0
7600.0,2600.0,4762.5,1250.0,False,15,206,19600.0
7325.0,2325.0,4850.0,800.0,False,15,204,20375.0
8150.0,3150.0,4000.0,1300.0,False,15,206,20625.0
5062.5,62.5,3112.5,1750.0,False,15,205,27825.0
0.0,-5000.0,0.0,2800.0,True,11,151,21350.0
8087.5,3087.5,4562.5,1400.0,False,15,206,26600.0
6037.5,1037.5,2662.5,2400.0,False,15,205,27300.0
5387.5,387.5,4325.0,1000.0,False,15,208,18125.0
1137.5,-3862.5,675.0,2612.5,False,15,208,20250.0
7537.5,2537.5,3575.0,2550.0,False,15,207,26725.0
4275.0,-725.0,3112.5,1725.0,False,15,206,29225.0
7475.0,2475.0,3737.5,1600.0,False,15,206,17600.0
7025.0,2025.0,4275.0,1300.0,False,15,204,23225.0
2350.0,-2650.0,2350.0,3500.0,False,15,206,21675.0
10862.5,5862.5,4862.5,1500.0,False,15,210,23075.0
5987.5,987.5,4700.0,1900.0,False,15,206,32475.0
3600.0,-1400.0,2075.0,3100.0,False,15,209,24625.0
8500.0,3500.0,4500.0,1250.0,False,15,201,27975.0
4587.5,-412.5,3900.0,2200.0,False,15,208,24900.0
662.5,-4337.5,125.0,3700.0,False,15,208,20000.0
2862.5,-2137.5,2125.0,1525.0,False,15,208,23225.0
6637.5,1637.5,4950.0,1325.0,False,15,208,23700.0
-125.0,-5125.0,-125.0,2375.0,False,15,207,22250.0
1975.0,-3025.0,725.0,2225.0,False,15,208,23175.0
8637.5,3637.5,4087.5,1700.0,False,15,207,24275.0
4025.0,-975.0,3000.0,1900.0,False,15,207,19825.0
7875.0,2875.0,2925.0,2700.0,False,15,205,25475.0
3675.0,-1325.0,3000.0,1000.0,False,15,211,18600.0
4550.0,-450.0,3225.0,1500.0,False,15,214,27000.0
4262.5,-737.5,3575.0,1750.0,False,15,207,28525.0
6812.5,1812.5,2750.0,3250.0,False,15,206,26725.0
8725.0,3725.0,4975.0,2250.0,False,15,207,20300.0
5487.5,487.5,4525.0,1700.0,False,15,202,18325.0
5900.0,900.0,4737.5,2000.0,False,15,207,17975.0
3250.0,-1750.0,1287.5,3300.0,False,15,205,34800.0
7600.0,2600.0,4525.0,1000.0,False,15,204,21150.0
3775.0,-1225.0,3275.0,1500.0,False,15,206,20500.0
7262.5,2262.5,4725.0,1050.0,False,15,207,18375.0
-262.5,-5262.5,-262.5,2300.0,True,13,174,22275.0
8150.0,3150.0,3125.0,1650.0,False,15,204,33375.0
1812.5,-3187.5,1562.5,2925.0,False,15,212,29775.0
2975.0,-2025.0,2975.0,2650.0,False,15,204,39400.0
12.5,-4987.5,12.5,2900.0,True,13,166,21850.0
2850.0,-2150.0,2425.0,1600.0,False,15,206,16525.0
6137.5,1137.5,4250.0,1500.0,False,15,213,25900.0
3712.5,-1287.5,1512.5,1950.0,False,15,210,26900.0
8400.0,3400.0,4975.0,1775.0,False,15,203,27950.0
4987.5,-12.5,4500.0,2400.0,False,15,209,27725.0
3887.5,-1112.5,3662.5,1300.0,False,15,206,19375.0
3600.0,-1400.0,3425.0,1700.0,False,15,204,19575.0
5487.5,487.5,4312.5,1225.0,False,15,204,19400.0
4362.5,-637.5,2950.0,1600.0,False,15,210,15750.0
2800.0,-2200.0,2300.0,3900.0,False,15,204,34500.0
1537.5,-3462.5,975.0,2425.0,False,15,207,24725.0
3462.5,-1537.5,2962.5,2300.0,False,15,204,27675.0
6225.0,1225.0,4550.0,1700.0,False,15,205,17550.0
-387.5,-5387.5,-387.5,2600.0,True,12,164,30725.0
6187.5,1187.5,4450.0,550.0,False,15,201,18400.0
11300.0,6300.0,4987.5,1500.0,False,15,205,25875.0
7125.0,2125.0,4750.0,1075.0,False,15,206,25175.0
1975.0,-3025.0,1762.5,1900.0,False,15,208,20125.0
2000.0,-3000.0,750.0,2850.0,False,15,209,26400.0
3462.5,-1537.5,3462.5,1500.0,False,15,206,21725.0
-375.0,-5375.0,-375.0,2900.0,True,13,179,30275.0
3675.0,-1325.0,2412.5,1950.0,False,15,207,23175.0
1675.0,-3325.0,1675.0,1700.0,False,15,208,13650.0
2350.0,-2650.0,1150.0,2950.0,False,15,211,18375.0
8025.0,3025.0,4050.0,1750.0,False,15,206,26000.0
3725.0,-1275.0,3462.5,2500.0,False,15,205,23000.0
3512.5,-1487.5,3137.5,1700.0,False,15,207,24875.0
5812.5,812.5,3687.5,2000.0,False,15,207,31725.0
6500.0,1500.0,3612.5,1425.0,False,15,204,19125.0
2812.5,-2187.5,1562.5,3300.0,False,15,206,25900.0
7425.0,2425.0,4150.0,2000.0,False,15,207,28200.0
4862.5,-137.5,4075.0,1750.0,False,15,207,18425.0
9375.0,4375.0,4575.0,1550.0,False,15,203,32950.0
475.0,-4525.0,300.0,4050.0,False,15,208,22700.0
11887.5,6887.5,4112.5,1275.0,False,15,206,26150.0
6312.5,1312.5,4775.0,1100.0,False,15,204,15125.0
2150.0,-2850.0,862.5,2500.0,False,15,205,19250.0
3825.0,-1175.0,1587.5,2425.0,False,15,207,27200.0
4150.0,-850.0,2175.0,2100.0,False,15,204,24600.0
8025.0,3025.0,2925.0,1500.0,False,15,213,28175.0
4937.5,-62.5,3487.5,2600.0,False,15,206,30050.0
9825.0,4825.0,4975.0,1275.0,False,15,207,21075.0
5862.5,862.5,4587.5,2575.0,False,15,205,19925.0
3550.0,-1450.0,1075.0,2500.0,False,15,205,29425.0
5562.5,562.5,2875.0,2250.0,False,15,204,29100.0
4987.5,-12.5,4050.0,2500.0,False,15,205,16850.0
-137.5,-5137.5,-137.5,3000.0,True,10,132,14975.0
7837.5,2837.5,4150.0,1500.0,False,15,207,20750.0
5037.5,37.5,2200.0,2250.0,False,15,205,27400.0
4575.0,-425.0,2700.0,2100.0,False,15,206,20975.0
11812.5,6812.5,4300.0,2200.0,False,15,204,33400.0
8750.0,3750.0,4362.5,1425.0,False,15,203,17925.0
6850.0,1850.0,2500.0,800.0,False,15,206,18150.0
4637.5,-362.5,3175.0,2250.0,False,15,209,28550.0
4175.0,-825.0,3537.5,1650.0,False,15,208,20025.0
3675.0,-1325.0,3675.0,1500.0,False,15,205,23625.0
4475.0,-525.0,3000.0,1700.0,False,15,204,26375.0
4887.5,-112.5,4412.5,1550.0,False,15,204,27825.0
8762.5,3762.5,4825.0,2300.0,False,15,205,32425.0
4012.5,-987.5,2462.5,2300.0,False,15,208,23850.0
6112.5,1112.5,4375.0,1800.0,False,15,204,19775.0
975.0,-4025.0,950.0,2900.0,False,15,205,30275.0
5350.0,350.0,4362.5,1625.0,False,15,204,27350.0
7262.5,2262.5,3800.0,1500.0,False,15,205,27500.0
9912.5,4912.5,4300.0,1250.0,False,15,206,24250.0
4275.0,-725.0,4025.0,1100.0,False,15,204,24250.0
3625.0,-1375.0,2012.5,4150.0,False,15,207,25500.0
-237.5,-5237.5,-237.5,2250.0,True,12,159,27125.0
1275.0,-3725.0,1200.0,2450.0,False,15,205,21600.0
4075.0,-925.0,1787.5,1650.0,False,15,209,20750.0
6637.5,1637.5,2662.5,1700.0,False,15,208,24700.0
2100.0,-2900.0,1212.5,2000.0,False,15,202,20575.0
6012.5,1012.5,2000.0,2500.0,False,15,205,37300.0
8162.5,3162.5,5000.0,1400.0,False,15,207,30325.0
1512.5,-3487.5,1075.0,2500.0,False,15,205,23175.0
5300.0,300.0,4712.5,3050.0,False,15,205,36325.0
7012.5,2012.5,4762.5,600.0,False,15,208,12025.0
1050.0,-3950.0,650.0,2200.0,False,15,207,24750.0
5137.5,137.5,2212.5,2750.0,False,15,207,28000.0
4300.0,-700.0,1987.5,1925.0,False,15,210,28475.0
7050.0,2050.0,3800.0,1900.0,False,15,208,18850.0
2512.5,-2487.5,2250.0,2300.0,False,15,207,29650.0
8187.5,3187.5,4975.0,1100.0,False,15,205,20000.0
3475.0,-1525.0,1812.5,2025.0,False,15,211,20175.0
912.5,-4087.5,350.0,2850.0,False,15,205,38825.0
6062.5,1062.5,4950.0,2350.0,False,15,205,20375.0
6625.0,1625.0,4162.5,2250.0,False,15,203,22725.0
5725.0,725.0,4025.0,2000.0,False,15,205,29625.0
6337.5,1337.5,3425.0,1075.0,False,15,206,20225.0
13675.0,8675.0,4875.0,1500.0,False,15,204,36550.0
8062.5,3062.5,4075.0,1100.0,False,15,205,20425.0
8312.5,3312.5,4950.0,1200.0,False,15,206,27000.0
6487.5,1487.5,4300.0,2200.0,False,15,202,34650.0
2975.0,-2025.0,2737.5,1775.0,False,15,203,23450.0
4450.0,-550.0,987.5,1650.0,False,15,209,25700.0
4187.5,-812.5,3862.5,1250.0,False,15,210,21200.0
3062.5,-1937.5,1812.5,2650.0,False,15,207,30700.0
7112.5,2112.5,4175.0,1300.0,False,15,205,20325.0
-12.5,-5012.5,-12.5,4575.0,True,5,61,6800.0
6037.5,1037.5,4737.5,1400.0,False,15,205,24425.0
6375.0,1375.0,5000.0,1100.0,False,15,205,19000.0
1500.0,-3500.0,575.0,2225.0,False,15,207,15900.0
5375.0,375.0,4725.0,1550.0,False,15,203,18200.0
5887.5,887.5,2475.0,3000.0,False,15,204,41075.0
-775.0,-5775.0,-775.0,4150.0,True,7,90,12900.0
2812.5,-2187.5,2787.5,2125.0,False,15,211,23650.0
6512.5,1512.5,4975.0,1600.0,False,15,203,16550.0
2462.5,-2537.5,2062.5,1650.0,False,15,203,19150.0
8650.0,3650.0,2587.5,1675.0,False,15,207,30525.0
3375.0,-1625.0,2287.5,2150.0,False,15,208,28675.0
4400.0,-600.0,3900.0,2050.0,False,15,203,17950.0
6487.5,1487.5,4487.5,1500.0,False,15,205,26500.0
8875.0,3875.0,25.0,1750.0,False,15,202,35675.0
7025.0,2025.0,2225.0,2075.0,False,15,204,24075.0
11200.0,6200.0,3450.0,1500.0,False,15,204,28475.0
5825.0,825.0,2975.0,1050.0,False,15,207,21100.0
6012.5,1012.5,4337.5,950.0,False,15,205,19000.0
7575.0,2575.0,4950.0,1600.0,False,15,206,24800.0
5262.5,262.5,4800.0,2400.0,False,15,208,33025.0
7237.5,2237.5,3512.5,1850.0,False,15,205,22675.0
6237.5,1237.5,787.5,3200.0,False,15,204,33900.0
7637.5,2637.5,3750.0,1600.0,False,15,208,20875.0
1650.0,-3350.0,1300.0,2300.0,False,15,206,17550.0
0.0,-5000.0,0.0,3050.0,True,13,168,18025.0
6275.0,1275.0,4925.0,1475.0,False,15,207,26125.0
6250.0,1250.0,3687.5,1250.0,False,15,207,19975.0
5600.0,600.0,4700.0,350.0,False,15,212,8425.0
12962.5,7962.5,4487.5,2050.0,False,15,207,27625.0
6412.5,1412.5,3537.5,1200.0,False,15,208,30250.0
1400.0,-3600.0,1287.5,1650.0,False,15,204,23300.0
8475.0,3475.0,4575.0,1400.0,False,15,205,27825.0
4425.0,-575.0,3400.0,1600.0,False,15,205,20200.0
1987.5,-3012.5,712.5,3650.0,False,15,211,24000.0
8750.0,3750.0,1150.0,2600.0,False,15,210,25150.0
7612.5,2612.5,4375.0,2000.0,False,15,200,33975.0
4825.0,-175.0,3537.5,1925.0,False,15,211,20750.0
3775.0,-1225.0,2937.5,2950.0,False,15,209,23475.0
3950.0,-1050.0,3587.5,2025.0,False,15,206,26300.0
6850.0,1850.0,3550.0,1600.0,False,15,206,22050.0
5212.5,212.5,4662.5,1025.0,False,15,204,20475.0
6225.0,1225.0,3925.0,1750.0,False,15,204,21500.0
4537.5,-462.5,1412.5,2050.0,False,15,207,23675.0
5462.5,462.5,1437.5,2300.0,False,15,208,33325.0
6800.0,1800.0,3312.5,1250.0,False,15,202,22475.0
4037.5,-962.5,2575.0,2450.0,False,15,208,26600.0
5462.5,462.5,4775.0,800.0,False,15,207,16650.0
3975.0,-1025.0,3312.5,1525.0,False,15,209,17150.0
7837.5,2837.5,4825.0,675.0,False,15,205,17550.0
6425.0,1425.0,4650.0,1000.0,False,15,207,20325.0
4925.0,-75.0,2375.0,3250.0,False,15,208,23475.0
4050.0,-950.0,2800.0,1000.0,False,15,211,16600.0
4075.0,-925.0,2037.5,2750.0,False,15,205,23225.0
3662.5,-1337.5,2562.5,1500.0,False,15,205,22700.0
5537.5,537.5,1662.5,2500.0,False,15,209,37725.0
3837.5,-1162.5,3162.5,1450.0,False,15,210,25025.0
4150.0,-850.0,3337.5,2250.0,False,15,207,19600.0
6250.0,1250.0,2562.5,2000.0,False,15,204,24925.0
1025.0,-3975.0,412.5,3050.0,False,15,208,23700.0
12412.5,7412.5,4700.0,1100.0,False,15,203,29825.0
6000.0,1000.0,3975.0,2850.0,False,15,210,29600.0
3250.0,-1750.0,2600.0,3250.0,False,15,211,19700.0
9250.0,4250.0,4512.5,1250.0,False,15,208,21425.0
4625.0,-375.0,2812.5,1900.0,False,15,211,19550.0
4287.5,-712.5,2387.5,2125.0,False,15,206,29175.0
6162.5,1162.5,4187.5,1250.0,False,15,204,28075.0
2050.0,-2950.0,2050.0,1900.0,False,15,209,31750.0
4150.0,-850.0,2062.5,1700.0,False,15,210,26950.0
6125.0,1125.0,4900.0,1900.0,False,15,209,32725.0
4700.0,-300.0,4112.5,1450.0,False,15,210,24600.0
10600.0,5600.0,4950.0,1500.0,False,15,206,28750.0
8437.5,3437.5,4212.5,1200.0,False,15,205,16300.0
6750.0,1750.0,4525.0,1600.0,False,15,203,24550.0
4587.5,-412.5,2937.5,2850.0,False,15,209,21625.0
3350.0,-1650.0,1875.0,2100.0,False,15,209,25550.0
2500.0,-2500.0,1825.0,2950.0,False,15,209,20900.0
1712.5,-3287.5,787.5,1925.0,False,15,208,20050.0
12325.0,7325.0,4875.0,850.0,False,15,209,23825.0
8087.5,3087.5,4662.5,1300.0,False,15,208,26600.0
8800.0,3800.0,4662.5,1400.0,False,15,206,28925.0
4787.5,-212.5,3387.5,2275.0,False,15,206,28175.0
7487.5,2487.5,4787.5,1100.0,False,15,208,17225.0
11687.5,6687.5,3050.0,1800.0,False,15,208,31525.0
4937.5,-62.5,1825.0,2550.0,False,15,208,39700.0
2350.0,-2650.0,2312.5,1700.0,False,15,206,22000.0
4237.5,-762.5,2450.0,2050.0,False,15,206,26400.0
2800.0,-2200.0,2150.0,2300.0,False,15,205,25825.0
3062.5,-1937.5,1862.5,3200.0,False,15,208,24575.0
4362.5,-637.5,525.0,3200.0,False,15,207,21050.0
3562.5,-1437.5,1575.0,2800.0,False,15,202,38025.0
8712.5,3712.5,4925.0,3250.0,False,15,203,23100.0
4200.0,-800.0,2500.0,1350.0,False,15,203,15200.0
7250.0,2250.0,4525.0,1150.0,False,15,210,20875.0
4062.5,-937.5,4062.5,1800.0,False,15,207,21000.0
7212.5,2212.5,3262.5,1575.0,False,15,207,28025.0
4662.5,-337.5,1637.5,1800.0,False,15,205,30550.0
3450.0,-1550.0,2462.5,1850.0,False,15,206,36400.0
5925.0,925.0,4037.5,1075.0,False,15,204,15525.0
2475.0,-2525.0,937.5,3100.0,False,15,207,24275.0
3762.5,-1237.5,1550.0,2375.0,False,15,207,21175.0
3700.0,-1300.0,1000.0,3900.0,False,15,207,22325.0
7887.5,2887.5,4400.0,1500.0,False,15,208,21100.0
2862.5,-2137.5,1562.5,2300.0,False,15,205,24400.0
2700.0,-2300.0,1225.0,2200.0,False,15,205,19325.0
-187.5,-5187.5,-187.5,4550.0,True,15,204,29625.0
8487.5,3487.5,3787.5,1325.0,False,15,212,22175.0
10162.5,5162.5,4900.0,1300.0,False,15,209,17225.0
4687.5,-312.5,3112.5,1400.0,False,15,209,20775.0
5375.0,375.0,4575.0,2750.0,False,15,209,29600.0
762.5,-4237.5,462.5,2200.0,False,15,202,25325.0
5887.5,887.5,4075.0,1500.0,False,15,208,15600.0
4550.0,-450.0,3487.5,1025.0,False,15,208,18700.0
4450.0,-550.0,3237.5,675.0,False,15,209,19250.0
4537.5,-462.5,2287.5,1700.0,False,15,207,21275.0
5787.5,787.5,2525.0,1800.0,False,15,208,20350.0
6075.0,1075.0,4587.5,1750.0,False,15,207,14575.0
6975.0,1975.0,4437.5,1300.0,False,15,208,20025.0
5987.5,987.5,4087.5,1100.0,False,15,205,14675.0
1825.0,-3175.0,1500.0,2200.0,False,15,204,28625.0
4825.0,-175.0,2537.5,2000.0,False,15,206,28300.0
0.0,-5000.0,0.0,2600.0,True,9,120,23575.0
8087.5,3087.5,4612.5,1600.0,False,15,206,23675.0
10962.5,5962.5,4825.0,1850.0,False,15,208,29600.0
7312.5,2312.5,4950.0,2750.0,False,15,201,21000.0
4500.0,-500.0,2150.0,1500.0,False,15,199,30625.0
3212.5,-1787.5,2525.0,2700.0,False,15,205,16225.0
6487.5,1487.5,4475.0,1000.0,False,15,207,19900.0
7575.0,2575.0,4075.0,2500.0,False,15,201,27150.0
3787.5,-1212.5,1600.0,2500.0,False,15,204,21300.0
2925.0,-2075.0,1750.0,1750.0,False,15,206,18300.0
5225.0,225.0,3587.5,1850.0,False,15,207,22775.0
3562.5,-1437.5,1775.0,2000.0,False,15,205,25400.0
9662.5,4662.5,4775.0,1500.0,False,15,204,23275.0
10825.0,5825.0,4750.0,1000.0,False,15,205,24800.0
3912.5,-1087.5,2625.0,1150.0,False,15,207,14025.0
6325.0,1325.0,4450.0,1350.0,False,15,205,19400.0
2112.5,-2887.5,225.0,3600.0,False,15,207,26775.0
4950.0,-50.0,2500.0,3650.0,False,15,206,20925.0
5025.0,25.0,3925.0,1700.0,False,15,207,18425.0
3525.0,-1475.0,512.5,3925.0,False,15,206,25550.0
5637.5,637.5,3900.0,1275.0,False,15,205,16150.0
5237.5,237.5,1850.0,2800.0,False,15,205,33325.0
7075.0,2075.0,3562.5,1900.0,False,15,207,23800.0
6762.5,1762.5,3450.0,1300.0,False,15,206,25400.0
10462.5,5462.5,4850.0,900.0,False,15,203,19350.0
-150.0,-5150.0,-150.0,2850.0,True,15,199,25150.0
6637.5,1637.5,4100.0,2025.0,False,15,197,27375.0
9875.0,4875.0,4900.0,1225.0,False,15,209,24225.0
6487.5,1487.5,4862.5,1750.0,False,15,203,22425.0
3112.5,-1887.5,837.5,1825.0,False,15,204,31200.0
4325.0,-675.0,3925.0,1950.0,False,15,210,20450.0
1287.5,-3712.5,337.5,3150.0,False,15,205,33475.0
-187.5,-5187.5,-187.5,3300.0,True,11,152,23050.0
2987.5,-2012.5,1625.0,2750.0,False,15,207,24650.0
4962.5,-37.5,2425.0,3000.0,False,15,205,28625.0
7525.0,2525.0,4325.0,1650.0,False,15,204,23925.0
7400.0,2400.0,4975.0,1300.0,False,15,204,22150.0
5000.0,0.0,4400.0,1700.0,False,15,203,32525.0
4237.5,-762.5,3275.0,2050.0,False,15,198,26175.0
7987.5,2987.5,4625.0,1575.0,False,15,201,24850.0
5275.0,275.0,4375.0,1400.0,False,15,207,22650.0
-200.0,-5200.0,-200.0,4150.0,True,13,176,21450.0
4725.0,-275.0,4725.0,2300.0,False,15,206,33425.0
3300.0,-1700.0,2687.5,1125.0,False,15,210,22125.0
2850.0,-2150.0,2350.0,1400.0,False,15,211,12850.0
8625.0,3625.0,3900.0,1600.0,False,15,201,30525.0
5462.5,462.5,3300.0,2325.0,False,15,212,19700.0
2825.0,-2175.0,2075.0,2450.0,False,15,205,37050.0
6725.0,1725.0,4237.5,2000.0,False,15,207,24150.0
5962.5,962.5,3662.5,1550.0,False,15,200,34175.0
6162.5,1162.5,4225.0,1400.0,False,15,204,22100.0
8712.5,3712.5,4325.0,1500.0,False,15,207,23250.0
8412.5,3412.5,4300.0,1250.0,False,15,205,35300.0
4737.5,-262.5,2875.0,1275.0,False,15,209,18125.0
4375.0,-625.0,4150.0,2250.0,False,15,206,14525.0
3087.5,-1912.5,2612.5,2200.0,False,15,204,23575.0
7625.0,2625.0,5000.0,1200.0,False,15,210,15500.0
3512.5,-1487.5,250.0,2050.0,False,15,205,26600.0
5537.5,537.5,4050.0,1925.0,False,15,204,21750.0
7312.5,2312.5,4237.5,2250.0,False,15,201,31675.0
2650.0,-2350.0,2137.5,1400.0,False,15,203,23675.0
4637.5,-362.5,3225.0,1475.0,False,15,203,18225.0
9662.5,4662.5,4400.0,1050.0,False,15,200,20425.0
5525.0,525.0,4600.0,1250.0,False,15,206,14125.0
5237.5,237.5,4050.0,1175.0,False,15,207,21050.0
5925.0,925.0,2800.0,3000.0,False,15,206,26000.0
2312.5,-2687.5,687.5,2900.0,False,15,207,32800.0
6325.0,1325.0,3787.5,800.0,False,15,205,16975.0
3212.5,-1787.5,650.0,2800.0,False,15,205,25400.0
2987.5,-2012.5,2987.5,2000.0,False,15,204,31025.0
5150.0,150.0,3937.5,2000.0,False,15,207,24750.0
10900.0,5900.0,4575.0,1900.0,False,15,207,35800.0
4925.0,-75.0,4075.0,1400.0,False,15,207,25275.0
4862.5,-137.5,2437.5,1500.0,False,15,205,22375.0
5912.5,912.5,3712.5,825.0,False,15,207,17925.0
7162.5,2162.5,3175.0,1300.0,False,15,203,22100.0
12.5,-4987.5,12.5,2750.0,True,14,186,20150.0
3950.0,-1050.0,3950.0,2150.0,False,15,209,18925.0
11637.5,6637.5,4587.5,2150.0,False,15,208,34350.0
6675.0,1675.0,4450.0,1750.0,False,15,205,22700.0
5962.5,962.5,2412.5,2350.0,False,15,210,32375.0
5375.0,375.0,3062.5,1525.0,False,15,205,17350.0
7287.5,2287.5,4375.0,1500.0,False,15,206,24575.0
5512.5,512.5,3900.0,1400.0,False,15,207,21650.0
7250.0,2250.0,4662.5,1300.0,False,15,207,22800.0
8175.0,3175.0,3250.0,2050.0,False,15,203,35725.0
7600.0,2600.0,4875.0,675.0,False,15,209,15125.0
4462.5,-537.5,4462.5,1900.0,False,15,206,27450.0
12450.0,7450.0,4400.0,1175.0,False,15,204,34200.0
2750.0,-2250.0,2250.0,1500.0,False,15,206,21950.0
0.0,-5000.0,0.0,2550.0,True,7,83,13200.0
8100.0,3100.0,3550.0,1475.0,False,15,207,25200.0
3487.5,-1512.5,1512.5,1925.0,False,15,204,23325.0
11350.0,6350.0,4950.0,1700.0,False,15,205,26525.0
5537.5,537.5,3162.5,975.0,False,15,204,17575.0
1675.0,-3325.0,1175.0,3350.0,False,15,209,28050.0
5962.5,962.5,4025.0,1575.0,False,15,209,19375.0
9487.5,4487.5,4975.0,2300.0,False,15,207,23925.0
8737.5,3737.5,4400.0,1200.0,False,15,206,21150.0
5737.5,737.5,4762.5,1200.0,False,15,207,17050.0
4062.5,-937.5,3912.5,1825.0,False,15,204,23375.0
4825.0,-175.0,3562.5,1450.0,False,15,208,25950.0
12362.5,7362.5,4537.5,1200.0,False,15,209,34400.0
11375.0,6375.0,4250.0,1200.0,False,15,208,25725.0
3225.0,-1775.0,2862.5,2150.0,False,15,208,18325.0
4587.5,-412.5,4087.5,3400.0,False,15,208,28550.0
7962.5,2962.5,4675.0,1300.0,False,15,208,19075.0
6112.5,1112.5,3075.0,1500.0,False,15,206,30675.0
6725.0,1725.0,5000.0,525.0,False,15,208,13475.0
1025.0,-3975.0,1025.0,1050.0,False,15,205,20750.0
4250.0,-750.0,2050.0,2225.0,False,15,203,19125.0
4487.5,-512.5,1675.0,2725.0,False,15,205,21375.0
6000.0,1000.0,3800.0,1650.0,False,15,207,24625.0
8337.5,3337.5,2562.5,2800.0,False,15,201,34125.0
6675.0,1675.0,4175.0,1600.0,False,15,204,20725.0
8212.5,3212.5,5000.0,1275.0,False,15,211,22250.0
9237.5,4237.5,4600.0,1000.0,False,15,209,20825.0
6275.0,1275.0,4000.0,1650.0,False,15,207,24125.0
7562.5,2562.5,4937.5,1575.0,False,15,210,25800.0
1750.0,-3250.0,1750.0,2425.0,False,15,206,20300.0
4950.0,-50.0,3150.0,1500.0,False,15,204,27775.0
4312.5,-687.5,2312.5,2200.0,False,15,204,27725.0
6700.0,1700.0,3387.5,2200.0,False,15,202,39125.0
3012.5,-1987.5,2637.5,1300.0,False,15,207,14775.0
4150.0,-850.0,4150.0,1500.0,False,15,207,19675.0
5225.0,225.0,4950.0,2050.0,False,15,205,31975.0
12.5,-4987.5,12.5,3400.0,True,7,89,16000.0
5487.5,487.5,3900.0,2000.0,False,15,208,32000.0
7387.5,2387.5,5000.0,775.0,False,15,203,19625.0
6162.5,1162.5,2600.0,1750.0,False,15,207,25425.0
5412.5,412.5,4587.5,625.0,False,15,208,16750.0
2925.0,-2075.0,2925.0,1800.0,False,15,209,21175.0
5000.0,0.0,3687.5,1800.0,False,15,206,24675.0
5225.0,225.0,2650.0,1625.0,False,15,209,28550.0
2462.5,-2537.5,2462.5,2200.0,False,15,207,22025.0
12.5,-4987.5,12.5,2750.0,True,13,176,19700.0
5562.5,562.5,4012.5,1300.0,False,15,208,14200.0
7825.0,2825.0,4150.0,1150.0,False,15,205,27425.0
6562.5,1562.5,3450.0,1300.0,False,15,203,34775.0
4000.0,-1000.0,4000.0,2950.0,False,15,206,25050.0
6000.0,1000.0,4262.5,1175.0,False,15,206,26700.0
1725.0,-3275.0,1500.0,2400.0,False,15,206,19650.0
6237.5,1237.5,3662.5,1400.0,False,15,213,19175.0
4150.0,-850.0,2875.0,1300.0,False,15,209,15900.0
6875.0,1875.0,4300.0,1600.0,False,15,207,23250.0
4487.5,-512.5,2237.5,3650.0,False,15,209,25550.0
2025.0,-2975.0,1975.0,1600.0,False,15,208,26875.0
6350.0,1350.0,4550.0,1500.0,False,15,206,19050.0
2950.0,-2050.0,2650.0,3000.0,False,15,202,22750.0
8550.0,3550.0,4387.5,1375.0,False,15,207,24400.0
4050.0,-950.0,3637.5,1325.0,False,15,204,9750.0
2812.5,-2187.5,2537.5,1825.0,False,15,207,20475.0
4825.0,-175.0,4050.0,1250.0,False,15,206,15425.0
962.5,-4037.5,762.5,2150.0,False,15,209,36275.0
3937.5,-1062.5,2587.5,3100.0,False,15,206,21075.0
-62.5,-5062.5,-62.5,2300.0,True,14,195,24525.0
2025.0,-2975.0,1237.5,1950.0,False,15,205,26350.0
7550.0,2550.0,4050.0,2000.0,False,15,207,22525.0
2462.5,-2537.5,712.5,1950.0,False,15,210,23875.0
2700.0,-2300.0,900.0,1850.0,False,15,206,17950.0
4400.0,-600.0,2550.0,1400.0,False,15,207,13275.0
9512.5,4512.5,4850.0,1500.0,False,15,210,30925.0
5425.0,425.0,4650.0,900.0,False,15,205,16175.0
6900.0,1900.0,4662.5,1250.0,False,15,206,25175.0
4187.5,-812.5,3112.5,1600.0,False,15,207,16425.0
-425.0,-5425.0,-425.0,2100.0,True,13,163,22875.0
3587.5,-1412.5,787.5,1650.0,False,15,211,20200.0
6487.5,1487.5,2725.0,2550.0,False,15,209,25900.0
6537.5,1537.5,4887.5,2100.0,False,15,209,16750.0
0.0,-5000.0,0.0,2725.0,True,10,130,21950.0
4075.0,-925.0,2125.0,1750.0,False,15,206,27525.0
4162.5,-837.5,1312.5,1800.0,False,15,208,16700.0
8825.0,3825.0,4712.5,1000.0,False,15,210,29225.0
4450.0,-550.0,3537.5,1700.0,False,15,203,32825.0
6025.0,1025.0,2962.5,1450.0,False,15,207,27950.0
4712.5,-287.5,87.5,2400.0,False,15,204,37275.0
9237.5,4237.5,3537.5,1400.0,False,15,203,23450.0
5025.0,25.0,4525.0,1400.0,False,15,203,22600.0
2662.5,-2337.5,1825.0,1800.0,False,15,206,20175.0
2825.0,-2175.0,2412.5,1750.0,False,15,205,21025.0
8087.5,3087.5,4250.0,1000.0,False,15,205,21050.0
4550.0,-450.0,3287.5,1475.0,False,15,207,20200.0
2637.5,-2362.5,1362.5,1900.0,False,15,205,27550.0
4612.5,-387.5,3175.0,1850.0,False,15,206,26200.0
7975.0,2975.0,4712.5,1100.0,False,15,207,19700.0
5325.0,325.0,4862.5,1650.0,False,15,205,17550.0
6875.0,1875.0,2350.0,1950.0,False,15,210,19925.0
8587.5,3587.5,2775.0,2050.0,False,15,207,21525.0
3737.5,-1262.5,2687.5,2150.0,False,15,203,29250.0
6625.0,1625.0,2887.5,2325.0,False,15,203,33225.0
4175.0,-825.0,962.5,4000.0,False,15,205,28125.0
7700.0,2700.0,4825.0,1200.0,False,15,204,19225.0
4875.0,-125.0,2650.0,1475.0,False,15,210,16925.0
1000.0,-4000.0,200.0,2575.0,False,15,204,17275.0
4275.0,-725.0,3837.5,2425.0,False,15,208,24825.0
4562.5,-437.5,4012.5,700.0,False,15,206,10475.0
4237.5,-762.5,2950.0,2050.0,False,15,209,16225.0
3987.5,-1012.5,3687.5,1100.0,False,15,207,16150.0
11800.0,6800.0,4600.0,1000.0,False,15,207,26575.0
4637.5,-362.5,4375.0,600.0,False,15,208,11675.0
6025.0,1025.0,4137.5,1000.0,False,15,205,17000.0
7487.5,2487.5,4600.0,1750.0,False,15,202,25050.0
5112.5,112.5,3950.0,1500.0,False,15,208,24900.0
4900.0,-100.0,2212.5,2900.0,False,15,205,31375.0
11937.5,6937.5,3925.0,1500.0,False,15,207,22050.0
787.5,-4212.5,787.5,1650.0,False,15,208,24000.0
3387.5,-1612.5,762.5,2075.0,False,15,207,22475.0
5237.5,237.5,3262.5,2100.0,False,15,206,24400.0
1200.0,-3800.0,650.0,1575.0,False,15,212,24725.0
4275.0,-725.0,3425.0,3000.0,False,15,204,26900.0
2962.5,-2037.5,1937.5,2150.0,False,15,203,31475.0
9475.0,4475.0,3587.5,1775.0,False,15,209,19700.0
4237.5,-762.5,3812.5,1550.0,False,15,208,17600.0
5350.0,350.0,3000.0,1525.0,False,15,207,25325.0
-300.0,-5300.0,-300.0,3225.0,True,12,161,23975.0
7762.5,2762.5,4112.5,1500.0,False,15,206,29625.0
8700.0,3700.0,4250.0,1500.0,False,15,204,24100.0
4775.0,-225.0,2062.5,2975.0,False,15,205,25600.0
11137.5,6137.5,4787.5,1800.0,False,15,206,31600.0
8212.5,3212.5,4112.5,1500.0,False,15,202,28750.0
9012.5,4012.5,4950.0,1100.0,False,15,208,16500.0
3762.5,-1237.5,3150.0,2500.0,False,15,210,22725.0
2850.0,-2150.0,1775.0,1700.0,False,15,207,21600.0
7137.5,2137.5,4837.5,3000.0,False,15,210,26500.0
5725.0,725.0,3600.0,1500.0,False,15,206,24500.0
8100.0,3100.0,4850.0,1700.0,False,15,209,27225.0
3525.0,-1475.0,2737.5,1875.0,False,15,206,19850.0
2625.0,-2375.0,2037.5,1450.0,False,15,209,22775.0
5112.5,112.5,4625.0,1500.0,False,15,208,23050.0
7737.5,2737.5,3512.5,1400.0,False,15,205,35275.0
3137.5,-1862.5,1837.5,2500.0,False,15,204,22875.0
937.5,-4062.5,187.5,3100.0,False,15,204,20550.0
4437.5,-562.5,4200.0,2550.0,False,15,208,24200.0
8525.0,3525.0,4125.0,900.0,False,15,208,22950.0
4675.0,-325.0,2000.0,3625.0,False,15,207,29050.0
5775.0,775.0,4837.5,1550.0,False,15,206,17950.0
5625.0,625.0,3875.0,1600.0,False,15,205,18225.0
762.5,-4237.5,762.5,2050.0,False,15,210,22450.0
5962.5,962.5,3500.0,2325.0,False,15,209,23725.0
4850.0,-150.0,3762.5,2650.0,False,15,207,17200.0
4725.0,-275.0,4325.0,1775.0,False,15,209,23125.0
-62.5,-5062.5,-62.5,2475.0,True,14,187,25675.0
7575.0,2575.0,4200.0,1000.0,False,15,212,17425.0
-37.5,-5037.5,-37.5,2400.0,True,13,173,14950.0
4937.5,-62.5,950.0,2500.0,False,15,206,27150.0
2087.5,-2912.5,537.5,2500.0,False,15,205,23175.0
1887.5,-3112.5,1725.0,1950.0,False,15,206,24725.0
4712.5,-287.5,4200.0,1075.0,False,15,204,18850.0
4075.0,-925.0,4000.0,1837.5,False,15,206,24700.0
7700.0,2700.0,4875.0,2250.0,False,15,208,29150.0
7962.5,2962.5,4737.5,1300.0,False,15,210,24950.0
8100.0,3100.0,4100.0,1600.0,False,15,208,22650.0
9287.5,4287.5,4750.0,1500.0,False,15,208,27700.0
6362.5,1362.5,4687.5,1375.0,False,15,206,16025.0
5950.0,950.0,2912.5,1700.0,False,15,203,27975.0
-62.5,-5062.5,-62.5,2325.0,True,13,179,20900.0
1000.0,-4000.0,587.5,4100.0,False,15,209,25525.0
5587.5,587.5,3412.5,1400.0,False,15,208,25925.0
2475.0,-2525.0,312.5,2350.0,False,15,207,29300.0
4000.0,-1000.0,3925.0,1700.0,False,15,206,25825.0
2800.0,-2200.0,400.0,1625.0,False,15,207,23900.0
10425.0,5425.0,5000.0,1250.0,False,15,205,20025.0
10800.0,5800.0,3975.0,1025.0,False,15,208,30175.0
7825.0,2825.0,3875.0,1225.0,False,15,211,24375.0
3750.0,-1250.0,3725.0,1500.0,False,15,209,14200.0
4562.5,-437.5,3700.0,1100.0,False,15,204,14975.0
7375.0,2375.0,3775.0,1650.0,False,15,204,18600.0
3100.0,-1900.0,1362.5,2750.0,False,15,201,23475.0
4825.0,-175.0,4500.0,1400.0,False,15,205,24550.0
5425.0,425.0,4975.0,600.0,False,15,211,13125.0
4212.5,-787.5,3300.0,1100.0,False,15,206,16500.0
5275.0,275.0,2775.0,2500.0,False,15,205,23275.0
8737.5,3737.5,4600.0,1150.0,False,15,208,18300.0
6000.0,1000.0,3437.5,1650.0,False,15,205,14375.0
-25.0,-5025.0,-25.0,1900.0,True,9,111,14450.0
5850.0,850.0,4387.5,1325.0,False,15,209,22150.0
4737.5,-262.5,2512.5,2675.0,False,15,207,22875.0
9375.0,4375.0,5000.0,1000.0,False,15,205,21575.0
-250.0,-5250.0,-250.0,2325.0,True,10,134,22050.0
2862.5,-2137.5,2737.5,2000.0,False,15,211,19825.0
8962.5,3962.5,3525.0,1200.0,False,15,205,25150.0
3875.0,-1125.0,3675.0,2300.0,False,15,206,12650.0
7262.5,2262.5,2850.0,1800.0,False,15,207,28000.0
9662.5,4662.5,4925.0,900.0,False,15,207,22750.0
7662.5,2662.5,4700.0,1850.0,False,15,206,27400.0
8912.5,3912.5,4975.0,1400.0,False,15,208,32150.0
2362.5,-2637.5,1987.5,2075.0,False,15,209,34425.0
2987.5,-2012.5,2387.5,1750.0,False,15,203,32800.0
275.0,-4725.0,275.0,2575.0,False,15,209,20175.0
5450.0,450.0,2700.0,2000.0,False,15,205,24325.0
5562.5,562.5,3800.0,1500.0,False,15,209,21825.0
6587.5,1587.5,4725.0,975.0,False,15,211,15600.0
9612.5,4612.5,4975.0,1500.0,False,15,205,28125.0
6987.5,1987.5,3612.5,1500.0,False,15,209,19400.0
1950.0,-3050.0,950.0,2750.0,False,15,205,23700.0
6037.5,1037.5,4150.0,2200.0,False,15,208,19750.0
2700.0,-2300.0,2250.0,1600.0,False,15,212,22575.0
6500.0,1500.0,4850.0,2125.0,False,15,206,17100.0
6375.0,1375.0,3500.0,1200.0,False,15,208,24650.0
7612.5,2612.5,4500.0,1000.0,False,15,211,21475.0
5850.0,850.0,4300.0,1750.0,False,15,212,17775.0
6200.0,1200.0,2625.0,2375.0,False,15,201,22400.0
2525.0,-2475.0,300.0,2400.0,False,15,207,35700.0
1987.5,-3012.5,475.0,3225.0,False,15,203,26125.0
2900.0,-2100.0,2112.5,1600.0,False,15,205,24900.0
6025.0,1025.0,4300.0,500.0,False,15,208,17950.0
5312.5,312.5,3900.0,1150.0,False,15,206,12375.0
-112.5,-5112.5,-112.5,1625.0,True,11,150,21750.0
1850.0,-3150.0,1662.5,3225.0,False,15,206,28150.0
10362.5,5362.5,5000.0,1250.0,False,15,205,23775.0
5575.0,575.0,4925.0,800.0,False,15,206,10875.0
9562.5,4562.5,4325.0,1500.0,False,15,205,32150.0
8350.0,3350.0,4962.5,1300.0,False,15,205,31975.0
4862.5,-137.5,4862.5,2025.0,False,15,210,13275.0
3937.5,-1062.5,3800.0,2500.0,False,15,206,19800.0
5800.0,800.0,3700.0,2700.0,False,15,205,36675.0
8787.5,3787.5,4787.5,1750.0,False,15,203,23950.0
7250.0,2250.0,5000.0,2200.0,False,15,205,27225.0
4737.5,-262.5,2950.0,2100.0,False,15,205,29825.0
8025.0,3025.0,2937.5,1500.0,False,15,206,28400.0
6687.5,1687.5,4612.5,2150.0,False,15,209,26225.0
-125.0,-5125.0,-125.0,3450.0,True,5,52,14600.0
11037.5,6037.5,1075.0,2200.0,False,15,211,37950.0
4962.5,-37.5,2987.5,1600.0,False,15,204,25975.0
9450.0,4450.0,4450.0,1450.0,False,15,206,30425.0
-450.0,-5450.0,-450.0,2800.0,True,15,206,18250.0
3387.5,-1612.5,3362.5,2050.0,False,15,204,23350.0
3250.0,-1750.0,1325.0,2800.0,False,15,210,36450.0
3262.5,-1737.5,2612.5,1800.0,False,15,208,16875.0
6637.5,1637.5,3500.0,2300.0,False,15,208,33475.0
4287.5,-712.5,2237.5,2000.0,False,15,209,28275.0
9862.5,4862.5,4125.0,2025.0,False,15,205,31400.0
3725.0,-1275.0,1575.0,4125.0,False,15,205,24225.0
4012.5,-987.5,2862.5,1850.0,False,15,205,24900.0
5637.5,637.5,4362.5,750.0,False,15,207,17125.0
12487.5,7487.5,4950.0,1000.0,False,15,209,28300.0
5262.5,262.5,2487.5,1500.0,False,15,213,20525.0
6662.5,1662.5,2975.0,1400.0,False,15,207,17300.0
12.5,-4987.5,12.5,2900.0,True,5,69,12125.0
3112.5,-1887.5,2700.0,1550.0,False,15,211,22425.0
4150.0,-850.0,3987.5,2500.0,False,15,206,21900.0
-37.5,-5037.5,-37.5,2050.0,True,11,149,26100.0
8937.5,3937.5,4725.0,1100.0,False,15,206,17350.0
4112.5,-887.5,2287.5,1550.0,False,15,209,24175.0
3912.5,-1087.5,1637.5,1500.0,False,15,207,23075.0
7450.0,2450.0,4962.5,1250.0,False,15,204,25725.0
925.0,-4075.0,75.0,2250.0,False,15,207,32100.0
6675.0,1675.0,4237.5,1750.0,False,15,205,24150.0
2550.0,-2450.0,1775.0,2550.0,False,15,207,26650.0
5862.5,862.5,4487.5,1400.0,False,15,207,19475.0
2712.5,-2287.5,562.5,3400.0,False,15,204,34225.0
5925.0,925.0,4912.5,950.0,False,15,207,14475.0
5437.5,437.5,4825.0,2400.0,False,15,205,21675.0
6325.0,1325.0,3650.0,1175.0,False,15,204,28550.0
2662.5,-2337.5,2150.0,2150.0,False,15,207,21150.0
14862.5,9862.5,4925.0,1500.0,False,15,201,27500.0
3262.5,-1737.5,1300.0,2200.0,False,15,206,35900.0
3987.5,-1012.5,925.0,2400.0,False,15,208,26575.0
6075.0,1075.0,4325.0,600.0,False,15,206,12950.0
2725.0,-2275.0,2412.5,1100.0,False,15,207,14875.0
5875.0,875.0,2887.5,1862.5,False,15,207,22500.0
7287.5,2287.5,4537.5,1825.0,False,15,207,28350.0
6500.0,1500.0,4400.0,1000.0,False,15,209,18000.0
4337.5,-662.5,3500.0,3400.0,False,15,207,30125.0
12612.5,7612.5,4400.0,2475.0,False,15,204,33600.0
9375.0,4375.0,4975.0,1350.0,False,15,207,23725.0
8012.5,3012.5,4250.0,1600.0,False,15,207,20225.0
7100.0,2100.0,4975.0,3150.0,False,15,204,30425.0
7950.0,2950.0,4575.0,2000.0,False,15,207,28550.0
5262.5,262.5,4850.0,2000.0,False,15,207,25075.0
8275.0,3275.0,3712.5,1600.0,False,15,205,32275.0
9612.5,4612.5,4425.0,1325.0,False,15,203,29325.0
6200.0,1200.0,4000.0,2000.0,False,15,209,23975.0
5850.0,850.0,2562.5,2250.0,False,15,207,28875.0
3662.5,-1337.5,3662.5,2000.0,False,15,209,18700.0
3625.0,-1375.0,2500.0,2325.0,False,15,212,18950.0
2587.5,-2412.5,2487.5,2000.0,False,15,201,25675.0
4400.0,-600.0,3400.0,1700.0,False,15,204,25450.0
10850.0,5850.0,2700.0,2200.0,False,15,203,37525.0
9300.0,4300.0,4312.5,1125.0,False,15,205,24475.0
4400.0,-600.0,4400.0,2700.0,False,15,208,30100.0
9150.0,4150.0,5000.0,725.0,False,15,208,14650.0
4487.5,-512.5,2100.0,2575.0,False,15,207,38950.0
5812.5,812.5,4437.5,2100.0,False,15,208,12925.0
3875.0,-1125.0,3800.0,1025.0,False,15,211,12650.0
7237.5,2237.5,2650.0,2100.0,False,15,203,24825.0
4462.5,-537.5,3612.5,2150.0,False,15,205,22225.0
1987.5,-3012.5,1962.5,2800.0,False,15,210,24875.0
4512.5,-487.5,3162.5,1725.0,False,15,208,20900.0
3612.5,-1387.5,2362.5,2900.0,False,15,209,29325.0
5137.5,137.5,1075.0,2800.0,False,15,209,28175.0
4275.0,-725.0,3650.0,3500.0,False,15,208,24000.0
4212.5,-787.5,3650.0,2375.0,False,15,204,28200.0
6850.0,1850.0,4725.0,1500.0,False,15,198,18400.0
6587.5,1587.5,3387.5,1800.0,False,15,206,33850.0
5125.0,125.0,4625.0,1800.0,False,15,205,27150.0
9525.0,4525.0,4200.0,1000.0,False,15,205,23675.0
8050.0,3050.0,3975.0,1500.0,False,15,204,35500.0
1175.0,-3825.0,125.0,1900.0,False,15,209,32450.0
5212.5,212.5,3862.5,950.0,False,15,207,14175.0
4887.5,-112.5,3400.0,3325.0,False,15,203,30200.0
1412.5,-3587.5,1125.0,1875.0,False,15,208,26575.0
7487.5,2487.5,4450.0,750.0,False,15,207,19525.0
2700.0,-2300.0,2500.0,2000.0,False,15,207,26075.0
2250.0,-2750.0,2050.0,1150.0,False,15,208,14325.0
9200.0,4200.0,4350.0,1000.0,False,15,210,19975.0
2462.5,-2537.5,612.5,2400.0,False,15,209,24875.0
6300.0,1300.0,2812.5,1950.0,False,15,209,33500.0
-350.0,-5350.0,-350.0,2650.0,True,15,196,29600.0
4600.0,-400.0,4350.0,900.0,False,15,211,15150.0
5487.5,487.5,2050.0,2600.0,False,15,206,33225.0
4250.0,-750.0,2800.0,1150.0,False,15,205,18850.0
3975.0,-1025.0,3100.0,1250.0,False,15,208,24100.0
5512.5,512.5,4625.0,2500.0,False,15,206,26800.0
12750.0,7750.0,4050.0,1400.0,False,15,206,32625.0
-37.5,-5037.5,-37.5,2400.0,True,8,101,13450.0
4662.5,-337.5,4187.5,1025.0,False,15,212,18500.0
5200.0,200.0,4462.5,1700.0,False,15,209,20975.0
3887.5,-1112.5,3825.0,1800.0,False,15,206,21325.0
6212.5,1212.5,4600.0,1300.0,False,15,205,16900.0
6025.0,1025.0,3850.0,1225.0,False,15,210,20775.0
4362.5,-637.5,3712.5,1250.0,False,15,205,14450.0
2400.0,-2600.0,2237.5,1700.0,False,15,207,15475.0
5825.0,825.0,4450.0,1800.0,False,15,208,24825.0
5137.5,137.5,2462.5,3600.0,False,15,206,36275.0
3925.0,-1075.0,2075.0,2250.0,False,15,209,26350.0
4062.5,-937.5,2925.0,1750.0,False,15,206,20050.0
3875.0,-1125.0,3137.5,1675.0,False,15,206,14225.0
7037.5,2037.5,3725.0,1000.0,False,15,209,18525.0
2337.5,-2662.5,1275.0,3200.0,False,15,206,21425.0
5487.5,487.5,3025.0,3000.0,False,15,205,19475.0
7750.0,2750.0,2075.0,1450.0,False,15,206,33075.0
-437.5,-5437.5,-437.5,2625.0,True,8,105,11325.0
3375.0,-1625.0,2475.0,2000.0,False,15,208,30325.0
6837.5,1837.5,4012.5,1050.0,False,15,205,31900.0
6812.5,1812.5,3612.5,1500.0,False,15,213,20650.0
3275.0,-1725.0,2475.0,2100.0,False,15,207,19100.0
2362.5,-2637.5,1862.5,2500.0,False,15,203,24725.0
-350.0,-5350.0,-350.0,3200.0,True,12,151,20225.0
8825.0,3825.0,4762.5,1100.0,False,15,203,24875.0
1025.0,-3975.0,1025.0,2550.0,False,15,206,19850.0
6950.0,1950.0,4487.5,1150.0,False,15,206,18875.0
2575.0,-2425.0,550.0,2250.0,False,15,206,24950.0
3837.5,-1162.5,2300.0,2300.0,False,15,209,25175.0
2987.5,-2012.5,2625.0,2000.0,False,15,204,24400.0
4125.0,-875.0,3650.0,2300.0,False,15,208,21400.0
4225.0,-775.0,3887.5,2250.0,False,15,207,32150.0
4362.5,-637.5,3675.0,2850.0,False,15,206,33325.0
5512.5,512.5,4062.5,950.0,False,15,212,19975.0
7000.0,2000.0,4900.0,900.0,False,15,210,22675.0
-12.5,-5012.5,-12.5,2100.0,True,12,150,22875.0
3050.0,-1950.0,2475.0,2650.0,False,15,205,20825.0
1975.0,-3025.0,1637.5,4000.0,False,15,209,27200.0
3162.5,-1837.5,2375.0,2250.0,False,15,212,24550.0
1425.0,-3575.0,712.5,2375.0,False,15,210,19225.0
5362.5,362.5,4150.0,1000.0,False,15,207,14800.0
5175.0,175.0,2175.0,2100.0,False,15,209,27700.0
4287.5,-712.5,2200.0,2900.0,False,15,206,24925.0
6575.0,1575.0,1925.0,1400.0,False,15,203,28475.0
6800.0,1800.0,3475.0,1650.0,False,15,207,29450.0
1400.0,-3600.0,750.0,2325.0,False,15,206,23225.0
8762.5,3762.5,4712.5,1400.0,False,15,209,21100.0
3500.0,-1500.0,2425.0,3000.0,False,15,206,19000.0
6975.0,1975.0,4850.0,1125.0,False,15,209,24175.0
6350.0,1350.0,3737.5,1250.0,False,15,211,21200.0
5512.5,512.5,4625.0,1400.0,False,15,206,17975.0
9637.5,4637.5,3250.0,2750.0,False,15,204,33250.0
4300.0,-700.0,2612.5,2000.0,False,15,204,27350.0
7762.5,2762.5,4612.5,1025.0,False,15,209,17725.0
3062.5,-1937.5,2787.5,1650.0,False,15,204,23625.0
5700.0,700.0,4200.0,2375.0,False,15,209,25225.0
5375.0,375.0,3837.5,950.0,False,15,210,17175.0
4600.0,-400.0,4425.0,3250.0,False,15,207,20625.0
6725.0,1725.0,4262.5,700.0,False,15,206,15350.0
4925.0,-75.0,4187.5,1500.0,False,15,210,13550.0
10887.5,5887.5,4550.0,1200.0,False,15,201,33800.0
5262.5,262.5,3337.5,2075.0,False,15,202,31650.0
7812.5,2812.5,3700.0,2500.0,False,15,208,20525.0
8812.5,3812.5,4000.0,1000.0,False,15,207,19925.0
6012.5,1012.5,4312.5,1300.0,False,15,204,23375.0
4475.0,-525.0,4112.5,1025.0,False,15,206,12125.0
8162.5,3162.5,4587.5,1000.0,False,15,205,22525.0
7512.5,2512.5,4850.0,1100.0,False,15,207,19050.0
5937.5,937.5,4012.5,1500.0,False,15,204,25200.0
6337.5,1337.5,4787.5,1200.0,False,15,204,27275.0
2175.0,-2825.0,1375.0,3000.0,False,15,206,24400.0
4775.0,-225.0,1225.0,3650.0,False,15,203,34875.0
7137.5,2137.5,3075.0,1750.0,False,15,206,19900.0
8337.5,3337.5,3200.0,1450.0,False,15,203,35300.0
6875.0,1875.0,4375.0,1500.0,False,15,204,28100.0
4125.0,-875.0,3300.0,1550.0,False,15,206,21300.0
-375.0,-5375.0,-375.0,3150.0,True,7,95,16575.0
2912.5,-2087.5,2537.5,2500.0,False,15,207,31875.0
9300.0,4300.0,5000.0,1600.0,False,15,210,23275.0
12850.0,7850.0,4837.5,1550.0,False,15,206,33125.0
3387.5,-1612.5,2887.5,2800.0,False,15,204,19575.0
5175.0,175.0,4650.0,1350.0,False,15,207,13975.0
6587.5,1587.5,2087.5,1825.0,False,15,205,24750.0
562.5,-4437.5,562.5,3100.0,False,15,205,21325.0
4475.0,-525.0,4425.0,1700.0,False,15,209,23900.0
3287.5,-1712.5,900.0,3000.0,False,15,206,22775.0
4650.0,-350.0,4050.0,1775.0,False,15,210,19850.0
11362.5,6362.5,4950.0,1100.0,False,15,203,21950.0
-375.0,-5375.0,-375.0,2175.0,True,8,107,17625.0
5762.5,762.5,4537.5,1700.0,False,15,203,38525.0
5175.0,175.0,3375.0,1700.0,False,15,205,27950.0
750.0,-4250.0,400.0,1550.0,False,15,205,24425.0
6150.0,1150.0,3275.0,1400.0,False,15,205,19925.0
8900.0,3900.0,3550.0,1550.0,False,15,209,26550.0
3350.0,-1650.0,2362.5,2275.0,False,15,203,18925.0
-262.5,-5262.5,-262.5,2100.0,True,13,172,21200.0
6000.0,1000.0,3087.5,1750.0,False,15,207,21100.0
2925.0,-2075.0,2200.0,2500.0,False,15,207,19950.0
6625.0,1625.0,4312.5,1950.0,False,15,206,26500.0
4000.0,-1000.0,3550.0,2600.0,False,15,208,30700.0
4650.0,-350.0,2712.5,2400.0,False,15,203,23350.0
5625.0,625.0,4500.0,1500.0,False,15,203,29625.0
5750.0,750.0,3475.0,1800.0,False,15,202,34175.0
5162.5,162.5,3662.5,2250.0,False,15,202,17050.0
6112.5,1112.5,2012.5,1525.0,False,15,204,24225.0
7537.5,2537.5,4775.0,2500.0,False,15,206,22725.0
5662.5,662.5,5000.0,1650.0,False,15,205,21575.0
7050.0,2050.0,4462.5,1450.0,False,15,207,31825.0
