UserValue,DealerValue,TrueCount,Hit EV,Stand EV,Double EV,Split EV,Surrender EV,Insurance Accept EV,Insurance Decline EV,Hands Played
14,10,0,-0.414458,0.000000,0.000000,0.000000,-0.500000,0.000000,0.000000,8183269
15,9,0,-0.391907,0.000000,0.000000,0.000000,-0.500000,0.000000,0.000000,1940760
15,10,0,-0.452073,0.000000,0.000000,0.000000,-0.500000,0.000000,0.000000,7691289
15,11,0,-0.440385,0.000000,0.000000,0.000000,-0.500000,0.000000,0.000000,1300398
16,9,0,-0.416416,0.000000,0.000000,0.000000,-0.500000,0.000000,0.000000,1779287
16,10,0,-0.473611,0.000000,0.000000,0.000000,-0.500000,0.000000,0.000000,7040890
16,11,0,-0.464933,0.000000,0.000000,0.000000,-0.500000,0.000000,0.000000,1191868
