Strategy,Decks,Penetration,DealerRule,DAS,RAS,Surrender,BlackjackPayout,Iterations,RTP,HouseEdge%,AvgWallet,AvgMoneyBet,NetPer1000,Duration_s
NoStrategy,6,0.5,S17,DAS,NoRAS,NoSurrender,3to2,17000000,0.996231,0.3769,49999.88,32.83,-188.45,235
HiLoStrategy,6,0.50,S17,DAS,NoRAS,NoSurrender,3to2,17000000,1.006474,-0.6474,50010.53,1626.96,323.71,266
ZenCountStrategy,6,0.50,S17,DAS,NoRAS,NoSurrender,3to2,17000000,1.007831,-0.7831,50015.96,2038.57,391.56,269
RPCStrategy,6,0.50,S17,DAS,NoRAS,NoSurrender,3to2,17000000,1.006733,-0.6733,50013.72,2037.66,336.67,269
MentorStrategy,6,0.50,S17,DAS,NoRAS,NoSurrender,3to2,17000000,0.996047,0.3953,49996.75,823.06,-197.66,270
R14Strategy,6,0.50,S17,DAS,NoRAS,NoSurrender,3to2,17000000,0.995876,0.4124,49996.57,832.55,-206.18,271
RAPCStrategy,6,0.50,S17,DAS,NoRAS,NoSurrender,3to2,17000000,1.005778,-0.5778,50010.22,1768.17,288.92,275
WongHalvesStrategy,6,0.50,S17,DAS,NoRAS,NoSurrender,3to2,17000000,0.995111,0.4889,49995.96,825.47,-244.47,283
OmegaIIStrategy,6,0.50,S17,DAS,NoRAS,NoSurrender,3to2,17000000,0.996202,0.3798,49996.88,820.65,-189.91,284
