Strategy,Decks,Penetration,DealerRule,DAS,RAS,Surrender,BlackjackPayout,Iterations,RTP,HouseEdge%,AvgWallet,AvgMoneyBet,NetPer1000,Duration_s
NoStrategy,8,0.4,S17,DAS,NoRAS,NoSurrender,3to2,17000000,0.995965,0.4035,49999.86,35.11,-201.74,272
HiLoStrategy,8,0.40,S17,DAS,NoRAS,NoSurrender,3to2,17000000,1.000998,-0.0998,50001.30,1297.25,49.92,294
WongHalvesStrategy,8,0.40,S17,DAS,NoRAS,NoSurrender,3to2,17000000,0.994903,0.5097,49995.50,882.34,-254.87,302
MentorStrategy,8,0.40,S17,DAS,NoRAS,NoSurrender,3to2,17000000,0.995792,0.4208,49996.30,880.31,-210.39,304
ZenCountStrategy,8,0.40,S17,DAS,NoRAS,NoSurrender,3to2,17000000,1.002280,-0.2280,50003.71,1626.50,113.99,307
OmegaIIStrategy,8,0.40,S17,DAS,NoRAS,NoSurrender,3to2,17000000,0.995965,0.4035,49996.46,877.85,-201.77,309
R14Strategy,8,0.40,S17,DAS,NoRAS,NoSurrender,3to2,17000000,0.995697,0.4303,49996.17,890.27,-215.13,310
RAPCStrategy,8,0.40,S17,DAS,NoRAS,NoSurrender,3to2,17000000,1.000926,-0.0926,50001.34,1441.41,46.31,319
RPCStrategy,8,0.40,S17,DAS,NoRAS,NoSurrender,3to2,17000000,1.001749,-0.1749,50002.86,1637.86,87.43,326
