Strategy,Decks,Penetration,DealerRule,DAS,RAS,Surrender,BlackjackPayout,Iterations,RTP,HouseEdge%,AvgWallet,AvgMoneyBet,NetPer1000,Duration_s
NoStrategy,6,0.4,S17,DAS,NoRAS,NoSurrender,3to2,17000000,0.996162,0.3838,49999.90,26.40,-191.89,193
HiLoStrategy,6,0.40,S17,DAS,NoRAS,NoSurrender,3to2,17000000,0.998155,0.1845,49998.68,716.41,-92.27,213
ZenCountStrategy,6,0.40,S17,DAS,NoRAS,NoSurrender,3to2,17000000,0.999069,0.0931,49999.30,754.38,-46.53,219
RAPCStrategy,6,0.40,S17,DAS,NoRAS,NoSurrender,3to2,17000000,0.998054,0.1946,49998.59,723.15,-97.29,222
RPCStrategy,6,0.40,S17,DAS,NoRAS,NoSurrender,3to2,17000000,0.998686,0.1314,49999.01,752.81,-65.71,223
MentorStrategy,6,0.40,S17,DAS,NoRAS,NoSurrender,3to2,17000000,0.996040,0.3960,49997.38,661.85,-198.01,224
R14Strategy,6,0.40,S17,DAS,NoRAS,NoSurrender,3to2,17000000,0.995949,0.4051,49997.29,669.33,-202.57,224
OmegaIIStrategy,6,0.40,S17,DAS,NoRAS,NoSurrender,3to2,17000000,0.996194,0.3806,49997.49,660.02,-190.30,230
WongHalvesStrategy,6,0.40,S17,DAS,NoRAS,NoSurrender,3to2,17000000,0.995031,0.4969,49996.70,663.36,-248.46,231
