Strategy,Decks,Penetration,DealerRule,DAS,RAS,Surrender,BlackjackPayout,Iterations,RTP,HouseEdge%,AvgWallet,AvgMoneyBet,NetPer1000,Duration_s
NoStrategy,6,0.4,H17,DAS,NoRAS,NoSurrender,3to2,17000000,0.994289,0.5711,49999.85,26.30,-285.55,192
HiLoStrategy,6,0.40,H17,DAS,NoRAS,NoSurrender,3to2,17000000,0.998586,0.1414,49998.82,834.73,-70.70,216
ZenCountStrategy,6,0.40,H17,DAS,NoRAS,NoSurrender,3to2,17000000,0.999918,0.0082,49999.92,950.69,-4.10,221
MentorStrategy,6,0.40,H17,DAS,NoRAS,NoSurrender,3to2,17000000,0.994374,0.5626,49996.29,659.35,-281.32,224
WongHalvesStrategy,6,0.40,H17,DAS,NoRAS,NoSurrender,3to2,17000000,0.993274,0.6726,49995.56,660.82,-336.31,235
RAPCStrategy,6,0.40,H17,DAS,NoRAS,NoSurrender,3to2,17000000,0.998472,0.1528,49998.67,872.75,-76.41,237
R14Strategy,6,0.40,H17,DAS,NoRAS,NoSurrender,3to2,17000000,0.994099,0.5901,49996.07,666.77,-295.07,239
RPCStrategy,6,0.40,H17,DAS,NoRAS,NoSurrender,3to2,17000000,0.999571,0.0429,49999.59,950.51,-21.44,240
OmegaIIStrategy,6,0.40,H17,DAS,NoRAS,NoSurrender,3to2,17000000,0.994326,0.5674,49996.27,657.51,-283.72,245
