Strategy,Decks,Penetration,DealerRule,DAS,RAS,Surrender,BlackjackPayout,Iterations,RTP,HouseEdge%,AvgWallet,AvgMoneyBet,NetPer1000,Duration_s
NoStrategy,8,0.4,H17,DAS,NoRAS,NoSurrender,3to2,17000000,0.994195,0.5805,49999.80,34.98,-290.25,285
HiLoStrategy,8,0.40,H17,DAS,NoRAS,NoSurrender,3to2,17000000,0.996916,0.3084,49996.80,1036.18,-154.19,305
ZenCountStrategy,8,0.40,H17,DAS,NoRAS,NoSurrender,3to2,17000000,0.998063,0.1937,49997.74,1164.41,-96.87,316
MentorStrategy,8,0.40,H17,DAS,NoRAS,NoSurrender,3to2,17000000,0.994110,0.5890,49994.83,876.98,-294.50,316
RAPCStrategy,8,0.40,H17,DAS,NoRAS,NoSurrender,3to2,17000000,0.996955,0.3045,49996.70,1082.46,-152.27,334
WongHalvesStrategy,8,0.40,H17,DAS,NoRAS,NoSurrender,3to2,17000000,0.992996,0.7004,49993.84,878.95,-350.20,336
OmegaIIStrategy,8,0.40,H17,DAS,NoRAS,NoSurrender,3to2,17000000,0.994138,0.5862,49994.87,874.52,-293.09,338
RPCStrategy,8,0.40,H17,DAS,NoRAS,NoSurrender,3to2,17000000,0.997705,0.2295,49997.32,1166.46,-114.76,340
R14Strategy,8,0.40,H17,DAS,NoRAS,NoSurrender,3to2,17000000,0.993903,0.6097,49994.59,886.86,-304.85,344
