Strategy,Decks,Penetration,DealerRule,DAS,RAS,Surrender,BlackjackPayout,Iterations,RTP,HouseEdge%,AvgWallet,AvgMoneyBet,NetPer1000,Duration_s
NoStrategy,8,0.7,S17,DAS,NoRAS,NoSurrender,3to2,17000000,0.996057,0.3943,49999.76,61.03,-197.17,452
HiLoStrategy,8,0.70,S17,DAS,NoRAS,NoSurrender,3to2,17000000,1.013198,-1.3198,50064.27,4869.88,659.89,508
ZenCountStrategy,8,0.70,S17,DAS,NoRAS,NoSurrender,3to2,17000000,1.013349,-1.3349,50082.96,6214.97,667.45,513
MentorStrategy,8,0.70,S17,DAS,NoRAS,NoSurrender,3to2,17000000,0.996803,0.3197,49993.72,1965.30,-159.86,516
RAPCStrategy,8,0.70,S17,DAS,NoRAS,NoSurrender,3to2,17000000,1.011391,-1.1391,50060.03,5269.65,569.56,521
RPCStrategy,8,0.70,S17,DAS,NoRAS,NoSurrender,3to2,17000000,1.012394,-1.2394,50076.83,6198.71,619.72,523
R14Strategy,8,0.70,S17,DAS,NoRAS,NoSurrender,3to2,17000000,0.997788,0.2212,49993.04,3144.26,-110.62,533
OmegaIIStrategy,8,0.70,S17,DAS,NoRAS,NoSurrender,3to2,17000000,0.997175,0.2825,49994.52,1940.69,-141.26,545
WongHalvesStrategy,8,0.70,S17,DAS,NoRAS,NoSurrender,3to2,17000000,0.997570,0.2430,49992.70,3005.62,-121.52,547
