Strategy,Decks,Penetration,DealerRule,DAS,RAS,Surrender,BlackjackPayout,Iterations,RTP,HouseEdge%,AvgWallet,AvgMoneyBet,NetPer1000,Duration_s
NoStrategy,8,0.5,H17,DAS,NoRAS,NoSurrender,3to2,17000000,0.994175,0.5825,49999.75,43.45,-291.26,329
ZenCountStrategy,8,0.50,H17,DAS,NoRAS,NoSurrender,3to2,17000000,1.003201,-0.3201,50007.52,2349.88,160.06,369
HiLoStrategy,8,0.50,H17,DAS,NoRAS,NoSurrender,3to2,17000000,1.002061,-0.2061,50003.85,1870.36,103.04,373
RPCStrategy,8,0.50,H17,DAS,NoRAS,NoSurrender,3to2,17000000,1.002628,-0.2628,50006.20,2358.46,131.40,377
MentorStrategy,8,0.50,H17,DAS,NoRAS,NoSurrender,3to2,17000000,0.993987,0.6013,49993.45,1089.39,-300.63,378
RAPCStrategy,8,0.50,H17,DAS,NoRAS,NoSurrender,3to2,17000000,1.001566,-0.1566,50003.22,2059.27,78.29,386
R14Strategy,8,0.50,H17,DAS,NoRAS,NoSurrender,3to2,17000000,0.993891,0.6109,49993.27,1101.69,-305.46,388
OmegaIIStrategy,8,0.50,H17,DAS,NoRAS,NoSurrender,3to2,17000000,0.994172,0.5828,49993.67,1086.19,-291.39,389
WongHalvesStrategy,8,0.50,H17,DAS,NoRAS,NoSurrender,3to2,17000000,0.993073,0.6927,49992.43,1092.08,-346.36,395
