Strategy,Decks,Penetration,DealerRule,DAS,RAS,Surrender,BlackjackPayout,Iterations,RTP,HouseEdge%,AvgWallet,AvgMoneyBet,NetPer1000,Duration_s
NoStrategy,8,0.8,S17,DAS,NoRAS,NoSurrender,3to2,17000000,0.995996,0.4004,49999.72,69.53,-200.20,511
HiLoStrategy,8,0.80,S17,DAS,NoRAS,NoSurrender,3to2,17000000,1.015820,-1.5820,50078.80,4981.23,790.99,564
ZenCountStrategy,8,0.80,S17,DAS,NoRAS,NoSurrender,3to2,17000000,1.016025,-1.6025,50096.67,6032.83,801.23,586
RPCStrategy,8,0.80,S17,DAS,NoRAS,NoSurrender,3to2,17000000,1.015343,-1.5343,50091.99,5995.45,767.13,591
MentorStrategy,8,0.80,S17,DAS,NoRAS,NoSurrender,3to2,17000000,0.997177,0.2823,49991.69,2944.23,-141.16,595
RAPCStrategy,8,0.80,S17,DAS,NoRAS,NoSurrender,3to2,17000000,1.014193,-1.4193,50073.54,5181.07,709.67,596
R14Strategy,8,0.80,S17,DAS,NoRAS,NoSurrender,3to2,17000000,0.997457,0.2543,49986.97,5124.86,-127.16,603
OmegaIIStrategy,8,0.80,S17,DAS,NoRAS,NoSurrender,3to2,17000000,0.997850,0.2150,49993.15,3186.53,-107.52,615
WongHalvesStrategy,8,0.80,S17,DAS,NoRAS,NoSurrender,3to2,17000000,0.997729,0.2271,49989.02,4837.15,-113.53,631
