Strategy,Decks,Penetration,DealerRule,DAS,RAS,Surrender,BlackjackPayout,Iterations,RTP,HouseEdge%,AvgWallet,AvgMoneyBet,NetPer1000,Duration_s
NoStrategy,8,0.8,H17,DAS,NoRAS,NoSurrender,3to2,17000000,0.994162,0.5838,49999.60,69.27,-291.89,577
WongHalvesStrategy,8,0.80,H17,DAS,NoRAS,NoSurrender,3to2,17000000,0.995234,0.4766,49985.55,3031.78,-238.28,638
RPCStrategy,8,0.80,H17,DAS,NoRAS,NoSurrender,3to2,17000000,1.009598,-0.9598,50034.59,3604.25,479.91,644
HiLoStrategy,8,0.80,H17,DAS,NoRAS,NoSurrender,3to2,17000000,1.009166,-0.9166,50029.02,3165.65,458.31,659
R14Strategy,8,0.80,H17,DAS,NoRAS,NoSurrender,3to2,17000000,0.995250,0.4750,49984.91,3177.11,-237.48,663
ZenCountStrategy,8,0.80,H17,DAS,NoRAS,NoSurrender,3to2,17000000,1.010351,-1.0351,50037.59,3631.72,517.57,664
RAPCStrategy,8,0.80,H17,DAS,NoRAS,NoSurrender,3to2,17000000,1.008026,-0.8026,50025.86,3221.26,401.32,670
MentorStrategy,8,0.80,H17,DAS,NoRAS,NoSurrender,3to2,17000000,0.994816,0.5184,49988.84,2152.11,-259.20,672
OmegaIIStrategy,8,0.80,H17,DAS,NoRAS,NoSurrender,3to2,17000000,0.995319,0.4681,49989.33,2280.25,-234.06,678
