Strategy,Decks,Penetration,DealerRule,DAS,RAS,Surrender,BlackjackPayout,Iterations,RTP,HouseEdge%,AvgWallet,AvgMoneyBet,NetPer1000,Duration_s
NoStrategy,8,0.6,H17,DAS,NoRAS,NoSurrender,3to2,17000000,0.994192,0.5808,49999.70,52.12,-290.38,407
HiLoStrategy,8,0.60,H17,DAS,NoRAS,NoSurrender,3to2,17000000,1.001481,-0.1481,50002.76,1862.57,74.05,458
MentorStrategy,8,0.60,H17,DAS,NoRAS,NoSurrender,3to2,17000000,0.994042,0.5958,49992.21,1307.44,-297.90,466
ZenCountStrategy,8,0.60,H17,DAS,NoRAS,NoSurrender,3to2,17000000,1.002895,-0.2895,50006.20,2140.96,144.77,468
RAPCStrategy,8,0.60,H17,DAS,NoRAS,NoSurrender,3to2,17000000,1.000971,-0.0971,50001.88,1937.23,48.57,485
R14Strategy,8,0.60,H17,DAS,NoRAS,NoSurrender,3to2,17000000,0.994003,0.5997,49992.00,1333.47,-299.85,494
OmegaIIStrategy,8,0.60,H17,DAS,NoRAS,NoSurrender,3to2,17000000,0.994136,0.5864,49992.36,1303.13,-293.19,494
RPCStrategy,8,0.60,H17,DAS,NoRAS,NoSurrender,3to2,17000000,1.002300,-0.2300,50004.91,2135.36,114.99,499
WongHalvesStrategy,8,0.60,H17,DAS,NoRAS,NoSurrender,3to2,17000000,0.993197,0.6803,49991.01,1321.49,-340.16,500
