Strategy,Decks,Penetration,DealerRule,DAS,RAS,Surrender,BlackjackPayout,Iterations,RTP,HouseEdge%,AvgWallet,AvgMoneyBet,NetPer1000,Duration_s
NoStrategy,6,0.6,H17,DAS,NoRAS,NoSurrender,3to2,17000000,0.994384,0.5616,49999.78,39.31,-280.80,286
HiLoStrategy,6,0.60,H17,DAS,NoRAS,NoSurrender,3to2,17000000,1.011165,-1.1165,50034.47,3087.72,558.24,320
ZenCountStrategy,6,0.60,H17,DAS,NoRAS,NoSurrender,3to2,17000000,1.011229,-1.1229,50044.40,3953.99,561.46,328
MentorStrategy,6,0.60,H17,DAS,NoRAS,NoSurrender,3to2,17000000,0.994374,0.5626,49994.42,991.98,-281.28,329
WongHalvesStrategy,6,0.60,H17,DAS,NoRAS,NoSurrender,3to2,17000000,0.995143,0.4857,49994.40,1152.02,-242.83,349
RAPCStrategy,6,0.60,H17,DAS,NoRAS,NoSurrender,3to2,17000000,1.009315,-0.9315,50031.24,3353.73,465.73,351
R14Strategy,6,0.60,H17,DAS,NoRAS,NoSurrender,3to2,17000000,0.995699,0.4301,49994.99,1164.13,-215.04,353
RPCStrategy,6,0.60,H17,DAS,NoRAS,NoSurrender,3to2,17000000,1.010313,-1.0313,50040.68,3944.88,515.65,353
OmegaIIStrategy,6,0.60,H17,DAS,NoRAS,NoSurrender,3to2,17000000,0.994441,0.5559,49994.51,986.77,-277.97,361
