Strategy,Decks,Penetration,DealerRule,DAS,RAS,Surrender,BlackjackPayout,Iterations,RTP,HouseEdge%,AvgWallet,AvgMoneyBet,NetPer1000,Duration_s
NoStrategy,6,0.8,H17,DAS,NoRAS,NoSurrender,3to2,17000000,0.994389,0.5611,49999.71,52.11,-280.56,377
HiLoStrategy,6,0.80,H17,DAS,NoRAS,NoSurrender,3to2,17000000,1.018619,-1.8619,50081.72,4389.30,930.94,428
ZenCountStrategy,6,0.80,H17,DAS,NoRAS,NoSurrender,3to2,17000000,1.018528,-1.8528,50097.23,5247.53,926.41,432
MentorStrategy,6,0.80,H17,DAS,NoRAS,NoSurrender,3to2,17000000,0.996085,0.3915,49991.50,2171.86,-195.77,439
RPCStrategy,6,0.80,H17,DAS,NoRAS,NoSurrender,3to2,17000000,1.017820,-1.7820,50092.61,5196.92,891.01,463
RAPCStrategy,6,0.80,H17,DAS,NoRAS,NoSurrender,3to2,17000000,1.016614,-1.6614,50074.65,4492.88,830.71,464
WongHalvesStrategy,6,0.80,H17,DAS,NoRAS,NoSurrender,3to2,17000000,0.997110,0.2890,49989.50,3634.14,-144.51,468
R14Strategy,6,0.80,H17,DAS,NoRAS,NoSurrender,3to2,17000000,0.996645,0.3355,49987.09,3848.50,-167.74,476
OmegaIIStrategy,6,0.80,H17,DAS,NoRAS,NoSurrender,3to2,17000000,0.996947,0.3053,49992.69,2395.30,-152.65,481
