TrueCount,HandsPlayed,TotalPayout,EV,StdError
0.0,366844530,-1634317.000000,-0.004455,0.000059
