TrueCount,HandsPlayed,TotalPayout,EV,StdError
0.0,1628248378,-10084001.500000,-0.006193,0.000028
