TrueCount,HandsPlayed,TotalPayout,EV,StdError
0.0,702777738,-3132619.500000,-0.004457,0.000042
