TrueCount,HandsPlayed,TotalPayout,EV,StdError
0.0,506964981,-2291465.000000,-0.004520,0.000050
