TrueCount,HandsPlayed,TotalPayout,EV,StdError
0.0,562873903,-2487431.000000,-0.004419,0.000047
