TrueCount,HandsPlayed,TotalPayout,EV,StdError
0.0,1777983808,-11423974.000000,-0.006425,0.000027
