UserValue,DealerValue,TrueCount,Hit EV,Hit Variance,Stand EV,Stand Variance,Double EV,Double Variance,Split EV,Split Variance,Surrender EV,Surrender Variance,Insurance Accept EV,Insurance Accept Variance,Insurance Decline EV,Insurance Decline Variance,Hands Played
12,2,0,-0.252512,0.887626,-0.293954,0.913591,0.000000,0.000000,0.000000,0.000000,0.000000,0.000000,0.000000,0.000000,0.000000,0.000000,45782825
12,3,0,-0.229974,0.898240,-0.252039,0.936476,0.000000,0.000000,0.000000,0.000000,0.000000,0.000000,0.000000,0.000000,0.000000,0.000000,48324458
13,2,0,-0.308619,0.854611,-0.294818,0.913082,0.000000,0.000000,0.000000,0.000000,0.000000,0.000000,0.000000,0.000000,0.000000,0.000000,46269661
13,3,0,-0.290050,0.869092,-0.250681,0.937159,0.000000,0.000000,0.000000,0.000000,0.000000,0.000000,0.000000,0.000000,0.000000,0.000000,42659546
15,10,0,-0.499796,0.686735,-0.536844,0.711798,0.000000,0.000000,0.000000,0.000000,0.000000,0.000000,0.000000,0.000000,0.000000,0.000000,131415544
16,10,0,-0.522795,0.665573,-0.537913,0.710649,0.000000,0.000000,0.000000,0.000000,0.000000,0.000000,0.000000,0.000000,0.000000,0.000000,118401179
