TrueCount,HandsPlayed,TotalPayout,EV,StdError
0.0,1064948623,-6862624.000000,-0.006444,0.000034
