TrueCount,HandsPlayed,TotalPayout,EV,StdError
0.0,734706989,-4772494.000000,-0.006496,0.000041
