TrueCount,HandsPlayed,TotalPayout,EV,StdError
0.0,868068698,-5568831.000000,-0.006415,0.000038
