TrueCount,HandsPlayed,TotalPayout,EV,StdError
0.0,702828219,-4346969.000000,-0.006185,0.000042
