TrueCount,HandsPlayed,TotalPayout,EV,StdError
0.0,934748884,-6017187.000000,-0.006437,0.000037
