TrueCount,HandsPlayed,TotalPayout,EV,StdError
0.0,504727410,-2108994.000000,-0.004178,0.000050
