TrueCount,HandsPlayed,TotalPayout,EV,StdError
0.0,537823929,-3433731.000000,-0.006384,0.000048
