TrueCount,HandsPlayed,TotalPayout,EV,StdError
0.0,356766578,-2215811.000000,-0.006211,0.000060
