TrueCount,HandsPlayed,TotalPayout,EV,StdError
0.0,506961444,-2276084.000000,-0.004490,0.000050
