TrueCount,HandsPlayed,TotalPayout,EV,StdError
0.0,368161910,-877043.000000,-0.002382,0.000059
