TrueCount,HandsPlayed,TotalPayout,EV,StdError
0.0,805356647,-3669528.000000,-0.004556,0.000040
