TrueCount,HandsPlayed,TotalPayout,EV,StdError
0.0,702781228,-3066576.500000,-0.004363,0.000042
