TrueCount,HandsPlayed,TotalPayout,EV,StdError
0.0,808377056,-2060974.000000,-0.002550,0.000040
