TrueCount,HandsPlayed,TotalPayout,EV,StdError
0.0,460292635,-2013617.500000,-0.004375,0.000052
