TrueCount,HandsPlayed,TotalPayout,EV,StdError
0.0,321251622,-793835.500000,-0.002471,0.000063
