TrueCount,HandsPlayed,TotalPayout,EV,StdError
0.0,752203545,-1841406.000000,-0.002448,0.000041
