TrueCount,HandsPlayed,TotalPayout,EV,StdError
0.0,562882735,-2498684.000000,-0.004439,0.000047
