TrueCount,HandsPlayed,TotalPayout,EV,StdError
0.0,749404648,-3335635.000000,-0.004451,0.000041
