TrueCount,HandsPlayed,TotalPayout,EV,StdError
0.0,413590293,-1827514.000000,-0.004419,0.000055
