TrueCount,HandsPlayed,TotalPayout,EV,StdError
0.0,656155466,-2925194.500000,-0.004458,0.000044
