TrueCount,HandsPlayed,TotalPayout,EV,StdError
0.0,366845884,-1591387.500000,-0.004338,0.000059
