TrueCount,HandsPlayed,TotalPayout,EV,StdError
0.0,1784491335,-7590990.500000,-0.004254,0.000027
