TrueCount,HandsPlayed,TotalPayout,EV,StdError
0.0,1587892337,-7035508.500000,-0.004431,0.000028
