TrueCount,HandsPlayed,TotalPayout,EV,StdError
0.0,415065233,-1033040.500000,-0.002489,0.000055
