TrueCount,HandsPlayed,TotalPayout,EV,StdError
0.0,368156494,-914871.500000,-0.002485,0.000059
