TrueCount,HandsPlayed,TotalPayout,EV,StdError
0.0,1634490464,-6890763.500000,-0.004216,0.000028
