TrueCount,HandsPlayed,TotalPayout,EV,StdError
0.0,461961735,-1152568.500000,-0.002495,0.000052
