TrueCount,HandsPlayed,TotalPayout,EV,StdError
0.0,1972309025,-8721753.000000,-0.004422,0.000025
