TrueCount,HandsPlayed,TotalPayout,EV,StdError
0.0,658591615,-1649475.000000,-0.002505,0.000044
