TrueCount,HandsPlayed,TotalPayout,EV,StdError
0.0,1343891579,-5576601.500000,-0.004150,0.000031
