TrueCount,HandsPlayed,TotalPayout,EV,StdError
0.0,564945067,-1437950.000000,-0.002545,0.000047
