TrueCount,HandsPlayed,TotalPayout,EV,StdError
0.0,508803971,-1266963.000000,-0.002490,0.000050
