TrueCount,HandsPlayed,TotalPayout,EV,StdError
0.0,415081609,-1057359.000000,-0.002547,0.000055
