TrueCount,HandsPlayed,TotalPayout,EV,StdError
0.0,461955847,-1139221.500000,-0.002466,0.000052
