TrueCount,HandsPlayed,TotalPayout,EV,StdError
0.0,320091191,-1419697.000000,-0.004435,0.000063
