TrueCount,HandsPlayed,TotalPayout,EV,StdError
0.0,609520126,-2688319.000000,-0.004411,0.000046
