TrueCount,HandsPlayed,TotalPayout,EV,StdError
0.0,658583990,-1667058.000000,-0.002531,0.000044
