TrueCount,HandsPlayed,TotalPayout,EV,StdError
0.0,611772987,-1482735.500000,-0.002424,0.000045
