TrueCount,HandsPlayed,TotalPayout,EV,StdError
0.0,705405959,-1729178.500000,-0.002451,0.000042
