TrueCount,HandsPlayed,TotalPayout,EV,StdError
0.0,1688631003,-7448773.000000,-0.004411,0.000027
