TrueCount,HandsPlayed,TotalPayout,EV,StdError
0.0,1777661226,-11128768.500000,-0.006260,0.000027
