TrueCount,HandsPlayed,TotalPayout,EV,StdError
0.0,899907865,-5575438.500000,-0.006196,0.000037
