TrueCount,HandsPlayed,TotalPayout,EV,StdError
0.0,1380881357,-6111054.500000,-0.004425,0.000030
