TrueCount,HandsPlayed,TotalPayout,EV,StdError
0.0,1338777415,-8314638.000000,-0.006211,0.000031
