TrueCount,HandsPlayed,TotalPayout,EV,StdError
0.0,1917719566,-11872831.500000,-0.006191,0.000026
