TrueCount,HandsPlayed,TotalPayout,EV,StdError
0.0,2067116090,-12906118.500000,-0.006244,0.000025
