TrueCount,HandsPlayed,TotalPayout,EV,StdError
0.0,1478840285,-9226476.000000,-0.006239,0.000029
