TrueCount,HandsPlayed,TotalPayout,EV,StdError
0.0,1049303488,-6536567.000000,-0.006229,0.000035
