TrueCount,HandsPlayed,TotalPayout,EV,StdError
0.0,609527509,-2710262.500000,-0.004446,0.000046
