TrueCount,HandsPlayed,TotalPayout,EV,StdError
0.0,320083992,-1403960.000000,-0.004386,0.000063
