TrueCount,HandsPlayed,TotalPayout,EV,StdError
0.0,702775856,-3133610.500000,-0.004459,0.000042
