TrueCount,HandsPlayed,TotalPayout,EV,StdError
0.0,366841356,-1673336.500000,-0.004561,0.000059
