TrueCount,HandsPlayed,TotalPayout,EV,StdError
0.0,656161452,-2967303.500000,-0.004522,0.000044
