TrueCount,HandsPlayed,TotalPayout,EV,StdError
0.0,321245706,-818766.000000,-0.002549,0.000063
