TrueCount,HandsPlayed,TotalPayout,EV,StdError
0.0,506949281,-2261172.000000,-0.004460,0.000050
