TrueCount,HandsPlayed,TotalPayout,EV,StdError
0.0,368164631,-898975.000000,-0.002442,0.000059
