TrueCount,HandsPlayed,TotalPayout,EV,StdError
0.0,562877155,-2518422.500000,-0.004474,0.000047
