TrueCount,HandsPlayed,TotalPayout,EV,StdError
0.0,413582490,-1840680.000000,-0.004451,0.000055
