UserValue,DealerValue,TrueCount,Hit EV,Hit Variance,Stand EV,Stand Variance,Double EV,Double Variance,Split EV,Split Variance,Surrender EV,Surrender Variance,Insurance Accept EV,Insurance Accept Variance,Insurance Decline EV,Insurance Decline Variance,Hands Played
14,10,-41.5,-1.000000,0.000000,0.000000,0.000000,0.000000,0.000000,0.000000,0.000000,-0.500000,0.000000,0.000000,0.000000,0.000000,0.000000,1
14,10,-40.5,0.000000,1.000000,0.000000,0.000000,0.000000,0.000000,0.000000,0.000000,-0.500000,0.000000,0.000000,0.000000,0.000000,0.000000,2
14,10,-40,0.333333,0.888889,0.000000,0.000000,0.000000,0.000000,0.000000,0.000000,-0.500000,0.000000,0.000000,0.000000,0.000000,0.000000,3
14,10,-39.5,1.000000,0.000000,0.000000,0.000000,0.000000,0.000000,0.000000,0.000000,-0.500000,0.000000,0.000000,0.000000,0.000000,0.000000,1
14,10,-39,-0.750000,0.187500,0.000000,0.000000,0.000000,0.000000,0.000000,0.000000,-0.500000,0.000000,0.000000,0.000000,0.000000,0.000000,4
14,10,-38.5,-1.000000,0.000000,0.000000,0.000000,0.000000,0.000000,0.000000,0.000000,-0.500000,0.000000,0.000000,0.000000,0.000000,0.000000,1
14,10,-38,0.000000,0.800000,0.000000,0.000000,0.000000,0.000000,0.000000,0.000000,-0.500000,0.000000,0.000000,0.000000,0.000000,0.000000,5
14,10,-37.5,0.000000,0.666667,0.000000,0.000000,0.000000,0.000000,0.000000,0.000000,-0.500000,0.000000,0.000000,0.000000,0.000000,0.000000,3
14,10,-37,0.000000,0.888889,0.000000,0.000000,0.000000,0.000000,0.000000,0.000000,-0.500000,0.000000,0.000000,0.000000,0.000000,0.000000,9
14,10,-36.5,-0.833333,0.138889,0.000000,0.000000,0.000000,0.000000,0.000000,0.000000,-0.500000,0.000000,0.000000,0.000000,0.000000,0.000000,6
14,10,-36,-0.250000,0.687500,0.000000,0.000000,0.000000,0.000000,0.000000,0.000000,-0.500000,0.000000,0.000000,0.000000,0.000000,0.000000,8
14,10,-35.5,0.153846,0.745562,0.000000,0.000000,0.000000,0.000000,0.000000,0.000000,-0.500000,0.000000,0.000000,0.000000,0.000000,0.000000,13
14,10,-35,-0.384615,0.852071,0.000000,0.000000,0.000000,0.000000,0.000000,0.000000,-0.500000,0.000000,0.000000,0.000000,0.000000,0.000000,13
14,10,-34.5,-0.294118,0.913495,0.000000,0.000000,0.000000,0.000000,0.000000,0.000000,-0.500000,0.000000,0.000000,0.000000,0.000000,0.000000,17
14,10,-34,-0.150000,0.877500,0.000000,0.000000,0.000000,0.000000,0.000000,0.000000,-0.500000,0.000000,0.000000,0.000000,0.000000,0.000000,40
14,10,-33.5,-0.526316,0.617729,0.000000,0.000000,0.000000,0.000000,0.000000,0.000000,-0.500000,0.000000,0.000000,0.000000,0.000000,0.000000,38
14,10,-33,-0.229508,0.865359,0.000000,0.000000,0.000000,0.000000,0.000000,0.000000,-0.500000,0.000000,0.000000,0.000000,0.000000,0.000000,61
14,10,-32.5,-0.275862,0.751486,0.000000,0.000000,0.000000,0.000000,0.000000,0.000000,-0.500000,0.000000,0.000000,0.000000,0.000000,0.000000,58
14,10,-32,-0.101124,0.877414,0.000000,0.000000,0.000000,0.000000,0.000000,0.000000,-0.500000,0.000000,0.000000,0.000000,0.000000,0.000000,89
14,10,-31.5,-0.143939,0.850494,0.000000,0.000000,0.000000,0.000000,0.000000,0.000000,-0.500000,0.000000,0.000000,0.000000,0.000000,0.000000,132
14,10,-31,-0.080645,0.896722,0.000000,0.000000,0.000000,0.000000,0.000000,0.000000,-0.500000,0.000000,0.000000,0.000000,0.000000,0.000000,124
14,10,-30.5,-0.261364,0.818053,0.000000,0.000000,0.000000,0.000000,0.000000,0.000000,-0.500000,0.000000,0.000000,0.000000,0.000000,0.000000,176
14,10,-30,-0.409639,0.759907,0.000000,0.000000,0.000000,0.000000,0.000000,0.000000,-0.500000,0.000000,0.000000,0.000000,0.000000,0.000000,166
14,10,-29.5,-0.019157,0.923005,0.000000,0.000000,0.000000,0.000000,0.000000,0.000000,-0.500000,0.000000,0.000000,0.000000,0.000000,0.000000,261
14,10,-29,-0.175000,0.838125,0.000000,0.000000,0.000000,0.000000,0.000000,0.000000,-0.500000,0.000000,0.000000,0.000000,0.000000,0.000000,320
14,10,-28.5,-0.210256,0.873741,0.000000,0.000000,0.000000,0.000000,0.000000,0.000000,-0.500000,0.000000,0.000000,0.000000,0.000000,0.000000,390
14,10,-28,-0.233463,0.859892,0.000000,0.000000,0.000000,0.000000,0.000000,0.000000,-0.500000,0.000000,0.000000,0.000000,0.000000,0.000000,514
14,10,-27.5,-0.268293,0.842653,0.000000,0.000000,0.000000,0.000000,0.000000,0.000000,-0.500000,0.000000,0.000000,0.000000,0.000000,0.000000,492
14,10,-27,-0.236961,0.856548,0.000000,0.000000,0.000000,0.000000,0.000000,0.000000,-0.500000,0.000000,0.000000,0.000000,0.000000,0.000000,882
14,10,-26.5,-0.187146,0.891253,0.000000,0.000000,0.000000,0.000000,0.000000,0.000000,-0.500000,0.000000,0.000000,0.000000,0.000000,0.000000,1058
14,10,-26,-0.210526,0.860441,0.000000,0.000000,0.000000,0.000000,0.000000,0.000000,-0.500000,0.000000,0.000000,0.000000,0.000000,0.000000,798
14,10,-25.5,-0.225213,0.846850,0.000000,0.000000,0.000000,0.000000,0.000000,0.000000,-0.500000,0.000000,0.000000,0.000000,0.000000,0.000000,1523
14,10,-25,-0.242651,0.848657,0.000000,0.000000,0.000000,0.000000,0.000000,0.000000,-0.500000,0.000000,0.000000,0.000000,0.000000,0.000000,1871
14,10,-24.5,-0.258355,0.856860,0.000000,0.000000,0.000000,0.000000,0.000000,0.000000,-0.500000,0.000000,0.000000,0.000000,0.000000,0.000000,1885
14,10,-24,-0.234154,0.860796,0.000000,0.000000,0.000000,0.000000,0.000000,0.000000,-0.500000,0.000000,0.000000,0.000000,0.000000,0.000000,2477
14,10,-23.5,-0.222066,0.860098,0.000000,0.000000,0.000000,0.000000,0.000000,0.000000,-0.500000,0.000000,0.000000,0.000000,0.000000,0.000000,2837
14,10,-23,-0.265012,0.835476,0.000000,0.000000,0.000000,0.000000,0.000000,0.000000,-0.500000,0.000000,0.000000,0.000000,0.000000,0.000000,4030
14,10,-22.5,-0.241355,0.849925,0.000000,0.000000,0.000000,0.000000,0.000000,0.000000,-0.500000,0.000000,0.000000,0.000000,0.000000,0.000000,4280
14,10,-22,-0.268111,0.833173,0.000000,0.000000,0.000000,0.000000,0.000000,0.000000,-0.500000,0.000000,0.000000,0.000000,0.000000,0.000000,4845
14,10,-21.5,-0.284315,0.834544,0.000000,0.000000,0.000000,0.000000,0.000000,0.000000,-0.500000,0.000000,0.000000,0.000000,0.000000,0.000000,6535
14,10,-21,-0.282529,0.840167,0.000000,0.000000,0.000000,0.000000,0.000000,0.000000,-0.500000,0.000000,0.000000,0.000000,0.000000,0.000000,7624
14,10,-20.5,-0.298389,0.822689,0.000000,0.000000,0.000000,0.000000,0.000000,0.000000,-0.500000,0.000000,0.000000,0.000000,0.000000,0.000000,8938
14,10,-20,-0.285714,0.833648,0.000000,0.000000,0.000000,0.000000,0.000000,0.000000,-0.500000,0.000000,0.000000,0.000000,0.000000,0.000000,10458
14,10,-19.5,-0.295934,0.826998,0.000000,0.000000,0.000000,0.000000,0.000000,0.000000,-0.500000,0.000000,0.000000,0.000000,0.000000,0.000000,11952
14,10,-19,-0.302581,0.823300,0.000000,0.000000,0.000000,0.000000,0.000000,0.000000,-0.500000,0.000000,0.000000,0.000000,0.000000,0.000000,15186
14,10,-18.5,-0.294432,0.824759,0.000000,0.000000,0.000000,0.000000,0.000000,0.000000,-0.500000,0.000000,0.000000,0.000000,0.000000,0.000000,17617
14,10,-18,-0.303036,0.823615,0.000000,0.000000,0.000000,0.000000,0.000000,0.000000,-0.500000,0.000000,0.000000,0.000000,0.000000,0.000000,21773
14,10,-17.5,-0.311788,0.816552,0.000000,0.000000,0.000000,0.000000,0.000000,0.000000,-0.500000,0.000000,0.000000,0.000000,0.000000,0.000000,25001
14,10,-17,-0.319463,0.812041,0.000000,0.000000,0.000000,0.000000,0.000000,0.000000,-0.500000,0.000000,0.000000,0.000000,0.000000,0.000000,27997
14,10,-16.5,-0.319063,0.815343,0.000000,0.000000,0.000000,0.000000,0.000000,0.000000,-0.500000,0.000000,0.000000,0.000000,0.000000,0.000000,35761
14,10,-16,-0.325766,0.812428,0.000000,0.000000,0.000000,0.000000,0.000000,0.000000,-0.500000,0.000000,0.000000,0.000000,0.000000,0.000000,37177
14,10,-15.5,-0.328750,0.808966,0.000000,0.000000,0.000000,0.000000,0.000000,0.000000,-0.500000,0.000000,0.000000,0.000000,0.000000,0.000000,47711
14,10,-15,-0.334199,0.805733,0.000000,0.000000,0.000000,0.000000,0.000000,0.000000,-0.500000,0.000000,0.000000,0.000000,0.000000,0.000000,54312
14,10,-14.5,-0.340084,0.804303,0.000000,0.000000,0.000000,0.000000,0.000000,0.000000,-0.500000,0.000000,0.000000,0.000000,0.000000,0.000000,60882
14,10,-14,-0.345661,0.799777,0.000000,0.000000,0.000000,0.000000,0.000000,0.000000,-0.500000,0.000000,0.000000,0.000000,0.000000,0.000000,76008
14,10,-13.5,-0.350338,0.795901,0.000000,0.000000,0.000000,0.000000,0.000000,0.000000,-0.500000,0.000000,0.000000,0.000000,0.000000,0.000000,83097
14,10,-13,-0.350838,0.796331,0.000000,0.000000,0.000000,0.000000,0.000000,0.000000,-0.500000,0.000000,0.000000,0.000000,0.000000,0.000000,101537
14,10,-12.5,-0.358511,0.791060,0.000000,0.000000,0.000000,0.000000,0.000000,0.000000,-0.500000,0.000000,0.000000,0.000000,0.000000,0.000000,114376
14,10,-12,-0.358563,0.791370,0.000000,0.000000,0.000000,0.000000,0.000000,0.000000,-0.500000,0.000000,0.000000,0.000000,0.000000,0.000000,135407
14,10,-11.5,-0.365237,0.788203,0.000000,0.000000,0.000000,0.000000,0.000000,0.000000,-0.500000,0.000000,0.000000,0.000000,0.000000,0.000000,155258
14,10,-11,-0.368044,0.786984,0.000000,0.000000,0.000000,0.000000,0.000000,0.000000,-0.500000,0.000000,0.000000,0.000000,0.000000,0.000000,177191
14,10,-10.5,-0.372722,0.782040,0.000000,0.000000,0.000000,0.000000,0.000000,0.000000,-0.500000,0.000000,0.000000,0.000000,0.000000,0.000000,214680
14,10,-10,-0.378742,0.778434,0.000000,0.000000,0.000000,0.000000,0.000000,0.000000,-0.500000,0.000000,0.000000,0.000000,0.000000,0.000000,245135
14,10,-9.5,-0.382451,0.776041,0.000000,0.000000,0.000000,0.000000,0.000000,0.000000,-0.500000,0.000000,0.000000,0.000000,0.000000,0.000000,271593
14,10,-9,-0.390124,0.771226,0.000000,0.000000,0.000000,0.000000,0.000000,0.000000,-0.500000,0.000000,0.000000,0.000000,0.000000,0.000000,328060
14,10,-8.5,-0.389629,0.770979,0.000000,0.000000,0.000000,0.000000,0.000000,0.000000,-0.500000,0.000000,0.000000,0.000000,0.000000,0.000000,366287
14,10,-8,-0.396878,0.765958,0.000000,0.000000,0.000000,0.000000,0.000000,0.000000,-0.500000,0.000000,0.000000,0.000000,0.000000,0.000000,433569
14,10,-7.5,-0.399885,0.763757,0.000000,0.000000,0.000000,0.000000,0.000000,0.000000,-0.500000,0.000000,0.000000,0.000000,0.000000,0.000000,496128
14,10,-7,-0.406516,0.759989,0.000000,0.000000,0.000000,0.000000,0.000000,0.000000,-0.500000,0.000000,0.000000,0.000000,0.000000,0.000000,579448
14,10,-6.5,-0.407801,0.759183,0.000000,0.000000,0.000000,0.000000,0.000000,0.000000,-0.500000,0.000000,0.000000,0.000000,0.000000,0.000000,672445
14,10,-6,-0.414543,0.753996,0.000000,0.000000,0.000000,0.000000,0.000000,0.000000,-0.500000,0.000000,0.000000,0.000000,0.000000,0.000000,771302
14,10,-5.5,-0.419370,0.750450,0.000000,0.000000,0.000000,0.000000,0.000000,0.000000,-0.500000,0.000000,0.000000,0.000000,0.000000,0.000000,912979
14,10,-5,-0.424295,0.746727,0.000000,0.000000,0.000000,0.000000,0.000000,0.000000,-0.500000,0.000000,0.000000,0.000000,0.000000,0.000000,1052323
14,10,-4.5,-0.427804,0.743868,0.000000,0.000000,0.000000,0.000000,0.000000,0.000000,-0.500000,0.000000,0.000000,0.000000,0.000000,0.000000,1219471
14,10,-4,-0.432293,0.740349,0.000000,0.000000,0.000000,0.000000,0.000000,0.000000,-0.500000,0.000000,0.000000,0.000000,0.000000,0.000000,1439933
14,10,-3.5,-0.435281,0.738652,0.000000,0.000000,0.000000,0.000000,0.000000,0.000000,-0.500000,0.000000,0.000000,0.000000,0.000000,0.000000,1673209
14,10,-3,-0.441810,0.733671,0.000000,0.000000,0.000000,0.000000,0.000000,0.000000,-0.500000,0.000000,0.000000,0.000000,0.000000,0.000000,1967296
14,10,-2.5,-0.445553,0.730530,0.000000,0.000000,0.000000,0.000000,0.000000,0.000000,-0.500000,0.000000,0.000000,0.000000,0.000000,0.000000,2315729
14,10,-2,-0.449551,0.727554,0.000000,0.000000,0.000000,0.000000,0.000000,0.000000,-0.500000,0.000000,0.000000,0.000000,0.000000,0.000000,2713686
14,10,-1.5,-0.454135,0.723802,0.000000,0.000000,0.000000,0.000000,0.000000,0.000000,-0.500000,0.000000,0.000000,0.000000,0.000000,0.000000,3247524
14,10,-1,-0.458308,0.720308,0.000000,0.000000,0.000000,0.000000,0.000000,0.000000,-0.500000,0.000000,0.000000,0.000000,0.000000,0.000000,3728404
14,10,-0.5,-0.462921,0.716527,0.000000,0.000000,0.000000,0.000000,0.000000,0.000000,-0.500000,0.000000,0.000000,0.000000,0.000000,0.000000,4995901
14,10,0,-0.467030,0.713352,0.000000,0.000000,0.000000,0.000000,0.000000,0.000000,-0.500000,0.000000,0.000000,0.000000,0.000000,0.000000,4792551
14,10,0.5,-0.471124,0.712616,0.000000,0.000000,0.000000,0.000000,0.000000,0.000000,-0.500000,0.000000,0.000000,0.000000,0.000000,0.000000,3656477
14,10,1,-0.474569,0.711749,0.000000,0.000000,0.000000,0.000000,0.000000,0.000000,-0.500000,0.000000,0.000000,0.000000,0.000000,0.000000,3077139
14,10,1.5,-0.479168,0.708020,0.000000,0.000000,0.000000,0.000000,0.000000,0.000000,-0.500000,0.000000,0.000000,0.000000,0.000000,0.000000,2681209
14,10,2,-0.483728,0.704102,0.000000,0.000000,0.000000,0.000000,0.000000,0.000000,-0.500000,0.000000,0.000000,0.000000,0.000000,0.000000,2241530
14,10,2.5,-0.487210,0.700780,0.000000,0.000000,0.000000,0.000000,0.000000,0.000000,-0.500000,0.000000,0.000000,0.000000,0.000000,0.000000,1914461
14,10,3,-0.491932,0.696624,0.000000,0.000000,0.000000,0.000000,0.000000,0.000000,-0.500000,0.000000,0.000000,0.000000,0.000000,0.000000,1633918
14,10,3.5,-0.495673,0.693262,0.000000,0.000000,0.000000,0.000000,0.000000,0.000000,-0.500000,0.000000,0.000000,0.000000,0.000000,0.000000,1389256
14,10,4,-0.499564,0.689893,0.000000,0.000000,0.000000,0.000000,0.000000,0.000000,-0.500000,0.000000,0.000000,0.000000,0.000000,0.000000,1206052
14,10,4.5,-0.505033,0.687027,0.000000,0.000000,0.000000,0.000000,0.000000,0.000000,-0.500000,0.000000,0.000000,0.000000,0.000000,0.000000,1019672
14,10,5,-0.508083,0.686614,0.000000,0.000000,0.000000,0.000000,0.000000,0.000000,-0.500000,0.000000,0.000000,0.000000,0.000000,0.000000,884104
14,10,5.5,-0.511159,0.683521,0.000000,0.000000,0.000000,0.000000,0.000000,0.000000,-0.500000,0.000000,0.000000,0.000000,0.000000,0.000000,770163
14,10,6,-0.517223,0.677890,0.000000,0.000000,0.000000,0.000000,0.000000,0.000000,-0.500000,0.000000,0.000000,0.000000,0.000000,0.000000,649772
14,10,6.5,-0.518984,0.676003,0.000000,0.000000,0.000000,0.000000,0.000000,0.000000,-0.500000,0.000000,0.000000,0.000000,0.000000,0.000000,568309
14,10,7,-0.522647,0.673141,0.000000,0.000000,0.000000,0.000000,0.000000,0.000000,-0.500000,0.000000,0.000000,0.000000,0.000000,0.000000,489489
14,10,7.5,-0.527243,0.668636,0.000000,0.000000,0.000000,0.000000,0.000000,0.000000,-0.500000,0.000000,0.000000,0.000000,0.000000,0.000000,419545
14,10,8,-0.531072,0.665325,0.000000,0.000000,0.000000,0.000000,0.000000,0.000000,-0.500000,0.000000,0.000000,0.000000,0.000000,0.000000,366052
14,10,8.5,-0.534694,0.661747,0.000000,0.000000,0.000000,0.000000,0.000000,0.000000,-0.500000,0.000000,0.000000,0.000000,0.000000,0.000000,310110
14,10,9,-0.538331,0.659206,0.000000,0.000000,0.000000,0.000000,0.000000,0.000000,-0.500000,0.000000,0.000000,0.000000,0.000000,0.000000,278468
14,10,9.5,-0.543466,0.653049,0.000000,0.000000,0.000000,0.000000,0.000000,0.000000,-0.500000,0.000000,0.000000,0.000000,0.000000,0.000000,229536
14,10,10,-0.546440,0.650085,0.000000,0.000000,0.000000,0.000000,0.000000,0.000000,-0.500000,0.000000,0.000000,0.000000,0.000000,0.000000,207666
14,10,10.5,-0.549855,0.646510,0.000000,0.000000,0.000000,0.000000,0.000000,0.000000,-0.500000,0.000000,0.000000,0.000000,0.000000,0.000000,182699
14,10,11,-0.553840,0.642812,0.000000,0.000000,0.000000,0.000000,0.000000,0.000000,-0.500000,0.000000,0.000000,0.000000,0.000000,0.000000,149498
14,10,11.5,-0.561879,0.634421,0.000000,0.000000,0.000000,0.000000,0.000000,0.000000,-0.500000,0.000000,0.000000,0.000000,0.000000,0.000000,131338
14,10,12,-0.561147,0.636027,0.000000,0.000000,0.000000,0.000000,0.000000,0.000000,-0.500000,0.000000,0.000000,0.000000,0.000000,0.000000,113227
14,10,12.5,-0.565195,0.630864,0.000000,0.000000,0.000000,0.000000,0.000000,0.000000,-0.500000,0.000000,0.000000,0.000000,0.000000,0.000000,96257
14,10,13,-0.572763,0.622736,0.000000,0.000000,0.000000,0.000000,0.000000,0.000000,-0.500000,0.000000,0.000000,0.000000,0.000000,0.000000,86046
14,10,13.5,-0.575119,0.621687,0.000000,0.000000,0.000000,0.000000,0.000000,0.000000,-0.500000,0.000000,0.000000,0.000000,0.000000,0.000000,70029
14,10,14,-0.582482,0.612211,0.000000,0.000000,0.000000,0.000000,0.000000,0.000000,-0.500000,0.000000,0.000000,0.000000,0.000000,0.000000,64778
14,10,14.5,-0.587171,0.608900,0.000000,0.000000,0.000000,0.000000,0.000000,0.000000,-0.500000,0.000000,0.000000,0.000000,0.000000,0.000000,51198
14,10,15,-0.588258,0.607055,0.000000,0.000000,0.000000,0.000000,0.000000,0.000000,-0.500000,0.000000,0.000000,0.000000,0.000000,0.000000,46058
14,10,15.5,-0.589910,0.605598,0.000000,0.000000,0.000000,0.000000,0.000000,0.000000,-0.500000,0.000000,0.000000,0.000000,0.000000,0.000000,40101
14,10,16,-0.595355,0.599746,0.000000,0.000000,0.000000,0.000000,0.000000,0.000000,-0.500000,0.000000,0.000000,0.000000,0.000000,0.000000,31262
14,10,16.5,-0.599841,0.595001,0.000000,0.000000,0.000000,0.000000,0.000000,0.000000,-0.500000,0.000000,0.000000,0.000000,0.000000,0.000000,30273
14,10,17,-0.606609,0.583180,0.000000,0.000000,0.000000,0.000000,0.000000,0.000000,-0.500000,0.000000,0.000000,0.000000,0.000000,0.000000,23666
14,10,17.5,-0.602038,0.591734,0.000000,0.000000,0.000000,0.000000,0.000000,0.000000,-0.500000,0.000000,0.000000,0.000000,0.000000,0.000000,20997
14,10,18,-0.613325,0.580487,0.000000,0.000000,0.000000,0.000000,0.000000,0.000000,-0.500000,0.000000,0.000000,0.000000,0.000000,0.000000,18641
14,10,18.5,-0.622154,0.569867,0.000000,0.000000,0.000000,0.000000,0.000000,0.000000,-0.500000,0.000000,0.000000,0.000000,0.000000,0.000000,14887
14,10,19,-0.615937,0.576125,0.000000,0.000000,0.000000,0.000000,0.000000,0.000000,-0.500000,0.000000,0.000000,0.000000,0.000000,0.000000,12675
14,10,19.5,-0.626943,0.563928,0.000000,0.000000,0.000000,0.000000,0.000000,0.000000,-0.500000,0.000000,0.000000,0.000000,0.000000,0.000000,10229
14,10,20,-0.620906,0.569082,0.000000,0.000000,0.000000,0.000000,0.000000,0.000000,-0.500000,0.000000,0.000000,0.000000,0.000000,0.000000,9098
14,10,20.5,-0.621004,0.571157,0.000000,0.000000,0.000000,0.000000,0.000000,0.000000,-0.500000,0.000000,0.000000,0.000000,0.000000,0.000000,7570
14,10,21,-0.641658,0.544523,0.000000,0.000000,0.000000,0.000000,0.000000,0.000000,-0.500000,0.000000,0.000000,0.000000,0.000000,0.000000,6491
14,10,21.5,-0.657947,0.525357,0.000000,0.000000,0.000000,0.000000,0.000000,0.000000,-0.500000,0.000000,0.000000,0.000000,0.000000,0.000000,5581
14,10,22,-0.627446,0.564696,0.000000,0.000000,0.000000,0.000000,0.000000,0.000000,-0.500000,0.000000,0.000000,0.000000,0.000000,0.000000,4037
14,10,22.5,-0.650014,0.535440,0.000000,0.000000,0.000000,0.000000,0.000000,0.000000,-0.500000,0.000000,0.000000,0.000000,0.000000,0.000000,3663
14,10,23,-0.643617,0.547932,0.000000,0.000000,0.000000,0.000000,0.000000,0.000000,-0.500000,0.000000,0.000000,0.000000,0.000000,0.000000,3384
14,10,23.5,-0.646236,0.542066,0.000000,0.000000,0.000000,0.000000,0.000000,0.000000,-0.500000,0.000000,0.000000,0.000000,0.000000,0.000000,2431
14,10,24,-0.681139,0.503837,0.000000,0.000000,0.000000,0.000000,0.000000,0.000000,-0.500000,0.000000,0.000000,0.000000,0.000000,0.000000,2142
14,10,24.5,-0.657347,0.530834,0.000000,0.000000,0.000000,0.000000,0.000000,0.000000,-0.500000,0.000000,0.000000,0.000000,0.000000,0.000000,1538
14,10,25,-0.636644,0.558287,0.000000,0.000000,0.000000,0.000000,0.000000,0.000000,-0.500000,0.000000,0.000000,0.000000,0.000000,0.000000,1621
14,10,25.5,-0.631347,0.556516,0.000000,0.000000,0.000000,0.000000,0.000000,0.000000,-0.500000,0.000000,0.000000,0.000000,0.000000,0.000000,1359
14,10,26,-0.649296,0.546021,0.000000,0.000000,0.000000,0.000000,0.000000,0.000000,-0.500000,0.000000,0.000000,0.000000,0.000000,0.000000,710
14,10,26.5,-0.667026,0.517361,0.000000,0.000000,0.000000,0.000000,0.000000,0.000000,-0.500000,0.000000,0.000000,0.000000,0.000000,0.000000,928
14,10,27,-0.663683,0.532671,0.000000,0.000000,0.000000,0.000000,0.000000,0.000000,-0.500000,0.000000,0.000000,0.000000,0.000000,0.000000,782
14,10,27.5,-0.691441,0.483620,0.000000,0.000000,0.000000,0.000000,0.000000,0.000000,-0.500000,0.000000,0.000000,0.000000,0.000000,0.000000,444
14,10,28,-0.668182,0.526260,0.000000,0.000000,0.000000,0.000000,0.000000,0.000000,-0.500000,0.000000,0.000000,0.000000,0.000000,0.000000,440
14,10,28.5,-0.724340,0.422545,0.000000,0.000000,0.000000,0.000000,0.000000,0.000000,-0.500000,0.000000,0.000000,0.000000,0.000000,0.000000,341
14,10,29,-0.721854,0.452436,0.000000,0.000000,0.000000,0.000000,0.000000,0.000000,-0.500000,0.000000,0.000000,0.000000,0.000000,0.000000,302
14,10,29.5,-0.662745,0.513710,0.000000,0.000000,0.000000,0.000000,0.000000,0.000000,-0.500000,0.000000,0.000000,0.000000,0.000000,0.000000,255
14,10,30,-0.772727,0.383412,0.000000,0.000000,0.000000,0.000000,0.000000,0.000000,-0.500000,0.000000,0.000000,0.000000,0.000000,0.000000,154
14,10,30.5,-0.685185,0.462620,0.000000,0.000000,0.000000,0.000000,0.000000,0.000000,-0.500000,0.000000,0.000000,0.000000,0.000000,0.000000,162
14,10,31,-0.755556,0.406914,0.000000,0.000000,0.000000,0.000000,0.000000,0.000000,-0.500000,0.000000,0.000000,0.000000,0.000000,0.000000,90
14,10,31.5,-0.793814,0.349240,0.000000,0.000000,0.000000,0.000000,0.000000,0.000000,-0.500000,0.000000,0.000000,0.000000,0.000000,0.000000,97
14,10,32,-0.662338,0.509361,0.000000,0.000000,0.000000,0.000000,0.000000,0.000000,-0.500000,0.000000,0.000000,0.000000,0.000000,0.000000,77
14,10,32.5,-0.678571,0.503827,0.000000,0.000000,0.000000,0.000000,0.000000,0.000000,-0.500000,0.000000,0.000000,0.000000,0.000000,0.000000,56
14,10,33,-0.727273,0.440771,0.000000,0.000000,0.000000,0.000000,0.000000,0.000000,-0.500000,0.000000,0.000000,0.000000,0.000000,0.000000,33
14,10,33.5,-0.781250,0.358398,0.000000,0.000000,0.000000,0.000000,0.000000,0.000000,-0.500000,0.000000,0.000000,0.000000,0.000000,0.000000,32
14,10,34,-0.823529,0.262976,0.000000,0.000000,0.000000,0.000000,0.000000,0.000000,-0.500000,0.000000,0.000000,0.000000,0.000000,0.000000,34
14,10,34.5,-0.761905,0.371882,0.000000,0.000000,0.000000,0.000000,0.000000,0.000000,-0.500000,0.000000,0.000000,0.000000,0.000000,0.000000,21
14,10,35,-0.842105,0.238227,0.000000,0.000000,0.000000,0.000000,0.000000,0.000000,-0.500000,0.000000,0.000000,0.000000,0.000000,0.000000,19
14,10,35.5,-0.875000,0.234375,0.000000,0.000000,0.000000,0.000000,0.000000,0.000000,-0.500000,0.000000,0.000000,0.000000,0.000000,0.000000,16
14,10,36,-0.714286,0.489796,0.000000,0.000000,0.000000,0.000000,0.000000,0.000000,-0.500000,0.000000,0.000000,0.000000,0.000000,0.000000,7
14,10,36.5,-0.333333,0.888889,0.000000,0.000000,0.000000,0.000000,0.000000,0.000000,-0.500000,0.000000,0.000000,0.000000,0.000000,0.000000,3
14,10,37,-0.666667,0.555556,0.000000,0.000000,0.000000,0.000000,0.000000,0.000000,-0.500000,0.000000,0.000000,0.000000,0.000000,0.000000,6
14,10,37.5,-0.444444,0.691358,0.000000,0.000000,0.000000,0.000000,0.000000,0.000000,-0.500000,0.000000,0.000000,0.000000,0.000000,0.000000,9
14,10,38,-1.000000,0.000000,0.000000,0.000000,0.000000,0.000000,0.000000,0.000000,-0.500000,0.000000,0.000000,0.000000,0.000000,0.000000,2
14,10,38.5,-1.000000,0.000000,0.000000,0.000000,0.000000,0.000000,0.000000,0.000000,-0.500000,0.000000,0.000000,0.000000,0.000000,0.000000,3
14,10,39,-0.200000,0.960000,0.000000,0.000000,0.000000,0.000000,0.000000,0.000000,-0.500000,0.000000,0.000000,0.000000,0.000000,0.000000,5
14,10,39.5,-1.000000,0.000000,0.000000,0.000000,0.000000,0.000000,0.000000,0.000000,-0.500000,0.000000,0.000000,0.000000,0.000000,0.000000,1
14,10,40,-1.000000,0.000000,0.000000,0.000000,0.000000,0.000000,0.000000,0.000000,-0.500000,0.000000,0.000000,0.000000,0.000000,0.000000,1
14,10,40.5,-1.000000,0.000000,0.000000,0.000000,0.000000,0.000000,0.000000,0.000000,-0.500000,0.000000,0.000000,0.000000,0.000000,0.000000,1
14,10,41,-1.000000,0.000000,0.000000,0.000000,0.000000,0.000000,0.000000,0.000000,-0.500000,0.000000,0.000000,0.000000,0.000000,0.000000,1
14,10,42,0.000000,1.000000,0.000000,0.000000,0.000000,0.000000,0.000000,0.000000,-0.500000,0.000000,0.000000,0.000000,0.000000,0.000000,2
14,10,43,-1.000000,0.000000,0.000000,0.000000,0.000000,0.000000,0.000000,0.000000,-0.500000,0.000000,0.000000,0.000000,0.000000,0.000000,1
14,10,43.5,-1.000000,0.000000,0.000000,0.000000,0.000000,0.000000,0.000000,0.000000,-0.500000,0.000000,0.000000,0.000000,0.000000,0.000000,1
14,10,44.5,-1.000000,0.000000,0.000000,0.000000,0.000000,0.000000,0.000000,0.000000,-0.500000,0.000000,0.000000,0.000000,0.000000,0.000000,1
14,10,46,-1.000000,0.000000,0.000000,0.000000,0.000000,0.000000,0.000000,0.000000,-0.500000,0.000000,0.000000,0.000000,0.000000,0.000000,1
15,9,-40,1.000000,0.000000,0.000000,0.000000,0.000000,0.000000,0.000000,0.000000,-0.500000,0.000000,0.000000,0.000000,0.000000,0.000000,2
15,9,-39.5,-1.000000,0.000000,0.000000,0.000000,0.000000,0.000000,0.000000,0.000000,-0.500000,0.000000,0.000000,0.000000,0.000000,0.000000,1
15,9,-39,-1.000000,0.000000,0.000000,0.000000,0.000000,0.000000,0.000000,0.000000,-0.500000,0.000000,0.000000,0.000000,0.000000,0.000000,1
15,9,-37,-1.000000,0.000000,0.000000,0.000000,0.000000,0.000000,0.000000,0.000000,-0.500000,0.000000,0.000000,0.000000,0.000000,0.000000,2
15,9,-36.5,-1.000000,0.000000,0.000000,0.000000,0.000000,0.000000,0.000000,0.000000,-0.500000,0.000000,0.000000,0.000000,0.000000,0.000000,1
15,9,-36,0.333333,0.888889,0.000000,0.000000,0.000000,0.000000,0.000000,0.000000,-0.500000,0.000000,0.000000,0.000000,0.000000,0.000000,3
15,9,-35.5,0.000000,1.000000,0.000000,0.000000,0.000000,0.000000,0.000000,0.000000,-0.500000,0.000000,0.000000,0.000000,0.000000,0.000000,6
15,9,-35,-0.500000,0.750000,0.000000,0.000000,0.000000,0.000000,0.000000,0.000000,-0.500000,0.000000,0.000000,0.000000,0.000000,0.000000,4
15,9,-34.5,-0.375000,0.484375,0.000000,0.000000,0.000000,0.000000,0.000000,0.000000,-0.500000,0.000000,0.000000,0.000000,0.000000,0.000000,8
15,9,-34,-0.000000,0.800000,0.000000,0.000000,0.000000,0.000000,0.000000,0.000000,-0.500000,0.000000,0.000000,0.000000,0.000000,0.000000,5
15,9,-33.5,-0.333333,0.888889,0.000000,0.000000,0.000000,0.000000,0.000000,0.000000,-0.500000,0.000000,0.000000,0.000000,0.000000,0.000000,9
15,9,-33,-0.545455,0.611570,0.000000,0.000000,0.000000,0.000000,0.000000,0.000000,-0.500000,0.000000,0.000000,0.000000,0.000000,0.000000,11
15,9,-32.5,-0.312500,0.839844,0.000000,0.000000,0.000000,0.000000,0.000000,0.000000,-0.500000,0.000000,0.000000,0.000000,0.000000,0.000000,16
15,9,-32,0.142857,0.836735,0.000000,0.000000,0.000000,0.000000,0.000000,0.000000,-0.500000,0.000000,0.000000,0.000000,0.000000,0.000000,14
15,9,-31.5,-0.125000,0.859375,0.000000,0.000000,0.000000,0.000000,0.000000,0.000000,-0.500000,0.000000,0.000000,0.000000,0.000000,0.000000,24
15,9,-31,-0.121212,0.894399,0.000000,0.000000,0.000000,0.000000,0.000000,0.000000,-0.500000,0.000000,0.000000,0.000000,0.000000,0.000000,33
15,9,-30.5,-0.098039,0.872741,0.000000,0.000000,0.000000,0.000000,0.000000,0.000000,-0.500000,0.000000,0.000000,0.000000,0.000000,0.000000,51
15,9,-30,-0.113208,0.817373,0.000000,0.000000,0.000000,0.000000,0.000000,0.000000,-0.500000,0.000000,0.000000,0.000000,0.000000,0.000000,53
15,9,-29.5,-0.219178,0.856071,0.000000,0.000000,0.000000,0.000000,0.000000,0.000000,-0.500000,0.000000,0.000000,0.000000,0.000000,0.000000,73
15,9,-29,-0.402299,0.769190,0.000000,0.000000,0.000000,0.000000,0.000000,0.000000,-0.500000,0.000000,0.000000,0.000000,0.000000,0.000000,87
15,9,-28.5,-0.168421,0.855845,0.000000,0.000000,0.000000,0.000000,0.000000,0.000000,-0.500000,0.000000,0.000000,0.000000,0.000000,0.000000,95
15,9,-28,-0.224000,0.877824,0.000000,0.000000,0.000000,0.000000,0.000000,0.000000,-0.500000,0.000000,0.000000,0.000000,0.000000,0.000000,125
15,9,-27.5,-0.136691,0.837431,0.000000,0.000000,0.000000,0.000000,0.000000,0.000000,-0.500000,0.000000,0.000000,0.000000,0.000000,0.000000,139
15,9,-27,-0.184971,0.867520,0.000000,0.000000,0.000000,0.000000,0.000000,0.000000,-0.500000,0.000000,0.000000,0.000000,0.000000,0.000000,173
15,9,-26.5,-0.322957,0.825660,0.000000,0.000000,0.000000,0.000000,0.000000,0.000000,-0.500000,0.000000,0.000000,0.000000,0.000000,0.000000,257
15,9,-26,-0.261780,0.842466,0.000000,0.000000,0.000000,0.000000,0.000000,0.000000,-0.500000,0.000000,0.000000,0.000000,0.000000,0.000000,191
15,9,-25.5,-0.179487,0.885733,0.000000,0.000000,0.000000,0.000000,0.000000,0.000000,-0.500000,0.000000,0.000000,0.000000,0.000000,0.000000,390
15,9,-25,-0.360691,0.779189,0.000000,0.000000,0.000000,0.000000,0.000000,0.000000,-0.500000,0.000000,0.000000,0.000000,0.000000,0.000000,463
15,9,-24.5,-0.288840,0.813727,0.000000,0.000000,0.000000,0.000000,0.000000,0.000000,-0.500000,0.000000,0.000000,0.000000,0.000000,0.000000,457
15,9,-24,-0.289076,0.844166,0.000000,0.000000,0.000000,0.000000,0.000000,0.000000,-0.500000,0.000000,0.000000,0.000000,0.000000,0.000000,595
15,9,-23.5,-0.235453,0.856605,0.000000,0.000000,0.000000,0.000000,0.000000,0.000000,-0.500000,0.000000,0.000000,0.000000,0.000000,0.000000,739
15,9,-23,-0.291707,0.827102,0.000000,0.000000,0.000000,0.000000,0.000000,0.000000,-0.500000,0.000000,0.000000,0.000000,0.000000,0.000000,1025
15,9,-22.5,-0.324138,0.818087,0.000000,0.000000,0.000000,0.000000,0.000000,0.000000,-0.500000,0.000000,0.000000,0.000000,0.000000,0.000000,1015
15,9,-22,-0.344684,0.805611,0.000000,0.000000,0.000000,0.000000,0.000000,0.000000,-0.500000,0.000000,0.000000,0.000000,0.000000,0.000000,1204
15,9,-21.5,-0.334151,0.801280,0.000000,0.000000,0.000000,0.000000,0.000000,0.000000,-0.500000,0.000000,0.000000,0.000000,0.000000,0.000000,1631
15,9,-21,-0.314063,0.811261,0.000000,0.000000,0.000000,0.000000,0.000000,0.000000,-0.500000,0.000000,0.000000,0.000000,0.000000,0.000000,1920
15,9,-20.5,-0.287886,0.829058,0.000000,0.000000,0.000000,0.000000,0.000000,0.000000,-0.500000,0.000000,0.000000,0.000000,0.000000,0.000000,2237
15,9,-20,-0.328236,0.811321,0.000000,0.000000,0.000000,0.000000,0.000000,0.000000,-0.500000,0.000000,0.000000,0.000000,0.000000,0.000000,2681
15,9,-19.5,-0.314459,0.822922,0.000000,0.000000,0.000000,0.000000,0.000000,0.000000,-0.500000,0.000000,0.000000,0.000000,0.000000,0.000000,2967
15,9,-19,-0.312383,0.825719,0.000000,0.000000,0.000000,0.000000,0.000000,0.000000,-0.500000,0.000000,0.000000,0.000000,0.000000,0.000000,3755
15,9,-18.5,-0.323976,0.812665,0.000000,0.000000,0.000000,0.000000,0.000000,0.000000,-0.500000,0.000000,0.000000,0.000000,0.000000,0.000000,4346
15,9,-18,-0.337447,0.810793,0.000000,0.000000,0.000000,0.000000,0.000000,0.000000,-0.500000,0.000000,0.000000,0.000000,0.000000,0.000000,5429
15,9,-17.5,-0.347426,0.807080,0.000000,0.000000,0.000000,0.000000,0.000000,0.000000,-0.500000,0.000000,0.000000,0.000000,0.000000,0.000000,6079
15,9,-17,-0.330516,0.818626,0.000000,0.000000,0.000000,0.000000,0.000000,0.000000,-0.500000,0.000000,0.000000,0.000000,0.000000,0.000000,7098
15,9,-16.5,-0.339208,0.805964,0.000000,0.000000,0.000000,0.000000,0.000000,0.000000,-0.500000,0.000000,0.000000,0.000000,0.000000,0.000000,8965
15,9,-16,-0.354058,0.798924,0.000000,0.000000,0.000000,0.000000,0.000000,0.000000,-0.500000,0.000000,0.000000,0.000000,0.000000,0.000000,9007
15,9,-15.5,-0.333505,0.812721,0.000000,0.000000,0.000000,0.000000,0.000000,0.000000,-0.500000,0.000000,0.000000,0.000000,0.000000,0.000000,11676
15,9,-15,-0.348785,0.803583,0.000000,0.000000,0.000000,0.000000,0.000000,0.000000,-0.500000,0.000000,0.000000,0.000000,0.000000,0.000000,13375
15,9,-14.5,-0.354757,0.796037,0.000000,0.000000,0.000000,0.000000,0.000000,0.000000,-0.500000,0.000000,0.000000,0.000000,0.000000,0.000000,15030
15,9,-14,-0.351093,0.800071,0.000000,0.000000,0.000000,0.000000,0.000000,0.000000,-0.500000,0.000000,0.000000,0.000000,0.000000,0.000000,18901
15,9,-13.5,-0.357592,0.798864,0.000000,0.000000,0.000000,0.000000,0.000000,0.000000,-0.500000,0.000000,0.000000,0.000000,0.000000,0.000000,20515
15,9,-13,-0.366708,0.791604,0.000000,0.000000,0.000000,0.000000,0.000000,0.000000,-0.500000,0.000000,0.000000,0.000000,0.000000,0.000000,25189
15,9,-12.5,-0.368822,0.791375,0.000000,0.000000,0.000000,0.000000,0.000000,0.000000,-0.500000,0.000000,0.000000,0.000000,0.000000,0.000000,28225
15,9,-12,-0.379159,0.783869,0.000000,0.000000,0.000000,0.000000,0.000000,0.000000,-0.500000,0.000000,0.000000,0.000000,0.000000,0.000000,33329
15,9,-11.5,-0.388719,0.776633,0.000000,0.000000,0.000000,0.000000,0.000000,0.000000,-0.500000,0.000000,0.000000,0.000000,0.000000,0.000000,37958
15,9,-11,-0.384042,0.778839,0.000000,0.000000,0.000000,0.000000,0.000000,0.000000,-0.500000,0.000000,0.000000,0.000000,0.000000,0.000000,43490
15,9,-10.5,-0.389036,0.776570,0.000000,0.000000,0.000000,0.000000,0.000000,0.000000,-0.500000,0.000000,0.000000,0.000000,0.000000,0.000000,53121
15,9,-10,-0.391511,0.775980,0.000000,0.000000,0.000000,0.000000,0.000000,0.000000,-0.500000,0.000000,0.000000,0.000000,0.000000,0.000000,60080
15,9,-9.5,-0.393159,0.775302,0.000000,0.000000,0.000000,0.000000,0.000000,0.000000,-0.500000,0.000000,0.000000,0.000000,0.000000,0.000000,66482
15,9,-9,-0.402193,0.767925,0.000000,0.000000,0.000000,0.000000,0.000000,0.000000,-0.500000,0.000000,0.000000,0.000000,0.000000,0.000000,80153
15,9,-8.5,-0.409721,0.761023,0.000000,0.000000,0.000000,0.000000,0.000000,0.000000,-0.500000,0.000000,0.000000,0.000000,0.000000,0.000000,90752
15,9,-8,-0.410537,0.761722,0.000000,0.000000,0.000000,0.000000,0.000000,0.000000,-0.500000,0.000000,0.000000,0.000000,0.000000,0.000000,106614
15,9,-7.5,-0.410098,0.762703,0.000000,0.000000,0.000000,0.000000,0.000000,0.000000,-0.500000,0.000000,0.000000,0.000000,0.000000,0.000000,122200
15,9,-7,-0.416997,0.755841,0.000000,0.000000,0.000000,0.000000,0.000000,0.000000,-0.500000,0.000000,0.000000,0.000000,0.000000,0.000000,143471
15,9,-6.5,-0.422084,0.753326,0.000000,0.000000,0.000000,0.000000,0.000000,0.000000,-0.500000,0.000000,0.000000,0.000000,0.000000,0.000000,165910
15,9,-6,-0.428201,0.749026,0.000000,0.000000,0.000000,0.000000,0.000000,0.000000,-0.500000,0.000000,0.000000,0.000000,0.000000,0.000000,190261
15,9,-5.5,-0.430272,0.746186,0.000000,0.000000,0.000000,0.000000,0.000000,0.000000,-0.500000,0.000000,0.000000,0.000000,0.000000,0.000000,225699
15,9,-5,-0.429088,0.747777,0.000000,0.000000,0.000000,0.000000,0.000000,0.000000,-0.500000,0.000000,0.000000,0.000000,0.000000,0.000000,258728
15,9,-4.5,-0.435137,0.743679,0.000000,0.000000,0.000000,0.000000,0.000000,0.000000,-0.500000,0.000000,0.000000,0.000000,0.000000,0.000000,299209
15,9,-4,-0.442112,0.736787,0.000000,0.000000,0.000000,0.000000,0.000000,0.000000,-0.500000,0.000000,0.000000,0.000000,0.000000,0.000000,353815
15,9,-3.5,-0.445680,0.734559,0.000000,0.000000,0.000000,0.000000,0.000000,0.000000,-0.500000,0.000000,0.000000,0.000000,0.000000,0.000000,410265
15,9,-3,-0.446098,0.734458,0.000000,0.000000,0.000000,0.000000,0.000000,0.000000,-0.500000,0.000000,0.000000,0.000000,0.000000,0.000000,482100
15,9,-2.5,-0.450924,0.730538,0.000000,0.000000,0.000000,0.000000,0.000000,0.000000,-0.500000,0.000000,0.000000,0.000000,0.000000,0.000000,566117
15,9,-2,-0.455315,0.726831,0.000000,0.000000,0.000000,0.000000,0.000000,0.000000,-0.500000,0.000000,0.000000,0.000000,0.000000,0.000000,663483
15,9,-1.5,-0.460949,0.722119,0.000000,0.000000,0.000000,0.000000,0.000000,0.000000,-0.500000,0.000000,0.000000,0.000000,0.000000,0.000000,792908
15,9,-1,-0.463955,0.719720,0.000000,0.000000,0.000000,0.000000,0.000000,0.000000,-0.500000,0.000000,0.000000,0.000000,0.000000,0.000000,916405
15,9,-0.5,-0.468017,0.716364,0.000000,0.000000,0.000000,0.000000,0.000000,0.000000,-0.500000,0.000000,0.000000,0.000000,0.000000,0.000000,1054592
15,9,0,-0.472129,0.712538,0.000000,0.000000,0.000000,0.000000,0.000000,0.000000,-0.500000,0.000000,0.000000,0.000000,0.000000,0.000000,1438019
15,9,0.5,-0.475513,0.710080,0.000000,0.000000,0.000000,0.000000,0.000000,0.000000,-0.500000,0.000000,0.000000,0.000000,0.000000,0.000000,960586
15,9,1,-0.480717,0.705722,0.000000,0.000000,0.000000,0.000000,0.000000,0.000000,-0.500000,0.000000,0.000000,0.000000,0.000000,0.000000,812859
15,9,1.5,-0.483672,0.702736,0.000000,0.000000,0.000000,0.000000,0.000000,0.000000,-0.500000,0.000000,0.000000,0.000000,0.000000,0.000000,707788
15,9,2,-0.487223,0.700148,0.000000,0.000000,0.000000,0.000000,0.000000,0.000000,-0.500000,0.000000,0.000000,0.000000,0.000000,0.000000,590063
15,9,2.5,-0.491989,0.695450,0.000000,0.000000,0.000000,0.000000,0.000000,0.000000,-0.500000,0.000000,0.000000,0.000000,0.000000,0.000000,504940
15,9,3,-0.497125,0.690777,0.000000,0.000000,0.000000,0.000000,0.000000,0.000000,-0.500000,0.000000,0.000000,0.000000,0.000000,0.000000,431843
15,9,3.5,-0.499474,0.689277,0.000000,0.000000,0.000000,0.000000,0.000000,0.000000,-0.500000,0.000000,0.000000,0.000000,0.000000,0.000000,366780
15,9,4,-0.505875,0.683372,0.000000,0.000000,0.000000,0.000000,0.000000,0.000000,-0.500000,0.000000,0.000000,0.000000,0.000000,0.000000,318648
15,9,4.5,-0.507001,0.683138,0.000000,0.000000,0.000000,0.000000,0.000000,0.000000,-0.500000,0.000000,0.000000,0.000000,0.000000,0.000000,269094
15,9,5,-0.515082,0.674540,0.000000,0.000000,0.000000,0.000000,0.000000,0.000000,-0.500000,0.000000,0.000000,0.000000,0.000000,0.000000,233097
15,9,5.5,-0.517098,0.672801,0.000000,0.000000,0.000000,0.000000,0.000000,0.000000,-0.500000,0.000000,0.000000,0.000000,0.000000,0.000000,203213
15,9,6,-0.520532,0.669312,0.000000,0.000000,0.000000,0.000000,0.000000,0.000000,-0.500000,0.000000,0.000000,0.000000,0.000000,0.000000,171442
15,9,6.5,-0.525219,0.664880,0.000000,0.000000,0.000000,0.000000,0.000000,0.000000,-0.500000,0.000000,0.000000,0.000000,0.000000,0.000000,150223
15,9,7,-0.531447,0.657525,0.000000,0.000000,0.000000,0.000000,0.000000,0.000000,-0.500000,0.000000,0.000000,0.000000,0.000000,0.000000,129249
15,9,7.5,-0.532257,0.657571,0.000000,0.000000,0.000000,0.000000,0.000000,0.000000,-0.500000,0.000000,0.000000,0.000000,0.000000,0.000000,110736
15,9,8,-0.533555,0.658572,0.000000,0.000000,0.000000,0.000000,0.000000,0.000000,-0.500000,0.000000,0.000000,0.000000,0.000000,0.000000,96676
15,9,8.5,-0.539715,0.650995,0.000000,0.000000,0.000000,0.000000,0.000000,0.000000,-0.500000,0.000000,0.000000,0.000000,0.000000,0.000000,82097
15,9,9,-0.543492,0.648266,0.000000,0.000000,0.000000,0.000000,0.000000,0.000000,-0.500000,0.000000,0.000000,0.000000,0.000000,0.000000,73451
15,9,9.5,-0.551716,0.637609,0.000000,0.000000,0.000000,0.000000,0.000000,0.000000,-0.500000,0.000000,0.000000,0.000000,0.000000,0.000000,59982
15,9,10,-0.552266,0.640389,0.000000,0.000000,0.000000,0.000000,0.000000,0.000000,-0.500000,0.000000,0.000000,0.000000,0.000000,0.000000,54711
15,9,10.5,-0.550844,0.641323,0.000000,0.000000,0.000000,0.000000,0.000000,0.000000,-0.500000,0.000000,0.000000,0.000000,0.000000,0.000000,48128
15,9,11,-0.555144,0.634694,0.000000,0.000000,0.000000,0.000000,0.000000,0.000000,-0.500000,0.000000,0.000000,0.000000,0.000000,0.000000,39723
15,9,11.5,-0.562986,0.629313,0.000000,0.000000,0.000000,0.000000,0.000000,0.000000,-0.500000,0.000000,0.000000,0.000000,0.000000,0.000000,34690
15,9,12,-0.579792,0.609144,0.000000,0.000000,0.000000,0.000000,0.000000,0.000000,-0.500000,0.000000,0.000000,0.000000,0.000000,0.000000,30166
15,9,12.5,-0.563874,0.624265,0.000000,0.000000,0.000000,0.000000,0.000000,0.000000,-0.500000,0.000000,0.000000,0.000000,0.000000,0.000000,25527
15,9,13,-0.575907,0.613831,0.000000,0.000000,0.000000,0.000000,0.000000,0.000000,-0.500000,0.000000,0.000000,0.000000,0.000000,0.000000,22679
15,9,13.5,-0.581553,0.608943,0.000000,0.000000,0.000000,0.000000,0.000000,0.000000,-0.500000,0.000000,0.000000,0.000000,0.000000,0.000000,18485
15,9,14,-0.583935,0.607243,0.000000,0.000000,0.000000,0.000000,0.000000,0.000000,-0.500000,0.000000,0.000000,0.000000,0.000000,0.000000,17305
15,9,14.5,-0.590909,0.599143,0.000000,0.000000,0.000000,0.000000,0.000000,0.000000,-0.500000,0.000000,0.000000,0.000000,0.000000,0.000000,13486
15,9,15,-0.589041,0.600697,0.000000,0.000000,0.000000,0.000000,0.000000,0.000000,-0.500000,0.000000,0.000000,0.000000,0.000000,0.000000,12191
15,9,15.5,-0.587462,0.601899,0.000000,0.000000,0.000000,0.000000,0.000000,0.000000,-0.500000,0.000000,0.000000,0.000000,0.000000,0.000000,10719
15,9,16,-0.597964,0.591062,0.000000,0.000000,0.000000,0.000000,0.000000,0.000000,-0.500000,0.000000,0.000000,0.000000,0.000000,0.000000,8350
15,9,16.5,-0.612422,0.569535,0.000000,0.000000,0.000000,0.000000,0.000000,0.000000,-0.500000,0.000000,0.000000,0.000000,0.000000,0.000000,8050
15,9,17,-0.606795,0.581470,0.000000,0.000000,0.000000,0.000000,0.000000,0.000000,-0.500000,0.000000,0.000000,0.000000,0.000000,0.000000,6358
15,9,17.5,-0.612540,0.576027,0.000000,0.000000,0.000000,0.000000,0.000000,0.000000,-0.500000,0.000000,0.000000,0.000000,0.000000,0.000000,5598
15,9,18,-0.612686,0.577910,0.000000,0.000000,0.000000,0.000000,0.000000,0.000000,-0.500000,0.000000,0.000000,0.000000,0.000000,0.000000,4903
15,9,18.5,-0.628506,0.554942,0.000000,0.000000,0.000000,0.000000,0.000000,0.000000,-0.500000,0.000000,0.000000,0.000000,0.000000,0.000000,3957
15,9,19,-0.647259,0.532774,0.000000,0.000000,0.000000,0.000000,0.000000,0.000000,-0.500000,0.000000,0.000000,0.000000,0.000000,0.000000,3521
15,9,19.5,-0.625308,0.561890,0.000000,0.000000,0.000000,0.000000,0.000000,0.000000,-0.500000,0.000000,0.000000,0.000000,0.000000,0.000000,2845
15,9,20,-0.617354,0.568549,0.000000,0.000000,0.000000,0.000000,0.000000,0.000000,-0.500000,0.000000,0.000000,0.000000,0.000000,0.000000,2305
15,9,20.5,-0.621570,0.557801,0.000000,0.000000,0.000000,0.000000,0.000000,0.000000,-0.500000,0.000000,0.000000,0.000000,0.000000,0.000000,2077
15,9,21,-0.654701,0.528062,0.000000,0.000000,0.000000,0.000000,0.000000,0.000000,-0.500000,0.000000,0.000000,0.000000,0.000000,0.000000,1755
15,9,21.5,-0.625427,0.559627,0.000000,0.000000,0.000000,0.000000,0.000000,0.000000,-0.500000,0.000000,0.000000,0.000000,0.000000,0.000000,1463
15,9,22,-0.656836,0.520308,0.000000,0.000000,0.000000,0.000000,0.000000,0.000000,-0.500000,0.000000,0.000000,0.000000,0.000000,0.000000,1119
15,9,22.5,-0.609901,0.580496,0.000000,0.000000,0.000000,0.000000,0.000000,0.000000,-0.500000,0.000000,0.000000,0.000000,0.000000,0.000000,1010
15,9,23,-0.654023,0.522829,0.000000,0.000000,0.000000,0.000000,0.000000,0.000000,-0.500000,0.000000,0.000000,0.000000,0.000000,0.000000,870
15,9,23.5,-0.627543,0.556111,0.000000,0.000000,0.000000,0.000000,0.000000,0.000000,-0.500000,0.000000,0.000000,0.000000,0.000000,0.000000,639
15,9,24,-0.673179,0.511306,0.000000,0.000000,0.000000,0.000000,0.000000,0.000000,-0.500000,0.000000,0.000000,0.000000,0.000000,0.000000,563
15,9,24.5,-0.631854,0.535487,0.000000,0.000000,0.000000,0.000000,0.000000,0.000000,-0.500000,0.000000,0.000000,0.000000,0.000000,0.000000,383
15,9,25,-0.618304,0.575290,0.000000,0.000000,0.000000,0.000000,0.000000,0.000000,-0.500000,0.000000,0.000000,0.000000,0.000000,0.000000,448
15,9,25.5,-0.575000,0.631875,0.000000,0.000000,0.000000,0.000000,0.000000,0.000000,-0.500000,0.000000,0.000000,0.000000,0.000000,0.000000,320
15,9,26,-0.732558,0.440103,0.000000,0.000000,0.000000,0.000000,0.000000,0.000000,-0.500000,0.000000,0.000000,0.000000,0.000000,0.000000,172
15,9,26.5,-0.717557,0.454577,0.000000,0.000000,0.000000,0.000000,0.000000,0.000000,-0.500000,0.000000,0.000000,0.000000,0.000000,0.000000,262
15,9,27,-0.701657,0.463478,0.000000,0.000000,0.000000,0.000000,0.000000,0.000000,-0.500000,0.000000,0.000000,0.000000,0.000000,0.000000,181
15,9,27.5,-0.675439,0.499923,0.000000,0.000000,0.000000,0.000000,0.000000,0.000000,-0.500000,0.000000,0.000000,0.000000,0.000000,0.000000,114
15,9,28,-0.709220,0.461546,0.000000,0.000000,0.000000,0.000000,0.000000,0.000000,-0.500000,0.000000,0.000000,0.000000,0.000000,0.000000,141
15,9,28.5,-0.761364,0.408962,0.000000,0.000000,0.000000,0.000000,0.000000,0.000000,-0.500000,0.000000,0.000000,0.000000,0.000000,0.000000,88
15,9,29,-0.766667,0.356667,0.000000,0.000000,0.000000,0.000000,0.000000,0.000000,-0.500000,0.000000,0.000000,0.000000,0.000000,0.000000,90
15,9,29.5,-0.696429,0.497130,0.000000,0.000000,0.000000,0.000000,0.000000,0.000000,-0.500000,0.000000,0.000000,0.000000,0.000000,0.000000,56
15,9,30,-0.720930,0.480260,0.000000,0.000000,0.000000,0.000000,0.000000,0.000000,-0.500000,0.000000,0.000000,0.000000,0.000000,0.000000,43
15,9,30.5,-0.656250,0.538086,0.000000,0.000000,0.000000,0.000000,0.000000,0.000000,-0.500000,0.000000,0.000000,0.000000,0.000000,0.000000,32
15,9,31,-0.674419,0.498648,0.000000,0.000000,0.000000,0.000000,0.000000,0.000000,-0.500000,0.000000,0.000000,0.000000,0.000000,0.000000,43
15,9,31.5,-0.950000,0.047500,0.000000,0.000000,0.000000,0.000000,0.000000,0.000000,-0.500000,0.000000,0.000000,0.000000,0.000000,0.000000,20
15,9,32,-0.571429,0.625850,0.000000,0.000000,0.000000,0.000000,0.000000,0.000000,-0.500000,0.000000,0.000000,0.000000,0.000000,0.000000,21
15,9,32.5,-1.000000,0.000000,0.000000,0.000000,0.000000,0.000000,0.000000,0.000000,-0.500000,0.000000,0.000000,0.000000,0.000000,0.000000,10
15,9,33,-0.818182,0.330579,0.000000,0.000000,0.000000,0.000000,0.000000,0.000000,-0.500000,0.000000,0.000000,0.000000,0.000000,0.000000,11
15,9,33.5,-0.692308,0.520710,0.000000,0.000000,0.000000,0.000000,0.000000,0.000000,-0.500000,0.000000,0.000000,0.000000,0.000000,0.000000,13
15,9,34,-0.777778,0.172840,0.000000,0.000000,0.000000,0.000000,0.000000,0.000000,-0.500000,0.000000,0.000000,0.000000,0.000000,0.000000,9
15,9,34.5,-1.000000,0.000000,0.000000,0.000000,0.000000,0.000000,0.000000,0.000000,-0.500000,0.000000,0.000000,0.000000,0.000000,0.000000,3
15,9,35,-0.333333,0.888889,0.000000,0.000000,0.000000,0.000000,0.000000,0.000000,-0.500000,0.000000,0.000000,0.000000,0.000000,0.000000,3
15,9,35.5,-1.000000,0.000000,0.000000,0.000000,0.000000,0.000000,0.000000,0.000000,-0.500000,0.000000,0.000000,0.000000,0.000000,0.000000,4
15,9,36,-1.000000,0.000000,0.000000,0.000000,0.000000,0.000000,0.000000,0.000000,-0.500000,0.000000,0.000000,0.000000,0.000000,0.000000,2
15,9,36.5,-0.666667,0.222222,0.000000,0.000000,0.000000,0.000000,0.000000,0.000000,-0.500000,0.000000,0.000000,0.000000,0.000000,0.000000,3
15,9,37,-1.000000,0.000000,0.000000,0.000000,0.000000,0.000000,0.000000,0.000000,-0.500000,0.000000,0.000000,0.000000,0.000000,0.000000,2
15,9,39.5,1.000000,0.000000,0.000000,0.000000,0.000000,0.000000,0.000000,0.000000,-0.500000,0.000000,0.000000,0.000000,0.000000,0.000000,1
15,9,41.5,-1.000000,0.000000,0.000000,0.000000,0.000000,0.000000,0.000000,0.000000,-0.500000,0.000000,0.000000,0.000000,0.000000,0.000000,1
15,9,42,-1.000000,0.000000,0.000000,0.000000,0.000000,0.000000,0.000000,0.000000,-0.500000,0.000000,0.000000,0.000000,0.000000,0.000000,1
15,10,-42,-1.000000,0.000000,0.000000,0.000000,0.000000,0.000000,0.000000,0.000000,-0.500000,0.000000,0.000000,0.000000,0.000000,0.000000,1
15,10,-41,-1.000000,0.000000,0.000000,0.000000,0.000000,0.000000,0.000000,0.000000,-0.500000,0.000000,0.000000,0.000000,0.000000,0.000000,1
15,10,-40,1.000000,0.000000,0.000000,0.000000,0.000000,0.000000,0.000000,0.000000,-0.500000,0.000000,0.000000,0.000000,0.000000,0.000000,1
15,10,-39.5,-1.000000,0.000000,0.000000,0.000000,0.000000,0.000000,0.000000,0.000000,-0.500000,0.000000,0.000000,0.000000,0.000000,0.000000,2
15,10,-39,-1.000000,0.000000,0.000000,0.000000,0.000000,0.000000,0.000000,0.000000,-0.500000,0.000000,0.000000,0.000000,0.000000,0.000000,2
15,10,-38.5,-1.000000,0.000000,0.000000,0.000000,0.000000,0.000000,0.000000,0.000000,-0.500000,0.000000,0.000000,0.000000,0.000000,0.000000,2
15,10,-38,-0.428571,0.816327,0.000000,0.000000,0.000000,0.000000,0.000000,0.000000,-0.500000,0.000000,0.000000,0.000000,0.000000,0.000000,7
15,10,-37.5,-0.250000,0.687500,0.000000,0.000000,0.000000,0.000000,0.000000,0.000000,-0.500000,0.000000,0.000000,0.000000,0.000000,0.000000,4
15,10,-37,-0.500000,0.750000,0.000000,0.000000,0.000000,0.000000,0.000000,0.000000,-0.500000,0.000000,0.000000,0.000000,0.000000,0.000000,8
15,10,-36.5,-0.428571,0.816327,0.000000,0.000000,0.000000,0.000000,0.000000,0.000000,-0.500000,0.000000,0.000000,0.000000,0.000000,0.000000,7
15,10,-36,-0.000000,1.000000,0.000000,0.000000,0.000000,0.000000,0.000000,0.000000,-0.500000,0.000000,0.000000,0.000000,0.000000,0.000000,6
15,10,-35.5,-0.285714,0.775510,0.000000,0.000000,0.000000,0.000000,0.000000,0.000000,-0.500000,0.000000,0.000000,0.000000,0.000000,0.000000,7
15,10,-35,0.071429,0.923469,0.000000,0.000000,0.000000,0.000000,0.000000,0.000000,-0.500000,0.000000,0.000000,0.000000,0.000000,0.000000,14
15,10,-34.5,-0.411765,0.712803,0.000000,0.000000,0.000000,0.000000,0.000000,0.000000,-0.500000,0.000000,0.000000,0.000000,0.000000,0.000000,17
15,10,-34,-0.171429,0.942041,0.000000,0.000000,0.000000,0.000000,0.000000,0.000000,-0.500000,0.000000,0.000000,0.000000,0.000000,0.000000,35
15,10,-33.5,-0.063830,0.910819,0.000000,0.000000,0.000000,0.000000,0.000000,0.000000,-0.500000,0.000000,0.000000,0.000000,0.000000,0.000000,47
15,10,-33,-0.407407,0.759945,0.000000,0.000000,0.000000,0.000000,0.000000,0.000000,-0.500000,0.000000,0.000000,0.000000,0.000000,0.000000,54
15,10,-32.5,-0.163636,0.936860,0.000000,0.000000,0.000000,0.000000,0.000000,0.000000,-0.500000,0.000000,0.000000,0.000000,0.000000,0.000000,55
15,10,-32,-0.215190,0.877744,0.000000,0.000000,0.000000,0.000000,0.000000,0.000000,-0.500000,0.000000,0.000000,0.000000,0.000000,0.000000,79
15,10,-31.5,-0.120879,0.897476,0.000000,0.000000,0.000000,0.000000,0.000000,0.000000,-0.500000,0.000000,0.000000,0.000000,0.000000,0.000000,91
15,10,-31,-0.284553,0.805209,0.000000,0.000000,0.000000,0.000000,0.000000,0.000000,-0.500000,0.000000,0.000000,0.000000,0.000000,0.000000,123
15,10,-30.5,-0.252809,0.840582,0.000000,0.000000,0.000000,0.000000,0.000000,0.000000,-0.500000,0.000000,0.000000,0.000000,0.000000,0.000000,178
15,10,-30,-0.163636,0.876253,0.000000,0.000000,0.000000,0.000000,0.000000,0.000000,-0.500000,0.000000,0.000000,0.000000,0.000000,0.000000,165
15,10,-29.5,-0.277533,0.808438,0.000000,0.000000,0.000000,0.000000,0.000000,0.000000,-0.500000,0.000000,0.000000,0.000000,0.000000,0.000000,227
15,10,-29,-0.323864,0.798521,0.000000,0.000000,0.000000,0.000000,0.000000,0.000000,-0.500000,0.000000,0.000000,0.000000,0.000000,0.000000,352
15,10,-28.5,-0.223118,0.840003,0.000000,0.000000,0.000000,0.000000,0.000000,0.000000,-0.500000,0.000000,0.000000,0.000000,0.000000,0.000000,372
15,10,-28,-0.319915,0.819264,0.000000,0.000000,0.000000,0.000000,0.000000,0.000000,-0.500000,0.000000,0.000000,0.000000,0.000000,0.000000,472
15,10,-27.5,-0.221996,0.861105,0.000000,0.000000,0.000000,0.000000,0.000000,0.000000,-0.500000,0.000000,0.000000,0.000000,0.000000,0.000000,491
15,10,-27,-0.271739,0.830747,0.000000,0.000000,0.000000,0.000000,0.000000,0.000000,-0.500000,0.000000,0.000000,0.000000,0.000000,0.000000,828
15,10,-26.5,-0.308478,0.815975,0.000000,0.000000,0.000000,0.000000,0.000000,0.000000,-0.500000,0.000000,0.000000,0.000000,0.000000,0.000000,979
15,10,-26,-0.280212,0.825863,0.000000,0.000000,0.000000,0.000000,0.000000,0.000000,-0.500000,0.000000,0.000000,0.000000,0.000000,0.000000,753
15,10,-25.5,-0.252717,0.853253,0.000000,0.000000,0.000000,0.000000,0.000000,0.000000,-0.500000,0.000000,0.000000,0.000000,0.000000,0.000000,1472
15,10,-25,-0.296092,0.832527,0.000000,0.000000,0.000000,0.000000,0.000000,0.000000,-0.500000,0.000000,0.000000,0.000000,0.000000,0.000000,1817
15,10,-24.5,-0.315493,0.822154,0.000000,0.000000,0.000000,0.000000,0.000000,0.000000,-0.500000,0.000000,0.000000,0.000000,0.000000,0.000000,1775
15,10,-24,-0.317602,0.811119,0.000000,0.000000,0.000000,0.000000,0.000000,0.000000,-0.500000,0.000000,0.000000,0.000000,0.000000,0.000000,2352
15,10,-23.5,-0.297366,0.830739,0.000000,0.000000,0.000000,0.000000,0.000000,0.000000,-0.500000,0.000000,0.000000,0.000000,0.000000,0.000000,2734
15,10,-23,-0.334113,0.810105,0.000000,0.000000,0.000000,0.000000,0.000000,0.000000,-0.500000,0.000000,0.000000,0.000000,0.000000,0.000000,3846
15,10,-22.5,-0.292008,0.830235,0.000000,0.000000,0.000000,0.000000,0.000000,0.000000,-0.500000,0.000000,0.000000,0.000000,0.000000,0.000000,4154
15,10,-22,-0.334009,0.808087,0.000000,0.000000,0.000000,0.000000,0.000000,0.000000,-0.500000,0.000000,0.000000,0.000000,0.000000,0.000000,4443
15,10,-21.5,-0.327598,0.816803,0.000000,0.000000,0.000000,0.000000,0.000000,0.000000,-0.500000,0.000000,0.000000,0.000000,0.000000,0.000000,6102
15,10,-21,-0.323345,0.820605,0.000000,0.000000,0.000000,0.000000,0.000000,0.000000,-0.500000,0.000000,0.000000,0.000000,0.000000,0.000000,7175
15,10,-20.5,-0.326555,0.810364,0.000000,0.000000,0.000000,0.000000,0.000000,0.000000,-0.500000,0.000000,0.000000,0.000000,0.000000,0.000000,8458
15,10,-20,-0.325574,0.815669,0.000000,0.000000,0.000000,0.000000,0.000000,0.000000,-0.500000,0.000000,0.000000,0.000000,0.000000,0.000000,9881
15,10,-19.5,-0.340987,0.805558,0.000000,0.000000,0.000000,0.000000,0.000000,0.000000,-0.500000,0.000000,0.000000,0.000000,0.000000,0.000000,11411
15,10,-19,-0.334554,0.812538,0.000000,0.000000,0.000000,0.000000,0.000000,0.000000,-0.500000,0.000000,0.000000,0.000000,0.000000,0.000000,14470
15,10,-18.5,-0.344603,0.803128,0.000000,0.000000,0.000000,0.000000,0.000000,0.000000,-0.500000,0.000000,0.000000,0.000000,0.000000,0.000000,16564
15,10,-18,-0.350770,0.800105,0.000000,0.000000,0.000000,0.000000,0.000000,0.000000,-0.500000,0.000000,0.000000,0.000000,0.000000,0.000000,20532
15,10,-17.5,-0.351761,0.797277,0.000000,0.000000,0.000000,0.000000,0.000000,0.000000,-0.500000,0.000000,0.000000,0.000000,0.000000,0.000000,23624
15,10,-17,-0.356560,0.794000,0.000000,0.000000,0.000000,0.000000,0.000000,0.000000,-0.500000,0.000000,0.000000,0.000000,0.000000,0.000000,26349
15,10,-16.5,-0.362939,0.793550,0.000000,0.000000,0.000000,0.000000,0.000000,0.000000,-0.500000,0.000000,0.000000,0.000000,0.000000,0.000000,33777
15,10,-16,-0.366245,0.788664,0.000000,0.000000,0.000000,0.000000,0.000000,0.000000,-0.500000,0.000000,0.000000,0.000000,0.000000,0.000000,34922
15,10,-15.5,-0.375079,0.784934,0.000000,0.000000,0.000000,0.000000,0.000000,0.000000,-0.500000,0.000000,0.000000,0.000000,0.000000,0.000000,44164
15,10,-15,-0.379677,0.779718,0.000000,0.000000,0.000000,0.000000,0.000000,0.000000,-0.500000,0.000000,0.000000,0.000000,0.000000,0.000000,51125
15,10,-14.5,-0.380760,0.777518,0.000000,0.000000,0.000000,0.000000,0.000000,0.000000,-0.500000,0.000000,0.000000,0.000000,0.000000,0.000000,57120
15,10,-14,-0.387143,0.774947,0.000000,0.000000,0.000000,0.000000,0.000000,0.000000,-0.500000,0.000000,0.000000,0.000000,0.000000,0.000000,71901
15,10,-13.5,-0.391002,0.772873,0.000000,0.000000,0.000000,0.000000,0.000000,0.000000,-0.500000,0.000000,0.000000,0.000000,0.000000,0.000000,78309
15,10,-13,-0.395575,0.770945,0.000000,0.000000,0.000000,0.000000,0.000000,0.000000,-0.500000,0.000000,0.000000,0.000000,0.000000,0.000000,95102
15,10,-12.5,-0.398021,0.767970,0.000000,0.000000,0.000000,0.000000,0.000000,0.000000,-0.500000,0.000000,0.000000,0.000000,0.000000,0.000000,106929
15,10,-12,-0.405316,0.762709,0.000000,0.000000,0.000000,0.000000,0.000000,0.000000,-0.500000,0.000000,0.000000,0.000000,0.000000,0.000000,125818
15,10,-11.5,-0.405482,0.763692,0.000000,0.000000,0.000000,0.000000,0.000000,0.000000,-0.500000,0.000000,0.000000,0.000000,0.000000,0.000000,145121
15,10,-11,-0.413223,0.757592,0.000000,0.000000,0.000000,0.000000,0.000000,0.000000,-0.500000,0.000000,0.000000,0.000000,0.000000,0.000000,166508
15,10,-10.5,-0.415242,0.756410,0.000000,0.000000,0.000000,0.000000,0.000000,0.000000,-0.500000,0.000000,0.000000,0.000000,0.000000,0.000000,202152
15,10,-10,-0.422292,0.749768,0.000000,0.000000,0.000000,0.000000,0.000000,0.000000,-0.500000,0.000000,0.000000,0.000000,0.000000,0.000000,230163
15,10,-9.5,-0.427141,0.745981,0.000000,0.000000,0.000000,0.000000,0.000000,0.000000,-0.500000,0.000000,0.000000,0.000000,0.000000,0.000000,254396
15,10,-9,-0.428446,0.747211,0.000000,0.000000,0.000000,0.000000,0.000000,0.000000,-0.500000,0.000000,0.000000,0.000000,0.000000,0.000000,307586
15,10,-8.5,-0.433474,0.741387,0.000000,0.000000,0.000000,0.000000,0.000000,0.000000,-0.500000,0.000000,0.000000,0.000000,0.000000,0.000000,344473
15,10,-8,-0.439205,0.737553,0.000000,0.000000,0.000000,0.000000,0.000000,0.000000,-0.500000,0.000000,0.000000,0.000000,0.000000,0.000000,406311
15,10,-7.5,-0.440946,0.736111,0.000000,0.000000,0.000000,0.000000,0.000000,0.000000,-0.500000,0.000000,0.000000,0.000000,0.000000,0.000000,466991
15,10,-7,-0.447317,0.730707,0.000000,0.000000,0.000000,0.000000,0.000000,0.000000,-0.500000,0.000000,0.000000,0.000000,0.000000,0.000000,545161
15,10,-6.5,-0.450189,0.728475,0.000000,0.000000,0.000000,0.000000,0.000000,0.000000,-0.500000,0.000000,0.000000,0.000000,0.000000,0.000000,630790
15,10,-6,-0.456252,0.724069,0.000000,0.000000,0.000000,0.000000,0.000000,0.000000,-0.500000,0.000000,0.000000,0.000000,0.000000,0.000000,724593
15,10,-5.5,-0.458247,0.721977,0.000000,0.000000,0.000000,0.000000,0.000000,0.000000,-0.500000,0.000000,0.000000,0.000000,0.000000,0.000000,857422
15,10,-5,-0.463957,0.717268,0.000000,0.000000,0.000000,0.000000,0.000000,0.000000,-0.500000,0.000000,0.000000,0.000000,0.000000,0.000000,987398
15,10,-4.5,-0.468443,0.713932,0.000000,0.000000,0.000000,0.000000,0.000000,0.000000,-0.500000,0.000000,0.000000,0.000000,0.000000,0.000000,1144044
15,10,-4,-0.472112,0.710367,0.000000,0.000000,0.000000,0.000000,0.000000,0.000000,-0.500000,0.000000,0.000000,0.000000,0.000000,0.000000,1353631
15,10,-3.5,-0.476856,0.706327,0.000000,0.000000,0.000000,0.000000,0.000000,0.000000,-0.500000,0.000000,0.000000,0.000000,0.000000,0.000000,1569763
15,10,-3,-0.480730,0.703176,0.000000,0.000000,0.000000,0.000000,0.000000,0.000000,-0.500000,0.000000,0.000000,0.000000,0.000000,0.000000,1846662
15,10,-2.5,-0.485579,0.698926,0.000000,0.000000,0.000000,0.000000,0.000000,0.000000,-0.500000,0.000000,0.000000,0.000000,0.000000,0.000000,2177927
15,10,-2,-0.488655,0.696111,0.000000,0.000000,0.000000,0.000000,0.000000,0.000000,-0.500000,0.000000,0.000000,0.000000,0.000000,0.000000,2550270
15,10,-1.5,-0.493536,0.691895,0.000000,0.000000,0.000000,0.000000,0.000000,0.000000,-0.500000,0.000000,0.000000,0.000000,0.000000,0.000000,3057972
15,10,-1,-0.496998,0.688862,0.000000,0.000000,0.000000,0.000000,0.000000,0.000000,-0.500000,0.000000,0.000000,0.000000,0.000000,0.000000,3502140
15,10,-0.5,-0.501960,0.684388,0.000000,0.000000,0.000000,0.000000,0.000000,0.000000,-0.500000,0.000000,0.000000,0.000000,0.000000,0.000000,4719587
15,10,0,-0.504798,0.681585,0.000000,0.000000,0.000000,0.000000,0.000000,0.000000,-0.500000,0.000000,0.000000,0.000000,0.000000,0.000000,4361216
15,10,0.5,-0.510101,0.679073,0.000000,0.000000,0.000000,0.000000,0.000000,0.000000,-0.500000,0.000000,0.000000,0.000000,0.000000,0.000000,3337977
15,10,1,-0.512776,0.678866,0.000000,0.000000,0.000000,0.000000,0.000000,0.000000,-0.500000,0.000000,0.000000,0.000000,0.000000,0.000000,2802327
15,10,1.5,-0.517753,0.674144,0.000000,0.000000,0.000000,0.000000,0.000000,0.000000,-0.500000,0.000000,0.000000,0.000000,0.000000,0.000000,2444913
15,10,2,-0.522276,0.669801,0.000000,0.000000,0.000000,0.000000,0.000000,0.000000,-0.500000,0.000000,0.000000,0.000000,0.000000,0.000000,2039844
15,10,2.5,-0.527174,0.665255,0.000000,0.000000,0.000000,0.000000,0.000000,0.000000,-0.500000,0.000000,0.000000,0.000000,0.000000,0.000000,1746041
15,10,3,-0.529450,0.663124,0.000000,0.000000,0.000000,0.000000,0.000000,0.000000,-0.500000,0.000000,0.000000,0.000000,0.000000,0.000000,1487718
15,10,3.5,-0.532628,0.659703,0.000000,0.000000,0.000000,0.000000,0.000000,0.000000,-0.500000,0.000000,0.000000,0.000000,0.000000,0.000000,1268234
15,10,4,-0.538486,0.654390,0.000000,0.000000,0.000000,0.000000,0.000000,0.000000,-0.500000,0.000000,0.000000,0.000000,0.000000,0.000000,1103123
15,10,4.5,-0.542373,0.650048,0.000000,0.000000,0.000000,0.000000,0.000000,0.000000,-0.500000,0.000000,0.000000,0.000000,0.000000,0.000000,931527
15,10,5,-0.545397,0.647499,0.000000,0.000000,0.000000,0.000000,0.000000,0.000000,-0.500000,0.000000,0.000000,0.000000,0.000000,0.000000,807073
15,10,5.5,-0.550952,0.641846,0.000000,0.000000,0.000000,0.000000,0.000000,0.000000,-0.500000,0.000000,0.000000,0.000000,0.000000,0.000000,703697
15,10,6,-0.554400,0.638019,0.000000,0.000000,0.000000,0.000000,0.000000,0.000000,-0.500000,0.000000,0.000000,0.000000,0.000000,0.000000,593025
15,10,6.5,-0.559098,0.633259,0.000000,0.000000,0.000000,0.000000,0.000000,0.000000,-0.500000,0.000000,0.000000,0.000000,0.000000,0.000000,518746
15,10,7,-0.559498,0.632909,0.000000,0.000000,0.000000,0.000000,0.000000,0.000000,-0.500000,0.000000,0.000000,0.000000,0.000000,0.000000,447231
15,10,7.5,-0.566817,0.625513,0.000000,0.000000,0.000000,0.000000,0.000000,0.000000,-0.500000,0.000000,0.000000,0.000000,0.000000,0.000000,383254
15,10,8,-0.571621,0.620740,0.000000,0.000000,0.000000,0.000000,0.000000,0.000000,-0.500000,0.000000,0.000000,0.000000,0.000000,0.000000,335180
15,10,8.5,-0.575775,0.615884,0.000000,0.000000,0.000000,0.000000,0.000000,0.000000,-0.500000,0.000000,0.000000,0.000000,0.000000,0.000000,283543
15,10,9,-0.580107,0.611912,0.000000,0.000000,0.000000,0.000000,0.000000,0.000000,-0.500000,0.000000,0.000000,0.000000,0.000000,0.000000,253648
15,10,9.5,-0.581248,0.610493,0.000000,0.000000,0.000000,0.000000,0.000000,0.000000,-0.500000,0.000000,0.000000,0.000000,0.000000,0.000000,210153
15,10,10,-0.585715,0.606395,0.000000,0.000000,0.000000,0.000000,0.000000,0.000000,-0.500000,0.000000,0.000000,0.000000,0.000000,0.000000,189838
15,10,10.5,-0.587421,0.603720,0.000000,0.000000,0.000000,0.000000,0.000000,0.000000,-0.500000,0.000000,0.000000,0.000000,0.000000,0.000000,166315
15,10,11,-0.596817,0.592481,0.000000,0.000000,0.000000,0.000000,0.000000,0.000000,-0.500000,0.000000,0.000000,0.000000,0.000000,0.000000,137409
15,10,11.5,-0.599514,0.589753,0.000000,0.000000,0.000000,0.000000,0.000000,0.000000,-0.500000,0.000000,0.000000,0.000000,0.000000,0.000000,119752
15,10,12,-0.599946,0.589333,0.000000,0.000000,0.000000,0.000000,0.000000,0.000000,-0.500000,0.000000,0.000000,0.000000,0.000000,0.000000,104236
15,10,12.5,-0.608326,0.579651,0.000000,0.000000,0.000000,0.000000,0.000000,0.000000,-0.500000,0.000000,0.000000,0.000000,0.000000,0.000000,87514
15,10,13,-0.612275,0.575156,0.000000,0.000000,0.000000,0.000000,0.000000,0.000000,-0.500000,0.000000,0.000000,0.000000,0.000000,0.000000,79038
15,10,13.5,-0.615951,0.572443,0.000000,0.000000,0.000000,0.000000,0.000000,0.000000,-0.500000,0.000000,0.000000,0.000000,0.000000,0.000000,63432
15,10,14,-0.617447,0.569416,0.000000,0.000000,0.000000,0.000000,0.000000,0.000000,-0.500000,0.000000,0.000000,0.000000,0.000000,0.000000,59278
15,10,14.5,-0.622964,0.563662,0.000000,0.000000,0.000000,0.000000,0.000000,0.000000,-0.500000,0.000000,0.000000,0.000000,0.000000,0.000000,47022
15,10,15,-0.619275,0.569504,0.000000,0.000000,0.000000,0.000000,0.000000,0.000000,-0.500000,0.000000,0.000000,0.000000,0.000000,0.000000,41920
15,10,15.5,-0.629493,0.555454,0.000000,0.000000,0.000000,0.000000,0.000000,0.000000,-0.500000,0.000000,0.000000,0.000000,0.000000,0.000000,36720
15,10,16,-0.629393,0.555836,0.000000,0.000000,0.000000,0.000000,0.000000,0.000000,-0.500000,0.000000,0.000000,0.000000,0.000000,0.000000,28483
15,10,16.5,-0.637720,0.544877,0.000000,0.000000,0.000000,0.000000,0.000000,0.000000,-0.500000,0.000000,0.000000,0.000000,0.000000,0.000000,27810
15,10,17,-0.638421,0.544518,0.000000,0.000000,0.000000,0.000000,0.000000,0.000000,-0.500000,0.000000,0.000000,0.000000,0.000000,0.000000,21691
15,10,17.5,-0.636125,0.550873,0.000000,0.000000,0.000000,0.000000,0.000000,0.000000,-0.500000,0.000000,0.000000,0.000000,0.000000,0.000000,19023
15,10,18,-0.652072,0.532012,0.000000,0.000000,0.000000,0.000000,0.000000,0.000000,-0.500000,0.000000,0.000000,0.000000,0.000000,0.000000,17107
15,10,18.5,-0.653184,0.527059,0.000000,0.000000,0.000000,0.000000,0.000000,0.000000,-0.500000,0.000000,0.000000,0.000000,0.000000,0.000000,13350
15,10,19,-0.654057,0.528217,0.000000,0.000000,0.000000,0.000000,0.000000,0.000000,-0.500000,0.000000,0.000000,0.000000,0.000000,0.000000,11843
15,10,19.5,-0.650701,0.532514,0.000000,0.000000,0.000000,0.000000,0.000000,0.000000,-0.500000,0.000000,0.000000,0.000000,0.000000,0.000000,9416
15,10,20,-0.663637,0.513288,0.000000,0.000000,0.000000,0.000000,0.000000,0.000000,-0.500000,0.000000,0.000000,0.000000,0.000000,0.000000,8143
15,10,20.5,-0.666290,0.514927,0.000000,0.000000,0.000000,0.000000,0.000000,0.000000,-0.500000,0.000000,0.000000,0.000000,0.000000,0.000000,7075
15,10,21,-0.667602,0.510406,0.000000,0.000000,0.000000,0.000000,0.000000,0.000000,-0.500000,0.000000,0.000000,0.000000,0.000000,0.000000,6059
15,10,21.5,-0.684052,0.487168,0.000000,0.000000,0.000000,0.000000,0.000000,0.000000,-0.500000,0.000000,0.000000,0.000000,0.000000,0.000000,4966
15,10,22,-0.670503,0.507331,0.000000,0.000000,0.000000,0.000000,0.000000,0.000000,-0.500000,0.000000,0.000000,0.000000,0.000000,0.000000,3736
15,10,22.5,-0.669464,0.516757,0.000000,0.000000,0.000000,0.000000,0.000000,0.000000,-0.500000,0.000000,0.000000,0.000000,0.000000,0.000000,3337
15,10,23,-0.672846,0.504352,0.000000,0.000000,0.000000,0.000000,0.000000,0.000000,-0.500000,0.000000,0.000000,0.000000,0.000000,0.000000,3075
15,10,23.5,-0.681616,0.496767,0.000000,0.000000,0.000000,0.000000,0.000000,0.000000,-0.500000,0.000000,0.000000,0.000000,0.000000,0.000000,2252
15,10,24,-0.714730,0.438331,0.000000,0.000000,0.000000,0.000000,0.000000,0.000000,-0.500000,0.000000,0.000000,0.000000,0.000000,0.000000,1928
15,10,24.5,-0.685091,0.493560,0.000000,0.000000,0.000000,0.000000,0.000000,0.000000,-0.500000,0.000000,0.000000,0.000000,0.000000,0.000000,1375
15,10,25,-0.683136,0.494459,0.000000,0.000000,0.000000,0.000000,0.000000,0.000000,-0.500000,0.000000,0.000000,0.000000,0.000000,0.000000,1518
15,10,25.5,-0.731648,0.427987,0.000000,0.000000,0.000000,0.000000,0.000000,0.000000,-0.500000,0.000000,0.000000,0.000000,0.000000,0.000000,1226
15,10,26,-0.719243,0.454298,0.000000,0.000000,0.000000,0.000000,0.000000,0.000000,-0.500000,0.000000,0.000000,0.000000,0.000000,0.000000,634
15,10,26.5,-0.695954,0.475186,0.000000,0.000000,0.000000,0.000000,0.000000,0.000000,-0.500000,0.000000,0.000000,0.000000,0.000000,0.000000,865
15,10,27,-0.714286,0.441676,0.000000,0.000000,0.000000,0.000000,0.000000,0.000000,-0.500000,0.000000,0.000000,0.000000,0.000000,0.000000,665
15,10,27.5,-0.709273,0.466856,0.000000,0.000000,0.000000,0.000000,0.000000,0.000000,-0.500000,0.000000,0.000000,0.000000,0.000000,0.000000,399
15,10,28,-0.750617,0.389660,0.000000,0.000000,0.000000,0.000000,0.000000,0.000000,-0.500000,0.000000,0.000000,0.000000,0.000000,0.000000,405
15,10,28.5,-0.641379,0.547253,0.000000,0.000000,0.000000,0.000000,0.000000,0.000000,-0.500000,0.000000,0.000000,0.000000,0.000000,0.000000,290
15,10,29,-0.751634,0.395831,0.000000,0.000000,0.000000,0.000000,0.000000,0.000000,-0.500000,0.000000,0.000000,0.000000,0.000000,0.000000,306
15,10,29.5,-0.796954,0.334407,0.000000,0.000000,0.000000,0.000000,0.000000,0.000000,-0.500000,0.000000,0.000000,0.000000,0.000000,0.000000,197
15,10,30,-0.826347,0.287210,0.000000,0.000000,0.000000,0.000000,0.000000,0.000000,-0.500000,0.000000,0.000000,0.000000,0.000000,0.000000,167
15,10,30.5,-0.824561,0.285011,0.000000,0.000000,0.000000,0.000000,0.000000,0.000000,-0.500000,0.000000,0.000000,0.000000,0.000000,0.000000,114
15,10,31,-0.797980,0.302622,0.000000,0.000000,0.000000,0.000000,0.000000,0.000000,-0.500000,0.000000,0.000000,0.000000,0.000000,0.000000,99
15,10,31.5,-0.636364,0.549587,0.000000,0.000000,0.000000,0.000000,0.000000,0.000000,-0.500000,0.000000,0.000000,0.000000,0.000000,0.000000,88
15,10,32,-0.779221,0.353854,0.000000,0.000000,0.000000,0.000000,0.000000,0.000000,-0.500000,0.000000,0.000000,0.000000,0.000000,0.000000,77
15,10,32.5,-0.789474,0.324100,0.000000,0.000000,0.000000,0.000000,0.000000,0.000000,-0.500000,0.000000,0.000000,0.000000,0.000000,0.000000,38
15,10,33,-0.738095,0.431406,0.000000,0.000000,0.000000,0.000000,0.000000,0.000000,-0.500000,0.000000,0.000000,0.000000,0.000000,0.000000,42
15,10,33.5,-0.545455,0.672176,0.000000,0.000000,0.000000,0.000000,0.000000,0.000000,-0.500000,0.000000,0.000000,0.000000,0.000000,0.000000,33
15,10,34,-0.709677,0.399584,0.000000,0.000000,0.000000,0.000000,0.000000,0.000000,-0.500000,0.000000,0.000000,0.000000,0.000000,0.000000,31
15,10,34.5,-0.631579,0.548476,0.000000,0.000000,0.000000,0.000000,0.000000,0.000000,-0.500000,0.000000,0.000000,0.000000,0.000000,0.000000,19
15,10,35,-1.000000,0.000000,0.000000,0.000000,0.000000,0.000000,0.000000,0.000000,-0.500000,0.000000,0.000000,0.000000,0.000000,0.000000,9
15,10,35.5,-1.000000,0.000000,0.000000,0.000000,0.000000,0.000000,0.000000,0.000000,-0.500000,0.000000,0.000000,0.000000,0.000000,0.000000,8
15,10,36,-1.000000,0.000000,0.000000,0.000000,0.000000,0.000000,0.000000,0.000000,-0.500000,0.000000,0.000000,0.000000,0.000000,0.000000,9
15,10,36.5,-0.727273,0.380165,0.000000,0.000000,0.000000,0.000000,0.000000,0.000000,-0.500000,0.000000,0.000000,0.000000,0.000000,0.000000,11
15,10,37,-0.750000,0.187500,0.000000,0.000000,0.000000,0.000000,0.000000,0.000000,-0.500000,0.000000,0.000000,0.000000,0.000000,0.000000,8
15,10,37.5,-0.600000,0.640000,0.000000,0.000000,0.000000,0.000000,0.000000,0.000000,-0.500000,0.000000,0.000000,0.000000,0.000000,0.000000,5
15,10,38,-1.000000,0.000000,0.000000,0.000000,0.000000,0.000000,0.000000,0.000000,-0.500000,0.000000,0.000000,0.000000,0.000000,0.000000,1
15,10,38.5,-1.000000,0.000000,0.000000,0.000000,0.000000,0.000000,0.000000,0.000000,-0.500000,0.000000,0.000000,0.000000,0.000000,0.000000,1
15,10,39,-0.500000,0.583333,0.000000,0.000000,0.000000,0.000000,0.000000,0.000000,-0.500000,0.000000,0.000000,0.000000,0.000000,0.000000,6
15,10,39.5,-1.000000,0.000000,0.000000,0.000000,0.000000,0.000000,0.000000,0.000000,-0.500000,0.000000,0.000000,0.000000,0.000000,0.000000,1
15,10,40,-1.000000,0.000000,0.000000,0.000000,0.000000,0.000000,0.000000,0.000000,-0.500000,0.000000,0.000000,0.000000,0.000000,0.000000,1
15,10,40.5,-1.000000,0.000000,0.000000,0.000000,0.000000,0.000000,0.000000,0.000000,-0.500000,0.000000,0.000000,0.000000,0.000000,0.000000,1
15,10,41,-1.000000,0.000000,0.000000,0.000000,0.000000,0.000000,0.000000,0.000000,-0.500000,0.000000,0.000000,0.000000,0.000000,0.000000,1
15,11,-40.5,1.000000,0.000000,0.000000,0.000000,0.000000,0.000000,0.000000,0.000000,-0.500000,0.000000,0.000000,0.000000,0.000000,0.000000,1
15,11,-40,1.000000,0.000000,0.000000,0.000000,0.000000,0.000000,0.000000,0.000000,-0.500000,0.000000,0.000000,0.000000,0.000000,0.000000,1
15,11,-39,1.000000,0.000000,0.000000,0.000000,0.000000,0.000000,0.000000,0.000000,-0.500000,0.000000,0.000000,0.000000,0.000000,0.000000,1
15,11,-38,-1.000000,0.000000,0.000000,0.000000,0.000000,0.000000,0.000000,0.000000,-0.500000,0.000000,0.000000,0.000000,0.000000,0.000000,1
15,11,-37,-1.000000,0.000000,0.000000,0.000000,0.000000,0.000000,0.000000,0.000000,-0.500000,0.000000,0.000000,0.000000,0.000000,0.000000,1
15,11,-36.5,-1.000000,0.000000,0.000000,0.000000,0.000000,0.000000,0.000000,0.000000,-0.500000,0.000000,0.000000,0.000000,0.000000,0.000000,2
15,11,-36,0.000000,1.000000,0.000000,0.000000,0.000000,0.000000,0.000000,0.000000,-0.500000,0.000000,0.000000,0.000000,0.000000,0.000000,2
15,11,-35,-0.500000,0.750000,0.000000,0.000000,0.000000,0.000000,0.000000,0.000000,-0.500000,0.000000,0.000000,0.000000,0.000000,0.000000,4
15,11,-34.5,-0.333333,0.888889,0.000000,0.000000,0.000000,0.000000,0.000000,0.000000,-0.500000,0.000000,0.000000,0.000000,0.000000,0.000000,3
15,11,-34,0.000000,1.000000,0.000000,0.000000,0.000000,0.000000,0.000000,0.000000,-0.500000,0.000000,0.000000,0.000000,0.000000,0.000000,2
15,11,-33.5,-0.333333,0.888889,0.000000,0.000000,0.000000,0.000000,0.000000,0.000000,-0.500000,0.000000,0.000000,0.000000,0.000000,0.000000,3
15,11,-33,-0.750000,0.354167,0.000000,0.000000,0.000000,0.000000,0.000000,0.000000,-0.500000,0.000000,0.000000,0.000000,0.000000,0.000000,12
15,11,-32.5,-0.857143,0.122449,0.000000,0.000000,0.000000,0.000000,0.000000,0.000000,-0.500000,0.000000,0.000000,0.000000,0.000000,0.000000,7
15,11,-32,-0.478261,0.684310,0.000000,0.000000,0.000000,0.000000,0.000000,0.000000,-0.500000,0.000000,0.000000,0.000000,0.000000,0.000000,23
15,11,-31.5,-0.045455,0.770661,0.000000,0.000000,0.000000,0.000000,0.000000,0.000000,-0.500000,0.000000,0.000000,0.000000,0.000000,0.000000,22
15,11,-31,-0.583333,0.576389,0.000000,0.000000,0.000000,0.000000,0.000000,0.000000,-0.500000,0.000000,0.000000,0.000000,0.000000,0.000000,12
15,11,-30.5,-0.068966,0.960761,0.000000,0.000000,0.000000,0.000000,0.000000,0.000000,-0.500000,0.000000,0.000000,0.000000,0.000000,0.000000,29
15,11,-30,-0.558824,0.658304,0.000000,0.000000,0.000000,0.000000,0.000000,0.000000,-0.500000,0.000000,0.000000,0.000000,0.000000,0.000000,34
15,11,-29.5,-0.512195,0.640095,0.000000,0.000000,0.000000,0.000000,0.000000,0.000000,-0.500000,0.000000,0.000000,0.000000,0.000000,0.000000,41
15,11,-29,-0.342105,0.751385,0.000000,0.000000,0.000000,0.000000,0.000000,0.000000,-0.500000,0.000000,0.000000,0.000000,0.000000,0.000000,76
15,11,-28.5,-0.250000,0.798611,0.000000,0.000000,0.000000,0.000000,0.000000,0.000000,-0.500000,0.000000,0.000000,0.000000,0.000000,0.000000,72
15,11,-28,-0.336735,0.774365,0.000000,0.000000,0.000000,0.000000,0.000000,0.000000,-0.500000,0.000000,0.000000,0.000000,0.000000,0.000000,98
15,11,-27.5,-0.475610,0.664039,0.000000,0.000000,0.000000,0.000000,0.000000,0.000000,-0.500000,0.000000,0.000000,0.000000,0.000000,0.000000,82
15,11,-27,-0.408805,0.757407,0.000000,0.000000,0.000000,0.000000,0.000000,0.000000,-0.500000,0.000000,0.000000,0.000000,0.000000,0.000000,159
15,11,-26.5,-0.347619,0.779161,0.000000,0.000000,0.000000,0.000000,0.000000,0.000000,-0.500000,0.000000,0.000000,0.000000,0.000000,0.000000,210
15,11,-26,-0.376712,0.796444,0.000000,0.000000,0.000000,0.000000,0.000000,0.000000,-0.500000,0.000000,0.000000,0.000000,0.000000,0.000000,146
15,11,-25.5,-0.311644,0.789864,0.000000,0.000000,0.000000,0.000000,0.000000,0.000000,-0.500000,0.000000,0.000000,0.000000,0.000000,0.000000,292
15,11,-25,-0.394872,0.741512,0.000000,0.000000,0.000000,0.000000,0.000000,0.000000,-0.500000,0.000000,0.000000,0.000000,0.000000,0.000000,390
15,11,-24.5,-0.307692,0.847633,0.000000,0.000000,0.000000,0.000000,0.000000,0.000000,-0.500000,0.000000,0.000000,0.000000,0.000000,0.000000,312
15,11,-24,-0.378119,0.757218,0.000000,0.000000,0.000000,0.000000,0.000000,0.000000,-0.500000,0.000000,0.000000,0.000000,0.000000,0.000000,521
15,11,-23.5,-0.338129,0.792143,0.000000,0.000000,0.000000,0.000000,0.000000,0.000000,-0.500000,0.000000,0.000000,0.000000,0.000000,0.000000,556
15,11,-23,-0.409750,0.739879,0.000000,0.000000,0.000000,0.000000,0.000000,0.000000,-0.500000,0.000000,0.000000,0.000000,0.000000,0.000000,759
15,11,-22.5,-0.360451,0.773705,0.000000,0.000000,0.000000,0.000000,0.000000,0.000000,-0.500000,0.000000,0.000000,0.000000,0.000000,0.000000,799
15,11,-22,-0.342657,0.782353,0.000000,0.000000,0.000000,0.000000,0.000000,0.000000,-0.500000,0.000000,0.000000,0.000000,0.000000,0.000000,858
15,11,-21.5,-0.387997,0.770000,0.000000,0.000000,0.000000,0.000000,0.000000,0.000000,-0.500000,0.000000,0.000000,0.000000,0.000000,0.000000,1183
15,11,-21,-0.404930,0.729694,0.000000,0.000000,0.000000,0.000000,0.000000,0.000000,-0.500000,0.000000,0.000000,0.000000,0.000000,0.000000,1420
15,11,-20.5,-0.357820,0.793766,0.000000,0.000000,0.000000,0.000000,0.000000,0.000000,-0.500000,0.000000,0.000000,0.000000,0.000000,0.000000,1688
15,11,-20,-0.394145,0.759443,0.000000,0.000000,0.000000,0.000000,0.000000,0.000000,-0.500000,0.000000,0.000000,0.000000,0.000000,0.000000,1913
15,11,-19.5,-0.400739,0.754459,0.000000,0.000000,0.000000,0.000000,0.000000,0.000000,-0.500000,0.000000,0.000000,0.000000,0.000000,0.000000,2166
15,11,-19,-0.380666,0.764796,0.000000,0.000000,0.000000,0.000000,0.000000,0.000000,-0.500000,0.000000,0.000000,0.000000,0.000000,0.000000,2824
15,11,-18.5,-0.387281,0.766388,0.000000,0.000000,0.000000,0.000000,0.000000,0.000000,-0.500000,0.000000,0.000000,0.000000,0.000000,0.000000,3145
15,11,-18,-0.395893,0.759567,0.000000,0.000000,0.000000,0.000000,0.000000,0.000000,-0.500000,0.000000,0.000000,0.000000,0.000000,0.000000,3847
15,11,-17.5,-0.394951,0.761857,0.000000,0.000000,0.000000,0.000000,0.000000,0.000000,-0.500000,0.000000,0.000000,0.000000,0.000000,0.000000,4674
15,11,-17,-0.410622,0.748155,0.000000,0.000000,0.000000,0.000000,0.000000,0.000000,-0.500000,0.000000,0.000000,0.000000,0.000000,0.000000,5046
15,11,-16.5,-0.414431,0.736973,0.000000,0.000000,0.000000,0.000000,0.000000,0.000000,-0.500000,0.000000,0.000000,0.000000,0.000000,0.000000,6486
15,11,-16,-0.391051,0.766415,0.000000,0.000000,0.000000,0.000000,0.000000,0.000000,-0.500000,0.000000,0.000000,0.000000,0.000000,0.000000,6682
15,11,-15.5,-0.404140,0.751985,0.000000,0.000000,0.000000,0.000000,0.000000,0.000000,-0.500000,0.000000,0.000000,0.000000,0.000000,0.000000,8502
15,11,-15,-0.415689,0.742789,0.000000,0.000000,0.000000,0.000000,0.000000,0.000000,-0.500000,0.000000,0.000000,0.000000,0.000000,0.000000,9714
15,11,-14.5,-0.422714,0.732542,0.000000,0.000000,0.000000,0.000000,0.000000,0.000000,-0.500000,0.000000,0.000000,0.000000,0.000000,0.000000,10927
15,11,-14,-0.419098,0.742718,0.000000,0.000000,0.000000,0.000000,0.000000,0.000000,-0.500000,0.000000,0.000000,0.000000,0.000000,0.000000,13572
15,11,-13.5,-0.430711,0.731773,0.000000,0.000000,0.000000,0.000000,0.000000,0.000000,-0.500000,0.000000,0.000000,0.000000,0.000000,0.000000,14822
15,11,-13,-0.428571,0.736943,0.000000,0.000000,0.000000,0.000000,0.000000,0.000000,-0.500000,0.000000,0.000000,0.000000,0.000000,0.000000,18039
15,11,-12.5,-0.437602,0.730451,0.000000,0.000000,0.000000,0.000000,0.000000,0.000000,-0.500000,0.000000,0.000000,0.000000,0.000000,0.000000,20217
15,11,-12,-0.452664,0.717468,0.000000,0.000000,0.000000,0.000000,0.000000,0.000000,-0.500000,0.000000,0.000000,0.000000,0.000000,0.000000,23819
15,11,-11.5,-0.438653,0.731424,0.000000,0.000000,0.000000,0.000000,0.000000,0.000000,-0.500000,0.000000,0.000000,0.000000,0.000000,0.000000,27206
15,11,-11,-0.450242,0.718184,0.000000,0.000000,0.000000,0.000000,0.000000,0.000000,-0.500000,0.000000,0.000000,0.000000,0.000000,0.000000,31050
15,11,-10.5,-0.448025,0.720831,0.000000,0.000000,0.000000,0.000000,0.000000,0.000000,-0.500000,0.000000,0.000000,0.000000,0.000000,0.000000,37518
15,11,-10,-0.452679,0.718966,0.000000,0.000000,0.000000,0.000000,0.000000,0.000000,-0.500000,0.000000,0.000000,0.000000,0.000000,0.000000,42317
15,11,-9.5,-0.452210,0.719888,0.000000,0.000000,0.000000,0.000000,0.000000,0.000000,-0.500000,0.000000,0.000000,0.000000,0.000000,0.000000,46788
15,11,-9,-0.447735,0.725044,0.000000,0.000000,0.000000,0.000000,0.000000,0.000000,-0.500000,0.000000,0.000000,0.000000,0.000000,0.000000,56223
15,11,-8.5,-0.463485,0.710164,0.000000,0.000000,0.000000,0.000000,0.000000,0.000000,-0.500000,0.000000,0.000000,0.000000,0.000000,0.000000,62865
15,11,-8,-0.460677,0.713359,0.000000,0.000000,0.000000,0.000000,0.000000,0.000000,-0.500000,0.000000,0.000000,0.000000,0.000000,0.000000,74015
15,11,-7.5,-0.465303,0.709846,0.000000,0.000000,0.000000,0.000000,0.000000,0.000000,-0.500000,0.000000,0.000000,0.000000,0.000000,0.000000,84646
15,11,-7,-0.462427,0.712073,0.000000,0.000000,0.000000,0.000000,0.000000,0.000000,-0.500000,0.000000,0.000000,0.000000,0.000000,0.000000,98355
15,11,-6.5,-0.470635,0.705868,0.000000,0.000000,0.000000,0.000000,0.000000,0.000000,-0.500000,0.000000,0.000000,0.000000,0.000000,0.000000,113485
15,11,-6,-0.474416,0.704152,0.000000,0.000000,0.000000,0.000000,0.000000,0.000000,-0.500000,0.000000,0.000000,0.000000,0.000000,0.000000,129787
15,11,-5.5,-0.476696,0.701278,0.000000,0.000000,0.000000,0.000000,0.000000,0.000000,-0.500000,0.000000,0.000000,0.000000,0.000000,0.000000,152525
15,11,-5,-0.479862,0.698595,0.000000,0.000000,0.000000,0.000000,0.000000,0.000000,-0.500000,0.000000,0.000000,0.000000,0.000000,0.000000,175042
15,11,-4.5,-0.481078,0.698183,0.000000,0.000000,0.000000,0.000000,0.000000,0.000000,-0.500000,0.000000,0.000000,0.000000,0.000000,0.000000,202412
15,11,-4,-0.485577,0.694078,0.000000,0.000000,0.000000,0.000000,0.000000,0.000000,-0.500000,0.000000,0.000000,0.000000,0.000000,0.000000,238261
15,11,-3.5,-0.488619,0.691908,0.000000,0.000000,0.000000,0.000000,0.000000,0.000000,-0.500000,0.000000,0.000000,0.000000,0.000000,0.000000,273524
15,11,-3,-0.490231,0.690173,0.000000,0.000000,0.000000,0.000000,0.000000,0.000000,-0.500000,0.000000,0.000000,0.000000,0.000000,0.000000,321222
15,11,-2.5,-0.495530,0.685893,0.000000,0.000000,0.000000,0.000000,0.000000,0.000000,-0.500000,0.000000,0.000000,0.000000,0.000000,0.000000,375644
15,11,-2,-0.496445,0.685398,0.000000,0.000000,0.000000,0.000000,0.000000,0.000000,-0.500000,0.000000,0.000000,0.000000,0.000000,0.000000,437670
15,11,-1.5,-0.500248,0.682960,0.000000,0.000000,0.000000,0.000000,0.000000,0.000000,-0.500000,0.000000,0.000000,0.000000,0.000000,0.000000,519314
15,11,-1,-0.501992,0.681068,0.000000,0.000000,0.000000,0.000000,0.000000,0.000000,-0.500000,0.000000,0.000000,0.000000,0.000000,0.000000,601816
15,11,-0.5,-0.504770,0.679214,0.000000,0.000000,0.000000,0.000000,0.000000,0.000000,-0.500000,0.000000,0.000000,0.000000,0.000000,0.000000,701724
15,11,-0,-0.508494,0.675309,0.000000,0.000000,0.000000,0.000000,0.000000,0.000000,-0.500000,0.000000,0.000000,0.000000,0.000000,0.000000,994942
15,11,0.5,-0.512312,0.672454,0.000000,0.000000,0.000000,0.000000,0.000000,0.000000,-0.500000,0.000000,0.000000,0.000000,0.000000,0.000000,688510
15,11,1,-0.513415,0.671642,0.000000,0.000000,0.000000,0.000000,0.000000,0.000000,-0.500000,0.000000,0.000000,0.000000,0.000000,0.000000,586489
15,11,1.5,-0.515806,0.669948,0.000000,0.000000,0.000000,0.000000,0.000000,0.000000,-0.500000,0.000000,0.000000,0.000000,0.000000,0.000000,509670
15,11,2,-0.520815,0.665470,0.000000,0.000000,0.000000,0.000000,0.000000,0.000000,-0.500000,0.000000,0.000000,0.000000,0.000000,0.000000,424055
15,11,2.5,-0.523238,0.662943,0.000000,0.000000,0.000000,0.000000,0.000000,0.000000,-0.500000,0.000000,0.000000,0.000000,0.000000,0.000000,360610
15,11,3,-0.523534,0.663133,0.000000,0.000000,0.000000,0.000000,0.000000,0.000000,-0.500000,0.000000,0.000000,0.000000,0.000000,0.000000,305850
15,11,3.5,-0.527475,0.659283,0.000000,0.000000,0.000000,0.000000,0.000000,0.000000,-0.500000,0.000000,0.000000,0.000000,0.000000,0.000000,258469
15,11,4,-0.531345,0.655923,0.000000,0.000000,0.000000,0.000000,0.000000,0.000000,-0.500000,0.000000,0.000000,0.000000,0.000000,0.000000,224180
15,11,4.5,-0.531802,0.655227,0.000000,0.000000,0.000000,0.000000,0.000000,0.000000,-0.500000,0.000000,0.000000,0.000000,0.000000,0.000000,189849
15,11,5,-0.539727,0.648535,0.000000,0.000000,0.000000,0.000000,0.000000,0.000000,-0.500000,0.000000,0.000000,0.000000,0.000000,0.000000,163064
15,11,5.5,-0.540658,0.647006,0.000000,0.000000,0.000000,0.000000,0.000000,0.000000,-0.500000,0.000000,0.000000,0.000000,0.000000,0.000000,141128
15,11,6,-0.545001,0.643629,0.000000,0.000000,0.000000,0.000000,0.000000,0.000000,-0.500000,0.000000,0.000000,0.000000,0.000000,0.000000,118543
15,11,6.5,-0.548221,0.641401,0.000000,0.000000,0.000000,0.000000,0.000000,0.000000,-0.500000,0.000000,0.000000,0.000000,0.000000,0.000000,103991
15,11,7,-0.552198,0.636988,0.000000,0.000000,0.000000,0.000000,0.000000,0.000000,-0.500000,0.000000,0.000000,0.000000,0.000000,0.000000,88691
15,11,7.5,-0.559538,0.628197,0.000000,0.000000,0.000000,0.000000,0.000000,0.000000,-0.500000,0.000000,0.000000,0.000000,0.000000,0.000000,75716
15,11,8,-0.557176,0.632053,0.000000,0.000000,0.000000,0.000000,0.000000,0.000000,-0.500000,0.000000,0.000000,0.000000,0.000000,0.000000,66033
15,11,8.5,-0.562420,0.625164,0.000000,0.000000,0.000000,0.000000,0.000000,0.000000,-0.500000,0.000000,0.000000,0.000000,0.000000,0.000000,55263
15,11,9,-0.566191,0.624170,0.000000,0.000000,0.000000,0.000000,0.000000,0.000000,-0.500000,0.000000,0.000000,0.000000,0.000000,0.000000,49531
15,11,9.5,-0.563227,0.626536,0.000000,0.000000,0.000000,0.000000,0.000000,0.000000,-0.500000,0.000000,0.000000,0.000000,0.000000,0.000000,40932
15,11,10,-0.573427,0.616011,0.000000,0.000000,0.000000,0.000000,0.000000,0.000000,-0.500000,0.000000,0.000000,0.000000,0.000000,0.000000,36451
15,11,10.5,-0.574208,0.615707,0.000000,0.000000,0.000000,0.000000,0.000000,0.000000,-0.500000,0.000000,0.000000,0.000000,0.000000,0.000000,31863
15,11,11,-0.583100,0.608171,0.000000,0.000000,0.000000,0.000000,0.000000,0.000000,-0.500000,0.000000,0.000000,0.000000,0.000000,0.000000,26378
15,11,11.5,-0.584922,0.604167,0.000000,0.000000,0.000000,0.000000,0.000000,0.000000,-0.500000,0.000000,0.000000,0.000000,0.000000,0.000000,22868
15,11,12,-0.585404,0.605145,0.000000,0.000000,0.000000,0.000000,0.000000,0.000000,-0.500000,0.000000,0.000000,0.000000,0.000000,0.000000,19882
15,11,12.5,-0.584337,0.606906,0.000000,0.000000,0.000000,0.000000,0.000000,0.000000,-0.500000,0.000000,0.000000,0.000000,0.000000,0.000000,17098
15,11,13,-0.581565,0.610043,0.000000,0.000000,0.000000,0.000000,0.000000,0.000000,-0.500000,0.000000,0.000000,0.000000,0.000000,0.000000,15037
15,11,13.5,-0.599818,0.590620,0.000000,0.000000,0.000000,0.000000,0.000000,0.000000,-0.500000,0.000000,0.000000,0.000000,0.000000,0.000000,12077
15,11,14,-0.602798,0.588711,0.000000,0.000000,0.000000,0.000000,0.000000,0.000000,-0.500000,0.000000,0.000000,0.000000,0.000000,0.000000,11080
15,11,14.5,-0.596503,0.593747,0.000000,0.000000,0.000000,0.000000,0.000000,0.000000,-0.500000,0.000000,0.000000,0.000000,0.000000,0.000000,8922
15,11,15,-0.615614,0.570916,0.000000,0.000000,0.000000,0.000000,0.000000,0.000000,-0.500000,0.000000,0.000000,0.000000,0.000000,0.000000,7724
15,11,15.5,-0.599854,0.595585,0.000000,0.000000,0.000000,0.000000,0.000000,0.000000,-0.500000,0.000000,0.000000,0.000000,0.000000,0.000000,6840
15,11,16,-0.606223,0.585447,0.000000,0.000000,0.000000,0.000000,0.000000,0.000000,-0.500000,0.000000,0.000000,0.000000,0.000000,0.000000,5399
15,11,16.5,-0.614915,0.576295,0.000000,0.000000,0.000000,0.000000,0.000000,0.000000,-0.500000,0.000000,0.000000,0.000000,0.000000,0.000000,5243
15,11,17,-0.608892,0.582780,0.000000,0.000000,0.000000,0.000000,0.000000,0.000000,-0.500000,0.000000,0.000000,0.000000,0.000000,0.000000,3981
15,11,17.5,-0.634610,0.555936,0.000000,0.000000,0.000000,0.000000,0.000000,0.000000,-0.500000,0.000000,0.000000,0.000000,0.000000,0.000000,3629
15,11,18,-0.626253,0.558664,0.000000,0.000000,0.000000,0.000000,0.000000,0.000000,-0.500000,0.000000,0.000000,0.000000,0.000000,0.000000,3093
15,11,18.5,-0.635350,0.546967,0.000000,0.000000,0.000000,0.000000,0.000000,0.000000,-0.500000,0.000000,0.000000,0.000000,0.000000,0.000000,2512
15,11,19,-0.620789,0.577085,0.000000,0.000000,0.000000,0.000000,0.000000,0.000000,-0.500000,0.000000,0.000000,0.000000,0.000000,0.000000,2078
15,11,19.5,-0.643265,0.535411,0.000000,0.000000,0.000000,0.000000,0.000000,0.000000,-0.500000,0.000000,0.000000,0.000000,0.000000,0.000000,1752
15,11,20,-0.661991,0.521688,0.000000,0.000000,0.000000,0.000000,0.000000,0.000000,-0.500000,0.000000,0.000000,0.000000,0.000000,0.000000,1497
15,11,20.5,-0.660951,0.523393,0.000000,0.000000,0.000000,0.000000,0.000000,0.000000,-0.500000,0.000000,0.000000,0.000000,0.000000,0.000000,1283
15,11,21,-0.627993,0.554060,0.000000,0.000000,0.000000,0.000000,0.000000,0.000000,-0.500000,0.000000,0.000000,0.000000,0.000000,0.000000,1086
15,11,21.5,-0.667403,0.507059,0.000000,0.000000,0.000000,0.000000,0.000000,0.000000,-0.500000,0.000000,0.000000,0.000000,0.000000,0.000000,905
15,11,22,-0.633431,0.548912,0.000000,0.000000,0.000000,0.000000,0.000000,0.000000,-0.500000,0.000000,0.000000,0.000000,0.000000,0.000000,682
15,11,22.5,-0.653913,0.535876,0.000000,0.000000,0.000000,0.000000,0.000000,0.000000,-0.500000,0.000000,0.000000,0.000000,0.000000,0.000000,575
15,11,23,-0.614504,0.561316,0.000000,0.000000,0.000000,0.000000,0.000000,0.000000,-0.500000,0.000000,0.000000,0.000000,0.000000,0.000000,524
15,11,23.5,-0.657963,0.533142,0.000000,0.000000,0.000000,0.000000,0.000000,0.000000,-0.500000,0.000000,0.000000,0.000000,0.000000,0.000000,383
15,11,24,-0.612360,0.585690,0.000000,0.000000,0.000000,0.000000,0.000000,0.000000,-0.500000,0.000000,0.000000,0.000000,0.000000,0.000000,356
15,11,24.5,-0.645022,0.540657,0.000000,0.000000,0.000000,0.000000,0.000000,0.000000,-0.500000,0.000000,0.000000,0.000000,0.000000,0.000000,231
15,11,25,-0.621053,0.586223,0.000000,0.000000,0.000000,0.000000,0.000000,0.000000,-0.500000,0.000000,0.000000,0.000000,0.000000,0.000000,285
15,11,25.5,-0.718085,0.457758,0.000000,0.000000,0.000000,0.000000,0.000000,0.000000,-0.500000,0.000000,0.000000,0.000000,0.000000,0.000000,188
15,11,26,-0.579439,0.617521,0.000000,0.000000,0.000000,0.000000,0.000000,0.000000,-0.500000,0.000000,0.000000,0.000000,0.000000,0.000000,107
15,11,26.5,-0.672840,0.516423,0.000000,0.000000,0.000000,0.000000,0.000000,0.000000,-0.500000,0.000000,0.000000,0.000000,0.000000,0.000000,162
15,11,27,-0.765625,0.351318,0.000000,0.000000,0.000000,0.000000,0.000000,0.000000,-0.500000,0.000000,0.000000,0.000000,0.000000,0.000000,128
15,11,27.5,-0.753425,0.377557,0.000000,0.000000,0.000000,0.000000,0.000000,0.000000,-0.500000,0.000000,0.000000,0.000000,0.000000,0.000000,73
15,11,28,-0.670588,0.526782,0.000000,0.000000,0.000000,0.000000,0.000000,0.000000,-0.500000,0.000000,0.000000,0.000000,0.000000,0.000000,85
15,11,28.5,-0.653846,0.495562,0.000000,0.000000,0.000000,0.000000,0.000000,0.000000,-0.500000,0.000000,0.000000,0.000000,0.000000,0.000000,52
15,11,29,-0.560000,0.686400,0.000000,0.000000,0.000000,0.000000,0.000000,0.000000,-0.500000,0.000000,0.000000,0.000000,0.000000,0.000000,50
15,11,29.5,-0.655172,0.570749,0.000000,0.000000,0.000000,0.000000,0.000000,0.000000,-0.500000,0.000000,0.000000,0.000000,0.000000,0.000000,29
15,11,30,-0.466667,0.782222,0.000000,0.000000,0.000000,0.000000,0.000000,0.000000,-0.500000,0.000000,0.000000,0.000000,0.000000,0.000000,15
15,11,30.5,-0.727273,0.471074,0.000000,0.000000,0.000000,0.000000,0.000000,0.000000,-0.500000,0.000000,0.000000,0.000000,0.000000,0.000000,22
15,11,31,-0.777778,0.395062,0.000000,0.000000,0.000000,0.000000,0.000000,0.000000,-0.500000,0.000000,0.000000,0.000000,0.000000,0.000000,18
15,11,31.5,-0.714286,0.489796,0.000000,0.000000,0.000000,0.000000,0.000000,0.000000,-0.500000,0.000000,0.000000,0.000000,0.000000,0.000000,14
15,11,32,-0.666667,0.488889,0.000000,0.000000,0.000000,0.000000,0.000000,0.000000,-0.500000,0.000000,0.000000,0.000000,0.000000,0.000000,15
15,11,32.5,-0.900000,0.090000,0.000000,0.000000,0.000000,0.000000,0.000000,0.000000,-0.500000,0.000000,0.000000,0.000000,0.000000,0.000000,10
15,11,33,-0.666667,0.444444,0.000000,0.000000,0.000000,0.000000,0.000000,0.000000,-0.500000,0.000000,0.000000,0.000000,0.000000,0.000000,9
15,11,33.5,-1.000000,0.000000,0.000000,0.000000,0.000000,0.000000,0.000000,0.000000,-0.500000,0.000000,0.000000,0.000000,0.000000,0.000000,3
15,11,34,-0.750000,0.437500,0.000000,0.000000,0.000000,0.000000,0.000000,0.000000,-0.500000,0.000000,0.000000,0.000000,0.000000,0.000000,8
15,11,34.5,-1.000000,0.000000,0.000000,0.000000,0.000000,0.000000,0.000000,0.000000,-0.500000,0.000000,0.000000,0.000000,0.000000,0.000000,3
15,11,35,-1.000000,0.000000,0.000000,0.000000,0.000000,0.000000,0.000000,0.000000,-0.500000,0.000000,0.000000,0.000000,0.000000,0.000000,4
15,11,35.5,-1.000000,0.000000,0.000000,0.000000,0.000000,0.000000,0.000000,0.000000,-0.500000,0.000000,0.000000,0.000000,0.000000,0.000000,1
15,11,36,0.000000,0.000000,0.000000,0.000000,0.000000,0.000000,0.000000,0.000000,-0.500000,0.000000,0.000000,0.000000,0.000000,0.000000,1
15,11,39,-1.000000,0.000000,0.000000,0.000000,0.000000,0.000000,0.000000,0.000000,-0.500000,0.000000,0.000000,0.000000,0.000000,0.000000,1
16,9,-40.5,-1.000000,0.000000,0.000000,0.000000,0.000000,0.000000,0.000000,0.000000,-0.500000,0.000000,0.000000,0.000000,0.000000,0.000000,1
16,9,-39,-1.000000,0.000000,0.000000,0.000000,0.000000,0.000000,0.000000,0.000000,-0.500000,0.000000,0.000000,0.000000,0.000000,0.000000,1
16,9,-37.5,-1.000000,0.000000,0.000000,0.000000,0.000000,0.000000,0.000000,0.000000,-0.500000,0.000000,0.000000,0.000000,0.000000,0.000000,2
16,9,-36.5,-0.666667,0.222222,0.000000,0.000000,0.000000,0.000000,0.000000,0.000000,-0.500000,0.000000,0.000000,0.000000,0.000000,0.000000,3
16,9,-36,-1.000000,0.000000,0.000000,0.000000,0.000000,0.000000,0.000000,0.000000,-0.500000,0.000000,0.000000,0.000000,0.000000,0.000000,1
16,9,-35.5,-0.333333,0.888889,0.000000,0.000000,0.000000,0.000000,0.000000,0.000000,-0.500000,0.000000,0.000000,0.000000,0.000000,0.000000,3
16,9,-35,-0.600000,0.640000,0.000000,0.000000,0.000000,0.000000,0.000000,0.000000,-0.500000,0.000000,0.000000,0.000000,0.000000,0.000000,5
16,9,-34.5,0.333333,0.888889,0.000000,0.000000,0.000000,0.000000,0.000000,0.000000,-0.500000,0.000000,0.000000,0.000000,0.000000,0.000000,3
16,9,-34,-0.750000,0.187500,0.000000,0.000000,0.000000,0.000000,0.000000,0.000000,-0.500000,0.000000,0.000000,0.000000,0.000000,0.000000,4
16,9,-33.5,0.000000,0.727273,0.000000,0.000000,0.000000,0.000000,0.000000,0.000000,-0.500000,0.000000,0.000000,0.000000,0.000000,0.000000,11
16,9,-33,-0.111111,0.765432,0.000000,0.000000,0.000000,0.000000,0.000000,0.000000,-0.500000,0.000000,0.000000,0.000000,0.000000,0.000000,9
16,9,-32.5,-0.285714,0.918367,0.000000,0.000000,0.000000,0.000000,0.000000,0.000000,-0.500000,0.000000,0.000000,0.000000,0.000000,0.000000,14
16,9,-32,-0.619048,0.521542,0.000000,0.000000,0.000000,0.000000,0.000000,0.000000,-0.500000,0.000000,0.000000,0.000000,0.000000,0.000000,21
16,9,-31.5,-0.148148,0.866941,0.000000,0.000000,0.000000,0.000000,0.000000,0.000000,-0.500000,0.000000,0.000000,0.000000,0.000000,0.000000,27
16,9,-31,-0.428571,0.530612,0.000000,0.000000,0.000000,0.000000,0.000000,0.000000,-0.500000,0.000000,0.000000,0.000000,0.000000,0.000000,28
16,9,-30.5,-0.220339,0.917552,0.000000,0.000000,0.000000,0.000000,0.000000,0.000000,-0.500000,0.000000,0.000000,0.000000,0.000000,0.000000,59
16,9,-30,-0.063830,0.910819,0.000000,0.000000,0.000000,0.000000,0.000000,0.000000,-0.500000,0.000000,0.000000,0.000000,0.000000,0.000000,47
16,9,-29.5,-0.477612,0.727111,0.000000,0.000000,0.000000,0.000000,0.000000,0.000000,-0.500000,0.000000,0.000000,0.000000,0.000000,0.000000,67
16,9,-29,-0.426829,0.708061,0.000000,0.000000,0.000000,0.000000,0.000000,0.000000,-0.500000,0.000000,0.000000,0.000000,0.000000,0.000000,82
16,9,-28.5,-0.523256,0.668064,0.000000,0.000000,0.000000,0.000000,0.000000,0.000000,-0.500000,0.000000,0.000000,0.000000,0.000000,0.000000,86
16,9,-28,-0.330935,0.811345,0.000000,0.000000,0.000000,0.000000,0.000000,0.000000,-0.500000,0.000000,0.000000,0.000000,0.000000,0.000000,139
16,9,-27.5,-0.379845,0.824710,0.000000,0.000000,0.000000,0.000000,0.000000,0.000000,-0.500000,0.000000,0.000000,0.000000,0.000000,0.000000,129
16,9,-27,-0.338542,0.796848,0.000000,0.000000,0.000000,0.000000,0.000000,0.000000,-0.500000,0.000000,0.000000,0.000000,0.000000,0.000000,192
16,9,-26.5,-0.368421,0.799489,0.000000,0.000000,0.000000,0.000000,0.000000,0.000000,-0.500000,0.000000,0.000000,0.000000,0.000000,0.000000,247
16,9,-26,-0.316062,0.837929,0.000000,0.000000,0.000000,0.000000,0.000000,0.000000,-0.500000,0.000000,0.000000,0.000000,0.000000,0.000000,193
16,9,-25.5,-0.328358,0.811584,0.000000,0.000000,0.000000,0.000000,0.000000,0.000000,-0.500000,0.000000,0.000000,0.000000,0.000000,0.000000,335
16,9,-25,-0.372881,0.771371,0.000000,0.000000,0.000000,0.000000,0.000000,0.000000,-0.500000,0.000000,0.000000,0.000000,0.000000,0.000000,413
16,9,-24.5,-0.262673,0.861879,0.000000,0.000000,0.000000,0.000000,0.000000,0.000000,-0.500000,0.000000,0.000000,0.000000,0.000000,0.000000,434
16,9,-24,-0.296774,0.850635,0.000000,0.000000,0.000000,0.000000,0.000000,0.000000,-0.500000,0.000000,0.000000,0.000000,0.000000,0.000000,620
16,9,-23.5,-0.383915,0.776737,0.000000,0.000000,0.000000,0.000000,0.000000,0.000000,-0.500000,0.000000,0.000000,0.000000,0.000000,0.000000,659
16,9,-23,-0.363735,0.813408,0.000000,0.000000,0.000000,0.000000,0.000000,0.000000,-0.500000,0.000000,0.000000,0.000000,0.000000,0.000000,921
16,9,-22.5,-0.371490,0.795040,0.000000,0.000000,0.000000,0.000000,0.000000,0.000000,-0.500000,0.000000,0.000000,0.000000,0.000000,0.000000,926
16,9,-22,-0.335787,0.821010,0.000000,0.000000,0.000000,0.000000,0.000000,0.000000,-0.500000,0.000000,0.000000,0.000000,0.000000,0.000000,1087
16,9,-21.5,-0.406542,0.771306,0.000000,0.000000,0.000000,0.000000,0.000000,0.000000,-0.500000,0.000000,0.000000,0.000000,0.000000,0.000000,1498
16,9,-21,-0.388481,0.761561,0.000000,0.000000,0.000000,0.000000,0.000000,0.000000,-0.500000,0.000000,0.000000,0.000000,0.000000,0.000000,1771
16,9,-20.5,-0.389767,0.783895,0.000000,0.000000,0.000000,0.000000,0.000000,0.000000,-0.500000,0.000000,0.000000,0.000000,0.000000,0.000000,2150
16,9,-20,-0.382329,0.781756,0.000000,0.000000,0.000000,0.000000,0.000000,0.000000,-0.500000,0.000000,0.000000,0.000000,0.000000,0.000000,2456
16,9,-19.5,-0.377399,0.785076,0.000000,0.000000,0.000000,0.000000,0.000000,0.000000,-0.500000,0.000000,0.000000,0.000000,0.000000,0.000000,2814
16,9,-19,-0.392847,0.782724,0.000000,0.000000,0.000000,0.000000,0.000000,0.000000,-0.500000,0.000000,0.000000,0.000000,0.000000,0.000000,3495
16,9,-18.5,-0.383071,0.789653,0.000000,0.000000,0.000000,0.000000,0.000000,0.000000,-0.500000,0.000000,0.000000,0.000000,0.000000,0.000000,4135
16,9,-18,-0.414457,0.753780,0.000000,0.000000,0.000000,0.000000,0.000000,0.000000,-0.500000,0.000000,0.000000,0.000000,0.000000,0.000000,5091
16,9,-17.5,-0.379179,0.786274,0.000000,0.000000,0.000000,0.000000,0.000000,0.000000,-0.500000,0.000000,0.000000,0.000000,0.000000,0.000000,5504
16,9,-17,-0.399537,0.779923,0.000000,0.000000,0.000000,0.000000,0.000000,0.000000,-0.500000,0.000000,0.000000,0.000000,0.000000,0.000000,6485
16,9,-16.5,-0.420522,0.749087,0.000000,0.000000,0.000000,0.000000,0.000000,0.000000,-0.500000,0.000000,0.000000,0.000000,0.000000,0.000000,8235
16,9,-16,-0.408212,0.767503,0.000000,0.000000,0.000000,0.000000,0.000000,0.000000,-0.500000,0.000000,0.000000,0.000000,0.000000,0.000000,8427
16,9,-15.5,-0.406521,0.766589,0.000000,0.000000,0.000000,0.000000,0.000000,0.000000,-0.500000,0.000000,0.000000,0.000000,0.000000,0.000000,10858
16,9,-15,-0.419187,0.755231,0.000000,0.000000,0.000000,0.000000,0.000000,0.000000,-0.500000,0.000000,0.000000,0.000000,0.000000,0.000000,12498
16,9,-14.5,-0.422468,0.752476,0.000000,0.000000,0.000000,0.000000,0.000000,0.000000,-0.500000,0.000000,0.000000,0.000000,0.000000,0.000000,13904
16,9,-14,-0.419247,0.759755,0.000000,0.000000,0.000000,0.000000,0.000000,0.000000,-0.500000,0.000000,0.000000,0.000000,0.000000,0.000000,17603
16,9,-13.5,-0.427613,0.748771,0.000000,0.000000,0.000000,0.000000,0.000000,0.000000,-0.500000,0.000000,0.000000,0.000000,0.000000,0.000000,19071
16,9,-13,-0.435191,0.742742,0.000000,0.000000,0.000000,0.000000,0.000000,0.000000,-0.500000,0.000000,0.000000,0.000000,0.000000,0.000000,23222
16,9,-12.5,-0.425378,0.751997,0.000000,0.000000,0.000000,0.000000,0.000000,0.000000,-0.500000,0.000000,0.000000,0.000000,0.000000,0.000000,26172
16,9,-12,-0.435531,0.745004,0.000000,0.000000,0.000000,0.000000,0.000000,0.000000,-0.500000,0.000000,0.000000,0.000000,0.000000,0.000000,30976
16,9,-11.5,-0.430431,0.749639,0.000000,0.000000,0.000000,0.000000,0.000000,0.000000,-0.500000,0.000000,0.000000,0.000000,0.000000,0.000000,35720
16,9,-11,-0.437606,0.743152,0.000000,0.000000,0.000000,0.000000,0.000000,0.000000,-0.500000,0.000000,0.000000,0.000000,0.000000,0.000000,40781
16,9,-10.5,-0.438458,0.742992,0.000000,0.000000,0.000000,0.000000,0.000000,0.000000,-0.500000,0.000000,0.000000,0.000000,0.000000,0.000000,49056
16,9,-10,-0.440655,0.741218,0.000000,0.000000,0.000000,0.000000,0.000000,0.000000,-0.500000,0.000000,0.000000,0.000000,0.000000,0.000000,56652
16,9,-9.5,-0.449746,0.735821,0.000000,0.000000,0.000000,0.000000,0.000000,0.000000,-0.500000,0.000000,0.000000,0.000000,0.000000,0.000000,61915
16,9,-9,-0.449521,0.733984,0.000000,0.000000,0.000000,0.000000,0.000000,0.000000,-0.500000,0.000000,0.000000,0.000000,0.000000,0.000000,75140
16,9,-8.5,-0.458027,0.726339,0.000000,0.000000,0.000000,0.000000,0.000000,0.000000,-0.500000,0.000000,0.000000,0.000000,0.000000,0.000000,84388
16,9,-8,-0.458508,0.726528,0.000000,0.000000,0.000000,0.000000,0.000000,0.000000,-0.500000,0.000000,0.000000,0.000000,0.000000,0.000000,99333
16,9,-7.5,-0.456688,0.727375,0.000000,0.000000,0.000000,0.000000,0.000000,0.000000,-0.500000,0.000000,0.000000,0.000000,0.000000,0.000000,113594
16,9,-7,-0.463496,0.722856,0.000000,0.000000,0.000000,0.000000,0.000000,0.000000,-0.500000,0.000000,0.000000,0.000000,0.000000,0.000000,132985
16,9,-6.5,-0.463379,0.722179,0.000000,0.000000,0.000000,0.000000,0.000000,0.000000,-0.500000,0.000000,0.000000,0.000000,0.000000,0.000000,154325
16,9,-6,-0.470661,0.715285,0.000000,0.000000,0.000000,0.000000,0.000000,0.000000,-0.500000,0.000000,0.000000,0.000000,0.000000,0.000000,176524
16,9,-5.5,-0.472108,0.714878,0.000000,0.000000,0.000000,0.000000,0.000000,0.000000,-0.500000,0.000000,0.000000,0.000000,0.000000,0.000000,209253
16,9,-5,-0.474829,0.713408,0.000000,0.000000,0.000000,0.000000,0.000000,0.000000,-0.500000,0.000000,0.000000,0.000000,0.000000,0.000000,239819
16,9,-4.5,-0.473511,0.713984,0.000000,0.000000,0.000000,0.000000,0.000000,0.000000,-0.500000,0.000000,0.000000,0.000000,0.000000,0.000000,278403
16,9,-4,-0.479355,0.708421,0.000000,0.000000,0.000000,0.000000,0.000000,0.000000,-0.500000,0.000000,0.000000,0.000000,0.000000,0.000000,328894
16,9,-3.5,-0.484892,0.704096,0.000000,0.000000,0.000000,0.000000,0.000000,0.000000,-0.500000,0.000000,0.000000,0.000000,0.000000,0.000000,380829
16,9,-3,-0.487191,0.701492,0.000000,0.000000,0.000000,0.000000,0.000000,0.000000,-0.500000,0.000000,0.000000,0.000000,0.000000,0.000000,448594
16,9,-2.5,-0.491395,0.698165,0.000000,0.000000,0.000000,0.000000,0.000000,0.000000,-0.500000,0.000000,0.000000,0.000000,0.000000,0.000000,526353
16,9,-2,-0.491616,0.696973,0.000000,0.000000,0.000000,0.000000,0.000000,0.000000,-0.500000,0.000000,0.000000,0.000000,0.000000,0.000000,616365
16,9,-1.5,-0.496675,0.693230,0.000000,0.000000,0.000000,0.000000,0.000000,0.000000,-0.500000,0.000000,0.000000,0.000000,0.000000,0.000000,735996
16,9,-1,-0.499857,0.689253,0.000000,0.000000,0.000000,0.000000,0.000000,0.000000,-0.500000,0.000000,0.000000,0.000000,0.000000,0.000000,851012
16,9,-0.5,-0.502222,0.688318,0.000000,0.000000,0.000000,0.000000,0.000000,0.000000,-0.500000,0.000000,0.000000,0.000000,0.000000,0.000000,974852
16,9,0,-0.505954,0.684125,0.000000,0.000000,0.000000,0.000000,0.000000,0.000000,-0.500000,0.000000,0.000000,0.000000,0.000000,0.000000,1308165
16,9,0.5,-0.509018,0.681238,0.000000,0.000000,0.000000,0.000000,0.000000,0.000000,-0.500000,0.000000,0.000000,0.000000,0.000000,0.000000,862344
16,9,1,-0.511430,0.678673,0.000000,0.000000,0.000000,0.000000,0.000000,0.000000,-0.500000,0.000000,0.000000,0.000000,0.000000,0.000000,727326
16,9,1.5,-0.514393,0.675886,0.000000,0.000000,0.000000,0.000000,0.000000,0.000000,-0.500000,0.000000,0.000000,0.000000,0.000000,0.000000,633411
16,9,2,-0.516790,0.673791,0.000000,0.000000,0.000000,0.000000,0.000000,0.000000,-0.500000,0.000000,0.000000,0.000000,0.000000,0.000000,528975
16,9,2.5,-0.521111,0.669987,0.000000,0.000000,0.000000,0.000000,0.000000,0.000000,-0.500000,0.000000,0.000000,0.000000,0.000000,0.000000,454070
16,9,3,-0.524627,0.666451,0.000000,0.000000,0.000000,0.000000,0.000000,0.000000,-0.500000,0.000000,0.000000,0.000000,0.000000,0.000000,386589
16,9,3.5,-0.527056,0.664070,0.000000,0.000000,0.000000,0.000000,0.000000,0.000000,-0.500000,0.000000,0.000000,0.000000,0.000000,0.000000,329314
16,9,4,-0.530281,0.661612,0.000000,0.000000,0.000000,0.000000,0.000000,0.000000,-0.500000,0.000000,0.000000,0.000000,0.000000,0.000000,285473
16,9,4.5,-0.534373,0.656620,0.000000,0.000000,0.000000,0.000000,0.000000,0.000000,-0.500000,0.000000,0.000000,0.000000,0.000000,0.000000,241863
16,9,5,-0.537173,0.653983,0.000000,0.000000,0.000000,0.000000,0.000000,0.000000,-0.500000,0.000000,0.000000,0.000000,0.000000,0.000000,207961
16,9,5.5,-0.540881,0.649547,0.000000,0.000000,0.000000,0.000000,0.000000,0.000000,-0.500000,0.000000,0.000000,0.000000,0.000000,0.000000,181552
16,9,6,-0.542013,0.650196,0.000000,0.000000,0.000000,0.000000,0.000000,0.000000,-0.500000,0.000000,0.000000,0.000000,0.000000,0.000000,152965
16,9,6.5,-0.548226,0.642944,0.000000,0.000000,0.000000,0.000000,0.000000,0.000000,-0.500000,0.000000,0.000000,0.000000,0.000000,0.000000,134379
16,9,7,-0.551289,0.638940,0.000000,0.000000,0.000000,0.000000,0.000000,0.000000,-0.500000,0.000000,0.000000,0.000000,0.000000,0.000000,116311
16,9,7.5,-0.547199,0.644051,0.000000,0.000000,0.000000,0.000000,0.000000,0.000000,-0.500000,0.000000,0.000000,0.000000,0.000000,0.000000,98986
16,9,8,-0.553646,0.636670,0.000000,0.000000,0.000000,0.000000,0.000000,0.000000,-0.500000,0.000000,0.000000,0.000000,0.000000,0.000000,86680
16,9,8.5,-0.560296,0.628797,0.000000,0.000000,0.000000,0.000000,0.000000,0.000000,-0.500000,0.000000,0.000000,0.000000,0.000000,0.000000,73388
16,9,9,-0.559040,0.632515,0.000000,0.000000,0.000000,0.000000,0.000000,0.000000,-0.500000,0.000000,0.000000,0.000000,0.000000,0.000000,65777
16,9,9.5,-0.564118,0.626740,0.000000,0.000000,0.000000,0.000000,0.000000,0.000000,-0.500000,0.000000,0.000000,0.000000,0.000000,0.000000,54478
16,9,10,-0.562183,0.627209,0.000000,0.000000,0.000000,0.000000,0.000000,0.000000,-0.500000,0.000000,0.000000,0.000000,0.000000,0.000000,49523
16,9,10.5,-0.578727,0.611904,0.000000,0.000000,0.000000,0.000000,0.000000,0.000000,-0.500000,0.000000,0.000000,0.000000,0.000000,0.000000,43162
16,9,11,-0.570358,0.619786,0.000000,0.000000,0.000000,0.000000,0.000000,0.000000,-0.500000,0.000000,0.000000,0.000000,0.000000,0.000000,35497
16,9,11.5,-0.577303,0.613468,0.000000,0.000000,0.000000,0.000000,0.000000,0.000000,-0.500000,0.000000,0.000000,0.000000,0.000000,0.000000,31247
16,9,12,-0.581010,0.609874,0.000000,0.000000,0.000000,0.000000,0.000000,0.000000,-0.500000,0.000000,0.000000,0.000000,0.000000,0.000000,27077
16,9,12.5,-0.585253,0.604911,0.000000,0.000000,0.000000,0.000000,0.000000,0.000000,-0.500000,0.000000,0.000000,0.000000,0.000000,0.000000,22961
16,9,13,-0.578175,0.612199,0.000000,0.000000,0.000000,0.000000,0.000000,0.000000,-0.500000,0.000000,0.000000,0.000000,0.000000,0.000000,20499
16,9,13.5,-0.586636,0.599650,0.000000,0.000000,0.000000,0.000000,0.000000,0.000000,-0.500000,0.000000,0.000000,0.000000,0.000000,0.000000,16777
16,9,14,-0.591416,0.596093,0.000000,0.000000,0.000000,0.000000,0.000000,0.000000,-0.500000,0.000000,0.000000,0.000000,0.000000,0.000000,15517
16,9,14.5,-0.601831,0.583043,0.000000,0.000000,0.000000,0.000000,0.000000,0.000000,-0.500000,0.000000,0.000000,0.000000,0.000000,0.000000,12236
16,9,15,-0.596656,0.592367,0.000000,0.000000,0.000000,0.000000,0.000000,0.000000,-0.500000,0.000000,0.000000,0.000000,0.000000,0.000000,10884
16,9,15.5,-0.601778,0.583242,0.000000,0.000000,0.000000,0.000000,0.000000,0.000000,-0.500000,0.000000,0.000000,0.000000,0.000000,0.000000,9447
16,9,16,-0.605605,0.577867,0.000000,0.000000,0.000000,0.000000,0.000000,0.000000,-0.500000,0.000000,0.000000,0.000000,0.000000,0.000000,7386
16,9,16.5,-0.609927,0.572465,0.000000,0.000000,0.000000,0.000000,0.000000,0.000000,-0.500000,0.000000,0.000000,0.000000,0.000000,0.000000,7132
16,9,17,-0.619434,0.558432,0.000000,0.000000,0.000000,0.000000,0.000000,0.000000,-0.500000,0.000000,0.000000,0.000000,0.000000,0.000000,5547
16,9,17.5,-0.627040,0.557858,0.000000,0.000000,0.000000,0.000000,0.000000,0.000000,-0.500000,0.000000,0.000000,0.000000,0.000000,0.000000,4963
16,9,18,-0.636060,0.539489,0.000000,0.000000,0.000000,0.000000,0.000000,0.000000,-0.500000,0.000000,0.000000,0.000000,0.000000,0.000000,4487
16,9,18.5,-0.606742,0.578425,0.000000,0.000000,0.000000,0.000000,0.000000,0.000000,-0.500000,0.000000,0.000000,0.000000,0.000000,0.000000,3649
16,9,19,-0.610642,0.572606,0.000000,0.000000,0.000000,0.000000,0.000000,0.000000,-0.500000,0.000000,0.000000,0.000000,0.000000,0.000000,3082
16,9,19.5,-0.635604,0.551712,0.000000,0.000000,0.000000,0.000000,0.000000,0.000000,-0.500000,0.000000,0.000000,0.000000,0.000000,0.000000,2393
16,9,20,-0.647202,0.535874,0.000000,0.000000,0.000000,0.000000,0.000000,0.000000,-0.500000,0.000000,0.000000,0.000000,0.000000,0.000000,2055
16,9,20.5,-0.654716,0.528324,0.000000,0.000000,0.000000,0.000000,0.000000,0.000000,-0.500000,0.000000,0.000000,0.000000,0.000000,0.000000,1813
16,9,21,-0.650033,0.528212,0.000000,0.000000,0.000000,0.000000,0.000000,0.000000,-0.500000,0.000000,0.000000,0.000000,0.000000,0.000000,1523
16,9,21.5,-0.648375,0.525458,0.000000,0.000000,0.000000,0.000000,0.000000,0.000000,-0.500000,0.000000,0.000000,0.000000,0.000000,0.000000,1385
16,9,22,-0.655567,0.529649,0.000000,0.000000,0.000000,0.000000,0.000000,0.000000,-0.500000,0.000000,0.000000,0.000000,0.000000,0.000000,961
16,9,22.5,-0.625142,0.551440,0.000000,0.000000,0.000000,0.000000,0.000000,0.000000,-0.500000,0.000000,0.000000,0.000000,0.000000,0.000000,883
16,9,23,-0.672372,0.501462,0.000000,0.000000,0.000000,0.000000,0.000000,0.000000,-0.500000,0.000000,0.000000,0.000000,0.000000,0.000000,818
16,9,23.5,-0.732372,0.404337,0.000000,0.000000,0.000000,0.000000,0.000000,0.000000,-0.500000,0.000000,0.000000,0.000000,0.000000,0.000000,624
16,9,24,-0.665441,0.505717,0.000000,0.000000,0.000000,0.000000,0.000000,0.000000,-0.500000,0.000000,0.000000,0.000000,0.000000,0.000000,544
16,9,24.5,-0.680628,0.468682,0.000000,0.000000,0.000000,0.000000,0.000000,0.000000,-0.500000,0.000000,0.000000,0.000000,0.000000,0.000000,382
16,9,25,-0.676768,0.491480,0.000000,0.000000,0.000000,0.000000,0.000000,0.000000,-0.500000,0.000000,0.000000,0.000000,0.000000,0.000000,396
16,9,25.5,-0.688581,0.484333,0.000000,0.000000,0.000000,0.000000,0.000000,0.000000,-0.500000,0.000000,0.000000,0.000000,0.000000,0.000000,289
16,9,26,-0.654545,0.541267,0.000000,0.000000,0.000000,0.000000,0.000000,0.000000,-0.500000,0.000000,0.000000,0.000000,0.000000,0.000000,165
16,9,26.5,-0.696517,0.470087,0.000000,0.000000,0.000000,0.000000,0.000000,0.000000,-0.500000,0.000000,0.000000,0.000000,0.000000,0.000000,201
16,9,27,-0.722892,0.453331,0.000000,0.000000,0.000000,0.000000,0.000000,0.000000,-0.500000,0.000000,0.000000,0.000000,0.000000,0.000000,166
16,9,27.5,-0.688172,0.494161,0.000000,0.000000,0.000000,0.000000,0.000000,0.000000,-0.500000,0.000000,0.000000,0.000000,0.000000,0.000000,93
16,9,28,-0.715686,0.477989,0.000000,0.000000,0.000000,0.000000,0.000000,0.000000,-0.500000,0.000000,0.000000,0.000000,0.000000,0.000000,102
16,9,28.5,-0.629630,0.554184,0.000000,0.000000,0.000000,0.000000,0.000000,0.000000,-0.500000,0.000000,0.000000,0.000000,0.000000,0.000000,81
16,9,29,-0.676056,0.500694,0.000000,0.000000,0.000000,0.000000,0.000000,0.000000,-0.500000,0.000000,0.000000,0.000000,0.000000,0.000000,71
16,9,29.5,-0.761905,0.371882,0.000000,0.000000,0.000000,0.000000,0.000000,0.000000,-0.500000,0.000000,0.000000,0.000000,0.000000,0.000000,63
16,9,30,-0.864865,0.224982,0.000000,0.000000,0.000000,0.000000,0.000000,0.000000,-0.500000,0.000000,0.000000,0.000000,0.000000,0.000000,37
16,9,30.5,-0.605263,0.607341,0.000000,0.000000,0.000000,0.000000,0.000000,0.000000,-0.500000,0.000000,0.000000,0.000000,0.000000,0.000000,38
16,9,31,-0.588235,0.536332,0.000000,0.000000,0.000000,0.000000,0.000000,0.000000,-0.500000,0.000000,0.000000,0.000000,0.000000,0.000000,34
16,9,31.5,-0.833333,0.305556,0.000000,0.000000,0.000000,0.000000,0.000000,0.000000,-0.500000,0.000000,0.000000,0.000000,0.000000,0.000000,24
16,9,32,-0.615385,0.544379,0.000000,0.000000,0.000000,0.000000,0.000000,0.000000,-0.500000,0.000000,0.000000,0.000000,0.000000,0.000000,13
16,9,32.5,-0.909091,0.082645,0.000000,0.000000,0.000000,0.000000,0.000000,0.000000,-0.500000,0.000000,0.000000,0.000000,0.000000,0.000000,11
16,9,33,-0.769231,0.331361,0.000000,0.000000,0.000000,0.000000,0.000000,0.000000,-0.500000,0.000000,0.000000,0.000000,0.000000,0.000000,13
16,9,33.5,-0.375000,0.734375,0.000000,0.000000,0.000000,0.000000,0.000000,0.000000,-0.500000,0.000000,0.000000,0.000000,0.000000,0.000000,8
16,9,34.5,-1.000000,0.000000,0.000000,0.000000,0.000000,0.000000,0.000000,0.000000,-0.500000,0.000000,0.000000,0.000000,0.000000,0.000000,6
16,9,35,-0.333333,0.888889,0.000000,0.000000,0.000000,0.000000,0.000000,0.000000,-0.500000,0.000000,0.000000,0.000000,0.000000,0.000000,3
16,9,35.5,-1.000000,0.000000,0.000000,0.000000,0.000000,0.000000,0.000000,0.000000,-0.500000,0.000000,0.000000,0.000000,0.000000,0.000000,3
16,9,36,-1.000000,0.000000,0.000000,0.000000,0.000000,0.000000,0.000000,0.000000,-0.500000,0.000000,0.000000,0.000000,0.000000,0.000000,4
16,9,36.5,-1.000000,0.000000,0.000000,0.000000,0.000000,0.000000,0.000000,0.000000,-0.500000,0.000000,0.000000,0.000000,0.000000,0.000000,2
16,9,37,0.000000,1.000000,0.000000,0.000000,0.000000,0.000000,0.000000,0.000000,-0.500000,0.000000,0.000000,0.000000,0.000000,0.000000,2
16,9,37.5,-1.000000,0.000000,0.000000,0.000000,0.000000,0.000000,0.000000,0.000000,-0.500000,0.000000,0.000000,0.000000,0.000000,0.000000,1
16,9,41.5,-1.000000,0.000000,0.000000,0.000000,0.000000,0.000000,0.000000,0.000000,-0.500000,0.000000,0.000000,0.000000,0.000000,0.000000,1
16,10,-40.5,-1.000000,0.000000,0.000000,0.000000,0.000000,0.000000,0.000000,0.000000,-0.500000,0.000000,0.000000,0.000000,0.000000,0.000000,1
16,10,-40,-1.000000,0.000000,0.000000,0.000000,0.000000,0.000000,0.000000,0.000000,-0.500000,0.000000,0.000000,0.000000,0.000000,0.000000,1
16,10,-39,-1.000000,0.000000,0.000000,0.000000,0.000000,0.000000,0.000000,0.000000,-0.500000,0.000000,0.000000,0.000000,0.000000,0.000000,2
16,10,-38.5,0.000000,1.000000,0.000000,0.000000,0.000000,0.000000,0.000000,0.000000,-0.500000,0.000000,0.000000,0.000000,0.000000,0.000000,2
16,10,-38,-0.000000,1.000000,0.000000,0.000000,0.000000,0.000000,0.000000,0.000000,-0.500000,0.000000,0.000000,0.000000,0.000000,0.000000,4
16,10,-37.5,-0.444444,0.691358,0.000000,0.000000,0.000000,0.000000,0.000000,0.000000,-0.500000,0.000000,0.000000,0.000000,0.000000,0.000000,9
16,10,-37,-0.142857,0.979592,0.000000,0.000000,0.000000,0.000000,0.000000,0.000000,-0.500000,0.000000,0.000000,0.000000,0.000000,0.000000,7
16,10,-36.5,-0.500000,0.750000,0.000000,0.000000,0.000000,0.000000,0.000000,0.000000,-0.500000,0.000000,0.000000,0.000000,0.000000,0.000000,8
16,10,-36,-0.333333,0.888889,0.000000,0.000000,0.000000,0.000000,0.000000,0.000000,-0.500000,0.000000,0.000000,0.000000,0.000000,0.000000,6
16,10,-35.5,0.272727,0.925620,0.000000,0.000000,0.000000,0.000000,0.000000,0.000000,-0.500000,0.000000,0.000000,0.000000,0.000000,0.000000,11
16,10,-35,0.055556,0.830247,0.000000,0.000000,0.000000,0.000000,0.000000,0.000000,-0.500000,0.000000,0.000000,0.000000,0.000000,0.000000,18
16,10,-34.5,-0.125000,0.776042,0.000000,0.000000,0.000000,0.000000,0.000000,0.000000,-0.500000,0.000000,0.000000,0.000000,0.000000,0.000000,24
16,10,-34,-0.321429,0.860969,0.000000,0.000000,0.000000,0.000000,0.000000,0.000000,-0.500000,0.000000,0.000000,0.000000,0.000000,0.000000,28
16,10,-33.5,-0.256410,0.857331,0.000000,0.000000,0.000000,0.000000,0.000000,0.000000,-0.500000,0.000000,0.000000,0.000000,0.000000,0.000000,39
16,10,-33,-0.283333,0.836389,0.000000,0.000000,0.000000,0.000000,0.000000,0.000000,-0.500000,0.000000,0.000000,0.000000,0.000000,0.000000,60
16,10,-32.5,-0.568627,0.676663,0.000000,0.000000,0.000000,0.000000,0.000000,0.000000,-0.500000,0.000000,0.000000,0.000000,0.000000,0.000000,51
16,10,-32,-0.246575,0.843310,0.000000,0.000000,0.000000,0.000000,0.000000,0.000000,-0.500000,0.000000,0.000000,0.000000,0.000000,0.000000,73
16,10,-31.5,-0.400000,0.710588,0.000000,0.000000,0.000000,0.000000,0.000000,0.000000,-0.500000,0.000000,0.000000,0.000000,0.000000,0.000000,85
16,10,-31,-0.240000,0.842400,0.000000,0.000000,0.000000,0.000000,0.000000,0.000000,-0.500000,0.000000,0.000000,0.000000,0.000000,0.000000,100
16,10,-30.5,-0.424837,0.754154,0.000000,0.000000,0.000000,0.000000,0.000000,0.000000,-0.500000,0.000000,0.000000,0.000000,0.000000,0.000000,153
16,10,-30,-0.164474,0.913738,0.000000,0.000000,0.000000,0.000000,0.000000,0.000000,-0.500000,0.000000,0.000000,0.000000,0.000000,0.000000,152
16,10,-29.5,-0.245370,0.888867,0.000000,0.000000,0.000000,0.000000,0.000000,0.000000,-0.500000,0.000000,0.000000,0.000000,0.000000,0.000000,216
16,10,-29,-0.462541,0.691594,0.000000,0.000000,0.000000,0.000000,0.000000,0.000000,-0.500000,0.000000,0.000000,0.000000,0.000000,0.000000,307
16,10,-28.5,-0.309375,0.851162,0.000000,0.000000,0.000000,0.000000,0.000000,0.000000,-0.500000,0.000000,0.000000,0.000000,0.000000,0.000000,320
16,10,-28,-0.406176,0.754261,0.000000,0.000000,0.000000,0.000000,0.000000,0.000000,-0.500000,0.000000,0.000000,0.000000,0.000000,0.000000,421
16,10,-27.5,-0.292434,0.849043,0.000000,0.000000,0.000000,0.000000,0.000000,0.000000,-0.500000,0.000000,0.000000,0.000000,0.000000,0.000000,489
16,10,-27,-0.356777,0.804935,0.000000,0.000000,0.000000,0.000000,0.000000,0.000000,-0.500000,0.000000,0.000000,0.000000,0.000000,0.000000,782
16,10,-26.5,-0.349322,0.800810,0.000000,0.000000,0.000000,0.000000,0.000000,0.000000,-0.500000,0.000000,0.000000,0.000000,0.000000,0.000000,959
16,10,-26,-0.379113,0.776159,0.000000,0.000000,0.000000,0.000000,0.000000,0.000000,-0.500000,0.000000,0.000000,0.000000,0.000000,0.000000,699
16,10,-25.5,-0.343597,0.810563,0.000000,0.000000,0.000000,0.000000,0.000000,0.000000,-0.500000,0.000000,0.000000,0.000000,0.000000,0.000000,1429
16,10,-25,-0.353754,0.806390,0.000000,0.000000,0.000000,0.000000,0.000000,0.000000,-0.500000,0.000000,0.000000,0.000000,0.000000,0.000000,1665
16,10,-24.5,-0.422935,0.758241,0.000000,0.000000,0.000000,0.000000,0.000000,0.000000,-0.500000,0.000000,0.000000,0.000000,0.000000,0.000000,1622
16,10,-24,-0.365655,0.793800,0.000000,0.000000,0.000000,0.000000,0.000000,0.000000,-0.500000,0.000000,0.000000,0.000000,0.000000,0.000000,2207
16,10,-23.5,-0.353547,0.809606,0.000000,0.000000,0.000000,0.000000,0.000000,0.000000,-0.500000,0.000000,0.000000,0.000000,0.000000,0.000000,2523
16,10,-23,-0.374048,0.784207,0.000000,0.000000,0.000000,0.000000,0.000000,0.000000,-0.500000,0.000000,0.000000,0.000000,0.000000,0.000000,3545
16,10,-22.5,-0.393460,0.775374,0.000000,0.000000,0.000000,0.000000,0.000000,0.000000,-0.500000,0.000000,0.000000,0.000000,0.000000,0.000000,3853
16,10,-22,-0.366414,0.797298,0.000000,0.000000,0.000000,0.000000,0.000000,0.000000,-0.500000,0.000000,0.000000,0.000000,0.000000,0.000000,4091
16,10,-21.5,-0.362724,0.796030,0.000000,0.000000,0.000000,0.000000,0.000000,0.000000,-0.500000,0.000000,0.000000,0.000000,0.000000,0.000000,5580
16,10,-21,-0.401119,0.770310,0.000000,0.000000,0.000000,0.000000,0.000000,0.000000,-0.500000,0.000000,0.000000,0.000000,0.000000,0.000000,6614
16,10,-20.5,-0.399501,0.767082,0.000000,0.000000,0.000000,0.000000,0.000000,0.000000,-0.500000,0.000000,0.000000,0.000000,0.000000,0.000000,8020
16,10,-20,-0.388237,0.782410,0.000000,0.000000,0.000000,0.000000,0.000000,0.000000,-0.500000,0.000000,0.000000,0.000000,0.000000,0.000000,9198
16,10,-19.5,-0.407498,0.766107,0.000000,0.000000,0.000000,0.000000,0.000000,0.000000,-0.500000,0.000000,0.000000,0.000000,0.000000,0.000000,10643
16,10,-19,-0.392947,0.775817,0.000000,0.000000,0.000000,0.000000,0.000000,0.000000,-0.500000,0.000000,0.000000,0.000000,0.000000,0.000000,13185
16,10,-18.5,-0.401031,0.770015,0.000000,0.000000,0.000000,0.000000,0.000000,0.000000,-0.500000,0.000000,0.000000,0.000000,0.000000,0.000000,15515
16,10,-18,-0.422902,0.750197,0.000000,0.000000,0.000000,0.000000,0.000000,0.000000,-0.500000,0.000000,0.000000,0.000000,0.000000,0.000000,19378
16,10,-17.5,-0.421488,0.753261,0.000000,0.000000,0.000000,0.000000,0.000000,0.000000,-0.500000,0.000000,0.000000,0.000000,0.000000,0.000000,21538
16,10,-17,-0.415351,0.757397,0.000000,0.000000,0.000000,0.000000,0.000000,0.000000,-0.500000,0.000000,0.000000,0.000000,0.000000,0.000000,24584
16,10,-16.5,-0.413808,0.758823,0.000000,0.000000,0.000000,0.000000,0.000000,0.000000,-0.500000,0.000000,0.000000,0.000000,0.000000,0.000000,31012
16,10,-16,-0.423267,0.748939,0.000000,0.000000,0.000000,0.000000,0.000000,0.000000,-0.500000,0.000000,0.000000,0.000000,0.000000,0.000000,32320
16,10,-15.5,-0.437574,0.738621,0.000000,0.000000,0.000000,0.000000,0.000000,0.000000,-0.500000,0.000000,0.000000,0.000000,0.000000,0.000000,41497
16,10,-15,-0.434358,0.744184,0.000000,0.000000,0.000000,0.000000,0.000000,0.000000,-0.500000,0.000000,0.000000,0.000000,0.000000,0.000000,47447
16,10,-14.5,-0.438762,0.738473,0.000000,0.000000,0.000000,0.000000,0.000000,0.000000,-0.500000,0.000000,0.000000,0.000000,0.000000,0.000000,53553
16,10,-14,-0.435513,0.741344,0.000000,0.000000,0.000000,0.000000,0.000000,0.000000,-0.500000,0.000000,0.000000,0.000000,0.000000,0.000000,66595
16,10,-13.5,-0.440490,0.738608,0.000000,0.000000,0.000000,0.000000,0.000000,0.000000,-0.500000,0.000000,0.000000,0.000000,0.000000,0.000000,72417
16,10,-13,-0.441441,0.737053,0.000000,0.000000,0.000000,0.000000,0.000000,0.000000,-0.500000,0.000000,0.000000,0.000000,0.000000,0.000000,88884
16,10,-12.5,-0.447008,0.732621,0.000000,0.000000,0.000000,0.000000,0.000000,0.000000,-0.500000,0.000000,0.000000,0.000000,0.000000,0.000000,99788
16,10,-12,-0.451285,0.730013,0.000000,0.000000,0.000000,0.000000,0.000000,0.000000,-0.500000,0.000000,0.000000,0.000000,0.000000,0.000000,116782
16,10,-11.5,-0.453802,0.728935,0.000000,0.000000,0.000000,0.000000,0.000000,0.000000,-0.500000,0.000000,0.000000,0.000000,0.000000,0.000000,135286
16,10,-11,-0.457340,0.724137,0.000000,0.000000,0.000000,0.000000,0.000000,0.000000,-0.500000,0.000000,0.000000,0.000000,0.000000,0.000000,154430
16,10,-10.5,-0.466951,0.716748,0.000000,0.000000,0.000000,0.000000,0.000000,0.000000,-0.500000,0.000000,0.000000,0.000000,0.000000,0.000000,186632
16,10,-10,-0.468969,0.714136,0.000000,0.000000,0.000000,0.000000,0.000000,0.000000,-0.500000,0.000000,0.000000,0.000000,0.000000,0.000000,212432
16,10,-9.5,-0.469082,0.715359,0.000000,0.000000,0.000000,0.000000,0.000000,0.000000,-0.500000,0.000000,0.000000,0.000000,0.000000,0.000000,235283
16,10,-9,-0.472125,0.712407,0.000000,0.000000,0.000000,0.000000,0.000000,0.000000,-0.500000,0.000000,0.000000,0.000000,0.000000,0.000000,284738
16,10,-8.5,-0.479227,0.706051,0.000000,0.000000,0.000000,0.000000,0.000000,0.000000,-0.500000,0.000000,0.000000,0.000000,0.000000,0.000000,319289
16,10,-8,-0.480013,0.704472,0.000000,0.000000,0.000000,0.000000,0.000000,0.000000,-0.500000,0.000000,0.000000,0.000000,0.000000,0.000000,377386
16,10,-7.5,-0.485193,0.701168,0.000000,0.000000,0.000000,0.000000,0.000000,0.000000,-0.500000,0.000000,0.000000,0.000000,0.000000,0.000000,432737
16,10,-7,-0.486122,0.700697,0.000000,0.000000,0.000000,0.000000,0.000000,0.000000,-0.500000,0.000000,0.000000,0.000000,0.000000,0.000000,505081
16,10,-6.5,-0.492688,0.693869,0.000000,0.000000,0.000000,0.000000,0.000000,0.000000,-0.500000,0.000000,0.000000,0.000000,0.000000,0.000000,586463
16,10,-6,-0.494422,0.692819,0.000000,0.000000,0.000000,0.000000,0.000000,0.000000,-0.500000,0.000000,0.000000,0.000000,0.000000,0.000000,670674
16,10,-5.5,-0.499307,0.687867,0.000000,0.000000,0.000000,0.000000,0.000000,0.000000,-0.500000,0.000000,0.000000,0.000000,0.000000,0.000000,796232
16,10,-5,-0.503020,0.684662,0.000000,0.000000,0.000000,0.000000,0.000000,0.000000,-0.500000,0.000000,0.000000,0.000000,0.000000,0.000000,917310
16,10,-4.5,-0.506236,0.681339,0.000000,0.000000,0.000000,0.000000,0.000000,0.000000,-0.500000,0.000000,0.000000,0.000000,0.000000,0.000000,1062901
16,10,-4,-0.510358,0.677635,0.000000,0.000000,0.000000,0.000000,0.000000,0.000000,-0.500000,0.000000,0.000000,0.000000,0.000000,0.000000,1256710
16,10,-3.5,-0.513356,0.674710,0.000000,0.000000,0.000000,0.000000,0.000000,0.000000,-0.500000,0.000000,0.000000,0.000000,0.000000,0.000000,1458615
16,10,-3,-0.516747,0.671553,0.000000,0.000000,0.000000,0.000000,0.000000,0.000000,-0.500000,0.000000,0.000000,0.000000,0.000000,0.000000,1715686
16,10,-2.5,-0.520666,0.667834,0.000000,0.000000,0.000000,0.000000,0.000000,0.000000,-0.500000,0.000000,0.000000,0.000000,0.000000,0.000000,2024312
16,10,-2,-0.523187,0.665375,0.000000,0.000000,0.000000,0.000000,0.000000,0.000000,-0.500000,0.000000,0.000000,0.000000,0.000000,0.000000,2370010
16,10,-1.5,-0.526592,0.662238,0.000000,0.000000,0.000000,0.000000,0.000000,0.000000,-0.500000,0.000000,0.000000,0.000000,0.000000,0.000000,2846124
16,10,-1,-0.529743,0.659257,0.000000,0.000000,0.000000,0.000000,0.000000,0.000000,-0.500000,0.000000,0.000000,0.000000,0.000000,0.000000,3247137
16,10,-0.5,-0.533770,0.655230,0.000000,0.000000,0.000000,0.000000,0.000000,0.000000,-0.500000,0.000000,0.000000,0.000000,0.000000,0.000000,4690155
16,10,0,-0.537000,0.652151,0.000000,0.000000,0.000000,0.000000,0.000000,0.000000,-0.500000,0.000000,0.000000,0.000000,0.000000,0.000000,3571037
16,10,0.5,-0.540654,0.648387,0.000000,0.000000,0.000000,0.000000,0.000000,0.000000,-0.500000,0.000000,0.000000,0.000000,0.000000,0.000000,2994854
16,10,1,-0.543131,0.646123,0.000000,0.000000,0.000000,0.000000,0.000000,0.000000,-0.500000,0.000000,0.000000,0.000000,0.000000,0.000000,2511450
16,10,1.5,-0.547056,0.642212,0.000000,0.000000,0.000000,0.000000,0.000000,0.000000,-0.500000,0.000000,0.000000,0.000000,0.000000,0.000000,2184846
16,10,2,-0.551151,0.637983,0.000000,0.000000,0.000000,0.000000,0.000000,0.000000,-0.500000,0.000000,0.000000,0.000000,0.000000,0.000000,1825811
16,10,2.5,-0.554831,0.633989,0.000000,0.000000,0.000000,0.000000,0.000000,0.000000,-0.500000,0.000000,0.000000,0.000000,0.000000,0.000000,1564442
16,10,3,-0.558084,0.630689,0.000000,0.000000,0.000000,0.000000,0.000000,0.000000,-0.500000,0.000000,0.000000,0.000000,0.000000,0.000000,1336197
16,10,3.5,-0.559998,0.628873,0.000000,0.000000,0.000000,0.000000,0.000000,0.000000,-0.500000,0.000000,0.000000,0.000000,0.000000,0.000000,1136196
16,10,4,-0.563844,0.625091,0.000000,0.000000,0.000000,0.000000,0.000000,0.000000,-0.500000,0.000000,0.000000,0.000000,0.000000,0.000000,987211
16,10,4.5,-0.568893,0.619100,0.000000,0.000000,0.000000,0.000000,0.000000,0.000000,-0.500000,0.000000,0.000000,0.000000,0.000000,0.000000,835906
16,10,5,-0.571104,0.617430,0.000000,0.000000,0.000000,0.000000,0.000000,0.000000,-0.500000,0.000000,0.000000,0.000000,0.000000,0.000000,724495
16,10,5.5,-0.577189,0.610473,0.000000,0.000000,0.000000,0.000000,0.000000,0.000000,-0.500000,0.000000,0.000000,0.000000,0.000000,0.000000,631873
16,10,6,-0.578604,0.609361,0.000000,0.000000,0.000000,0.000000,0.000000,0.000000,-0.500000,0.000000,0.000000,0.000000,0.000000,0.000000,532309
16,10,6.5,-0.582337,0.604968,0.000000,0.000000,0.000000,0.000000,0.000000,0.000000,-0.500000,0.000000,0.000000,0.000000,0.000000,0.000000,465469
16,10,7,-0.586627,0.600155,0.000000,0.000000,0.000000,0.000000,0.000000,0.000000,-0.500000,0.000000,0.000000,0.000000,0.000000,0.000000,401337
16,10,7.5,-0.590437,0.595802,0.000000,0.000000,0.000000,0.000000,0.000000,0.000000,-0.500000,0.000000,0.000000,0.000000,0.000000,0.000000,344086
16,10,8,-0.593535,0.593478,0.000000,0.000000,0.000000,0.000000,0.000000,0.000000,-0.500000,0.000000,0.000000,0.000000,0.000000,0.000000,300897
16,10,8.5,-0.595963,0.590402,0.000000,0.000000,0.000000,0.000000,0.000000,0.000000,-0.500000,0.000000,0.000000,0.000000,0.000000,0.000000,253974
16,10,9,-0.600160,0.585426,0.000000,0.000000,0.000000,0.000000,0.000000,0.000000,-0.500000,0.000000,0.000000,0.000000,0.000000,0.000000,227796
16,10,9.5,-0.604732,0.580393,0.000000,0.000000,0.000000,0.000000,0.000000,0.000000,-0.500000,0.000000,0.000000,0.000000,0.000000,0.000000,187531
16,10,10,-0.604799,0.580238,0.000000,0.000000,0.000000,0.000000,0.000000,0.000000,-0.500000,0.000000,0.000000,0.000000,0.000000,0.000000,169802
16,10,10.5,-0.611607,0.572924,0.000000,0.000000,0.000000,0.000000,0.000000,0.000000,-0.500000,0.000000,0.000000,0.000000,0.000000,0.000000,149645
16,10,11,-0.614860,0.568077,0.000000,0.000000,0.000000,0.000000,0.000000,0.000000,-0.500000,0.000000,0.000000,0.000000,0.000000,0.000000,122758
16,10,11.5,-0.612953,0.571089,0.000000,0.000000,0.000000,0.000000,0.000000,0.000000,-0.500000,0.000000,0.000000,0.000000,0.000000,0.000000,107744
16,10,12,-0.623798,0.557795,0.000000,0.000000,0.000000,0.000000,0.000000,0.000000,-0.500000,0.000000,0.000000,0.000000,0.000000,0.000000,93612
16,10,12.5,-0.624046,0.560505,0.000000,0.000000,0.000000,0.000000,0.000000,0.000000,-0.500000,0.000000,0.000000,0.000000,0.000000,0.000000,78124
16,10,13,-0.625700,0.556234,0.000000,0.000000,0.000000,0.000000,0.000000,0.000000,-0.500000,0.000000,0.000000,0.000000,0.000000,0.000000,70390
16,10,13.5,-0.629232,0.553216,0.000000,0.000000,0.000000,0.000000,0.000000,0.000000,-0.500000,0.000000,0.000000,0.000000,0.000000,0.000000,57540
16,10,14,-0.638809,0.540776,0.000000,0.000000,0.000000,0.000000,0.000000,0.000000,-0.500000,0.000000,0.000000,0.000000,0.000000,0.000000,53044
16,10,14.5,-0.643314,0.535118,0.000000,0.000000,0.000000,0.000000,0.000000,0.000000,-0.500000,0.000000,0.000000,0.000000,0.000000,0.000000,42407
16,10,15,-0.651643,0.525574,0.000000,0.000000,0.000000,0.000000,0.000000,0.000000,-0.500000,0.000000,0.000000,0.000000,0.000000,0.000000,37318
16,10,15.5,-0.648474,0.528585,0.000000,0.000000,0.000000,0.000000,0.000000,0.000000,-0.500000,0.000000,0.000000,0.000000,0.000000,0.000000,32871
16,10,16,-0.648306,0.527223,0.000000,0.000000,0.000000,0.000000,0.000000,0.000000,-0.500000,0.000000,0.000000,0.000000,0.000000,0.000000,25707
16,10,16.5,-0.654609,0.522640,0.000000,0.000000,0.000000,0.000000,0.000000,0.000000,-0.500000,0.000000,0.000000,0.000000,0.000000,0.000000,24853
16,10,17,-0.654857,0.523682,0.000000,0.000000,0.000000,0.000000,0.000000,0.000000,-0.500000,0.000000,0.000000,0.000000,0.000000,0.000000,19250
16,10,17.5,-0.662191,0.512447,0.000000,0.000000,0.000000,0.000000,0.000000,0.000000,-0.500000,0.000000,0.000000,0.000000,0.000000,0.000000,17205
16,10,18,-0.670317,0.500676,0.000000,0.000000,0.000000,0.000000,0.000000,0.000000,-0.500000,0.000000,0.000000,0.000000,0.000000,0.000000,15160
16,10,18.5,-0.657865,0.519234,0.000000,0.000000,0.000000,0.000000,0.000000,0.000000,-0.500000,0.000000,0.000000,0.000000,0.000000,0.000000,12422
16,10,19,-0.670420,0.499345,0.000000,0.000000,0.000000,0.000000,0.000000,0.000000,-0.500000,0.000000,0.000000,0.000000,0.000000,0.000000,10568
16,10,19.5,-0.671513,0.496362,0.000000,0.000000,0.000000,0.000000,0.000000,0.000000,-0.500000,0.000000,0.000000,0.000000,0.000000,0.000000,8253
16,10,20,-0.672001,0.498627,0.000000,0.000000,0.000000,0.000000,0.000000,0.000000,-0.500000,0.000000,0.000000,0.000000,0.000000,0.000000,7311
16,10,20.5,-0.680729,0.486328,0.000000,0.000000,0.000000,0.000000,0.000000,0.000000,-0.500000,0.000000,0.000000,0.000000,0.000000,0.000000,6424
16,10,21,-0.689197,0.479698,0.000000,0.000000,0.000000,0.000000,0.000000,0.000000,-0.500000,0.000000,0.000000,0.000000,0.000000,0.000000,5341
16,10,21.5,-0.687528,0.481105,0.000000,0.000000,0.000000,0.000000,0.000000,0.000000,-0.500000,0.000000,0.000000,0.000000,0.000000,0.000000,4394
16,10,22,-0.696788,0.465252,0.000000,0.000000,0.000000,0.000000,0.000000,0.000000,-0.500000,0.000000,0.000000,0.000000,0.000000,0.000000,3331
16,10,22.5,-0.710985,0.449290,0.000000,0.000000,0.000000,0.000000,0.000000,0.000000,-0.500000,0.000000,0.000000,0.000000,0.000000,0.000000,2986
16,10,23,-0.701535,0.460008,0.000000,0.000000,0.000000,0.000000,0.000000,0.000000,-0.500000,0.000000,0.000000,0.000000,0.000000,0.000000,2801
16,10,23.5,-0.689742,0.476757,0.000000,0.000000,0.000000,0.000000,0.000000,0.000000,-0.500000,0.000000,0.000000,0.000000,0.000000,0.000000,1979
16,10,24,-0.683091,0.484115,0.000000,0.000000,0.000000,0.000000,0.000000,0.000000,-0.500000,0.000000,0.000000,0.000000,0.000000,0.000000,1786
16,10,24.5,-0.698833,0.471944,0.000000,0.000000,0.000000,0.000000,0.000000,0.000000,-0.500000,0.000000,0.000000,0.000000,0.000000,0.000000,1285
16,10,25,-0.706331,0.459144,0.000000,0.000000,0.000000,0.000000,0.000000,0.000000,-0.500000,0.000000,0.000000,0.000000,0.000000,0.000000,1311
16,10,25.5,-0.685150,0.484516,0.000000,0.000000,0.000000,0.000000,0.000000,0.000000,-0.500000,0.000000,0.000000,0.000000,0.000000,0.000000,1064
16,10,26,-0.684116,0.490470,0.000000,0.000000,0.000000,0.000000,0.000000,0.000000,-0.500000,0.000000,0.000000,0.000000,0.000000,0.000000,554
16,10,26.5,-0.732456,0.435730,0.000000,0.000000,0.000000,0.000000,0.000000,0.000000,-0.500000,0.000000,0.000000,0.000000,0.000000,0.000000,684
16,10,27,-0.686567,0.471909,0.000000,0.000000,0.000000,0.000000,0.000000,0.000000,-0.500000,0.000000,0.000000,0.000000,0.000000,0.000000,670
16,10,27.5,-0.736434,0.431825,0.000000,0.000000,0.000000,0.000000,0.000000,0.000000,-0.500000,0.000000,0.000000,0.000000,0.000000,0.000000,387
16,10,28,-0.741279,0.395273,0.000000,0.000000,0.000000,0.000000,0.000000,0.000000,-0.500000,0.000000,0.000000,0.000000,0.000000,0.000000,344
16,10,28.5,-0.732877,0.414947,0.000000,0.000000,0.000000,0.000000,0.000000,0.000000,-0.500000,0.000000,0.000000,0.000000,0.000000,0.000000,292
16,10,29,-0.725100,0.430406,0.000000,0.000000,0.000000,0.000000,0.000000,0.000000,-0.500000,0.000000,0.000000,0.000000,0.000000,0.000000,251
16,10,29.5,-0.740566,0.418543,0.000000,0.000000,0.000000,0.000000,0.000000,0.000000,-0.500000,0.000000,0.000000,0.000000,0.000000,0.000000,212
16,10,30,-0.783784,0.349647,0.000000,0.000000,0.000000,0.000000,0.000000,0.000000,-0.500000,0.000000,0.000000,0.000000,0.000000,0.000000,111
16,10,30.5,-0.735043,0.416977,0.000000,0.000000,0.000000,0.000000,0.000000,0.000000,-0.500000,0.000000,0.000000,0.000000,0.000000,0.000000,117
16,10,31,-0.638889,0.508488,0.000000,0.000000,0.000000,0.000000,0.000000,0.000000,-0.500000,0.000000,0.000000,0.000000,0.000000,0.000000,72
16,10,31.5,-0.797297,0.323776,0.000000,0.000000,0.000000,0.000000,0.000000,0.000000,-0.500000,0.000000,0.000000,0.000000,0.000000,0.000000,74
16,10,32,-0.896552,0.161712,0.000000,0.000000,0.000000,0.000000,0.000000,0.000000,-0.500000,0.000000,0.000000,0.000000,0.000000,0.000000,58
16,10,32.5,-0.837209,0.275825,0.000000,0.000000,0.000000,0.000000,0.000000,0.000000,-0.500000,0.000000,0.000000,0.000000,0.000000,0.000000,43
16,10,33,-0.878049,0.204640,0.000000,0.000000,0.000000,0.000000,0.000000,0.000000,-0.500000,0.000000,0.000000,0.000000,0.000000,0.000000,41
16,10,33.5,-0.909091,0.173554,0.000000,0.000000,0.000000,0.000000,0.000000,0.000000,-0.500000,0.000000,0.000000,0.000000,0.000000,0.000000,22
16,10,34,-0.777778,0.320988,0.000000,0.000000,0.000000,0.000000,0.000000,0.000000,-0.500000,0.000000,0.000000,0.000000,0.000000,0.000000,27
16,10,34.5,-0.782609,0.344045,0.000000,0.000000,0.000000,0.000000,0.000000,0.000000,-0.500000,0.000000,0.000000,0.000000,0.000000,0.000000,23
16,10,35,-0.714286,0.489796,0.000000,0.000000,0.000000,0.000000,0.000000,0.000000,-0.500000,0.000000,0.000000,0.000000,0.000000,0.000000,14
16,10,35.5,-0.846154,0.284024,0.000000,0.000000,0.000000,0.000000,0.000000,0.000000,-0.500000,0.000000,0.000000,0.000000,0.000000,0.000000,13
16,10,36,-0.714286,0.489796,0.000000,0.000000,0.000000,0.000000,0.000000,0.000000,-0.500000,0.000000,0.000000,0.000000,0.000000,0.000000,7
16,10,36.5,-1.000000,0.000000,0.000000,0.000000,0.000000,0.000000,0.000000,0.000000,-0.500000,0.000000,0.000000,0.000000,0.000000,0.000000,4
16,10,37,-1.000000,0.000000,0.000000,0.000000,0.000000,0.000000,0.000000,0.000000,-0.500000,0.000000,0.000000,0.000000,0.000000,0.000000,3
16,10,37.5,-0.714286,0.489796,0.000000,0.000000,0.000000,0.000000,0.000000,0.000000,-0.500000,0.000000,0.000000,0.000000,0.000000,0.000000,7
16,10,38,-1.000000,0.000000,0.000000,0.000000,0.000000,0.000000,0.000000,0.000000,-0.500000,0.000000,0.000000,0.000000,0.000000,0.000000,1
16,10,38.5,0.000000,1.000000,0.000000,0.000000,0.000000,0.000000,0.000000,0.000000,-0.500000,0.000000,0.000000,0.000000,0.000000,0.000000,2
16,10,39,-0.500000,0.750000,0.000000,0.000000,0.000000,0.000000,0.000000,0.000000,-0.500000,0.000000,0.000000,0.000000,0.000000,0.000000,4
16,10,40.5,-1.000000,0.000000,0.000000,0.000000,0.000000,0.000000,0.000000,0.000000,-0.500000,0.000000,0.000000,0.000000,0.000000,0.000000,1
16,10,41,-1.000000,0.000000,0.000000,0.000000,0.000000,0.000000,0.000000,0.000000,-0.500000,0.000000,0.000000,0.000000,0.000000,0.000000,2
16,10,41.5,-1.000000,0.000000,0.000000,0.000000,0.000000,0.000000,0.000000,0.000000,-0.500000,0.000000,0.000000,0.000000,0.000000,0.000000,1
16,10,42,-1.000000,0.000000,0.000000,0.000000,0.000000,0.000000,0.000000,0.000000,-0.500000,0.000000,0.000000,0.000000,0.000000,0.000000,1
16,10,44,-1.000000,0.000000,0.000000,0.000000,0.000000,0.000000,0.000000,0.000000,-0.500000,0.000000,0.000000,0.000000,0.000000,0.000000,1
16,11,-41.5,-1.000000,0.000000,0.000000,0.000000,0.000000,0.000000,0.000000,0.000000,-0.500000,0.000000,0.000000,0.000000,0.000000,0.000000,1
16,11,-40.5,0.000000,1.000000,0.000000,0.000000,0.000000,0.000000,0.000000,0.000000,-0.500000,0.000000,0.000000,0.000000,0.000000,0.000000,2
16,11,-39,1.000000,0.000000,0.000000,0.000000,0.000000,0.000000,0.000000,0.000000,-0.500000,0.000000,0.000000,0.000000,0.000000,0.000000,1
16,11,-38,-0.500000,0.750000,0.000000,0.000000,0.000000,0.000000,0.000000,0.000000,-0.500000,0.000000,0.000000,0.000000,0.000000,0.000000,4
16,11,-37.5,-1.000000,0.000000,0.000000,0.000000,0.000000,0.000000,0.000000,0.000000,-0.500000,0.000000,0.000000,0.000000,0.000000,0.000000,1
16,11,-37,-0.500000,0.250000,0.000000,0.000000,0.000000,0.000000,0.000000,0.000000,-0.500000,0.000000,0.000000,0.000000,0.000000,0.000000,2
16,11,-36.5,-0.000000,1.000000,0.000000,0.000000,0.000000,0.000000,0.000000,0.000000,-0.500000,0.000000,0.000000,0.000000,0.000000,0.000000,4
16,11,-35.5,1.000000,0.000000,0.000000,0.000000,0.000000,0.000000,0.000000,0.000000,-0.500000,0.000000,0.000000,0.000000,0.000000,0.000000,2
16,11,-34.5,-0.333333,0.888889,0.000000,0.000000,0.000000,0.000000,0.000000,0.000000,-0.500000,0.000000,0.000000,0.000000,0.000000,0.000000,3
16,11,-34,-0.600000,0.640000,0.000000,0.000000,0.000000,0.000000,0.000000,0.000000,-0.500000,0.000000,0.000000,0.000000,0.000000,0.000000,5
16,11,-33.5,-0.200000,0.960000,0.000000,0.000000,0.000000,0.000000,0.000000,0.000000,-0.500000,0.000000,0.000000,0.000000,0.000000,0.000000,5
16,11,-33,0.454545,0.793388,0.000000,0.000000,0.000000,0.000000,0.000000,0.000000,-0.500000,0.000000,0.000000,0.000000,0.000000,0.000000,11
16,11,-32.5,-0.142857,0.979592,0.000000,0.000000,0.000000,0.000000,0.000000,0.000000,-0.500000,0.000000,0.000000,0.000000,0.000000,0.000000,14
16,11,-32,-0.466667,0.782222,0.000000,0.000000,0.000000,0.000000,0.000000,0.000000,-0.500000,0.000000,0.000000,0.000000,0.000000,0.000000,15
16,11,-31.5,-0.333333,0.793651,0.000000,0.000000,0.000000,0.000000,0.000000,0.000000,-0.500000,0.000000,0.000000,0.000000,0.000000,0.000000,21
16,11,-31,-0.500000,0.678571,0.000000,0.000000,0.000000,0.000000,0.000000,0.000000,-0.500000,0.000000,0.000000,0.000000,0.000000,0.000000,28
16,11,-30.5,-0.500000,0.650000,0.000000,0.000000,0.000000,0.000000,0.000000,0.000000,-0.500000,0.000000,0.000000,0.000000,0.000000,0.000000,30
16,11,-30,-0.277778,0.811728,0.000000,0.000000,0.000000,0.000000,0.000000,0.000000,-0.500000,0.000000,0.000000,0.000000,0.000000,0.000000,36
16,11,-29.5,-0.333333,0.777778,0.000000,0.000000,0.000000,0.000000,0.000000,0.000000,-0.500000,0.000000,0.000000,0.000000,0.000000,0.000000,54
16,11,-29,-0.400000,0.732308,0.000000,0.000000,0.000000,0.000000,0.000000,0.000000,-0.500000,0.000000,0.000000,0.000000,0.000000,0.000000,65
16,11,-28.5,-0.250000,0.893382,0.000000,0.000000,0.000000,0.000000,0.000000,0.000000,-0.500000,0.000000,0.000000,0.000000,0.000000,0.000000,68
16,11,-28,-0.269231,0.812130,0.000000,0.000000,0.000000,0.000000,0.000000,0.000000,-0.500000,0.000000,0.000000,0.000000,0.000000,0.000000,104
16,11,-27.5,-0.351648,0.755464,0.000000,0.000000,0.000000,0.000000,0.000000,0.000000,-0.500000,0.000000,0.000000,0.000000,0.000000,0.000000,91
16,11,-27,-0.460123,0.714667,0.000000,0.000000,0.000000,0.000000,0.000000,0.000000,-0.500000,0.000000,0.000000,0.000000,0.000000,0.000000,163
16,11,-26.5,-0.380531,0.740152,0.000000,0.000000,0.000000,0.000000,0.000000,0.000000,-0.500000,0.000000,0.000000,0.000000,0.000000,0.000000,226
16,11,-26,-0.373134,0.741368,0.000000,0.000000,0.000000,0.000000,0.000000,0.000000,-0.500000,0.000000,0.000000,0.000000,0.000000,0.000000,134
16,11,-25.5,-0.371747,0.761432,0.000000,0.000000,0.000000,0.000000,0.000000,0.000000,-0.500000,0.000000,0.000000,0.000000,0.000000,0.000000,269
16,11,-25,-0.425397,0.739672,0.000000,0.000000,0.000000,0.000000,0.000000,0.000000,-0.500000,0.000000,0.000000,0.000000,0.000000,0.000000,315
16,11,-24.5,-0.522013,0.664610,0.000000,0.000000,0.000000,0.000000,0.000000,0.000000,-0.500000,0.000000,0.000000,0.000000,0.000000,0.000000,318
16,11,-24,-0.438326,0.730778,0.000000,0.000000,0.000000,0.000000,0.000000,0.000000,-0.500000,0.000000,0.000000,0.000000,0.000000,0.000000,454
16,11,-23.5,-0.500000,0.688247,0.000000,0.000000,0.000000,0.000000,0.000000,0.000000,-0.500000,0.000000,0.000000,0.000000,0.000000,0.000000,502
16,11,-23,-0.480000,0.692677,0.000000,0.000000,0.000000,0.000000,0.000000,0.000000,-0.500000,0.000000,0.000000,0.000000,0.000000,0.000000,650
16,11,-22.5,-0.440764,0.710185,0.000000,0.000000,0.000000,0.000000,0.000000,0.000000,-0.500000,0.000000,0.000000,0.000000,0.000000,0.000000,785
16,11,-22,-0.418824,0.746940,0.000000,0.000000,0.000000,0.000000,0.000000,0.000000,-0.500000,0.000000,0.000000,0.000000,0.000000,0.000000,850
16,11,-21.5,-0.402052,0.740406,0.000000,0.000000,0.000000,0.000000,0.000000,0.000000,-0.500000,0.000000,0.000000,0.000000,0.000000,0.000000,1072
16,11,-21,-0.449555,0.707396,0.000000,0.000000,0.000000,0.000000,0.000000,0.000000,-0.500000,0.000000,0.000000,0.000000,0.000000,0.000000,1348
16,11,-20.5,-0.419620,0.746071,0.000000,0.000000,0.000000,0.000000,0.000000,0.000000,-0.500000,0.000000,0.000000,0.000000,0.000000,0.000000,1580
16,11,-20,-0.469664,0.703034,0.000000,0.000000,0.000000,0.000000,0.000000,0.000000,-0.500000,0.000000,0.000000,0.000000,0.000000,0.000000,1846
16,11,-19.5,-0.455666,0.712710,0.000000,0.000000,0.000000,0.000000,0.000000,0.000000,-0.500000,0.000000,0.000000,0.000000,0.000000,0.000000,2109
16,11,-19,-0.459818,0.704792,0.000000,0.000000,0.000000,0.000000,0.000000,0.000000,-0.500000,0.000000,0.000000,0.000000,0.000000,0.000000,2638
16,11,-18.5,-0.439905,0.738624,0.000000,0.000000,0.000000,0.000000,0.000000,0.000000,-0.500000,0.000000,0.000000,0.000000,0.000000,0.000000,2962
16,11,-18,-0.470044,0.700628,0.000000,0.000000,0.000000,0.000000,0.000000,0.000000,-0.500000,0.000000,0.000000,0.000000,0.000000,0.000000,3672
16,11,-17.5,-0.470807,0.695763,0.000000,0.000000,0.000000,0.000000,0.000000,0.000000,-0.500000,0.000000,0.000000,0.000000,0.000000,0.000000,4299
16,11,-17,-0.467674,0.700676,0.000000,0.000000,0.000000,0.000000,0.000000,0.000000,-0.500000,0.000000,0.000000,0.000000,0.000000,0.000000,4764
16,11,-16.5,-0.481129,0.693532,0.000000,0.000000,0.000000,0.000000,0.000000,0.000000,-0.500000,0.000000,0.000000,0.000000,0.000000,0.000000,5988
16,11,-16,-0.462041,0.718416,0.000000,0.000000,0.000000,0.000000,0.000000,0.000000,-0.500000,0.000000,0.000000,0.000000,0.000000,0.000000,6270
16,11,-15.5,-0.460328,0.716625,0.000000,0.000000,0.000000,0.000000,0.000000,0.000000,-0.500000,0.000000,0.000000,0.000000,0.000000,0.000000,7877
16,11,-15,-0.457751,0.715946,0.000000,0.000000,0.000000,0.000000,0.000000,0.000000,-0.500000,0.000000,0.000000,0.000000,0.000000,0.000000,9018
16,11,-14.5,-0.468108,0.707406,0.000000,0.000000,0.000000,0.000000,0.000000,0.000000,-0.500000,0.000000,0.000000,0.000000,0.000000,0.000000,10222
16,11,-14,-0.478685,0.701876,0.000000,0.000000,0.000000,0.000000,0.000000,0.000000,-0.500000,0.000000,0.000000,0.000000,0.000000,0.000000,12597
16,11,-13.5,-0.476855,0.696704,0.000000,0.000000,0.000000,0.000000,0.000000,0.000000,-0.500000,0.000000,0.000000,0.000000,0.000000,0.000000,13912
16,11,-13,-0.480365,0.698350,0.000000,0.000000,0.000000,0.000000,0.000000,0.000000,-0.500000,0.000000,0.000000,0.000000,0.000000,0.000000,16883
16,11,-12.5,-0.482114,0.696076,0.000000,0.000000,0.000000,0.000000,0.000000,0.000000,-0.500000,0.000000,0.000000,0.000000,0.000000,0.000000,18786
16,11,-12,-0.489269,0.689335,0.000000,0.000000,0.000000,0.000000,0.000000,0.000000,-0.500000,0.000000,0.000000,0.000000,0.000000,0.000000,21759
16,11,-11.5,-0.484220,0.693736,0.000000,0.000000,0.000000,0.000000,0.000000,0.000000,-0.500000,0.000000,0.000000,0.000000,0.000000,0.000000,25127
16,11,-11,-0.493889,0.682916,0.000000,0.000000,0.000000,0.000000,0.000000,0.000000,-0.500000,0.000000,0.000000,0.000000,0.000000,0.000000,28719
16,11,-10.5,-0.491958,0.689057,0.000000,0.000000,0.000000,0.000000,0.000000,0.000000,-0.500000,0.000000,0.000000,0.000000,0.000000,0.000000,34692
16,11,-10,-0.495291,0.685728,0.000000,0.000000,0.000000,0.000000,0.000000,0.000000,-0.500000,0.000000,0.000000,0.000000,0.000000,0.000000,39821
16,11,-9.5,-0.503966,0.676879,0.000000,0.000000,0.000000,0.000000,0.000000,0.000000,-0.500000,0.000000,0.000000,0.000000,0.000000,0.000000,43116
16,11,-9,-0.499418,0.681978,0.000000,0.000000,0.000000,0.000000,0.000000,0.000000,-0.500000,0.000000,0.000000,0.000000,0.000000,0.000000,52373
16,11,-8.5,-0.499303,0.683995,0.000000,0.000000,0.000000,0.000000,0.000000,0.000000,-0.500000,0.000000,0.000000,0.000000,0.000000,0.000000,58079
16,11,-8,-0.507053,0.674606,0.000000,0.000000,0.000000,0.000000,0.000000,0.000000,-0.500000,0.000000,0.000000,0.000000,0.000000,0.000000,68691
16,11,-7.5,-0.505097,0.677100,0.000000,0.000000,0.000000,0.000000,0.000000,0.000000,-0.500000,0.000000,0.000000,0.000000,0.000000,0.000000,78080
16,11,-7,-0.510122,0.673691,0.000000,0.000000,0.000000,0.000000,0.000000,0.000000,-0.500000,0.000000,0.000000,0.000000,0.000000,0.000000,91974
16,11,-6.5,-0.509678,0.673119,0.000000,0.000000,0.000000,0.000000,0.000000,0.000000,-0.500000,0.000000,0.000000,0.000000,0.000000,0.000000,105337
16,11,-6,-0.512591,0.670147,0.000000,0.000000,0.000000,0.000000,0.000000,0.000000,-0.500000,0.000000,0.000000,0.000000,0.000000,0.000000,120246
16,11,-5.5,-0.512997,0.671436,0.000000,0.000000,0.000000,0.000000,0.000000,0.000000,-0.500000,0.000000,0.000000,0.000000,0.000000,0.000000,142726
16,11,-5,-0.516298,0.666831,0.000000,0.000000,0.000000,0.000000,0.000000,0.000000,-0.500000,0.000000,0.000000,0.000000,0.000000,0.000000,162749
16,11,-4.5,-0.522371,0.662377,0.000000,0.000000,0.000000,0.000000,0.000000,0.000000,-0.500000,0.000000,0.000000,0.000000,0.000000,0.000000,187426
16,11,-4,-0.522255,0.662248,0.000000,0.000000,0.000000,0.000000,0.000000,0.000000,-0.500000,0.000000,0.000000,0.000000,0.000000,0.000000,221474
16,11,-3.5,-0.525227,0.658955,0.000000,0.000000,0.000000,0.000000,0.000000,0.000000,-0.500000,0.000000,0.000000,0.000000,0.000000,0.000000,254766
16,11,-3,-0.523056,0.662743,0.000000,0.000000,0.000000,0.000000,0.000000,0.000000,-0.500000,0.000000,0.000000,0.000000,0.000000,0.000000,298184
16,11,-2.5,-0.529252,0.656465,0.000000,0.000000,0.000000,0.000000,0.000000,0.000000,-0.500000,0.000000,0.000000,0.000000,0.000000,0.000000,349533
16,11,-2,-0.532035,0.653714,0.000000,0.000000,0.000000,0.000000,0.000000,0.000000,-0.500000,0.000000,0.000000,0.000000,0.000000,0.000000,405351
16,11,-1.5,-0.530908,0.655309,0.000000,0.000000,0.000000,0.000000,0.000000,0.000000,-0.500000,0.000000,0.000000,0.000000,0.000000,0.000000,483528
16,11,-1,-0.536060,0.650379,0.000000,0.000000,0.000000,0.000000,0.000000,0.000000,-0.500000,0.000000,0.000000,0.000000,0.000000,0.000000,559307
16,11,-0.5,-0.538183,0.648986,0.000000,0.000000,0.000000,0.000000,0.000000,0.000000,-0.500000,0.000000,0.000000,0.000000,0.000000,0.000000,651912
16,11,0,-0.540421,0.646542,0.000000,0.000000,0.000000,0.000000,0.000000,0.000000,-0.500000,0.000000,0.000000,0.000000,0.000000,0.000000,909125
16,11,0.5,-0.541212,0.646253,0.000000,0.000000,0.000000,0.000000,0.000000,0.000000,-0.500000,0.000000,0.000000,0.000000,0.000000,0.000000,619061
16,11,1,-0.545895,0.641043,0.000000,0.000000,0.000000,0.000000,0.000000,0.000000,-0.500000,0.000000,0.000000,0.000000,0.000000,0.000000,523027
16,11,1.5,-0.545011,0.642706,0.000000,0.000000,0.000000,0.000000,0.000000,0.000000,-0.500000,0.000000,0.000000,0.000000,0.000000,0.000000,455286
16,11,2,-0.548950,0.638555,0.000000,0.000000,0.000000,0.000000,0.000000,0.000000,-0.500000,0.000000,0.000000,0.000000,0.000000,0.000000,380140
16,11,2.5,-0.554527,0.633487,0.000000,0.000000,0.000000,0.000000,0.000000,0.000000,-0.500000,0.000000,0.000000,0.000000,0.000000,0.000000,322879
16,11,3,-0.553146,0.635070,0.000000,0.000000,0.000000,0.000000,0.000000,0.000000,-0.500000,0.000000,0.000000,0.000000,0.000000,0.000000,274647
16,11,3.5,-0.554206,0.634217,0.000000,0.000000,0.000000,0.000000,0.000000,0.000000,-0.500000,0.000000,0.000000,0.000000,0.000000,0.000000,232475
16,11,4,-0.557582,0.631323,0.000000,0.000000,0.000000,0.000000,0.000000,0.000000,-0.500000,0.000000,0.000000,0.000000,0.000000,0.000000,200817
16,11,4.5,-0.561836,0.627310,0.000000,0.000000,0.000000,0.000000,0.000000,0.000000,-0.500000,0.000000,0.000000,0.000000,0.000000,0.000000,169505
16,11,5,-0.565965,0.622392,0.000000,0.000000,0.000000,0.000000,0.000000,0.000000,-0.500000,0.000000,0.000000,0.000000,0.000000,0.000000,145972
16,11,5.5,-0.564104,0.625277,0.000000,0.000000,0.000000,0.000000,0.000000,0.000000,-0.500000,0.000000,0.000000,0.000000,0.000000,0.000000,126420
16,11,6,-0.567988,0.621443,0.000000,0.000000,0.000000,0.000000,0.000000,0.000000,-0.500000,0.000000,0.000000,0.000000,0.000000,0.000000,106923
16,11,6.5,-0.572666,0.615203,0.000000,0.000000,0.000000,0.000000,0.000000,0.000000,-0.500000,0.000000,0.000000,0.000000,0.000000,0.000000,92911
16,11,7,-0.575798,0.612102,0.000000,0.000000,0.000000,0.000000,0.000000,0.000000,-0.500000,0.000000,0.000000,0.000000,0.000000,0.000000,79745
16,11,7.5,-0.574017,0.613137,0.000000,0.000000,0.000000,0.000000,0.000000,0.000000,-0.500000,0.000000,0.000000,0.000000,0.000000,0.000000,68315
16,11,8,-0.574864,0.614521,0.000000,0.000000,0.000000,0.000000,0.000000,0.000000,-0.500000,0.000000,0.000000,0.000000,0.000000,0.000000,59261
16,11,8.5,-0.577694,0.612429,0.000000,0.000000,0.000000,0.000000,0.000000,0.000000,-0.500000,0.000000,0.000000,0.000000,0.000000,0.000000,49888
16,11,9,-0.580383,0.610358,0.000000,0.000000,0.000000,0.000000,0.000000,0.000000,-0.500000,0.000000,0.000000,0.000000,0.000000,0.000000,44207
16,11,9.5,-0.584866,0.603858,0.000000,0.000000,0.000000,0.000000,0.000000,0.000000,-0.500000,0.000000,0.000000,0.000000,0.000000,0.000000,36487
16,11,10,-0.591740,0.595101,0.000000,0.000000,0.000000,0.000000,0.000000,0.000000,-0.500000,0.000000,0.000000,0.000000,0.000000,0.000000,32881
16,11,10.5,-0.594681,0.594994,0.000000,0.000000,0.000000,0.000000,0.000000,0.000000,-0.500000,0.000000,0.000000,0.000000,0.000000,0.000000,28913
16,11,11,-0.588011,0.601013,0.000000,0.000000,0.000000,0.000000,0.000000,0.000000,-0.500000,0.000000,0.000000,0.000000,0.000000,0.000000,23821
16,11,11.5,-0.595288,0.594673,0.000000,0.000000,0.000000,0.000000,0.000000,0.000000,-0.500000,0.000000,0.000000,0.000000,0.000000,0.000000,20585
16,11,12,-0.591046,0.598861,0.000000,0.000000,0.000000,0.000000,0.000000,0.000000,-0.500000,0.000000,0.000000,0.000000,0.000000,0.000000,17914
16,11,12.5,-0.594843,0.591994,0.000000,0.000000,0.000000,0.000000,0.000000,0.000000,-0.500000,0.000000,0.000000,0.000000,0.000000,0.000000,15009
16,11,13,-0.598314,0.591507,0.000000,0.000000,0.000000,0.000000,0.000000,0.000000,-0.500000,0.000000,0.000000,0.000000,0.000000,0.000000,13640
16,11,13.5,-0.600760,0.587713,0.000000,0.000000,0.000000,0.000000,0.000000,0.000000,-0.500000,0.000000,0.000000,0.000000,0.000000,0.000000,11056
16,11,14,-0.597798,0.593989,0.000000,0.000000,0.000000,0.000000,0.000000,0.000000,-0.500000,0.000000,0.000000,0.000000,0.000000,0.000000,9990
16,11,14.5,-0.610125,0.579872,0.000000,0.000000,0.000000,0.000000,0.000000,0.000000,-0.500000,0.000000,0.000000,0.000000,0.000000,0.000000,8000
16,11,15,-0.606823,0.583775,0.000000,0.000000,0.000000,0.000000,0.000000,0.000000,-0.500000,0.000000,0.000000,0.000000,0.000000,0.000000,6918
16,11,15.5,-0.615474,0.570386,0.000000,0.000000,0.000000,0.000000,0.000000,0.000000,-0.500000,0.000000,0.000000,0.000000,0.000000,0.000000,6023
16,11,16,-0.617876,0.570490,0.000000,0.000000,0.000000,0.000000,0.000000,0.000000,-0.500000,0.000000,0.000000,0.000000,0.000000,0.000000,4755
16,11,16.5,-0.630066,0.557766,0.000000,0.000000,0.000000,0.000000,0.000000,0.000000,-0.500000,0.000000,0.000000,0.000000,0.000000,0.000000,4663
16,11,17,-0.639503,0.541589,0.000000,0.000000,0.000000,0.000000,0.000000,0.000000,-0.500000,0.000000,0.000000,0.000000,0.000000,0.000000,3620
16,11,17.5,-0.621009,0.568690,0.000000,0.000000,0.000000,0.000000,0.000000,0.000000,-0.500000,0.000000,0.000000,0.000000,0.000000,0.000000,3132
16,11,18,-0.628378,0.560688,0.000000,0.000000,0.000000,0.000000,0.000000,0.000000,-0.500000,0.000000,0.000000,0.000000,0.000000,0.000000,2812
16,11,18.5,-0.616143,0.574627,0.000000,0.000000,0.000000,0.000000,0.000000,0.000000,-0.500000,0.000000,0.000000,0.000000,0.000000,0.000000,2230
16,11,19,-0.623932,0.574385,0.000000,0.000000,0.000000,0.000000,0.000000,0.000000,-0.500000,0.000000,0.000000,0.000000,0.000000,0.000000,1872
16,11,19.5,-0.624844,0.564002,0.000000,0.000000,0.000000,0.000000,0.000000,0.000000,-0.500000,0.000000,0.000000,0.000000,0.000000,0.000000,1602
16,11,20,-0.630781,0.558255,0.000000,0.000000,0.000000,0.000000,0.000000,0.000000,-0.500000,0.000000,0.000000,0.000000,0.000000,0.000000,1254
16,11,20.5,-0.649737,0.535810,0.000000,0.000000,0.000000,0.000000,0.000000,0.000000,-0.500000,0.000000,0.000000,0.000000,0.000000,0.000000,1142
16,11,21,-0.676353,0.501465,0.000000,0.000000,0.000000,0.000000,0.000000,0.000000,-0.500000,0.000000,0.000000,0.000000,0.000000,0.000000,998
16,11,21.5,-0.597500,0.602994,0.000000,0.000000,0.000000,0.000000,0.000000,0.000000,-0.500000,0.000000,0.000000,0.000000,0.000000,0.000000,800
16,11,22,-0.654854,0.534187,0.000000,0.000000,0.000000,0.000000,0.000000,0.000000,-0.500000,0.000000,0.000000,0.000000,0.000000,0.000000,649
16,11,22.5,-0.652727,0.539402,0.000000,0.000000,0.000000,0.000000,0.000000,0.000000,-0.500000,0.000000,0.000000,0.000000,0.000000,0.000000,550
16,11,23,-0.643545,0.545387,0.000000,0.000000,0.000000,0.000000,0.000000,0.000000,-0.500000,0.000000,0.000000,0.000000,0.000000,0.000000,519
16,11,23.5,-0.658477,0.539381,0.000000,0.000000,0.000000,0.000000,0.000000,0.000000,-0.500000,0.000000,0.000000,0.000000,0.000000,0.000000,407
16,11,24,-0.626263,0.537088,0.000000,0.000000,0.000000,0.000000,0.000000,0.000000,-0.500000,0.000000,0.000000,0.000000,0.000000,0.000000,297
16,11,24.5,-0.596244,0.606934,0.000000,0.000000,0.000000,0.000000,0.000000,0.000000,-0.500000,0.000000,0.000000,0.000000,0.000000,0.000000,213
16,11,25,-0.656780,0.547454,0.000000,0.000000,0.000000,0.000000,0.000000,0.000000,-0.500000,0.000000,0.000000,0.000000,0.000000,0.000000,236
16,11,25.5,-0.731959,0.433309,0.000000,0.000000,0.000000,0.000000,0.000000,0.000000,-0.500000,0.000000,0.000000,0.000000,0.000000,0.000000,194
16,11,26,-0.580645,0.630593,0.000000,0.000000,0.000000,0.000000,0.000000,0.000000,-0.500000,0.000000,0.000000,0.000000,0.000000,0.000000,93
16,11,26.5,-0.689655,0.489893,0.000000,0.000000,0.000000,0.000000,0.000000,0.000000,-0.500000,0.000000,0.000000,0.000000,0.000000,0.000000,116
16,11,27,-0.656566,0.528517,0.000000,0.000000,0.000000,0.000000,0.000000,0.000000,-0.500000,0.000000,0.000000,0.000000,0.000000,0.000000,99
16,11,27.5,-0.701754,0.489997,0.000000,0.000000,0.000000,0.000000,0.000000,0.000000,-0.500000,0.000000,0.000000,0.000000,0.000000,0.000000,57
16,11,28,-0.574074,0.651920,0.000000,0.000000,0.000000,0.000000,0.000000,0.000000,-0.500000,0.000000,0.000000,0.000000,0.000000,0.000000,54
16,11,28.5,-0.609756,0.579417,0.000000,0.000000,0.000000,0.000000,0.000000,0.000000,-0.500000,0.000000,0.000000,0.000000,0.000000,0.000000,41
16,11,29,-0.642857,0.586735,0.000000,0.000000,0.000000,0.000000,0.000000,0.000000,-0.500000,0.000000,0.000000,0.000000,0.000000,0.000000,56
16,11,29.5,-0.821429,0.289541,0.000000,0.000000,0.000000,0.000000,0.000000,0.000000,-0.500000,0.000000,0.000000,0.000000,0.000000,0.000000,28
16,11,30,-0.850000,0.227500,0.000000,0.000000,0.000000,0.000000,0.000000,0.000000,-0.500000,0.000000,0.000000,0.000000,0.000000,0.000000,20
16,11,30.5,-0.647059,0.463668,0.000000,0.000000,0.000000,0.000000,0.000000,0.000000,-0.500000,0.000000,0.000000,0.000000,0.000000,0.000000,17
16,11,31,-0.615385,0.544379,0.000000,0.000000,0.000000,0.000000,0.000000,0.000000,-0.500000,0.000000,0.000000,0.000000,0.000000,0.000000,26
16,11,31.5,-0.470588,0.719723,0.000000,0.000000,0.000000,0.000000,0.000000,0.000000,-0.500000,0.000000,0.000000,0.000000,0.000000,0.000000,17
16,11,32,-0.875000,0.109375,0.000000,0.000000,0.000000,0.000000,0.000000,0.000000,-0.500000,0.000000,0.000000,0.000000,0.000000,0.000000,8
16,11,32.5,-0.875000,0.109375,0.000000,0.000000,0.000000,0.000000,0.000000,0.000000,-0.500000,0.000000,0.000000,0.000000,0.000000,0.000000,8
16,11,33,-0.666667,0.555556,0.000000,0.000000,0.000000,0.000000,0.000000,0.000000,-0.500000,0.000000,0.000000,0.000000,0.000000,0.000000,6
16,11,33.5,-0.333333,0.888889,0.000000,0.000000,0.000000,0.000000,0.000000,0.000000,-0.500000,0.000000,0.000000,0.000000,0.000000,0.000000,3
16,11,34,0.333333,0.888889,0.000000,0.000000,0.000000,0.000000,0.000000,0.000000,-0.500000,0.000000,0.000000,0.000000,0.000000,0.000000,3
16,11,34.5,-1.000000,0.000000,0.000000,0.000000,0.000000,0.000000,0.000000,0.000000,-0.500000,0.000000,0.000000,0.000000,0.000000,0.000000,1
16,11,35,-1.000000,0.000000,0.000000,0.000000,0.000000,0.000000,0.000000,0.000000,-0.500000,0.000000,0.000000,0.000000,0.000000,0.000000,1
16,11,36,-1.000000,0.000000,0.000000,0.000000,0.000000,0.000000,0.000000,0.000000,-0.500000,0.000000,0.000000,0.000000,0.000000,0.000000,2
16,11,36.5,-1.000000,0.000000,0.000000,0.000000,0.000000,0.000000,0.000000,0.000000,-0.500000,0.000000,0.000000,0.000000,0.000000,0.000000,1
16,11,37,-1.000000,0.000000,0.000000,0.000000,0.000000,0.000000,0.000000,0.000000,-0.500000,0.000000,0.000000,0.000000,0.000000,0.000000,2
16,11,44,-1.000000,0.000000,0.000000,0.000000,0.000000,0.000000,0.000000,0.000000,-0.500000,0.000000,0.000000,0.000000,0.000000,0.000000,1
