UserValue,DealerValue,TrueCount,Hit EV,Hit Variance,Stand EV,Stand Variance,Double EV,Double Variance,Split EV,Split Variance,Surrender EV,Surrender Variance,Insurance Accept EV,Insurance Accept Variance,Insurance Decline EV,Insurance Decline Variance,Hands Played
4,11,-33.5,0.000000,0.000000,0.000000,0.000000,0.000000,0.000000,0.000000,0.000000,0.000000,0.000000,0.000000,0.000000,-1.000000,0.000000,1
4,11,-33,0.000000,0.000000,0.000000,0.000000,0.000000,0.000000,0.000000,0.000000,0.000000,0.000000,0.000000,0.000000,-1.000000,0.000000,1
4,11,-32.5,0.000000,0.000000,0.000000,0.000000,0.000000,0.000000,0.000000,0.000000,0.000000,0.000000,-1.500000,0.000000,-1.000000,0.000000,1
4,11,-32,0.000000,0.000000,0.000000,0.000000,0.000000,0.000000,0.000000,0.000000,0.000000,0.000000,-0.500000,0.000000,0.000000,0.000000,2
4,11,-31.5,0.000000,0.000000,0.000000,0.000000,0.000000,0.000000,0.000000,0.000000,0.000000,0.000000,-1.500000,0.000000,-1.000000,0.000000,3
4,11,-31,0.000000,0.000000,0.000000,0.000000,0.000000,0.000000,0.000000,0.000000,0.000000,0.000000,-0.500000,0.000000,0.000000,0.000000,1
4,11,-30.5,0.000000,0.000000,0.000000,0.000000,0.000000,0.000000,0.000000,0.000000,0.000000,0.000000,-0.500000,1.000000,-0.000000,1.000000,6
4,11,-30,0.000000,0.000000,0.000000,0.000000,0.000000,0.000000,0.000000,0.000000,0.000000,0.000000,-1.500000,0.000000,-1.000000,0.000000,2
4,11,-29.5,0.000000,0.000000,0.000000,0.000000,0.000000,0.000000,0.000000,0.000000,0.000000,0.000000,-0.416667,0.618056,-0.666667,0.555556,6
4,11,-29,0.000000,0.000000,0.000000,0.000000,0.000000,0.000000,0.000000,0.000000,0.000000,0.000000,0.500000,0.000000,1.000000,0.000000,3
4,11,-28.5,0.000000,0.000000,0.000000,0.000000,0.000000,0.000000,0.000000,0.000000,0.000000,0.000000,-0.166667,0.888889,0.333333,0.888889,3
4,11,-28,0.000000,0.000000,0.000000,0.000000,0.000000,0.000000,0.000000,0.000000,0.000000,0.000000,-1.071429,0.530612,-0.571429,0.530612,7
4,11,-27.5,0.000000,0.000000,0.000000,0.000000,0.000000,0.000000,0.000000,0.000000,0.000000,0.000000,-0.833333,0.888889,-0.333333,0.888889,6
4,11,-27,0.000000,0.000000,0.000000,0.000000,0.000000,0.000000,0.000000,0.000000,0.000000,0.000000,-1.100000,0.640000,-0.600000,0.640000,10
4,11,-26.5,0.000000,0.000000,0.000000,0.000000,0.000000,0.000000,0.000000,0.000000,0.000000,0.000000,-0.562500,0.902344,-0.250000,0.937500,16
4,11,-26,0.000000,0.000000,0.000000,0.000000,0.000000,0.000000,0.000000,0.000000,0.000000,0.000000,-0.464286,0.838010,-0.285714,0.918367,14
4,11,-25.5,0.000000,0.000000,0.000000,0.000000,0.000000,0.000000,0.000000,0.000000,0.000000,0.000000,-0.404762,0.681406,-0.333333,0.793651,21
4,11,-25,0.000000,0.000000,0.000000,0.000000,0.000000,0.000000,0.000000,0.000000,0.000000,0.000000,-0.692308,0.732249,-0.423077,0.705621,26
4,11,-24.5,0.000000,0.000000,0.000000,0.000000,0.000000,0.000000,0.000000,0.000000,0.000000,0.000000,-0.578947,0.783241,-0.236842,0.812327,38
4,11,-24,0.000000,0.000000,0.000000,0.000000,0.000000,0.000000,0.000000,0.000000,0.000000,0.000000,-0.475000,0.824375,-0.275000,0.899375,40
4,11,-23.5,0.000000,0.000000,0.000000,0.000000,0.000000,0.000000,0.000000,0.000000,0.000000,0.000000,-0.666667,0.722222,-0.466667,0.682222,60
4,11,-23,0.000000,0.000000,0.000000,0.000000,0.000000,0.000000,0.000000,0.000000,0.000000,0.000000,-0.659722,0.707128,-0.472222,0.665895,72
4,11,-22.5,0.000000,0.000000,0.000000,0.000000,0.000000,0.000000,0.000000,0.000000,0.000000,0.000000,-0.676471,0.711505,-0.485294,0.661548,68
4,11,-22,0.000000,0.000000,0.000000,0.000000,0.000000,0.000000,0.000000,0.000000,0.000000,0.000000,-0.452632,0.721440,-0.315789,0.805540,95
4,11,-21.5,0.000000,0.000000,0.000000,0.000000,0.000000,0.000000,0.000000,0.000000,0.000000,0.000000,-0.530303,0.817264,-0.272727,0.865014,99
4,11,-21,0.000000,0.000000,0.000000,0.000000,0.000000,0.000000,0.000000,0.000000,0.000000,0.000000,-0.602190,0.723134,-0.430657,0.712345,137
4,11,-20.5,0.000000,0.000000,0.000000,0.000000,0.000000,0.000000,0.000000,0.000000,0.000000,0.000000,-0.548611,0.744165,-0.361111,0.772377,144
4,11,-20,0.000000,0.000000,0.000000,0.000000,0.000000,0.000000,0.000000,0.000000,0.000000,0.000000,-0.544503,0.732313,-0.397906,0.752666,191
4,11,-19.5,0.000000,0.000000,0.000000,0.000000,0.000000,0.000000,0.000000,0.000000,0.000000,0.000000,-0.559184,0.732212,-0.383673,0.750754,245
4,11,-19,0.000000,0.000000,0.000000,0.000000,0.000000,0.000000,0.000000,0.000000,0.000000,0.000000,-0.526316,0.749307,-0.375940,0.783481,266
4,11,-18.5,0.000000,0.000000,0.000000,0.000000,0.000000,0.000000,0.000000,0.000000,0.000000,0.000000,-0.559727,0.770323,-0.382253,0.789037,293
4,11,-18,0.000000,0.000000,0.000000,0.000000,0.000000,0.000000,0.000000,0.000000,0.000000,0.000000,-0.600515,0.723144,-0.448454,0.706106,388
4,11,-17.5,0.000000,0.000000,0.000000,0.000000,0.000000,0.000000,0.000000,0.000000,0.000000,0.000000,-0.606808,0.728616,-0.462441,0.703988,426
4,11,-17,0.000000,0.000000,0.000000,0.000000,0.000000,0.000000,0.000000,0.000000,0.000000,0.000000,-0.528481,0.733893,-0.386076,0.764447,474
4,11,-16.5,0.000000,0.000000,0.000000,0.000000,0.000000,0.000000,0.000000,0.000000,0.000000,0.000000,-0.525641,0.738407,-0.360483,0.776538,663
4,11,-16,0.000000,0.000000,0.000000,0.000000,0.000000,0.000000,0.000000,0.000000,0.000000,0.000000,-0.563622,0.706393,-0.450245,0.701032,613
4,11,-15.5,0.000000,0.000000,0.000000,0.000000,0.000000,0.000000,0.000000,0.000000,0.000000,0.000000,-0.610149,0.737867,-0.444307,0.719671,808
4,11,-15,0.000000,0.000000,0.000000,0.000000,0.000000,0.000000,0.000000,0.000000,0.000000,0.000000,-0.566630,0.718303,-0.431718,0.718906,908
4,11,-14.5,0.000000,0.000000,0.000000,0.000000,0.000000,0.000000,0.000000,0.000000,0.000000,0.000000,-0.583815,0.739603,-0.442197,0.730281,1038
4,11,-14,0.000000,0.000000,0.000000,0.000000,0.000000,0.000000,0.000000,0.000000,0.000000,0.000000,-0.553681,0.724112,-0.421779,0.733145,1304
4,11,-13.5,0.000000,0.000000,0.000000,0.000000,0.000000,0.000000,0.000000,0.000000,0.000000,0.000000,-0.578765,0.718813,-0.452464,0.707143,1441
4,11,-13,0.000000,0.000000,0.000000,0.000000,0.000000,0.000000,0.000000,0.000000,0.000000,0.000000,-0.532615,0.730003,-0.412383,0.750891,1809
4,11,-12.5,0.000000,0.000000,0.000000,0.000000,0.000000,0.000000,0.000000,0.000000,0.000000,0.000000,-0.586112,0.714337,-0.459433,0.697334,2009
4,11,-12,0.000000,0.000000,0.000000,0.000000,0.000000,0.000000,0.000000,0.000000,0.000000,0.000000,-0.574407,0.720868,-0.458297,0.708314,2278
4,11,-11.5,0.000000,0.000000,0.000000,0.000000,0.000000,0.000000,0.000000,0.000000,0.000000,0.000000,-0.558320,0.721327,-0.440902,0.721624,2572
4,11,-11,0.000000,0.000000,0.000000,0.000000,0.000000,0.000000,0.000000,0.000000,0.000000,0.000000,-0.544689,0.721125,-0.423575,0.733149,3088
4,11,-10.5,0.000000,0.000000,0.000000,0.000000,0.000000,0.000000,0.000000,0.000000,0.000000,0.000000,-0.559931,0.710036,-0.463962,0.700383,3746
4,11,-10,0.000000,0.000000,0.000000,0.000000,0.000000,0.000000,0.000000,0.000000,0.000000,0.000000,-0.545971,0.727986,-0.441568,0.732915,4133
4,11,-9.5,0.000000,0.000000,0.000000,0.000000,0.000000,0.000000,0.000000,0.000000,0.000000,0.000000,-0.540243,0.720680,-0.442784,0.727512,4684
4,11,-9,0.000000,0.000000,0.000000,0.000000,0.000000,0.000000,0.000000,0.000000,0.000000,0.000000,-0.553638,0.721238,-0.453122,0.718537,5621
4,11,-8.5,0.000000,0.000000,0.000000,0.000000,0.000000,0.000000,0.000000,0.000000,0.000000,0.000000,-0.579117,0.718324,-0.476273,0.696326,6364
4,11,-8,0.000000,0.000000,0.000000,0.000000,0.000000,0.000000,0.000000,0.000000,0.000000,0.000000,-0.562831,0.715034,-0.466234,0.703309,7552
4,11,-7.5,0.000000,0.000000,0.000000,0.000000,0.000000,0.000000,0.000000,0.000000,0.000000,0.000000,-0.557348,0.716525,-0.465662,0.707130,8431
4,11,-7,0.000000,0.000000,0.000000,0.000000,0.000000,0.000000,0.000000,0.000000,0.000000,0.000000,-0.553749,0.709063,-0.475811,0.696587,9777
4,11,-6.5,0.000000,0.000000,0.000000,0.000000,0.000000,0.000000,0.000000,0.000000,0.000000,0.000000,-0.559858,0.714559,-0.478337,0.698575,11402
4,11,-6,0.000000,0.000000,0.000000,0.000000,0.000000,0.000000,0.000000,0.000000,0.000000,0.000000,-0.551131,0.714663,-0.470960,0.705389,13309
4,11,-5.5,0.000000,0.000000,0.000000,0.000000,0.000000,0.000000,0.000000,0.000000,0.000000,0.000000,-0.551613,0.716098,-0.464616,0.709396,15374
4,11,-5,0.000000,0.000000,0.000000,0.000000,0.000000,0.000000,0.000000,0.000000,0.000000,0.000000,-0.557276,0.711342,-0.483756,0.693842,17730
4,11,-4.5,0.000000,0.000000,0.000000,0.000000,0.000000,0.000000,0.000000,0.000000,0.000000,0.000000,-0.560656,0.711547,-0.484948,0.692198,20130
4,11,-4,0.000000,0.000000,0.000000,0.000000,0.000000,0.000000,0.000000,0.000000,0.000000,0.000000,-0.542884,0.711059,-0.478250,0.701858,24345
4,11,-3.5,0.000000,0.000000,0.000000,0.000000,0.000000,0.000000,0.000000,0.000000,0.000000,0.000000,-0.548712,0.706402,-0.492994,0.687872,28617
4,11,-3,0.000000,0.000000,0.000000,0.000000,0.000000,0.000000,0.000000,0.000000,0.000000,0.000000,-0.548201,0.703263,-0.494326,0.684291,33132
4,11,-2.5,0.000000,0.000000,0.000000,0.000000,0.000000,0.000000,0.000000,0.000000,0.000000,0.000000,-0.545482,0.708954,-0.483394,0.696309,38631
4,11,-2,0.000000,0.000000,0.000000,0.000000,0.000000,0.000000,0.000000,0.000000,0.000000,0.000000,-0.552453,0.703998,-0.500642,0.680202,45202
4,11,-1.5,0.000000,0.000000,0.000000,0.000000,0.000000,0.000000,0.000000,0.000000,0.000000,0.000000,-0.547982,0.704177,-0.502318,0.681324,54135
4,11,-1,0.000000,0.000000,0.000000,0.000000,0.000000,0.000000,0.000000,0.000000,0.000000,0.000000,-0.551267,0.702907,-0.502692,0.678548,62223
4,11,-0.5,0.000000,0.000000,0.000000,0.000000,0.000000,0.000000,0.000000,0.000000,0.000000,0.000000,-0.542178,0.700020,-0.504085,0.678651,74174
4,11,-0,0.000000,0.000000,0.000000,0.000000,0.000000,0.000000,0.000000,0.000000,0.000000,0.000000,-0.549606,0.702310,-0.511785,0.673937,86593
4,11,0.5,0.000000,0.000000,0.000000,0.000000,0.000000,0.000000,0.000000,0.000000,0.000000,0.000000,-0.546322,0.700534,-0.511333,0.673724,109991
4,11,1,0.000000,0.000000,0.000000,0.000000,0.000000,0.000000,0.000000,0.000000,0.000000,0.000000,-0.543685,0.694954,-0.519570,0.664852,73149
4,11,1.5,0.000000,0.000000,0.000000,0.000000,0.000000,0.000000,0.000000,0.000000,0.000000,0.000000,-0.545635,0.698516,-0.515487,0.669798,64118
4,11,2,0.000000,0.000000,0.000000,0.000000,0.000000,0.000000,0.000000,0.000000,0.000000,0.000000,-0.542421,0.694060,-0.523809,0.662178,53888
4,11,2.5,0.000000,0.000000,0.000000,0.000000,0.000000,0.000000,0.000000,0.000000,0.000000,0.000000,-0.540282,0.693999,-0.523270,0.663304,45703
4,11,3,0.000000,0.000000,0.000000,0.000000,0.000000,0.000000,0.000000,0.000000,0.000000,0.000000,-0.541903,0.694530,-0.524373,0.662554,39245
4,11,3.5,0.000000,0.000000,0.000000,0.000000,0.000000,0.000000,0.000000,0.000000,0.000000,0.000000,-0.546537,0.689514,-0.535889,0.649179,33436
4,11,4,0.000000,0.000000,0.000000,0.000000,0.000000,0.000000,0.000000,0.000000,0.000000,0.000000,-0.541635,0.690627,-0.535107,0.652758,28570
4,11,4.5,0.000000,0.000000,0.000000,0.000000,0.000000,0.000000,0.000000,0.000000,0.000000,0.000000,-0.539914,0.690881,-0.530616,0.656271,24415
4,11,5,0.000000,0.000000,0.000000,0.000000,0.000000,0.000000,0.000000,0.000000,0.000000,0.000000,-0.539173,0.685131,-0.543475,0.643451,21035
4,11,5.5,0.000000,0.000000,0.000000,0.000000,0.000000,0.000000,0.000000,0.000000,0.000000,0.000000,-0.541943,0.683556,-0.546326,0.639035,18370
4,11,6,0.000000,0.000000,0.000000,0.000000,0.000000,0.000000,0.000000,0.000000,0.000000,0.000000,-0.546900,0.685530,-0.550287,0.636607,15501
4,11,6.5,0.000000,0.000000,0.000000,0.000000,0.000000,0.000000,0.000000,0.000000,0.000000,0.000000,-0.546780,0.687207,-0.556382,0.634635,13852
4,11,7,0.000000,0.000000,0.000000,0.000000,0.000000,0.000000,0.000000,0.000000,0.000000,0.000000,-0.547801,0.680993,-0.560386,0.625538,11799
4,11,7.5,0.000000,0.000000,0.000000,0.000000,0.000000,0.000000,0.000000,0.000000,0.000000,0.000000,-0.546179,0.679026,-0.566062,0.620673,9983
4,11,8,0.000000,0.000000,0.000000,0.000000,0.000000,0.000000,0.000000,0.000000,0.000000,0.000000,-0.530027,0.671712,-0.566953,0.619641,8842
4,11,8.5,0.000000,0.000000,0.000000,0.000000,0.000000,0.000000,0.000000,0.000000,0.000000,0.000000,-0.539014,0.678474,-0.566210,0.623000,7446
4,11,9,0.000000,0.000000,0.000000,0.000000,0.000000,0.000000,0.000000,0.000000,0.000000,0.000000,-0.531606,0.674063,-0.564288,0.622982,6502
4,11,9.5,0.000000,0.000000,0.000000,0.000000,0.000000,0.000000,0.000000,0.000000,0.000000,0.000000,-0.503250,0.677599,-0.547363,0.650060,5384
4,11,10,0.000000,0.000000,0.000000,0.000000,0.000000,0.000000,0.000000,0.000000,0.000000,0.000000,-0.529184,0.671255,-0.587757,0.605935,4917
4,11,10.5,0.000000,0.000000,0.000000,0.000000,0.000000,0.000000,0.000000,0.000000,0.000000,0.000000,-0.555477,0.670583,-0.605263,0.582210,4218
4,11,11,0.000000,0.000000,0.000000,0.000000,0.000000,0.000000,0.000000,0.000000,0.000000,0.000000,-0.533595,0.677343,-0.568589,0.622675,3572
4,11,11.5,0.000000,0.000000,0.000000,0.000000,0.000000,0.000000,0.000000,0.000000,0.000000,0.000000,-0.551306,0.673558,-0.589555,0.597740,3255
4,11,12,0.000000,0.000000,0.000000,0.000000,0.000000,0.000000,0.000000,0.000000,0.000000,0.000000,-0.549210,0.672936,-0.584649,0.601263,2723
4,11,12.5,0.000000,0.000000,0.000000,0.000000,0.000000,0.000000,0.000000,0.000000,0.000000,0.000000,-0.540799,0.663483,-0.601997,0.583347,2304
4,11,13,0.000000,0.000000,0.000000,0.000000,0.000000,0.000000,0.000000,0.000000,0.000000,0.000000,-0.502716,0.659869,-0.572346,0.617112,2025
4,11,13.5,0.000000,0.000000,0.000000,0.000000,0.000000,0.000000,0.000000,0.000000,0.000000,0.000000,-0.504140,0.653442,-0.578947,0.605683,1691
4,11,14,0.000000,0.000000,0.000000,0.000000,0.000000,0.000000,0.000000,0.000000,0.000000,0.000000,-0.556021,0.675548,-0.585319,0.600737,1553
4,11,14.5,0.000000,0.000000,0.000000,0.000000,0.000000,0.000000,0.000000,0.000000,0.000000,0.000000,-0.585875,0.683235,-0.627608,0.567584,1246
4,11,15,0.000000,0.000000,0.000000,0.000000,0.000000,0.000000,0.000000,0.000000,0.000000,0.000000,-0.545819,0.676059,-0.602313,0.593625,1124
4,11,15.5,0.000000,0.000000,0.000000,0.000000,0.000000,0.000000,0.000000,0.000000,0.000000,0.000000,-0.523316,0.649456,-0.621762,0.562635,965
4,11,16,0.000000,0.000000,0.000000,0.000000,0.000000,0.000000,0.000000,0.000000,0.000000,0.000000,-0.549223,0.663380,-0.624352,0.563552,772
4,11,16.5,0.000000,0.000000,0.000000,0.000000,0.000000,0.000000,0.000000,0.000000,0.000000,0.000000,-0.529650,0.657477,-0.623989,0.566163,742
4,11,17,0.000000,0.000000,0.000000,0.000000,0.000000,0.000000,0.000000,0.000000,0.000000,0.000000,-0.509852,0.640297,-0.640394,0.545560,609
4,11,17.5,0.000000,0.000000,0.000000,0.000000,0.000000,0.000000,0.000000,0.000000,0.000000,0.000000,-0.545365,0.635023,-0.637081,0.527067,507
4,11,18,0.000000,0.000000,0.000000,0.000000,0.000000,0.000000,0.000000,0.000000,0.000000,0.000000,-0.565060,0.669261,-0.636145,0.554356,415
4,11,18.5,0.000000,0.000000,0.000000,0.000000,0.000000,0.000000,0.000000,0.000000,0.000000,0.000000,-0.487903,0.641655,-0.629032,0.566684,372
4,11,19,0.000000,0.000000,0.000000,0.000000,0.000000,0.000000,0.000000,0.000000,0.000000,0.000000,-0.512698,0.637934,-0.641270,0.541154,315
4,11,19.5,0.000000,0.000000,0.000000,0.000000,0.000000,0.000000,0.000000,0.000000,0.000000,0.000000,-0.503774,0.615080,-0.683019,0.488202,265
4,11,20,0.000000,0.000000,0.000000,0.000000,0.000000,0.000000,0.000000,0.000000,0.000000,0.000000,-0.502203,0.637660,-0.656388,0.533913,227
4,11,20.5,0.000000,0.000000,0.000000,0.000000,0.000000,0.000000,0.000000,0.000000,0.000000,0.000000,-0.512887,0.609370,-0.670103,0.489106,194
4,11,21,0.000000,0.000000,0.000000,0.000000,0.000000,0.000000,0.000000,0.000000,0.000000,0.000000,-0.521341,0.659606,-0.615854,0.578041,164
4,11,21.5,0.000000,0.000000,0.000000,0.000000,0.000000,0.000000,0.000000,0.000000,0.000000,0.000000,-0.438931,0.599324,-0.625954,0.554746,131
4,11,22,0.000000,0.000000,0.000000,0.000000,0.000000,0.000000,0.000000,0.000000,0.000000,0.000000,-0.561111,0.660154,-0.644444,0.540247,90
4,11,22.5,0.000000,0.000000,0.000000,0.000000,0.000000,0.000000,0.000000,0.000000,0.000000,0.000000,-0.595960,0.609479,-0.777778,0.354658,99
4,11,23,0.000000,0.000000,0.000000,0.000000,0.000000,0.000000,0.000000,0.000000,0.000000,0.000000,-0.518519,0.663237,-0.666667,0.543210,81
4,11,23.5,0.000000,0.000000,0.000000,0.000000,0.000000,0.000000,0.000000,0.000000,0.000000,0.000000,-0.465517,0.602259,-0.689655,0.489893,58
4,11,24,0.000000,0.000000,0.000000,0.000000,0.000000,0.000000,0.000000,0.000000,0.000000,0.000000,-0.325581,0.591671,-0.488372,0.714981,43
4,11,24.5,0.000000,0.000000,0.000000,0.000000,0.000000,0.000000,0.000000,0.000000,0.000000,0.000000,-0.548387,0.699272,-0.580645,0.630593,31
4,11,25,0.000000,0.000000,0.000000,0.000000,0.000000,0.000000,0.000000,0.000000,0.000000,0.000000,-0.500000,0.630435,-0.652174,0.531191,46
4,11,25.5,0.000000,0.000000,0.000000,0.000000,0.000000,0.000000,0.000000,0.000000,0.000000,0.000000,-0.585714,0.664082,-0.685714,0.501224,35
4,11,26,0.000000,0.000000,0.000000,0.000000,0.000000,0.000000,0.000000,0.000000,0.000000,0.000000,-0.500000,0.666667,-0.666667,0.555556,18
4,11,26.5,0.000000,0.000000,0.000000,0.000000,0.000000,0.000000,0.000000,0.000000,0.000000,0.000000,-0.568966,0.650416,-0.689655,0.489893,29
4,11,27,0.000000,0.000000,0.000000,0.000000,0.000000,0.000000,0.000000,0.000000,0.000000,0.000000,-0.527778,0.624228,-0.777778,0.395062,18
4,11,27.5,0.000000,0.000000,0.000000,0.000000,0.000000,0.000000,0.000000,0.000000,0.000000,0.000000,-0.450000,0.772500,-0.400000,0.840000,10
4,11,28,0.000000,0.000000,0.000000,0.000000,0.000000,0.000000,0.000000,0.000000,0.000000,0.000000,-0.470588,0.602076,-0.764706,0.415225,17
4,11,28.5,0.000000,0.000000,0.000000,0.000000,0.000000,0.000000,0.000000,0.000000,0.000000,0.000000,0.000000,0.250000,0.500000,0.250000,2
4,11,29,0.000000,0.000000,0.000000,0.000000,0.000000,0.000000,0.000000,0.000000,0.000000,0.000000,-1.000000,0.500000,-1.000000,0.000000,6
4,11,29.5,0.000000,0.000000,0.000000,0.000000,0.000000,0.000000,0.000000,0.000000,0.000000,0.000000,-0.375000,0.421875,-1.000000,0.000000,4
4,11,30,0.000000,0.000000,0.000000,0.000000,0.000000,0.000000,0.000000,0.000000,0.000000,0.000000,0.000000,0.000000,-1.000000,0.000000,4
4,11,30.5,0.000000,0.000000,0.000000,0.000000,0.000000,0.000000,0.000000,0.000000,0.000000,0.000000,-0.375000,0.421875,-1.000000,0.000000,4
4,11,31,0.000000,0.000000,0.000000,0.000000,0.000000,0.000000,0.000000,0.000000,0.000000,0.000000,0.250000,0.062500,0.000000,1.000000,2
4,11,31.5,0.000000,0.000000,0.000000,0.000000,0.000000,0.000000,0.000000,0.000000,0.000000,0.000000,0.000000,0.000000,-1.000000,0.000000,2
4,11,32,0.000000,0.000000,0.000000,0.000000,0.000000,0.000000,0.000000,0.000000,0.000000,0.000000,-0.125000,0.671875,0.000000,1.000000,4
4,11,32.5,0.000000,0.000000,0.000000,0.000000,0.000000,0.000000,0.000000,0.000000,0.000000,0.000000,-1.500000,0.000000,-1.000000,0.000000,1
4,11,33,0.000000,0.000000,0.000000,0.000000,0.000000,0.000000,0.000000,0.000000,0.000000,0.000000,-1.500000,0.000000,-1.000000,0.000000,5
4,11,33.5,0.000000,0.000000,0.000000,0.000000,0.000000,0.000000,0.000000,0.000000,0.000000,0.000000,0.000000,0.000000,-1.000000,0.000000,1
4,11,34,0.000000,0.000000,0.000000,0.000000,0.000000,0.000000,0.000000,0.000000,0.000000,0.000000,0.000000,0.000000,-1.000000,0.000000,1
4,11,34.5,0.000000,0.000000,0.000000,0.000000,0.000000,0.000000,0.000000,0.000000,0.000000,0.000000,0.000000,0.000000,-1.000000,0.000000,1
4,11,37,0.000000,0.000000,0.000000,0.000000,0.000000,0.000000,0.000000,0.000000,0.000000,0.000000,-1.500000,0.000000,-1.000000,0.000000,1
5,11,-36.5,0.000000,0.000000,0.000000,0.000000,0.000000,0.000000,0.000000,0.000000,0.000000,0.000000,-1.500000,0.000000,-1.000000,0.000000,1
5,11,-35.5,0.000000,0.000000,0.000000,0.000000,0.000000,0.000000,0.000000,0.000000,0.000000,0.000000,0.500000,0.000000,1.000000,0.000000,1
5,11,-34,0.000000,0.000000,0.000000,0.000000,0.000000,0.000000,0.000000,0.000000,0.000000,0.000000,-1.500000,0.000000,-1.000000,0.000000,2
5,11,-33.5,0.000000,0.000000,0.000000,0.000000,0.000000,0.000000,0.000000,0.000000,0.000000,0.000000,0.500000,0.000000,1.000000,0.000000,1
5,11,-33,0.000000,0.000000,0.000000,0.000000,0.000000,0.000000,0.000000,0.000000,0.000000,0.000000,-0.500000,0.000000,0.000000,0.000000,1
5,11,-32,0.000000,0.000000,0.000000,0.000000,0.000000,0.000000,0.000000,0.000000,0.000000,0.000000,0.000000,0.000000,-1.000000,0.000000,1
5,11,-31.5,0.000000,0.000000,0.000000,0.000000,0.000000,0.000000,0.000000,0.000000,0.000000,0.000000,0.166667,0.555556,0.666667,0.555556,6
5,11,-31,0.000000,0.000000,0.000000,0.000000,0.000000,0.000000,0.000000,0.000000,0.000000,0.000000,0.500000,0.000000,1.000000,0.000000,1
5,11,-30.5,0.000000,0.000000,0.000000,0.000000,0.000000,0.000000,0.000000,0.000000,0.000000,0.000000,-0.800000,0.760000,-0.600000,0.640000,10
5,11,-30,0.000000,0.000000,0.000000,0.000000,0.000000,0.000000,0.000000,0.000000,0.000000,0.000000,-0.500000,0.800000,0.000000,0.800000,5
5,11,-29.5,0.000000,0.000000,0.000000,0.000000,0.000000,0.000000,0.000000,0.000000,0.000000,0.000000,-0.950000,0.522500,-0.600000,0.440000,10
5,11,-29,0.000000,0.000000,0.000000,0.000000,0.000000,0.000000,0.000000,0.000000,0.000000,0.000000,-0.566667,0.828889,-0.266667,0.862222,15
5,11,-28.5,0.000000,0.000000,0.000000,0.000000,0.000000,0.000000,0.000000,0.000000,0.000000,0.000000,-0.941176,0.525952,-0.529412,0.484429,17
5,11,-28,0.000000,0.000000,0.000000,0.000000,0.000000,0.000000,0.000000,0.000000,0.000000,0.000000,-0.666667,0.763889,-0.416667,0.743056,12
5,11,-27.5,0.000000,0.000000,0.000000,0.000000,0.000000,0.000000,0.000000,0.000000,0.000000,0.000000,-0.527778,0.707562,-0.277778,0.756173,18
5,11,-27,0.000000,0.000000,0.000000,0.000000,0.000000,0.000000,0.000000,0.000000,0.000000,0.000000,-0.750000,0.737500,-0.550000,0.647500,20
5,11,-26.5,0.000000,0.000000,0.000000,0.000000,0.000000,0.000000,0.000000,0.000000,0.000000,0.000000,-0.647059,0.860727,-0.323529,0.865917,34
5,11,-26,0.000000,0.000000,0.000000,0.000000,0.000000,0.000000,0.000000,0.000000,0.000000,0.000000,-0.826923,0.633506,-0.384615,0.621302,26
5,11,-25.5,0.000000,0.000000,0.000000,0.000000,0.000000,0.000000,0.000000,0.000000,0.000000,0.000000,-0.659420,0.771687,-0.333333,0.772947,69
5,11,-25,0.000000,0.000000,0.000000,0.000000,0.000000,0.000000,0.000000,0.000000,0.000000,0.000000,-0.669014,0.703829,-0.507042,0.644317,71
5,11,-24.5,0.000000,0.000000,0.000000,0.000000,0.000000,0.000000,0.000000,0.000000,0.000000,0.000000,-0.613636,0.725723,-0.454545,0.702479,66
5,11,-24,0.000000,0.000000,0.000000,0.000000,0.000000,0.000000,0.000000,0.000000,0.000000,0.000000,-0.733333,0.717778,-0.466667,0.671111,90
5,11,-23.5,0.000000,0.000000,0.000000,0.000000,0.000000,0.000000,0.000000,0.000000,0.000000,0.000000,-0.540000,0.693400,-0.430000,0.705100,100
5,11,-23,0.000000,0.000000,0.000000,0.000000,0.000000,0.000000,0.000000,0.000000,0.000000,0.000000,-0.651316,0.727104,-0.427632,0.705289,152
5,11,-22.5,0.000000,0.000000,0.000000,0.000000,0.000000,0.000000,0.000000,0.000000,0.000000,0.000000,-0.626543,0.738616,-0.469136,0.705838,162
5,11,-22,0.000000,0.000000,0.000000,0.000000,0.000000,0.000000,0.000000,0.000000,0.000000,0.000000,-0.550955,0.752181,-0.337580,0.784129,157
5,11,-21.5,0.000000,0.000000,0.000000,0.000000,0.000000,0.000000,0.000000,0.000000,0.000000,0.000000,-0.599057,0.744905,-0.410377,0.741968,212
5,11,-21,0.000000,0.000000,0.000000,0.000000,0.000000,0.000000,0.000000,0.000000,0.000000,0.000000,-0.619926,0.719013,-0.446494,0.697322,271
5,11,-20.5,0.000000,0.000000,0.000000,0.000000,0.000000,0.000000,0.000000,0.000000,0.000000,0.000000,-0.626844,0.756772,-0.427729,0.740352,339
5,11,-20,0.000000,0.000000,0.000000,0.000000,0.000000,0.000000,0.000000,0.000000,0.000000,0.000000,-0.573265,0.742062,-0.362468,0.760648,389
5,11,-19.5,0.000000,0.000000,0.000000,0.000000,0.000000,0.000000,0.000000,0.000000,0.000000,0.000000,-0.492045,0.702778,-0.377273,0.753120,440
5,11,-19,0.000000,0.000000,0.000000,0.000000,0.000000,0.000000,0.000000,0.000000,0.000000,0.000000,-0.556140,0.724918,-0.445614,0.724235,570
5,11,-18.5,0.000000,0.000000,0.000000,0.000000,0.000000,0.000000,0.000000,0.000000,0.000000,0.000000,-0.550664,0.777749,-0.367110,0.803769,602
5,11,-18,0.000000,0.000000,0.000000,0.000000,0.000000,0.000000,0.000000,0.000000,0.000000,0.000000,-0.525325,0.763969,-0.335065,0.807212,770
5,11,-17.5,0.000000,0.000000,0.000000,0.000000,0.000000,0.000000,0.000000,0.000000,0.000000,0.000000,-0.616610,0.742659,-0.449374,0.720702,879
5,11,-17,0.000000,0.000000,0.000000,0.000000,0.000000,0.000000,0.000000,0.000000,0.000000,0.000000,-0.583248,0.733366,-0.437181,0.726135,979
5,11,-16.5,0.000000,0.000000,0.000000,0.000000,0.000000,0.000000,0.000000,0.000000,0.000000,0.000000,-0.589394,0.729888,-0.443939,0.718069,1320
5,11,-16,0.000000,0.000000,0.000000,0.000000,0.000000,0.000000,0.000000,0.000000,0.000000,0.000000,-0.543039,0.734487,-0.387725,0.758352,1336
5,11,-15.5,0.000000,0.000000,0.000000,0.000000,0.000000,0.000000,0.000000,0.000000,0.000000,0.000000,-0.582720,0.742449,-0.407365,0.745668,1765
5,11,-15,0.000000,0.000000,0.000000,0.000000,0.000000,0.000000,0.000000,0.000000,0.000000,0.000000,-0.575177,0.730978,-0.429364,0.729370,1982
5,11,-14.5,0.000000,0.000000,0.000000,0.000000,0.000000,0.000000,0.000000,0.000000,0.000000,0.000000,-0.560462,0.725624,-0.414402,0.734521,2208
5,11,-14,0.000000,0.000000,0.000000,0.000000,0.000000,0.000000,0.000000,0.000000,0.000000,0.000000,-0.582346,0.718700,-0.453738,0.705299,2702
5,11,-13.5,0.000000,0.000000,0.000000,0.000000,0.000000,0.000000,0.000000,0.000000,0.000000,0.000000,-0.561141,0.738110,-0.415761,0.746301,2944
5,11,-13,0.000000,0.000000,0.000000,0.000000,0.000000,0.000000,0.000000,0.000000,0.000000,0.000000,-0.564181,0.720381,-0.454860,0.712942,3755
5,11,-12.5,0.000000,0.000000,0.000000,0.000000,0.000000,0.000000,0.000000,0.000000,0.000000,0.000000,-0.581531,0.735698,-0.451519,0.723470,4115
5,11,-12,0.000000,0.000000,0.000000,0.000000,0.000000,0.000000,0.000000,0.000000,0.000000,0.000000,-0.583845,0.733563,-0.452556,0.720142,4890
5,11,-11.5,0.000000,0.000000,0.000000,0.000000,0.000000,0.000000,0.000000,0.000000,0.000000,0.000000,-0.573303,0.726722,-0.463393,0.712407,5641
5,11,-11,0.000000,0.000000,0.000000,0.000000,0.000000,0.000000,0.000000,0.000000,0.000000,0.000000,-0.582212,0.725054,-0.464018,0.707404,6392
5,11,-10.5,0.000000,0.000000,0.000000,0.000000,0.000000,0.000000,0.000000,0.000000,0.000000,0.000000,-0.581618,0.724719,-0.467327,0.705840,7774
5,11,-10,0.000000,0.000000,0.000000,0.000000,0.000000,0.000000,0.000000,0.000000,0.000000,0.000000,-0.578505,0.727916,-0.460437,0.713043,8872
5,11,-9.5,0.000000,0.000000,0.000000,0.000000,0.000000,0.000000,0.000000,0.000000,0.000000,0.000000,-0.579162,0.714596,-0.471342,0.694789,9910
5,11,-9,0.000000,0.000000,0.000000,0.000000,0.000000,0.000000,0.000000,0.000000,0.000000,0.000000,-0.566604,0.722418,-0.467252,0.708854,11741
5,11,-8.5,0.000000,0.000000,0.000000,0.000000,0.000000,0.000000,0.000000,0.000000,0.000000,0.000000,-0.571763,0.720450,-0.472897,0.702535,13043
5,11,-8,0.000000,0.000000,0.000000,0.000000,0.000000,0.000000,0.000000,0.000000,0.000000,0.000000,-0.586125,0.716742,-0.489923,0.686034,15431
5,11,-7.5,0.000000,0.000000,0.000000,0.000000,0.000000,0.000000,0.000000,0.000000,0.000000,0.000000,-0.564287,0.717311,-0.473921,0.701660,17562
5,11,-7,0.000000,0.000000,0.000000,0.000000,0.000000,0.000000,0.000000,0.000000,0.000000,0.000000,-0.569089,0.714675,-0.484552,0.692389,21038
5,11,-6.5,0.000000,0.000000,0.000000,0.000000,0.000000,0.000000,0.000000,0.000000,0.000000,0.000000,-0.568591,0.715267,-0.483077,0.693852,23961
5,11,-6,0.000000,0.000000,0.000000,0.000000,0.000000,0.000000,0.000000,0.000000,0.000000,0.000000,-0.571112,0.714357,-0.484793,0.691231,27717
5,11,-5.5,0.000000,0.000000,0.000000,0.000000,0.000000,0.000000,0.000000,0.000000,0.000000,0.000000,-0.569807,0.718168,-0.488741,0.693641,32819
5,11,-5,0.000000,0.000000,0.000000,0.000000,0.000000,0.000000,0.000000,0.000000,0.000000,0.000000,-0.562841,0.713049,-0.487008,0.691904,36831
5,11,-4.5,0.000000,0.000000,0.000000,0.000000,0.000000,0.000000,0.000000,0.000000,0.000000,0.000000,-0.568914,0.711662,-0.496414,0.683734,43228
5,11,-4,0.000000,0.000000,0.000000,0.000000,0.000000,0.000000,0.000000,0.000000,0.000000,0.000000,-0.572761,0.709626,-0.505233,0.675896,50549
5,11,-3.5,0.000000,0.000000,0.000000,0.000000,0.000000,0.000000,0.000000,0.000000,0.000000,0.000000,-0.569405,0.709054,-0.508389,0.674903,58526
5,11,-3,0.000000,0.000000,0.000000,0.000000,0.000000,0.000000,0.000000,0.000000,0.000000,0.000000,-0.576110,0.704748,-0.516911,0.663745,68565
5,11,-2.5,0.000000,0.000000,0.000000,0.000000,0.000000,0.000000,0.000000,0.000000,0.000000,0.000000,-0.566755,0.703909,-0.512311,0.668681,80414
5,11,-2,0.000000,0.000000,0.000000,0.000000,0.000000,0.000000,0.000000,0.000000,0.000000,0.000000,-0.561024,0.704908,-0.513441,0.671219,93816
5,11,-1.5,0.000000,0.000000,0.000000,0.000000,0.000000,0.000000,0.000000,0.000000,0.000000,0.000000,-0.561332,0.704694,-0.513917,0.670637,112487
5,11,-1,0.000000,0.000000,0.000000,0.000000,0.000000,0.000000,0.000000,0.000000,0.000000,0.000000,-0.562887,0.702461,-0.521482,0.663770,129343
5,11,-0.5,0.000000,0.000000,0.000000,0.000000,0.000000,0.000000,0.000000,0.000000,0.000000,0.000000,-0.570703,0.701432,-0.528514,0.656010,154308
5,11,0,0.000000,0.000000,0.000000,0.000000,0.000000,0.000000,0.000000,0.000000,0.000000,0.000000,-0.561030,0.700374,-0.526316,0.659733,180895
5,11,0.5,0.000000,0.000000,0.000000,0.000000,0.000000,0.000000,0.000000,0.000000,0.000000,0.000000,-0.562879,0.698610,-0.530483,0.654954,227770
5,11,1,0.000000,0.000000,0.000000,0.000000,0.000000,0.000000,0.000000,0.000000,0.000000,0.000000,-0.565179,0.698581,-0.535910,0.650995,152673
5,11,1.5,0.000000,0.000000,0.000000,0.000000,0.000000,0.000000,0.000000,0.000000,0.000000,0.000000,-0.562222,0.696462,-0.534962,0.650519,134116
5,11,2,0.000000,0.000000,0.000000,0.000000,0.000000,0.000000,0.000000,0.000000,0.000000,0.000000,-0.561941,0.696422,-0.540237,0.647551,112769
5,11,2.5,0.000000,0.000000,0.000000,0.000000,0.000000,0.000000,0.000000,0.000000,0.000000,0.000000,-0.559498,0.693632,-0.543639,0.643699,95247
5,11,3,0.000000,0.000000,0.000000,0.000000,0.000000,0.000000,0.000000,0.000000,0.000000,0.000000,-0.558522,0.694369,-0.542133,0.645691,81456
5,11,3.5,0.000000,0.000000,0.000000,0.000000,0.000000,0.000000,0.000000,0.000000,0.000000,0.000000,-0.558968,0.691802,-0.548880,0.638966,69640
5,11,4,0.000000,0.000000,0.000000,0.000000,0.000000,0.000000,0.000000,0.000000,0.000000,0.000000,-0.564603,0.691433,-0.557617,0.631177,59548
5,11,4.5,0.000000,0.000000,0.000000,0.000000,0.000000,0.000000,0.000000,0.000000,0.000000,0.000000,-0.555506,0.688124,-0.555950,0.632347,50706
5,11,5,0.000000,0.000000,0.000000,0.000000,0.000000,0.000000,0.000000,0.000000,0.000000,0.000000,-0.560193,0.688652,-0.558936,0.629238,43751
5,11,5.5,0.000000,0.000000,0.000000,0.000000,0.000000,0.000000,0.000000,0.000000,0.000000,0.000000,-0.558085,0.686342,-0.565310,0.623753,37850
5,11,6,0.000000,0.000000,0.000000,0.000000,0.000000,0.000000,0.000000,0.000000,0.000000,0.000000,-0.554202,0.680960,-0.573248,0.614807,32185
5,11,6.5,0.000000,0.000000,0.000000,0.000000,0.000000,0.000000,0.000000,0.000000,0.000000,0.000000,-0.559219,0.686364,-0.570326,0.620152,27998
5,11,7,0.000000,0.000000,0.000000,0.000000,0.000000,0.000000,0.000000,0.000000,0.000000,0.000000,-0.558690,0.683933,-0.574419,0.615285,24033
5,11,7.5,0.000000,0.000000,0.000000,0.000000,0.000000,0.000000,0.000000,0.000000,0.000000,0.000000,-0.561039,0.680369,-0.580749,0.606680,20446
5,11,8,0.000000,0.000000,0.000000,0.000000,0.000000,0.000000,0.000000,0.000000,0.000000,0.000000,-0.550178,0.681242,-0.569319,0.619206,17946
5,11,8.5,0.000000,0.000000,0.000000,0.000000,0.000000,0.000000,0.000000,0.000000,0.000000,0.000000,-0.563357,0.679806,-0.585390,0.602155,15318
5,11,9,0.000000,0.000000,0.000000,0.000000,0.000000,0.000000,0.000000,0.000000,0.000000,0.000000,-0.577207,0.682628,-0.589764,0.597046,13658
5,11,9.5,0.000000,0.000000,0.000000,0.000000,0.000000,0.000000,0.000000,0.000000,0.000000,0.000000,-0.563787,0.675901,-0.595549,0.591173,11413
5,11,10,0.000000,0.000000,0.000000,0.000000,0.000000,0.000000,0.000000,0.000000,0.000000,0.000000,-0.557668,0.680088,-0.593686,0.598959,10231
5,11,10.5,0.000000,0.000000,0.000000,0.000000,0.000000,0.000000,0.000000,0.000000,0.000000,0.000000,-0.550636,0.672726,-0.599889,0.590050,9045
5,11,11,0.000000,0.000000,0.000000,0.000000,0.000000,0.000000,0.000000,0.000000,0.000000,0.000000,-0.566562,0.677713,-0.603897,0.586119,7339
5,11,11.5,0.000000,0.000000,0.000000,0.000000,0.000000,0.000000,0.000000,0.000000,0.000000,0.000000,-0.543877,0.669921,-0.598396,0.591028,6484
5,11,12,0.000000,0.000000,0.000000,0.000000,0.000000,0.000000,0.000000,0.000000,0.000000,0.000000,-0.561668,0.667711,-0.621934,0.564845,5708
5,11,12.5,0.000000,0.000000,0.000000,0.000000,0.000000,0.000000,0.000000,0.000000,0.000000,0.000000,-0.561518,0.669551,-0.615178,0.571722,4836
5,11,13,0.000000,0.000000,0.000000,0.000000,0.000000,0.000000,0.000000,0.000000,0.000000,0.000000,-0.566509,0.663855,-0.630425,0.552801,4240
5,11,13.5,0.000000,0.000000,0.000000,0.000000,0.000000,0.000000,0.000000,0.000000,0.000000,0.000000,-0.565087,0.662906,-0.638881,0.545871,3503
5,11,14,0.000000,0.000000,0.000000,0.000000,0.000000,0.000000,0.000000,0.000000,0.000000,0.000000,-0.548664,0.668910,-0.618321,0.573786,3144
5,11,14.5,0.000000,0.000000,0.000000,0.000000,0.000000,0.000000,0.000000,0.000000,0.000000,0.000000,-0.537942,0.665525,-0.614223,0.577835,2517
5,11,15,0.000000,0.000000,0.000000,0.000000,0.000000,0.000000,0.000000,0.000000,0.000000,0.000000,-0.557063,0.664810,-0.631352,0.556605,2322
5,11,15.5,0.000000,0.000000,0.000000,0.000000,0.000000,0.000000,0.000000,0.000000,0.000000,0.000000,-0.559471,0.662273,-0.624082,0.558637,2043
5,11,16,0.000000,0.000000,0.000000,0.000000,0.000000,0.000000,0.000000,0.000000,0.000000,0.000000,-0.540448,0.657978,-0.634101,0.554357,1607
5,11,16.5,0.000000,0.000000,0.000000,0.000000,0.000000,0.000000,0.000000,0.000000,0.000000,0.000000,-0.567030,0.655064,-0.656831,0.523031,1559
5,11,17,0.000000,0.000000,0.000000,0.000000,0.000000,0.000000,0.000000,0.000000,0.000000,0.000000,-0.573029,0.648609,-0.680498,0.494599,1205
5,11,17.5,0.000000,0.000000,0.000000,0.000000,0.000000,0.000000,0.000000,0.000000,0.000000,0.000000,-0.535484,0.652428,-0.634101,0.550911,1085
5,11,18,0.000000,0.000000,0.000000,0.000000,0.000000,0.000000,0.000000,0.000000,0.000000,0.000000,-0.511640,0.635843,-0.633862,0.545308,945
5,11,18.5,0.000000,0.000000,0.000000,0.000000,0.000000,0.000000,0.000000,0.000000,0.000000,0.000000,-0.523718,0.651040,-0.633333,0.555299,780
5,11,19,0.000000,0.000000,0.000000,0.000000,0.000000,0.000000,0.000000,0.000000,0.000000,0.000000,-0.534053,0.671183,-0.619601,0.581210,602
5,11,19.5,0.000000,0.000000,0.000000,0.000000,0.000000,0.000000,0.000000,0.000000,0.000000,0.000000,-0.525362,0.648813,-0.628623,0.555920,552
5,11,20,0.000000,0.000000,0.000000,0.000000,0.000000,0.000000,0.000000,0.000000,0.000000,0.000000,-0.600849,0.648534,-0.740977,0.429722,471
5,11,20.5,0.000000,0.000000,0.000000,0.000000,0.000000,0.000000,0.000000,0.000000,0.000000,0.000000,-0.518072,0.649673,-0.636145,0.554356,415
5,11,21,0.000000,0.000000,0.000000,0.000000,0.000000,0.000000,0.000000,0.000000,0.000000,0.000000,-0.550287,0.627500,-0.692529,0.471553,348
5,11,21.5,0.000000,0.000000,0.000000,0.000000,0.000000,0.000000,0.000000,0.000000,0.000000,0.000000,-0.531136,0.639140,-0.706960,0.478230,273
5,11,22,0.000000,0.000000,0.000000,0.000000,0.000000,0.000000,0.000000,0.000000,0.000000,0.000000,-0.543210,0.653483,-0.691358,0.501448,243
5,11,22.5,0.000000,0.000000,0.000000,0.000000,0.000000,0.000000,0.000000,0.000000,0.000000,0.000000,-0.537572,0.618531,-0.739884,0.423669,173
5,11,23,0.000000,0.000000,0.000000,0.000000,0.000000,0.000000,0.000000,0.000000,0.000000,0.000000,-0.576220,0.602422,-0.798780,0.331462,164
5,11,23.5,0.000000,0.000000,0.000000,0.000000,0.000000,0.000000,0.000000,0.000000,0.000000,0.000000,-0.597122,0.632654,-0.755396,0.400600,139
5,11,24,0.000000,0.000000,0.000000,0.000000,0.000000,0.000000,0.000000,0.000000,0.000000,0.000000,-0.589744,0.647929,-0.743590,0.429980,117
5,11,24.5,0.000000,0.000000,0.000000,0.000000,0.000000,0.000000,0.000000,0.000000,0.000000,0.000000,-0.581081,0.682615,-0.648649,0.552228,74
5,11,25,0.000000,0.000000,0.000000,0.000000,0.000000,0.000000,0.000000,0.000000,0.000000,0.000000,-0.449367,0.554398,-0.708861,0.434225,79
5,11,25.5,0.000000,0.000000,0.000000,0.000000,0.000000,0.000000,0.000000,0.000000,0.000000,0.000000,-0.491803,0.659769,-0.606557,0.599301,61
5,11,26,0.000000,0.000000,0.000000,0.000000,0.000000,0.000000,0.000000,0.000000,0.000000,0.000000,-0.566667,0.795556,-0.466667,0.782222,30
5,11,26.5,0.000000,0.000000,0.000000,0.000000,0.000000,0.000000,0.000000,0.000000,0.000000,0.000000,-0.500000,0.581633,-0.673469,0.464806,49
5,11,27,0.000000,0.000000,0.000000,0.000000,0.000000,0.000000,0.000000,0.000000,0.000000,0.000000,-0.585366,0.620761,-0.780488,0.366449,41
5,11,27.5,0.000000,0.000000,0.000000,0.000000,0.000000,0.000000,0.000000,0.000000,0.000000,0.000000,-0.629032,0.773673,-0.419355,0.759625,31
5,11,28,0.000000,0.000000,0.000000,0.000000,0.000000,0.000000,0.000000,0.000000,0.000000,0.000000,-0.826087,0.513233,-0.913043,0.079395,23
5,11,28.5,0.000000,0.000000,0.000000,0.000000,0.000000,0.000000,0.000000,0.000000,0.000000,0.000000,-0.318182,0.557851,-0.636364,0.595041,11
5,11,29,0.000000,0.000000,0.000000,0.000000,0.000000,0.000000,0.000000,0.000000,0.000000,0.000000,-0.250000,0.506944,-0.500000,0.694444,18
5,11,29.5,0.000000,0.000000,0.000000,0.000000,0.000000,0.000000,0.000000,0.000000,0.000000,0.000000,-0.875000,0.515625,-0.937500,0.058594,16
5,11,30,0.000000,0.000000,0.000000,0.000000,0.000000,0.000000,0.000000,0.000000,0.000000,0.000000,-1.500000,0.000000,-1.000000,0.000000,3
5,11,30.5,0.000000,0.000000,0.000000,0.000000,0.000000,0.000000,0.000000,0.000000,0.000000,0.000000,-0.600000,0.590000,-0.700000,0.410000,10
5,11,31,0.000000,0.000000,0.000000,0.000000,0.000000,0.000000,0.000000,0.000000,0.000000,0.000000,-0.437500,0.714844,-0.500000,0.750000,8
5,11,31.5,0.000000,0.000000,0.000000,0.000000,0.000000,0.000000,0.000000,0.000000,0.000000,0.000000,-1.000000,0.500000,-1.000000,0.000000,3
5,11,32,0.000000,0.000000,0.000000,0.000000,0.000000,0.000000,0.000000,0.000000,0.000000,0.000000,-0.125000,0.046875,-0.750000,0.187500,4
5,11,32.5,0.000000,0.000000,0.000000,0.000000,0.000000,0.000000,0.000000,0.000000,0.000000,0.000000,-0.166667,0.055556,-0.666667,0.222222,3
5,11,33,0.000000,0.000000,0.000000,0.000000,0.000000,0.000000,0.000000,0.000000,0.000000,0.000000,-1.500000,0.000000,-1.000000,0.000000,1
5,11,33.5,0.000000,0.000000,0.000000,0.000000,0.000000,0.000000,0.000000,0.000000,0.000000,0.000000,-0.750000,0.562500,-1.000000,0.000000,2
5,11,34,0.000000,0.000000,0.000000,0.000000,0.000000,0.000000,0.000000,0.000000,0.000000,0.000000,0.000000,0.000000,-1.000000,0.000000,1
5,11,36,0.000000,0.000000,0.000000,0.000000,0.000000,0.000000,0.000000,0.000000,0.000000,0.000000,-0.750000,0.562500,-1.000000,0.000000,2
5,11,37.5,0.000000,0.000000,0.000000,0.000000,0.000000,0.000000,0.000000,0.000000,0.000000,0.000000,-1.500000,0.000000,-1.000000,0.000000,1
5,11,38,0.000000,0.000000,0.000000,0.000000,0.000000,0.000000,0.000000,0.000000,0.000000,0.000000,0.000000,0.000000,-1.000000,0.000000,1
5,11,38.5,0.000000,0.000000,0.000000,0.000000,0.000000,0.000000,0.000000,0.000000,0.000000,0.000000,-1.000000,0.250000,-0.500000,0.250000,2
6,11,-43.5,0.000000,0.000000,0.000000,0.000000,0.000000,0.000000,0.000000,0.000000,0.000000,0.000000,-1.500000,0.000000,-1.000000,0.000000,1
6,11,-40,0.000000,0.000000,0.000000,0.000000,0.000000,0.000000,0.000000,0.000000,0.000000,0.000000,0.000000,0.000000,-1.000000,0.000000,1
6,11,-39.5,0.000000,0.000000,0.000000,0.000000,0.000000,0.000000,0.000000,0.000000,0.000000,0.000000,-1.500000,0.000000,-1.000000,0.000000,1
6,11,-39,0.000000,0.000000,0.000000,0.000000,0.000000,0.000000,0.000000,0.000000,0.000000,0.000000,-1.500000,0.000000,-1.000000,0.000000,1
6,11,-38,0.000000,0.000000,0.000000,0.000000,0.000000,0.000000,0.000000,0.000000,0.000000,0.000000,0.500000,0.000000,1.000000,0.000000,1
6,11,-34.5,0.000000,0.000000,0.000000,0.000000,0.000000,0.000000,0.000000,0.000000,0.000000,0.000000,-1.000000,0.500000,-1.000000,0.000000,3
6,11,-34,0.000000,0.000000,0.000000,0.000000,0.000000,0.000000,0.000000,0.000000,0.000000,0.000000,0.500000,0.000000,1.000000,0.000000,1
6,11,-33.5,0.000000,0.000000,0.000000,0.000000,0.000000,0.000000,0.000000,0.000000,0.000000,0.000000,0.500000,0.000000,1.000000,0.000000,1
6,11,-33,0.000000,0.000000,0.000000,0.000000,0.000000,0.000000,0.000000,0.000000,0.000000,0.000000,-1.500000,0.000000,-1.000000,0.000000,1
6,11,-32.5,0.000000,0.000000,0.000000,0.000000,0.000000,0.000000,0.000000,0.000000,0.000000,0.000000,-0.666667,0.388889,-0.666667,0.222222,3
6,11,-32,0.000000,0.000000,0.000000,0.000000,0.000000,0.000000,0.000000,0.000000,0.000000,0.000000,-1.000000,0.583333,-0.500000,0.583333,6
6,11,-31.5,0.000000,0.000000,0.000000,0.000000,0.000000,0.000000,0.000000,0.000000,0.000000,0.000000,-0.250000,0.687500,0.250000,0.687500,4
6,11,-31,0.000000,0.000000,0.000000,0.000000,0.000000,0.000000,0.000000,0.000000,0.000000,0.000000,0.250000,0.187500,0.750000,0.187500,4
6,11,-30.5,0.000000,0.000000,0.000000,0.000000,0.000000,0.000000,0.000000,0.000000,0.000000,0.000000,-0.590909,0.764463,-0.363636,0.776860,11
6,11,-30,0.000000,0.000000,0.000000,0.000000,0.000000,0.000000,0.000000,0.000000,0.000000,0.000000,-0.333333,0.763889,-0.083333,0.909722,12
6,11,-29.5,0.000000,0.000000,0.000000,0.000000,0.000000,0.000000,0.000000,0.000000,0.000000,0.000000,-0.958333,0.644097,-0.583333,0.576389,12
6,11,-29,0.000000,0.000000,0.000000,0.000000,0.000000,0.000000,0.000000,0.000000,0.000000,0.000000,-0.727273,0.425620,-0.363636,0.413223,11
6,11,-28.5,0.000000,0.000000,0.000000,0.000000,0.000000,0.000000,0.000000,0.000000,0.000000,0.000000,-1.138889,0.494599,-0.722222,0.422840,18
6,11,-28,0.000000,0.000000,0.000000,0.000000,0.000000,0.000000,0.000000,0.000000,0.000000,0.000000,-0.547619,0.783447,-0.190476,0.820862,21
6,11,-27.5,0.000000,0.000000,0.000000,0.000000,0.000000,0.000000,0.000000,0.000000,0.000000,0.000000,-0.560000,0.766400,-0.360000,0.790400,25
6,11,-27,0.000000,0.000000,0.000000,0.000000,0.000000,0.000000,0.000000,0.000000,0.000000,0.000000,-0.565789,0.791724,-0.263158,0.825485,38
6,11,-26.5,0.000000,0.000000,0.000000,0.000000,0.000000,0.000000,0.000000,0.000000,0.000000,0.000000,-0.625000,0.776042,-0.375000,0.776042,48
6,11,-26,0.000000,0.000000,0.000000,0.000000,0.000000,0.000000,0.000000,0.000000,0.000000,0.000000,-0.574468,0.872114,-0.234043,0.902671,47
6,11,-25.5,0.000000,0.000000,0.000000,0.000000,0.000000,0.000000,0.000000,0.000000,0.000000,0.000000,-0.710526,0.817521,-0.407895,0.794148,76
6,11,-25,0.000000,0.000000,0.000000,0.000000,0.000000,0.000000,0.000000,0.000000,0.000000,0.000000,-0.581250,0.771523,-0.325000,0.794375,80
6,11,-24.5,0.000000,0.000000,0.000000,0.000000,0.000000,0.000000,0.000000,0.000000,0.000000,0.000000,-0.573864,0.690567,-0.500000,0.659091,88
6,11,-24,0.000000,0.000000,0.000000,0.000000,0.000000,0.000000,0.000000,0.000000,0.000000,0.000000,-0.644366,0.709792,-0.471831,0.671742,142
6,11,-23.5,0.000000,0.000000,0.000000,0.000000,0.000000,0.000000,0.000000,0.000000,0.000000,0.000000,-0.622581,0.772071,-0.393548,0.767700,155
6,11,-23,0.000000,0.000000,0.000000,0.000000,0.000000,0.000000,0.000000,0.000000,0.000000,0.000000,-0.686937,0.743208,-0.504505,0.682412,222
6,11,-22.5,0.000000,0.000000,0.000000,0.000000,0.000000,0.000000,0.000000,0.000000,0.000000,0.000000,-0.699531,0.719577,-0.474178,0.671868,213
6,11,-22,0.000000,0.000000,0.000000,0.000000,0.000000,0.000000,0.000000,0.000000,0.000000,0.000000,-0.726378,0.741076,-0.492126,0.683009,254
6,11,-21.5,0.000000,0.000000,0.000000,0.000000,0.000000,0.000000,0.000000,0.000000,0.000000,0.000000,-0.591463,0.715720,-0.466463,0.693997,328
6,11,-21,0.000000,0.000000,0.000000,0.000000,0.000000,0.000000,0.000000,0.000000,0.000000,0.000000,-0.612994,0.718871,-0.468927,0.689712,354
6,11,-20.5,0.000000,0.000000,0.000000,0.000000,0.000000,0.000000,0.000000,0.000000,0.000000,0.000000,-0.599788,0.742696,-0.411890,0.739052,471
6,11,-20,0.000000,0.000000,0.000000,0.000000,0.000000,0.000000,0.000000,0.000000,0.000000,0.000000,-0.611895,0.766209,-0.356855,0.773864,496
6,11,-19.5,0.000000,0.000000,0.000000,0.000000,0.000000,0.000000,0.000000,0.000000,0.000000,0.000000,-0.582353,0.767168,-0.369748,0.780934,595
6,11,-19,0.000000,0.000000,0.000000,0.000000,0.000000,0.000000,0.000000,0.000000,0.000000,0.000000,-0.583333,0.775032,-0.379845,0.785950,774
6,11,-18.5,0.000000,0.000000,0.000000,0.000000,0.000000,0.000000,0.000000,0.000000,0.000000,0.000000,-0.592090,0.723515,-0.446281,0.709924,847
6,11,-18,0.000000,0.000000,0.000000,0.000000,0.000000,0.000000,0.000000,0.000000,0.000000,0.000000,-0.620419,0.734190,-0.465969,0.704339,1146
6,11,-17.5,0.000000,0.000000,0.000000,0.000000,0.000000,0.000000,0.000000,0.000000,0.000000,0.000000,-0.624620,0.740549,-0.466565,0.709368,1316
6,11,-17,0.000000,0.000000,0.000000,0.000000,0.000000,0.000000,0.000000,0.000000,0.000000,0.000000,-0.616183,0.722670,-0.454357,0.698816,1446
6,11,-16.5,0.000000,0.000000,0.000000,0.000000,0.000000,0.000000,0.000000,0.000000,0.000000,0.000000,-0.636775,0.730627,-0.465673,0.696932,1879
6,11,-16,0.000000,0.000000,0.000000,0.000000,0.000000,0.000000,0.000000,0.000000,0.000000,0.000000,-0.606518,0.731632,-0.465819,0.705641,1887
6,11,-15.5,0.000000,0.000000,0.000000,0.000000,0.000000,0.000000,0.000000,0.000000,0.000000,0.000000,-0.584254,0.734415,-0.449898,0.721927,2445
6,11,-15,0.000000,0.000000,0.000000,0.000000,0.000000,0.000000,0.000000,0.000000,0.000000,0.000000,-0.607735,0.746681,-0.454144,0.725245,2715
6,11,-14.5,0.000000,0.000000,0.000000,0.000000,0.000000,0.000000,0.000000,0.000000,0.000000,0.000000,-0.635773,0.727209,-0.474651,0.689788,3156
6,11,-14,0.000000,0.000000,0.000000,0.000000,0.000000,0.000000,0.000000,0.000000,0.000000,0.000000,-0.598320,0.734067,-0.456848,0.714288,3870
6,11,-13.5,0.000000,0.000000,0.000000,0.000000,0.000000,0.000000,0.000000,0.000000,0.000000,0.000000,-0.612009,0.732720,-0.463972,0.705977,4330
6,11,-13,0.000000,0.000000,0.000000,0.000000,0.000000,0.000000,0.000000,0.000000,0.000000,0.000000,-0.606789,0.730475,-0.465085,0.704723,5141
6,11,-12.5,0.000000,0.000000,0.000000,0.000000,0.000000,0.000000,0.000000,0.000000,0.000000,0.000000,-0.592438,0.725860,-0.463321,0.705180,5739
6,11,-12,0.000000,0.000000,0.000000,0.000000,0.000000,0.000000,0.000000,0.000000,0.000000,0.000000,-0.604814,0.724280,-0.487527,0.688940,6855
6,11,-11.5,0.000000,0.000000,0.000000,0.000000,0.000000,0.000000,0.000000,0.000000,0.000000,0.000000,-0.613530,0.731116,-0.487442,0.693361,7923
6,11,-11,0.000000,0.000000,0.000000,0.000000,0.000000,0.000000,0.000000,0.000000,0.000000,0.000000,-0.603020,0.724594,-0.482616,0.692087,8974
6,11,-10.5,0.000000,0.000000,0.000000,0.000000,0.000000,0.000000,0.000000,0.000000,0.000000,0.000000,-0.593143,0.726142,-0.481444,0.697180,10967
6,11,-10,0.000000,0.000000,0.000000,0.000000,0.000000,0.000000,0.000000,0.000000,0.000000,0.000000,-0.585381,0.724001,-0.475662,0.700177,12614
6,11,-9.5,0.000000,0.000000,0.000000,0.000000,0.000000,0.000000,0.000000,0.000000,0.000000,0.000000,-0.594423,0.722588,-0.481892,0.693018,14165
6,11,-9,0.000000,0.000000,0.000000,0.000000,0.000000,0.000000,0.000000,0.000000,0.000000,0.000000,-0.590714,0.727508,-0.478018,0.700887,17037
6,11,-8.5,0.000000,0.000000,0.000000,0.000000,0.000000,0.000000,0.000000,0.000000,0.000000,0.000000,-0.588980,0.718241,-0.495947,0.683679,18875
6,11,-8,0.000000,0.000000,0.000000,0.000000,0.000000,0.000000,0.000000,0.000000,0.000000,0.000000,-0.589289,0.717344,-0.495903,0.682704,21968
6,11,-7.5,0.000000,0.000000,0.000000,0.000000,0.000000,0.000000,0.000000,0.000000,0.000000,0.000000,-0.593069,0.715312,-0.501158,0.676859,25465
6,11,-7,0.000000,0.000000,0.000000,0.000000,0.000000,0.000000,0.000000,0.000000,0.000000,0.000000,-0.592461,0.718757,-0.501703,0.680221,29645
6,11,-6.5,0.000000,0.000000,0.000000,0.000000,0.000000,0.000000,0.000000,0.000000,0.000000,0.000000,-0.591549,0.718935,-0.498546,0.682267,34386
6,11,-6,0.000000,0.000000,0.000000,0.000000,0.000000,0.000000,0.000000,0.000000,0.000000,0.000000,-0.597031,0.716897,-0.508293,0.673581,39070
6,11,-5.5,0.000000,0.000000,0.000000,0.000000,0.000000,0.000000,0.000000,0.000000,0.000000,0.000000,-0.584479,0.712644,-0.509923,0.672481,46254
6,11,-5,0.000000,0.000000,0.000000,0.000000,0.000000,0.000000,0.000000,0.000000,0.000000,0.000000,-0.588072,0.713543,-0.511760,0.671245,53144
6,11,-4.5,0.000000,0.000000,0.000000,0.000000,0.000000,0.000000,0.000000,0.000000,0.000000,0.000000,-0.589676,0.713587,-0.515759,0.668663,61488
6,11,-4,0.000000,0.000000,0.000000,0.000000,0.000000,0.000000,0.000000,0.000000,0.000000,0.000000,-0.584937,0.708306,-0.520430,0.662419,72542
6,11,-3.5,0.000000,0.000000,0.000000,0.000000,0.000000,0.000000,0.000000,0.000000,0.000000,0.000000,-0.582104,0.706506,-0.522989,0.660172,83321
6,11,-3,0.000000,0.000000,0.000000,0.000000,0.000000,0.000000,0.000000,0.000000,0.000000,0.000000,-0.581993,0.708439,-0.520675,0.663401,98234
6,11,-2.5,0.000000,0.000000,0.000000,0.000000,0.000000,0.000000,0.000000,0.000000,0.000000,0.000000,-0.586132,0.705412,-0.530437,0.653620,114202
6,11,-2,0.000000,0.000000,0.000000,0.000000,0.000000,0.000000,0.000000,0.000000,0.000000,0.000000,-0.584903,0.704285,-0.533622,0.651100,133958
6,11,-1.5,0.000000,0.000000,0.000000,0.000000,0.000000,0.000000,0.000000,0.000000,0.000000,0.000000,-0.583046,0.703223,-0.536676,0.648914,159027
6,11,-1,0.000000,0.000000,0.000000,0.000000,0.000000,0.000000,0.000000,0.000000,0.000000,0.000000,-0.582683,0.703046,-0.539043,0.647495,183605
6,11,-0.5,0.000000,0.000000,0.000000,0.000000,0.000000,0.000000,0.000000,0.000000,0.000000,0.000000,-0.584557,0.701691,-0.542945,0.643246,220608
6,11,0,0.000000,0.000000,0.000000,0.000000,0.000000,0.000000,0.000000,0.000000,0.000000,0.000000,-0.585177,0.701351,-0.546801,0.640427,262454
6,11,0.5,0.000000,0.000000,0.000000,0.000000,0.000000,0.000000,0.000000,0.000000,0.000000,0.000000,-0.579407,0.699135,-0.546728,0.640189,340151
6,11,1,0.000000,0.000000,0.000000,0.000000,0.000000,0.000000,0.000000,0.000000,0.000000,0.000000,-0.580683,0.697607,-0.550852,0.635764,232471
6,11,1.5,0.000000,0.000000,0.000000,0.000000,0.000000,0.000000,0.000000,0.000000,0.000000,0.000000,-0.579160,0.698078,-0.552652,0.635666,205160
6,11,2,0.000000,0.000000,0.000000,0.000000,0.000000,0.000000,0.000000,0.000000,0.000000,0.000000,-0.583943,0.694690,-0.561874,0.625000,172569
6,11,2.5,0.000000,0.000000,0.000000,0.000000,0.000000,0.000000,0.000000,0.000000,0.000000,0.000000,-0.579975,0.692669,-0.564026,0.622965,147158
6,11,3,0.000000,0.000000,0.000000,0.000000,0.000000,0.000000,0.000000,0.000000,0.000000,0.000000,-0.579881,0.691749,-0.567740,0.619730,124247
6,11,3.5,0.000000,0.000000,0.000000,0.000000,0.000000,0.000000,0.000000,0.000000,0.000000,0.000000,-0.578237,0.691664,-0.566466,0.621016,105851
6,11,4,0.000000,0.000000,0.000000,0.000000,0.000000,0.000000,0.000000,0.000000,0.000000,0.000000,-0.580578,0.689967,-0.570974,0.615647,91787
6,11,4.5,0.000000,0.000000,0.000000,0.000000,0.000000,0.000000,0.000000,0.000000,0.000000,0.000000,-0.576186,0.689204,-0.570377,0.616774,77035
6,11,5,0.000000,0.000000,0.000000,0.000000,0.000000,0.000000,0.000000,0.000000,0.000000,0.000000,-0.574690,0.688933,-0.570356,0.617038,67158
6,11,5.5,0.000000,0.000000,0.000000,0.000000,0.000000,0.000000,0.000000,0.000000,0.000000,0.000000,-0.577465,0.689425,-0.578523,0.611266,58155
6,11,6,0.000000,0.000000,0.000000,0.000000,0.000000,0.000000,0.000000,0.000000,0.000000,0.000000,-0.577742,0.685023,-0.587665,0.600678,48822
6,11,6.5,0.000000,0.000000,0.000000,0.000000,0.000000,0.000000,0.000000,0.000000,0.000000,0.000000,-0.569137,0.685108,-0.583213,0.606789,42770
6,11,7,0.000000,0.000000,0.000000,0.000000,0.000000,0.000000,0.000000,0.000000,0.000000,0.000000,-0.574101,0.681858,-0.592017,0.595823,36727
6,11,7.5,0.000000,0.000000,0.000000,0.000000,0.000000,0.000000,0.000000,0.000000,0.000000,0.000000,-0.571873,0.682183,-0.591526,0.597272,31368
6,11,8,0.000000,0.000000,0.000000,0.000000,0.000000,0.000000,0.000000,0.000000,0.000000,0.000000,-0.574526,0.682766,-0.594825,0.594653,27440
6,11,8.5,0.000000,0.000000,0.000000,0.000000,0.000000,0.000000,0.000000,0.000000,0.000000,0.000000,-0.562265,0.674087,-0.600197,0.586693,23384
6,11,9,0.000000,0.000000,0.000000,0.000000,0.000000,0.000000,0.000000,0.000000,0.000000,0.000000,-0.567918,0.676633,-0.594406,0.591171,20915
6,11,9.5,0.000000,0.000000,0.000000,0.000000,0.000000,0.000000,0.000000,0.000000,0.000000,0.000000,-0.573000,0.677978,-0.602702,0.584909,17322
6,11,10,0.000000,0.000000,0.000000,0.000000,0.000000,0.000000,0.000000,0.000000,0.000000,0.000000,-0.564133,0.681866,-0.598575,0.594908,15577
6,11,10.5,0.000000,0.000000,0.000000,0.000000,0.000000,0.000000,0.000000,0.000000,0.000000,0.000000,-0.565612,0.677978,-0.601031,0.588755,13778
6,11,11,0.000000,0.000000,0.000000,0.000000,0.000000,0.000000,0.000000,0.000000,0.000000,0.000000,-0.563621,0.674047,-0.613944,0.576329,11317
6,11,11.5,0.000000,0.000000,0.000000,0.000000,0.000000,0.000000,0.000000,0.000000,0.000000,0.000000,-0.564553,0.672945,-0.611397,0.576728,10108
6,11,12,0.000000,0.000000,0.000000,0.000000,0.000000,0.000000,0.000000,0.000000,0.000000,0.000000,-0.559829,0.671070,-0.612533,0.575805,8633
6,11,12.5,0.000000,0.000000,0.000000,0.000000,0.000000,0.000000,0.000000,0.000000,0.000000,0.000000,-0.570130,0.677529,-0.615437,0.576338,7372
6,11,13,0.000000,0.000000,0.000000,0.000000,0.000000,0.000000,0.000000,0.000000,0.000000,0.000000,-0.556432,0.668661,-0.629252,0.562298,6468
6,11,13.5,0.000000,0.000000,0.000000,0.000000,0.000000,0.000000,0.000000,0.000000,0.000000,0.000000,-0.562988,0.666250,-0.623186,0.561956,5374
6,11,14,0.000000,0.000000,0.000000,0.000000,0.000000,0.000000,0.000000,0.000000,0.000000,0.000000,-0.556534,0.666816,-0.618189,0.568682,4882
6,11,14.5,0.000000,0.000000,0.000000,0.000000,0.000000,0.000000,0.000000,0.000000,0.000000,0.000000,-0.574789,0.670640,-0.631296,0.555952,3911
6,11,15,0.000000,0.000000,0.000000,0.000000,0.000000,0.000000,0.000000,0.000000,0.000000,0.000000,-0.554538,0.671589,-0.623533,0.570268,3493
6,11,15.5,0.000000,0.000000,0.000000,0.000000,0.000000,0.000000,0.000000,0.000000,0.000000,0.000000,-0.552339,0.674886,-0.618580,0.578104,3057
6,11,16,0.000000,0.000000,0.000000,0.000000,0.000000,0.000000,0.000000,0.000000,0.000000,0.000000,-0.548073,0.646052,-0.658516,0.519941,2413
6,11,16.5,0.000000,0.000000,0.000000,0.000000,0.000000,0.000000,0.000000,0.000000,0.000000,0.000000,-0.563529,0.656264,-0.664415,0.519295,2369
6,11,17,0.000000,0.000000,0.000000,0.000000,0.000000,0.000000,0.000000,0.000000,0.000000,0.000000,-0.581037,0.659289,-0.662885,0.517364,1851
6,11,17.5,0.000000,0.000000,0.000000,0.000000,0.000000,0.000000,0.000000,0.000000,0.000000,0.000000,-0.541205,0.661586,-0.626076,0.563748,1626
6,11,18,0.000000,0.000000,0.000000,0.000000,0.000000,0.000000,0.000000,0.000000,0.000000,0.000000,-0.551810,0.667649,-0.633073,0.560184,1409
6,11,18.5,0.000000,0.000000,0.000000,0.000000,0.000000,0.000000,0.000000,0.000000,0.000000,0.000000,-0.584279,0.636783,-0.693450,0.467599,1145
6,11,19,0.000000,0.000000,0.000000,0.000000,0.000000,0.000000,0.000000,0.000000,0.000000,0.000000,-0.557505,0.657025,-0.651072,0.533220,1026
6,11,19.5,0.000000,0.000000,0.000000,0.000000,0.000000,0.000000,0.000000,0.000000,0.000000,0.000000,-0.558293,0.675989,-0.622596,0.573912,832
6,11,20,0.000000,0.000000,0.000000,0.000000,0.000000,0.000000,0.000000,0.000000,0.000000,0.000000,-0.534039,0.643698,-0.662632,0.520071,661
6,11,20.5,0.000000,0.000000,0.000000,0.000000,0.000000,0.000000,0.000000,0.000000,0.000000,0.000000,-0.600787,0.634724,-0.710236,0.445171,635
6,11,21,0.000000,0.000000,0.000000,0.000000,0.000000,0.000000,0.000000,0.000000,0.000000,0.000000,-0.599029,0.641650,-0.722330,0.441346,515
6,11,21.5,0.000000,0.000000,0.000000,0.000000,0.000000,0.000000,0.000000,0.000000,0.000000,0.000000,-0.566879,0.623447,-0.713376,0.442263,471
6,11,22,0.000000,0.000000,0.000000,0.000000,0.000000,0.000000,0.000000,0.000000,0.000000,0.000000,-0.600932,0.638105,-0.711180,0.447639,322
6,11,22.5,0.000000,0.000000,0.000000,0.000000,0.000000,0.000000,0.000000,0.000000,0.000000,0.000000,-0.528037,0.631613,-0.700935,0.477538,321
6,11,23,0.000000,0.000000,0.000000,0.000000,0.000000,0.000000,0.000000,0.000000,0.000000,0.000000,-0.586093,0.626694,-0.731788,0.421440,302
6,11,23.5,0.000000,0.000000,0.000000,0.000000,0.000000,0.000000,0.000000,0.000000,0.000000,0.000000,-0.549356,0.638122,-0.699571,0.476266,233
6,11,24,0.000000,0.000000,0.000000,0.000000,0.000000,0.000000,0.000000,0.000000,0.000000,0.000000,-0.570652,0.620008,-0.722826,0.428609,184
6,11,24.5,0.000000,0.000000,0.000000,0.000000,0.000000,0.000000,0.000000,0.000000,0.000000,0.000000,-0.555118,0.611135,-0.763780,0.385145,127
6,11,25,0.000000,0.000000,0.000000,0.000000,0.000000,0.000000,0.000000,0.000000,0.000000,0.000000,-0.565041,0.601461,-0.723577,0.411395,123
6,11,25.5,0.000000,0.000000,0.000000,0.000000,0.000000,0.000000,0.000000,0.000000,0.000000,0.000000,-0.557522,0.693594,-0.628319,0.587517,113
6,11,26,0.000000,0.000000,0.000000,0.000000,0.000000,0.000000,0.000000,0.000000,0.000000,0.000000,-0.703704,0.662209,-0.759259,0.405007,54
6,11,26.5,0.000000,0.000000,0.000000,0.000000,0.000000,0.000000,0.000000,0.000000,0.000000,0.000000,-0.563492,0.575334,-0.777778,0.331570,63
6,11,27,0.000000,0.000000,0.000000,0.000000,0.000000,0.000000,0.000000,0.000000,0.000000,0.000000,-0.556604,0.543966,-0.735849,0.345319,53
6,11,27.5,0.000000,0.000000,0.000000,0.000000,0.000000,0.000000,0.000000,0.000000,0.000000,0.000000,-0.640625,0.581787,-0.937500,0.121094,32
6,11,28,0.000000,0.000000,0.000000,0.000000,0.000000,0.000000,0.000000,0.000000,0.000000,0.000000,-0.425926,0.605624,-0.703704,0.504801,27
6,11,28.5,0.000000,0.000000,0.000000,0.000000,0.000000,0.000000,0.000000,0.000000,0.000000,0.000000,-0.470588,0.602076,-0.764706,0.415225,34
6,11,29,0.000000,0.000000,0.000000,0.000000,0.000000,0.000000,0.000000,0.000000,0.000000,0.000000,-0.750000,0.583333,-0.875000,0.192708,24
6,11,29.5,0.000000,0.000000,0.000000,0.000000,0.000000,0.000000,0.000000,0.000000,0.000000,0.000000,-0.250000,0.437500,-0.650000,0.527500,20
6,11,30,0.000000,0.000000,0.000000,0.000000,0.000000,0.000000,0.000000,0.000000,0.000000,0.000000,-0.200000,0.460000,-0.600000,0.640000,10
6,11,30.5,0.000000,0.000000,0.000000,0.000000,0.000000,0.000000,0.000000,0.000000,0.000000,0.000000,-0.617647,0.721453,-0.647059,0.581315,17
6,11,31,0.000000,0.000000,0.000000,0.000000,0.000000,0.000000,0.000000,0.000000,0.000000,0.000000,-0.625000,0.609375,-0.875000,0.234375,16
6,11,31.5,0.000000,0.000000,0.000000,0.000000,0.000000,0.000000,0.000000,0.000000,0.000000,0.000000,-0.750000,0.562500,-1.000000,0.000000,4
6,11,32,0.000000,0.000000,0.000000,0.000000,0.000000,0.000000,0.000000,0.000000,0.000000,0.000000,-0.833333,0.555556,-1.000000,0.000000,9
6,11,32.5,0.000000,0.000000,0.000000,0.000000,0.000000,0.000000,0.000000,0.000000,0.000000,0.000000,0.100000,0.040000,-0.600000,0.640000,5
6,11,33,0.000000,0.000000,0.000000,0.000000,0.000000,0.000000,0.000000,0.000000,0.000000,0.000000,-0.750000,0.562500,-1.000000,0.000000,2
6,11,33.5,0.000000,0.000000,0.000000,0.000000,0.000000,0.000000,0.000000,0.000000,0.000000,0.000000,0.000000,0.000000,-1.000000,0.000000,1
6,11,34,0.000000,0.000000,0.000000,0.000000,0.000000,0.000000,0.000000,0.000000,0.000000,0.000000,-0.750000,0.562500,-1.000000,0.000000,6
6,11,34.5,0.000000,0.000000,0.000000,0.000000,0.000000,0.000000,0.000000,0.000000,0.000000,0.000000,0.000000,0.000000,-1.000000,0.000000,1
6,11,35,0.000000,0.000000,0.000000,0.000000,0.000000,0.000000,0.000000,0.000000,0.000000,0.000000,0.000000,0.000000,-1.000000,0.000000,1
6,11,38,0.000000,0.000000,0.000000,0.000000,0.000000,0.000000,0.000000,0.000000,0.000000,0.000000,0.000000,0.000000,-1.000000,0.000000,1
7,11,-36,0.000000,0.000000,0.000000,0.000000,0.000000,0.000000,0.000000,0.000000,0.000000,0.000000,-1.500000,0.000000,-1.000000,0.000000,1
7,11,-35,0.000000,0.000000,0.000000,0.000000,0.000000,0.000000,0.000000,0.000000,0.000000,0.000000,0.500000,0.000000,1.000000,0.000000,1
7,11,-34.5,0.000000,0.000000,0.000000,0.000000,0.000000,0.000000,0.000000,0.000000,0.000000,0.000000,0.500000,0.000000,1.000000,0.000000,1
7,11,-34,0.000000,0.000000,0.000000,0.000000,0.000000,0.000000,0.000000,0.000000,0.000000,0.000000,-1.500000,0.000000,-1.000000,0.000000,1
7,11,-33.5,0.000000,0.000000,0.000000,0.000000,0.000000,0.000000,0.000000,0.000000,0.000000,0.000000,-1.125000,0.421875,-1.000000,0.000000,4
7,11,-33,0.000000,0.000000,0.000000,0.000000,0.000000,0.000000,0.000000,0.000000,0.000000,0.000000,-1.500000,0.000000,-1.000000,0.000000,3
7,11,-32.5,0.000000,0.000000,0.000000,0.000000,0.000000,0.000000,0.000000,0.000000,0.000000,0.000000,-1.500000,0.000000,-1.000000,0.000000,5
7,11,-32,0.000000,0.000000,0.000000,0.000000,0.000000,0.000000,0.000000,0.000000,0.000000,0.000000,-0.833333,0.888889,-0.333333,0.888889,3
7,11,-31.5,0.000000,0.000000,0.000000,0.000000,0.000000,0.000000,0.000000,0.000000,0.000000,0.000000,-1.142857,0.336735,-0.857143,0.122449,7
7,11,-31,0.000000,0.000000,0.000000,0.000000,0.000000,0.000000,0.000000,0.000000,0.000000,0.000000,-0.833333,0.888889,-0.333333,0.888889,6
7,11,-30.5,0.000000,0.000000,0.000000,0.000000,0.000000,0.000000,0.000000,0.000000,0.000000,0.000000,-0.454545,0.747934,-0.090909,0.809917,11
7,11,-30,0.000000,0.000000,0.000000,0.000000,0.000000,0.000000,0.000000,0.000000,0.000000,0.000000,-0.700000,0.793333,-0.400000,0.773333,15
7,11,-29.5,0.000000,0.000000,0.000000,0.000000,0.000000,0.000000,0.000000,0.000000,0.000000,0.000000,-1.000000,0.454545,-0.909091,0.082645,11
7,11,-29,0.000000,0.000000,0.000000,0.000000,0.000000,0.000000,0.000000,0.000000,0.000000,0.000000,-0.700000,0.710000,-0.500000,0.650000,30
7,11,-28.5,0.000000,0.000000,0.000000,0.000000,0.000000,0.000000,0.000000,0.000000,0.000000,0.000000,-0.777778,0.728395,-0.444444,0.691358,27
7,11,-28,0.000000,0.000000,0.000000,0.000000,0.000000,0.000000,0.000000,0.000000,0.000000,0.000000,-0.903846,0.615754,-0.692308,0.443787,26
7,11,-27.5,0.000000,0.000000,0.000000,0.000000,0.000000,0.000000,0.000000,0.000000,0.000000,0.000000,-0.631579,0.732687,-0.526316,0.670360,19
7,11,-27,0.000000,0.000000,0.000000,0.000000,0.000000,0.000000,0.000000,0.000000,0.000000,0.000000,-0.613208,0.713599,-0.509434,0.665005,53
7,11,-26.5,0.000000,0.000000,0.000000,0.000000,0.000000,0.000000,0.000000,0.000000,0.000000,0.000000,-0.639241,0.759093,-0.405063,0.747316,79
7,11,-26,0.000000,0.000000,0.000000,0.000000,0.000000,0.000000,0.000000,0.000000,0.000000,0.000000,-0.586538,0.747319,-0.346154,0.764793,52
7,11,-25.5,0.000000,0.000000,0.000000,0.000000,0.000000,0.000000,0.000000,0.000000,0.000000,0.000000,-0.584071,0.720808,-0.415929,0.720808,113
7,11,-25,0.000000,0.000000,0.000000,0.000000,0.000000,0.000000,0.000000,0.000000,0.000000,0.000000,-0.682243,0.730806,-0.448598,0.695956,107
7,11,-24.5,0.000000,0.000000,0.000000,0.000000,0.000000,0.000000,0.000000,0.000000,0.000000,0.000000,-0.631148,0.700013,-0.450820,0.673811,122
7,11,-24,0.000000,0.000000,0.000000,0.000000,0.000000,0.000000,0.000000,0.000000,0.000000,0.000000,-0.613372,0.732786,-0.401163,0.728603,172
7,11,-23.5,0.000000,0.000000,0.000000,0.000000,0.000000,0.000000,0.000000,0.000000,0.000000,0.000000,-0.623684,0.791281,-0.352632,0.796704,190
7,11,-23,0.000000,0.000000,0.000000,0.000000,0.000000,0.000000,0.000000,0.000000,0.000000,0.000000,-0.739655,0.708945,-0.575862,0.602866,290
7,11,-22.5,0.000000,0.000000,0.000000,0.000000,0.000000,0.000000,0.000000,0.000000,0.000000,0.000000,-0.622074,0.725065,-0.408027,0.716457,299
7,11,-22,0.000000,0.000000,0.000000,0.000000,0.000000,0.000000,0.000000,0.000000,0.000000,0.000000,-0.665680,0.746219,-0.423077,0.723373,338
7,11,-21.5,0.000000,0.000000,0.000000,0.000000,0.000000,0.000000,0.000000,0.000000,0.000000,0.000000,-0.698795,0.723733,-0.556627,0.632336,415
7,11,-21,0.000000,0.000000,0.000000,0.000000,0.000000,0.000000,0.000000,0.000000,0.000000,0.000000,-0.642857,0.731973,-0.462857,0.698144,525
7,11,-20.5,0.000000,0.000000,0.000000,0.000000,0.000000,0.000000,0.000000,0.000000,0.000000,0.000000,-0.673111,0.718275,-0.486819,0.668104,569
7,11,-20,0.000000,0.000000,0.000000,0.000000,0.000000,0.000000,0.000000,0.000000,0.000000,0.000000,-0.685495,0.750110,-0.490934,0.696222,717
7,11,-19.5,0.000000,0.000000,0.000000,0.000000,0.000000,0.000000,0.000000,0.000000,0.000000,0.000000,-0.685625,0.720231,-0.513750,0.654811,800
7,11,-19,0.000000,0.000000,0.000000,0.000000,0.000000,0.000000,0.000000,0.000000,0.000000,0.000000,-0.641399,0.726119,-0.495627,0.677580,1029
7,11,-18.5,0.000000,0.000000,0.000000,0.000000,0.000000,0.000000,0.000000,0.000000,0.000000,0.000000,-0.596600,0.727609,-0.448590,0.711702,1206
7,11,-18,0.000000,0.000000,0.000000,0.000000,0.000000,0.000000,0.000000,0.000000,0.000000,0.000000,-0.660581,0.727256,-0.504395,0.670535,1479
7,11,-17.5,0.000000,0.000000,0.000000,0.000000,0.000000,0.000000,0.000000,0.000000,0.000000,0.000000,-0.622486,0.745509,-0.440585,0.725446,1641
7,11,-17,0.000000,0.000000,0.000000,0.000000,0.000000,0.000000,0.000000,0.000000,0.000000,0.000000,-0.638934,0.714946,-0.483037,0.672976,1857
7,11,-16.5,0.000000,0.000000,0.000000,0.000000,0.000000,0.000000,0.000000,0.000000,0.000000,0.000000,-0.610901,0.730363,-0.463732,0.704031,2385
7,11,-16,0.000000,0.000000,0.000000,0.000000,0.000000,0.000000,0.000000,0.000000,0.000000,0.000000,-0.625824,0.728917,-0.462521,0.699172,2428
7,11,-15.5,0.000000,0.000000,0.000000,0.000000,0.000000,0.000000,0.000000,0.000000,0.000000,0.000000,-0.635160,0.734457,-0.484584,0.692615,3211
7,11,-15,0.000000,0.000000,0.000000,0.000000,0.000000,0.000000,0.000000,0.000000,0.000000,0.000000,-0.627395,0.727225,-0.492578,0.683413,3705
7,11,-14.5,0.000000,0.000000,0.000000,0.000000,0.000000,0.000000,0.000000,0.000000,0.000000,0.000000,-0.635767,0.726020,-0.477929,0.687117,4191
7,11,-14,0.000000,0.000000,0.000000,0.000000,0.000000,0.000000,0.000000,0.000000,0.000000,0.000000,-0.639804,0.719816,-0.504425,0.667228,5311
7,11,-13.5,0.000000,0.000000,0.000000,0.000000,0.000000,0.000000,0.000000,0.000000,0.000000,0.000000,-0.614694,0.725518,-0.478500,0.691613,5628
7,11,-13,0.000000,0.000000,0.000000,0.000000,0.000000,0.000000,0.000000,0.000000,0.000000,0.000000,-0.639590,0.716755,-0.513649,0.659434,6777
7,11,-12.5,0.000000,0.000000,0.000000,0.000000,0.000000,0.000000,0.000000,0.000000,0.000000,0.000000,-0.650250,0.713638,-0.522893,0.649117,7797
7,11,-12,0.000000,0.000000,0.000000,0.000000,0.000000,0.000000,0.000000,0.000000,0.000000,0.000000,-0.619978,0.719047,-0.493920,0.676456,9210
7,11,-11.5,0.000000,0.000000,0.000000,0.000000,0.000000,0.000000,0.000000,0.000000,0.000000,0.000000,-0.627498,0.720598,-0.501386,0.672409,10459
7,11,-11,0.000000,0.000000,0.000000,0.000000,0.000000,0.000000,0.000000,0.000000,0.000000,0.000000,-0.636105,0.721218,-0.523821,0.659212,11943
7,11,-10.5,0.000000,0.000000,0.000000,0.000000,0.000000,0.000000,0.000000,0.000000,0.000000,0.000000,-0.626717,0.717749,-0.517117,0.661596,14635
7,11,-10,0.000000,0.000000,0.000000,0.000000,0.000000,0.000000,0.000000,0.000000,0.000000,0.000000,-0.615276,0.711896,-0.509326,0.662796,16673
7,11,-9.5,0.000000,0.000000,0.000000,0.000000,0.000000,0.000000,0.000000,0.000000,0.000000,0.000000,-0.619144,0.716491,-0.515877,0.662924,18549
7,11,-9,0.000000,0.000000,0.000000,0.000000,0.000000,0.000000,0.000000,0.000000,0.000000,0.000000,-0.620223,0.717066,-0.515434,0.663453,22321
7,11,-8.5,0.000000,0.000000,0.000000,0.000000,0.000000,0.000000,0.000000,0.000000,0.000000,0.000000,-0.606782,0.712355,-0.509706,0.665419,25140
7,11,-8,0.000000,0.000000,0.000000,0.000000,0.000000,0.000000,0.000000,0.000000,0.000000,0.000000,-0.615839,0.714132,-0.518754,0.659903,29567
7,11,-7.5,0.000000,0.000000,0.000000,0.000000,0.000000,0.000000,0.000000,0.000000,0.000000,0.000000,-0.619702,0.712841,-0.522378,0.655629,33738
7,11,-7,0.000000,0.000000,0.000000,0.000000,0.000000,0.000000,0.000000,0.000000,0.000000,0.000000,-0.617301,0.711336,-0.525633,0.652972,39130
7,11,-6.5,0.000000,0.000000,0.000000,0.000000,0.000000,0.000000,0.000000,0.000000,0.000000,0.000000,-0.608158,0.712478,-0.521919,0.658657,45965
7,11,-6,0.000000,0.000000,0.000000,0.000000,0.000000,0.000000,0.000000,0.000000,0.000000,0.000000,-0.614458,0.710604,-0.527964,0.651712,52443
7,11,-5.5,0.000000,0.000000,0.000000,0.000000,0.000000,0.000000,0.000000,0.000000,0.000000,0.000000,-0.604760,0.708543,-0.526446,0.653215,61617
7,11,-5,0.000000,0.000000,0.000000,0.000000,0.000000,0.000000,0.000000,0.000000,0.000000,0.000000,-0.608864,0.705759,-0.533018,0.645580,70386
7,11,-4.5,0.000000,0.000000,0.000000,0.000000,0.000000,0.000000,0.000000,0.000000,0.000000,0.000000,-0.600226,0.707669,-0.528340,0.652629,81476
7,11,-4,0.000000,0.000000,0.000000,0.000000,0.000000,0.000000,0.000000,0.000000,0.000000,0.000000,-0.605212,0.705295,-0.535123,0.644963,95821
7,11,-3.5,0.000000,0.000000,0.000000,0.000000,0.000000,0.000000,0.000000,0.000000,0.000000,0.000000,-0.598891,0.704726,-0.535897,0.645823,111208
7,11,-3,0.000000,0.000000,0.000000,0.000000,0.000000,0.000000,0.000000,0.000000,0.000000,0.000000,-0.599747,0.702979,-0.542764,0.639844,130180
7,11,-2.5,0.000000,0.000000,0.000000,0.000000,0.000000,0.000000,0.000000,0.000000,0.000000,0.000000,-0.598170,0.703548,-0.539631,0.642715,153214
7,11,-2,0.000000,0.000000,0.000000,0.000000,0.000000,0.000000,0.000000,0.000000,0.000000,0.000000,-0.597685,0.703279,-0.544007,0.640039,177904
7,11,-1.5,0.000000,0.000000,0.000000,0.000000,0.000000,0.000000,0.000000,0.000000,0.000000,0.000000,-0.593832,0.700129,-0.544978,0.637506,213227
7,11,-1,0.000000,0.000000,0.000000,0.000000,0.000000,0.000000,0.000000,0.000000,0.000000,0.000000,-0.594745,0.698390,-0.549952,0.632523,243443
7,11,-0.5,0.000000,0.000000,0.000000,0.000000,0.000000,0.000000,0.000000,0.000000,0.000000,0.000000,-0.591401,0.697724,-0.549129,0.633399,294060
7,11,0,0.000000,0.000000,0.000000,0.000000,0.000000,0.000000,0.000000,0.000000,0.000000,0.000000,-0.590789,0.697378,-0.551783,0.631653,351584
7,11,0.5,0.000000,0.000000,0.000000,0.000000,0.000000,0.000000,0.000000,0.000000,0.000000,0.000000,-0.589141,0.695711,-0.555213,0.628431,459762
7,11,1,0.000000,0.000000,0.000000,0.000000,0.000000,0.000000,0.000000,0.000000,0.000000,0.000000,-0.587895,0.693589,-0.557118,0.625546,319988
7,11,1.5,0.000000,0.000000,0.000000,0.000000,0.000000,0.000000,0.000000,0.000000,0.000000,0.000000,-0.584501,0.693710,-0.557451,0.626573,282778
7,11,2,0.000000,0.000000,0.000000,0.000000,0.000000,0.000000,0.000000,0.000000,0.000000,0.000000,-0.583923,0.693177,-0.559169,0.625173,236467
7,11,2.5,0.000000,0.000000,0.000000,0.000000,0.000000,0.000000,0.000000,0.000000,0.000000,0.000000,-0.578898,0.689835,-0.562402,0.621516,201982
7,11,3,0.000000,0.000000,0.000000,0.000000,0.000000,0.000000,0.000000,0.000000,0.000000,0.000000,-0.581461,0.690472,-0.563748,0.620439,171598
7,11,3.5,0.000000,0.000000,0.000000,0.000000,0.000000,0.000000,0.000000,0.000000,0.000000,0.000000,-0.578463,0.687712,-0.566693,0.616842,145929
7,11,4,0.000000,0.000000,0.000000,0.000000,0.000000,0.000000,0.000000,0.000000,0.000000,0.000000,-0.575855,0.689195,-0.564194,0.620803,125556
7,11,4.5,0.000000,0.000000,0.000000,0.000000,0.000000,0.000000,0.000000,0.000000,0.000000,0.000000,-0.572668,0.686593,-0.570237,0.615488,105507
7,11,5,0.000000,0.000000,0.000000,0.000000,0.000000,0.000000,0.000000,0.000000,0.000000,0.000000,-0.571335,0.685063,-0.571946,0.613335,91715
7,11,5.5,0.000000,0.000000,0.000000,0.000000,0.000000,0.000000,0.000000,0.000000,0.000000,0.000000,-0.568925,0.684611,-0.570427,0.614726,79884
7,11,6,0.000000,0.000000,0.000000,0.000000,0.000000,0.000000,0.000000,0.000000,0.000000,0.000000,-0.568431,0.685061,-0.573658,0.613274,67155
7,11,6.5,0.000000,0.000000,0.000000,0.000000,0.000000,0.000000,0.000000,0.000000,0.000000,0.000000,-0.567181,0.682559,-0.574608,0.610612,58365
7,11,7,0.000000,0.000000,0.000000,0.000000,0.000000,0.000000,0.000000,0.000000,0.000000,0.000000,-0.567668,0.680981,-0.578469,0.606334,50644
7,11,7.5,0.000000,0.000000,0.000000,0.000000,0.000000,0.000000,0.000000,0.000000,0.000000,0.000000,-0.552163,0.677637,-0.572700,0.612641,43824
7,11,8,0.000000,0.000000,0.000000,0.000000,0.000000,0.000000,0.000000,0.000000,0.000000,0.000000,-0.563313,0.678501,-0.581487,0.603469,37994
7,11,8.5,0.000000,0.000000,0.000000,0.000000,0.000000,0.000000,0.000000,0.000000,0.000000,0.000000,-0.551889,0.675673,-0.575669,0.608861,32338
7,11,9,0.000000,0.000000,0.000000,0.000000,0.000000,0.000000,0.000000,0.000000,0.000000,0.000000,-0.561988,0.674540,-0.593287,0.592043,28659
7,11,9.5,0.000000,0.000000,0.000000,0.000000,0.000000,0.000000,0.000000,0.000000,0.000000,0.000000,-0.550281,0.675204,-0.586072,0.602148,23707
7,11,10,0.000000,0.000000,0.000000,0.000000,0.000000,0.000000,0.000000,0.000000,0.000000,0.000000,-0.553272,0.671613,-0.588486,0.595743,21625
7,11,10.5,0.000000,0.000000,0.000000,0.000000,0.000000,0.000000,0.000000,0.000000,0.000000,0.000000,-0.544528,0.669235,-0.588844,0.596639,18932
7,11,11,0.000000,0.000000,0.000000,0.000000,0.000000,0.000000,0.000000,0.000000,0.000000,0.000000,-0.545164,0.672057,-0.587905,0.599836,15477
7,11,11.5,0.000000,0.000000,0.000000,0.000000,0.000000,0.000000,0.000000,0.000000,0.000000,0.000000,-0.549357,0.672729,-0.594741,0.594140,13463
7,11,12,0.000000,0.000000,0.000000,0.000000,0.000000,0.000000,0.000000,0.000000,0.000000,0.000000,-0.533099,0.662624,-0.586623,0.596354,11677
7,11,12.5,0.000000,0.000000,0.000000,0.000000,0.000000,0.000000,0.000000,0.000000,0.000000,0.000000,-0.547707,0.667675,-0.594439,0.589959,10250
7,11,13,0.000000,0.000000,0.000000,0.000000,0.000000,0.000000,0.000000,0.000000,0.000000,0.000000,-0.544807,0.666505,-0.596683,0.588420,8983
7,11,13.5,0.000000,0.000000,0.000000,0.000000,0.000000,0.000000,0.000000,0.000000,0.000000,0.000000,-0.539773,0.665296,-0.593449,0.591535,7480
7,11,14,0.000000,0.000000,0.000000,0.000000,0.000000,0.000000,0.000000,0.000000,0.000000,0.000000,-0.543103,0.659232,-0.615137,0.568713,6844
7,11,14.5,0.000000,0.000000,0.000000,0.000000,0.000000,0.000000,0.000000,0.000000,0.000000,0.000000,-0.517776,0.661443,-0.583045,0.604453,5485
7,11,15,0.000000,0.000000,0.000000,0.000000,0.000000,0.000000,0.000000,0.000000,0.000000,0.000000,-0.521038,0.658410,-0.601239,0.587465,4682
7,11,15.5,0.000000,0.000000,0.000000,0.000000,0.000000,0.000000,0.000000,0.000000,0.000000,0.000000,-0.537453,0.657683,-0.607750,0.574874,4232
7,11,16,0.000000,0.000000,0.000000,0.000000,0.000000,0.000000,0.000000,0.000000,0.000000,0.000000,-0.544217,0.657635,-0.628404,0.556792,3415
7,11,16.5,0.000000,0.000000,0.000000,0.000000,0.000000,0.000000,0.000000,0.000000,0.000000,0.000000,-0.523937,0.648876,-0.609764,0.570550,3175
7,11,17,0.000000,0.000000,0.000000,0.000000,0.000000,0.000000,0.000000,0.000000,0.000000,0.000000,-0.532051,0.661032,-0.602965,0.583950,2496
7,11,17.5,0.000000,0.000000,0.000000,0.000000,0.000000,0.000000,0.000000,0.000000,0.000000,0.000000,-0.493342,0.627341,-0.636485,0.543844,2253
7,11,18,0.000000,0.000000,0.000000,0.000000,0.000000,0.000000,0.000000,0.000000,0.000000,0.000000,-0.516442,0.654936,-0.614350,0.576735,2007
7,11,18.5,0.000000,0.000000,0.000000,0.000000,0.000000,0.000000,0.000000,0.000000,0.000000,0.000000,-0.546705,0.659367,-0.618682,0.564769,1563
7,11,19,0.000000,0.000000,0.000000,0.000000,0.000000,0.000000,0.000000,0.000000,0.000000,0.000000,-0.488547,0.637664,-0.619900,0.569196,1397
7,11,19.5,0.000000,0.000000,0.000000,0.000000,0.000000,0.000000,0.000000,0.000000,0.000000,0.000000,-0.553125,0.634901,-0.654464,0.510069,1120
7,11,20,0.000000,0.000000,0.000000,0.000000,0.000000,0.000000,0.000000,0.000000,0.000000,0.000000,-0.511488,0.639638,-0.659737,0.528642,914
7,11,20.5,0.000000,0.000000,0.000000,0.000000,0.000000,0.000000,0.000000,0.000000,0.000000,0.000000,-0.524793,0.640471,-0.648170,0.532650,847
7,11,21,0.000000,0.000000,0.000000,0.000000,0.000000,0.000000,0.000000,0.000000,0.000000,0.000000,-0.465612,0.624677,-0.642366,0.551603,727
7,11,21.5,0.000000,0.000000,0.000000,0.000000,0.000000,0.000000,0.000000,0.000000,0.000000,0.000000,-0.509106,0.647682,-0.617550,0.570619,604
7,11,22,0.000000,0.000000,0.000000,0.000000,0.000000,0.000000,0.000000,0.000000,0.000000,0.000000,-0.458716,0.653112,-0.571101,0.634853,436
7,11,22.5,0.000000,0.000000,0.000000,0.000000,0.000000,0.000000,0.000000,0.000000,0.000000,0.000000,-0.440698,0.634274,-0.572093,0.626198,430
7,11,23,0.000000,0.000000,0.000000,0.000000,0.000000,0.000000,0.000000,0.000000,0.000000,0.000000,-0.439547,0.603398,-0.619647,0.563140,397
7,11,23.5,0.000000,0.000000,0.000000,0.000000,0.000000,0.000000,0.000000,0.000000,0.000000,0.000000,-0.463740,0.612235,-0.667939,0.519506,262
7,11,24,0.000000,0.000000,0.000000,0.000000,0.000000,0.000000,0.000000,0.000000,0.000000,0.000000,-0.524229,0.648091,-0.638767,0.547924,227
7,11,24.5,0.000000,0.000000,0.000000,0.000000,0.000000,0.000000,0.000000,0.000000,0.000000,0.000000,-0.522727,0.661415,-0.619318,0.576672,176
7,11,25,0.000000,0.000000,0.000000,0.000000,0.000000,0.000000,0.000000,0.000000,0.000000,0.000000,-0.488950,0.626950,-0.668508,0.519947,181
7,11,25.5,0.000000,0.000000,0.000000,0.000000,0.000000,0.000000,0.000000,0.000000,0.000000,0.000000,-0.523179,0.626946,-0.728477,0.449454,151
7,11,26,0.000000,0.000000,0.000000,0.000000,0.000000,0.000000,0.000000,0.000000,0.000000,0.000000,-0.443750,0.606211,-0.675000,0.519375,80
7,11,26.5,0.000000,0.000000,0.000000,0.000000,0.000000,0.000000,0.000000,0.000000,0.000000,0.000000,-0.466346,0.611848,-0.644231,0.536890,104
7,11,27,0.000000,0.000000,0.000000,0.000000,0.000000,0.000000,0.000000,0.000000,0.000000,0.000000,-0.500000,0.641176,-0.670588,0.526782,85
7,11,27.5,0.000000,0.000000,0.000000,0.000000,0.000000,0.000000,0.000000,0.000000,0.000000,0.000000,-0.424242,0.630624,-0.560606,0.640266,66
7,11,28,0.000000,0.000000,0.000000,0.000000,0.000000,0.000000,0.000000,0.000000,0.000000,0.000000,-0.524390,0.706722,-0.609756,0.628198,41
7,11,28.5,0.000000,0.000000,0.000000,0.000000,0.000000,0.000000,0.000000,0.000000,0.000000,0.000000,-0.337500,0.492344,-0.700000,0.460000,40
7,11,29,0.000000,0.000000,0.000000,0.000000,0.000000,0.000000,0.000000,0.000000,0.000000,0.000000,-0.578947,0.585873,-0.789474,0.324100,38
7,11,29.5,0.000000,0.000000,0.000000,0.000000,0.000000,0.000000,0.000000,0.000000,0.000000,0.000000,-0.660000,0.694400,-0.640000,0.550400,25
7,11,30,0.000000,0.000000,0.000000,0.000000,0.000000,0.000000,0.000000,0.000000,0.000000,0.000000,-0.619048,0.592971,-0.904762,0.181406,21
7,11,30.5,0.000000,0.000000,0.000000,0.000000,0.000000,0.000000,0.000000,0.000000,0.000000,0.000000,-0.666667,0.655556,-0.666667,0.488889,15
7,11,31,0.000000,0.000000,0.000000,0.000000,0.000000,0.000000,0.000000,0.000000,0.000000,0.000000,-0.578947,0.638504,-0.789474,0.376731,19
7,11,31.5,0.000000,0.000000,0.000000,0.000000,0.000000,0.000000,0.000000,0.000000,0.000000,0.000000,-0.150000,0.502500,-0.400000,0.840000,10
7,11,32,0.000000,0.000000,0.000000,0.000000,0.000000,0.000000,0.000000,0.000000,0.000000,0.000000,-0.562500,0.527344,-1.000000,0.000000,8
7,11,32.5,0.000000,0.000000,0.000000,0.000000,0.000000,0.000000,0.000000,0.000000,0.000000,0.000000,-0.300000,0.660000,-0.400000,0.840000,10
7,11,33,0.000000,0.000000,0.000000,0.000000,0.000000,0.000000,0.000000,0.000000,0.000000,0.000000,-0.666667,0.722222,-0.666667,0.555556,6
7,11,33.5,0.000000,0.000000,0.000000,0.000000,0.000000,0.000000,0.000000,0.000000,0.000000,0.000000,-0.500000,0.500000,-1.000000,0.000000,3
7,11,34,0.000000,0.000000,0.000000,0.000000,0.000000,0.000000,0.000000,0.000000,0.000000,0.000000,-1.000000,0.500000,-1.000000,0.000000,3
7,11,34.5,0.000000,0.000000,0.000000,0.000000,0.000000,0.000000,0.000000,0.000000,0.000000,0.000000,-0.750000,0.562500,-1.000000,0.000000,2
7,11,35,0.000000,0.000000,0.000000,0.000000,0.000000,0.000000,0.000000,0.000000,0.000000,0.000000,-0.500000,0.500000,-1.000000,0.000000,3
7,11,35.5,0.000000,0.000000,0.000000,0.000000,0.000000,0.000000,0.000000,0.000000,0.000000,0.000000,-1.500000,0.000000,-1.000000,0.000000,1
7,11,36,0.000000,0.000000,0.000000,0.000000,0.000000,0.000000,0.000000,0.000000,0.000000,0.000000,0.166667,0.055556,-0.333333,0.888889,3
7,11,36.5,0.000000,0.000000,0.000000,0.000000,0.000000,0.000000,0.000000,0.000000,0.000000,0.000000,0.000000,0.000000,-1.000000,0.000000,1
8,11,-37.5,0.000000,0.000000,0.000000,0.000000,0.000000,0.000000,0.000000,0.000000,0.000000,0.000000,-1.500000,0.000000,-1.000000,0.000000,1
8,11,-36.5,0.000000,0.000000,0.000000,0.000000,0.000000,0.000000,0.000000,0.000000,0.000000,0.000000,-0.750000,0.562500,-1.000000,0.000000,2
8,11,-36,0.000000,0.000000,0.000000,0.000000,0.000000,0.000000,0.000000,0.000000,0.000000,0.000000,0.500000,0.000000,1.000000,0.000000,1
8,11,-35.5,0.000000,0.000000,0.000000,0.000000,0.000000,0.000000,0.000000,0.000000,0.000000,0.000000,0.500000,0.000000,1.000000,0.000000,1
8,11,-35,0.000000,0.000000,0.000000,0.000000,0.000000,0.000000,0.000000,0.000000,0.000000,0.000000,-0.500000,1.000000,0.000000,1.000000,2
8,11,-34.5,0.000000,0.000000,0.000000,0.000000,0.000000,0.000000,0.000000,0.000000,0.000000,0.000000,-0.750000,0.562500,-1.000000,0.000000,2
8,11,-34,0.000000,0.000000,0.000000,0.000000,0.000000,0.000000,0.000000,0.000000,0.000000,0.000000,-1.500000,0.000000,-1.000000,0.000000,3
8,11,-33.5,0.000000,0.000000,0.000000,0.000000,0.000000,0.000000,0.000000,0.000000,0.000000,0.000000,-1.500000,0.000000,-1.000000,0.000000,2
8,11,-33,0.000000,0.000000,0.000000,0.000000,0.000000,0.000000,0.000000,0.000000,0.000000,0.000000,-0.750000,0.562500,-1.000000,0.000000,2
8,11,-32.5,0.000000,0.000000,0.000000,0.000000,0.000000,0.000000,0.000000,0.000000,0.000000,0.000000,-0.833333,0.222222,-0.333333,0.222222,3
8,11,-32,0.000000,0.000000,0.000000,0.000000,0.000000,0.000000,0.000000,0.000000,0.000000,0.000000,-0.666667,0.666667,-0.333333,0.666667,9
8,11,-31.5,0.000000,0.000000,0.000000,0.000000,0.000000,0.000000,0.000000,0.000000,0.000000,0.000000,-0.550000,0.922500,-0.200000,0.960000,10
8,11,-31,0.000000,0.000000,0.000000,0.000000,0.000000,0.000000,0.000000,0.000000,0.000000,0.000000,-0.633333,0.882222,-0.333333,0.888889,15
8,11,-30.5,0.000000,0.000000,0.000000,0.000000,0.000000,0.000000,0.000000,0.000000,0.000000,0.000000,-1.090909,0.491736,-0.727273,0.380165,11
8,11,-30,0.000000,0.000000,0.000000,0.000000,0.000000,0.000000,0.000000,0.000000,0.000000,0.000000,-0.300000,0.710000,-0.100000,0.890000,10
8,11,-29.5,0.000000,0.000000,0.000000,0.000000,0.000000,0.000000,0.000000,0.000000,0.000000,0.000000,-0.291667,0.769097,-0.166667,0.972222,12
8,11,-29,0.000000,0.000000,0.000000,0.000000,0.000000,0.000000,0.000000,0.000000,0.000000,0.000000,-0.662162,0.757487,-0.324324,0.759679,37
8,11,-28.5,0.000000,0.000000,0.000000,0.000000,0.000000,0.000000,0.000000,0.000000,0.000000,0.000000,-0.689655,0.765755,-0.448276,0.730083,29
8,11,-28,0.000000,0.000000,0.000000,0.000000,0.000000,0.000000,0.000000,0.000000,0.000000,0.000000,-0.613636,0.646178,-0.386364,0.646178,44
8,11,-27.5,0.000000,0.000000,0.000000,0.000000,0.000000,0.000000,0.000000,0.000000,0.000000,0.000000,-0.622642,0.791563,-0.433962,0.773941,53
8,11,-27,0.000000,0.000000,0.000000,0.000000,0.000000,0.000000,0.000000,0.000000,0.000000,0.000000,-0.817460,0.581759,-0.603175,0.461577,63
8,11,-26.5,0.000000,0.000000,0.000000,0.000000,0.000000,0.000000,0.000000,0.000000,0.000000,0.000000,-0.615385,0.743097,-0.423077,0.731262,78
8,11,-26,0.000000,0.000000,0.000000,0.000000,0.000000,0.000000,0.000000,0.000000,0.000000,0.000000,-0.600000,0.709231,-0.353846,0.720947,65
8,11,-25.5,0.000000,0.000000,0.000000,0.000000,0.000000,0.000000,0.000000,0.000000,0.000000,0.000000,-0.745455,0.748843,-0.463636,0.703223,110
8,11,-25,0.000000,0.000000,0.000000,0.000000,0.000000,0.000000,0.000000,0.000000,0.000000,0.000000,-0.716912,0.741552,-0.448529,0.703233,136
8,11,-24.5,0.000000,0.000000,0.000000,0.000000,0.000000,0.000000,0.000000,0.000000,0.000000,0.000000,-0.800000,0.670714,-0.535714,0.591582,140
8,11,-24,0.000000,0.000000,0.000000,0.000000,0.000000,0.000000,0.000000,0.000000,0.000000,0.000000,-0.657277,0.729959,-0.431925,0.705460,213
8,11,-23.5,0.000000,0.000000,0.000000,0.000000,0.000000,0.000000,0.000000,0.000000,0.000000,0.000000,-0.650463,0.710000,-0.462963,0.674554,216
8,11,-23,0.000000,0.000000,0.000000,0.000000,0.000000,0.000000,0.000000,0.000000,0.000000,0.000000,-0.607558,0.707908,-0.447674,0.689122,344
8,11,-22.5,0.000000,0.000000,0.000000,0.000000,0.000000,0.000000,0.000000,0.000000,0.000000,0.000000,-0.606928,0.716729,-0.409639,0.711714,332
8,11,-22,0.000000,0.000000,0.000000,0.000000,0.000000,0.000000,0.000000,0.000000,0.000000,0.000000,-0.648418,0.739529,-0.440389,0.713600,411
8,11,-21.5,0.000000,0.000000,0.000000,0.000000,0.000000,0.000000,0.000000,0.000000,0.000000,0.000000,-0.609800,0.698016,-0.439201,0.681875,551
8,11,-21,0.000000,0.000000,0.000000,0.000000,0.000000,0.000000,0.000000,0.000000,0.000000,0.000000,-0.667197,0.719656,-0.468153,0.678922,628
8,11,-20.5,0.000000,0.000000,0.000000,0.000000,0.000000,0.000000,0.000000,0.000000,0.000000,0.000000,-0.591978,0.691748,-0.417704,0.688594,723
8,11,-20,0.000000,0.000000,0.000000,0.000000,0.000000,0.000000,0.000000,0.000000,0.000000,0.000000,-0.622941,0.731062,-0.428235,0.715438,850
8,11,-19.5,0.000000,0.000000,0.000000,0.000000,0.000000,0.000000,0.000000,0.000000,0.000000,0.000000,-0.626268,0.698306,-0.462475,0.668470,986
8,11,-19,0.000000,0.000000,0.000000,0.000000,0.000000,0.000000,0.000000,0.000000,0.000000,0.000000,-0.636953,0.715442,-0.443274,0.690866,1234
8,11,-18.5,0.000000,0.000000,0.000000,0.000000,0.000000,0.000000,0.000000,0.000000,0.000000,0.000000,-0.564227,0.711345,-0.424724,0.715328,1448
8,11,-18,0.000000,0.000000,0.000000,0.000000,0.000000,0.000000,0.000000,0.000000,0.000000,0.000000,-0.610310,0.719803,-0.415598,0.711893,1872
8,11,-17.5,0.000000,0.000000,0.000000,0.000000,0.000000,0.000000,0.000000,0.000000,0.000000,0.000000,-0.602681,0.720309,-0.426520,0.710852,2089
8,11,-17,0.000000,0.000000,0.000000,0.000000,0.000000,0.000000,0.000000,0.000000,0.000000,0.000000,-0.626392,0.721600,-0.454156,0.695199,2334
8,11,-16.5,0.000000,0.000000,0.000000,0.000000,0.000000,0.000000,0.000000,0.000000,0.000000,0.000000,-0.611976,0.714796,-0.438769,0.698213,2956
8,11,-16,0.000000,0.000000,0.000000,0.000000,0.000000,0.000000,0.000000,0.000000,0.000000,0.000000,-0.614079,0.695739,-0.471438,0.665179,2976
8,11,-15.5,0.000000,0.000000,0.000000,0.000000,0.000000,0.000000,0.000000,0.000000,0.000000,0.000000,-0.596725,0.704246,-0.467003,0.680649,3970
8,11,-15,0.000000,0.000000,0.000000,0.000000,0.000000,0.000000,0.000000,0.000000,0.000000,0.000000,-0.593371,0.708641,-0.449663,0.693309,4450
8,11,-14.5,0.000000,0.000000,0.000000,0.000000,0.000000,0.000000,0.000000,0.000000,0.000000,0.000000,-0.591718,0.699405,-0.453947,0.682864,5168
8,11,-14,0.000000,0.000000,0.000000,0.000000,0.000000,0.000000,0.000000,0.000000,0.000000,0.000000,-0.606109,0.702868,-0.470729,0.674851,6286
8,11,-13.5,0.000000,0.000000,0.000000,0.000000,0.000000,0.000000,0.000000,0.000000,0.000000,0.000000,-0.598320,0.706476,-0.458583,0.685976,6845
8,11,-13,0.000000,0.000000,0.000000,0.000000,0.000000,0.000000,0.000000,0.000000,0.000000,0.000000,-0.580624,0.702984,-0.451474,0.691080,8583
8,11,-12.5,0.000000,0.000000,0.000000,0.000000,0.000000,0.000000,0.000000,0.000000,0.000000,0.000000,-0.584666,0.700288,-0.468112,0.680050,9502
8,11,-12,0.000000,0.000000,0.000000,0.000000,0.000000,0.000000,0.000000,0.000000,0.000000,0.000000,-0.583560,0.698799,-0.467621,0.679142,11381
8,11,-11.5,0.000000,0.000000,0.000000,0.000000,0.000000,0.000000,0.000000,0.000000,0.000000,0.000000,-0.573182,0.705755,-0.452314,0.696088,13159
8,11,-11,0.000000,0.000000,0.000000,0.000000,0.000000,0.000000,0.000000,0.000000,0.000000,0.000000,-0.583627,0.702177,-0.462139,0.684854,14738
8,11,-10.5,0.000000,0.000000,0.000000,0.000000,0.000000,0.000000,0.000000,0.000000,0.000000,0.000000,-0.567249,0.702663,-0.452113,0.695211,17792
8,11,-10,0.000000,0.000000,0.000000,0.000000,0.000000,0.000000,0.000000,0.000000,0.000000,0.000000,-0.571094,0.699575,-0.458019,0.688311,20283
8,11,-9.5,0.000000,0.000000,0.000000,0.000000,0.000000,0.000000,0.000000,0.000000,0.000000,0.000000,-0.575193,0.702941,-0.466433,0.686656,22582
8,11,-9,0.000000,0.000000,0.000000,0.000000,0.000000,0.000000,0.000000,0.000000,0.000000,0.000000,-0.571083,0.697088,-0.468405,0.681399,27299
8,11,-8.5,0.000000,0.000000,0.000000,0.000000,0.000000,0.000000,0.000000,0.000000,0.000000,0.000000,-0.573786,0.697152,-0.472288,0.678792,30636
8,11,-8,0.000000,0.000000,0.000000,0.000000,0.000000,0.000000,0.000000,0.000000,0.000000,0.000000,-0.567968,0.693592,-0.469737,0.678443,36282
8,11,-7.5,0.000000,0.000000,0.000000,0.000000,0.000000,0.000000,0.000000,0.000000,0.000000,0.000000,-0.558611,0.693448,-0.468624,0.682281,41545
8,11,-7,0.000000,0.000000,0.000000,0.000000,0.000000,0.000000,0.000000,0.000000,0.000000,0.000000,-0.561941,0.691429,-0.473720,0.676745,48288
8,11,-6.5,0.000000,0.000000,0.000000,0.000000,0.000000,0.000000,0.000000,0.000000,0.000000,0.000000,-0.555966,0.694151,-0.469461,0.683637,55945
8,11,-6,0.000000,0.000000,0.000000,0.000000,0.000000,0.000000,0.000000,0.000000,0.000000,0.000000,-0.556271,0.689245,-0.476272,0.675577,63932
8,11,-5.5,0.000000,0.000000,0.000000,0.000000,0.000000,0.000000,0.000000,0.000000,0.000000,0.000000,-0.549756,0.692113,-0.468426,0.684500,75679
8,11,-5,0.000000,0.000000,0.000000,0.000000,0.000000,0.000000,0.000000,0.000000,0.000000,0.000000,-0.551702,0.687528,-0.481351,0.673327,86708
8,11,-4.5,0.000000,0.000000,0.000000,0.000000,0.000000,0.000000,0.000000,0.000000,0.000000,0.000000,-0.550424,0.686798,-0.478857,0.674253,100339
8,11,-4,0.000000,0.000000,0.000000,0.000000,0.000000,0.000000,0.000000,0.000000,0.000000,0.000000,-0.547263,0.685183,-0.480919,0.672961,118051
8,11,-3.5,0.000000,0.000000,0.000000,0.000000,0.000000,0.000000,0.000000,0.000000,0.000000,0.000000,-0.549374,0.685294,-0.483760,0.670901,136113
8,11,-3,0.000000,0.000000,0.000000,0.000000,0.000000,0.000000,0.000000,0.000000,0.000000,0.000000,-0.545041,0.685197,-0.481380,0.673669,159664
8,11,-2.5,0.000000,0.000000,0.000000,0.000000,0.000000,0.000000,0.000000,0.000000,0.000000,0.000000,-0.542547,0.683543,-0.486442,0.670674,187379
8,11,-2,0.000000,0.000000,0.000000,0.000000,0.000000,0.000000,0.000000,0.000000,0.000000,0.000000,-0.536632,0.680671,-0.484249,0.671324,218373
8,11,-1.5,0.000000,0.000000,0.000000,0.000000,0.000000,0.000000,0.000000,0.000000,0.000000,0.000000,-0.537358,0.680481,-0.487148,0.669459,260962
8,11,-1,0.000000,0.000000,0.000000,0.000000,0.000000,0.000000,0.000000,0.000000,0.000000,0.000000,-0.535260,0.679335,-0.489829,0.667930,298727
8,11,-0.5,0.000000,0.000000,0.000000,0.000000,0.000000,0.000000,0.000000,0.000000,0.000000,0.000000,-0.533462,0.677818,-0.490487,0.666873,359202
8,11,-0,0.000000,0.000000,0.000000,0.000000,0.000000,0.000000,0.000000,0.000000,0.000000,0.000000,-0.530986,0.675904,-0.494085,0.664293,431788
8,11,0.5,0.000000,0.000000,0.000000,0.000000,0.000000,0.000000,0.000000,0.000000,0.000000,0.000000,-0.528324,0.674249,-0.494993,0.663367,570751
8,11,1,0.000000,0.000000,0.000000,0.000000,0.000000,0.000000,0.000000,0.000000,0.000000,0.000000,-0.526083,0.674129,-0.495285,0.664103,400299
8,11,1.5,0.000000,0.000000,0.000000,0.000000,0.000000,0.000000,0.000000,0.000000,0.000000,0.000000,-0.525483,0.672372,-0.496650,0.661944,353980
8,11,2,0.000000,0.000000,0.000000,0.000000,0.000000,0.000000,0.000000,0.000000,0.000000,0.000000,-0.521176,0.671337,-0.497891,0.662248,296828
8,11,2.5,0.000000,0.000000,0.000000,0.000000,0.000000,0.000000,0.000000,0.000000,0.000000,0.000000,-0.518447,0.670093,-0.498027,0.662193,253641
8,11,3,0.000000,0.000000,0.000000,0.000000,0.000000,0.000000,0.000000,0.000000,0.000000,0.000000,-0.520482,0.669077,-0.502779,0.657858,214850
8,11,3.5,0.000000,0.000000,0.000000,0.000000,0.000000,0.000000,0.000000,0.000000,0.000000,0.000000,-0.517881,0.667370,-0.506159,0.655632,182656
8,11,4,0.000000,0.000000,0.000000,0.000000,0.000000,0.000000,0.000000,0.000000,0.000000,0.000000,-0.512702,0.664618,-0.506073,0.655356,157181
8,11,4.5,0.000000,0.000000,0.000000,0.000000,0.000000,0.000000,0.000000,0.000000,0.000000,0.000000,-0.509418,0.665251,-0.502938,0.659153,132241
8,11,5,0.000000,0.000000,0.000000,0.000000,0.000000,0.000000,0.000000,0.000000,0.000000,0.000000,-0.509168,0.663190,-0.506647,0.655322,114415
8,11,5.5,0.000000,0.000000,0.000000,0.000000,0.000000,0.000000,0.000000,0.000000,0.000000,0.000000,-0.505859,0.662443,-0.506868,0.656066,99588
8,11,6,0.000000,0.000000,0.000000,0.000000,0.000000,0.000000,0.000000,0.000000,0.000000,0.000000,-0.505260,0.659926,-0.511939,0.651212,83846
8,11,6.5,0.000000,0.000000,0.000000,0.000000,0.000000,0.000000,0.000000,0.000000,0.000000,0.000000,-0.500109,0.655482,-0.510134,0.650257,73314
8,11,7,0.000000,0.000000,0.000000,0.000000,0.000000,0.000000,0.000000,0.000000,0.000000,0.000000,-0.496827,0.656741,-0.511054,0.652688,63191
8,11,7.5,0.000000,0.000000,0.000000,0.000000,0.000000,0.000000,0.000000,0.000000,0.000000,0.000000,-0.491857,0.654435,-0.513234,0.651781,54404
8,11,8,0.000000,0.000000,0.000000,0.000000,0.000000,0.000000,0.000000,0.000000,0.000000,0.000000,-0.491908,0.656510,-0.510807,0.655101,47145
8,11,8.5,0.000000,0.000000,0.000000,0.000000,0.000000,0.000000,0.000000,0.000000,0.000000,0.000000,-0.488977,0.653115,-0.514281,0.651404,40054
8,11,9,0.000000,0.000000,0.000000,0.000000,0.000000,0.000000,0.000000,0.000000,0.000000,0.000000,-0.488828,0.650003,-0.520567,0.645007,35713
8,11,9.5,0.000000,0.000000,0.000000,0.000000,0.000000,0.000000,0.000000,0.000000,0.000000,0.000000,-0.491786,0.647672,-0.528386,0.636848,29645
8,11,10,0.000000,0.000000,0.000000,0.000000,0.000000,0.000000,0.000000,0.000000,0.000000,0.000000,-0.477192,0.645527,-0.519147,0.647511,26767
8,11,10.5,0.000000,0.000000,0.000000,0.000000,0.000000,0.000000,0.000000,0.000000,0.000000,0.000000,-0.483845,0.649029,-0.522913,0.645387,23677
8,11,11,0.000000,0.000000,0.000000,0.000000,0.000000,0.000000,0.000000,0.000000,0.000000,0.000000,-0.482487,0.645161,-0.525790,0.640664,19329
8,11,11.5,0.000000,0.000000,0.000000,0.000000,0.000000,0.000000,0.000000,0.000000,0.000000,0.000000,-0.480148,0.651331,-0.517884,0.652389,17278
8,11,12,0.000000,0.000000,0.000000,0.000000,0.000000,0.000000,0.000000,0.000000,0.000000,0.000000,-0.462112,0.637819,-0.518760,0.648467,14899
8,11,12.5,0.000000,0.000000,0.000000,0.000000,0.000000,0.000000,0.000000,0.000000,0.000000,0.000000,-0.472459,0.640490,-0.522646,0.643183,12563
8,11,13,0.000000,0.000000,0.000000,0.000000,0.000000,0.000000,0.000000,0.000000,0.000000,0.000000,-0.476045,0.635071,-0.543029,0.624257,11167
8,11,13.5,0.000000,0.000000,0.000000,0.000000,0.000000,0.000000,0.000000,0.000000,0.000000,0.000000,-0.461800,0.636790,-0.523293,0.645161,9123
8,11,14,0.000000,0.000000,0.000000,0.000000,0.000000,0.000000,0.000000,0.000000,0.000000,0.000000,-0.451186,0.628098,-0.529229,0.639419,8348
8,11,14.5,0.000000,0.000000,0.000000,0.000000,0.000000,0.000000,0.000000,0.000000,0.000000,0.000000,-0.450870,0.634574,-0.525819,0.647976,6778
8,11,15,0.000000,0.000000,0.000000,0.000000,0.000000,0.000000,0.000000,0.000000,0.000000,0.000000,-0.444658,0.627170,-0.522103,0.646363,5972
8,11,15.5,0.000000,0.000000,0.000000,0.000000,0.000000,0.000000,0.000000,0.000000,0.000000,0.000000,-0.467541,0.626915,-0.542321,0.621246,5222
8,11,16,0.000000,0.000000,0.000000,0.000000,0.000000,0.000000,0.000000,0.000000,0.000000,0.000000,-0.464929,0.635765,-0.538480,0.633809,4106
8,11,16.5,0.000000,0.000000,0.000000,0.000000,0.000000,0.000000,0.000000,0.000000,0.000000,0.000000,-0.451554,0.634061,-0.522633,0.648803,4087
8,11,17,0.000000,0.000000,0.000000,0.000000,0.000000,0.000000,0.000000,0.000000,0.000000,0.000000,-0.472548,0.634362,-0.546176,0.623622,3151
8,11,17.5,0.000000,0.000000,0.000000,0.000000,0.000000,0.000000,0.000000,0.000000,0.000000,0.000000,-0.438649,0.631933,-0.519448,0.656270,2828
8,11,18,0.000000,0.000000,0.000000,0.000000,0.000000,0.000000,0.000000,0.000000,0.000000,0.000000,-0.402072,0.603372,-0.517676,0.652776,2461
8,11,18.5,0.000000,0.000000,0.000000,0.000000,0.000000,0.000000,0.000000,0.000000,0.000000,0.000000,-0.433132,0.619209,-0.531926,0.640132,1989
8,11,19,0.000000,0.000000,0.000000,0.000000,0.000000,0.000000,0.000000,0.000000,0.000000,0.000000,-0.461724,0.628885,-0.546715,0.623948,1659
8,11,19.5,0.000000,0.000000,0.000000,0.000000,0.000000,0.000000,0.000000,0.000000,0.000000,0.000000,-0.444915,0.631146,-0.555085,0.631146,1416
8,11,20,0.000000,0.000000,0.000000,0.000000,0.000000,0.000000,0.000000,0.000000,0.000000,0.000000,-0.473276,0.630320,-0.557759,0.612181,1160
8,11,20.5,0.000000,0.000000,0.000000,0.000000,0.000000,0.000000,0.000000,0.000000,0.000000,0.000000,-0.415865,0.604700,-0.511538,0.647944,1040
8,11,21,0.000000,0.000000,0.000000,0.000000,0.000000,0.000000,0.000000,0.000000,0.000000,0.000000,-0.413495,0.610741,-0.557093,0.629670,867
8,11,21.5,0.000000,0.000000,0.000000,0.000000,0.000000,0.000000,0.000000,0.000000,0.000000,0.000000,-0.446092,0.596150,-0.605121,0.562400,742
8,11,22,0.000000,0.000000,0.000000,0.000000,0.000000,0.000000,0.000000,0.000000,0.000000,0.000000,-0.390595,0.559048,-0.598848,0.566525,521
8,11,22.5,0.000000,0.000000,0.000000,0.000000,0.000000,0.000000,0.000000,0.000000,0.000000,0.000000,-0.381210,0.598200,-0.496760,0.673316,463
8,11,23,0.000000,0.000000,0.000000,0.000000,0.000000,0.000000,0.000000,0.000000,0.000000,0.000000,-0.415236,0.595283,-0.542918,0.621549,466
8,11,23.5,0.000000,0.000000,0.000000,0.000000,0.000000,0.000000,0.000000,0.000000,0.000000,0.000000,-0.387931,0.559280,-0.543103,0.604464,348
8,11,24,0.000000,0.000000,0.000000,0.000000,0.000000,0.000000,0.000000,0.000000,0.000000,0.000000,-0.383803,0.574526,-0.602113,0.584643,284
8,11,24.5,0.000000,0.000000,0.000000,0.000000,0.000000,0.000000,0.000000,0.000000,0.000000,0.000000,-0.395556,0.625758,-0.488889,0.694321,225
8,11,25,0.000000,0.000000,0.000000,0.000000,0.000000,0.000000,0.000000,0.000000,0.000000,0.000000,-0.385321,0.601528,-0.518349,0.662507,218
8,11,25.5,0.000000,0.000000,0.000000,0.000000,0.000000,0.000000,0.000000,0.000000,0.000000,0.000000,-0.314010,0.551156,-0.545894,0.653691,207
8,11,26,0.000000,0.000000,0.000000,0.000000,0.000000,0.000000,0.000000,0.000000,0.000000,0.000000,-0.388889,0.530864,-0.703704,0.455418,81
8,11,26.5,0.000000,0.000000,0.000000,0.000000,0.000000,0.000000,0.000000,0.000000,0.000000,0.000000,-0.317857,0.490038,-0.685714,0.486939,140
8,11,27,0.000000,0.000000,0.000000,0.000000,0.000000,0.000000,0.000000,0.000000,0.000000,0.000000,-0.426606,0.554246,-0.532110,0.579244,109
8,11,27.5,0.000000,0.000000,0.000000,0.000000,0.000000,0.000000,0.000000,0.000000,0.000000,0.000000,-0.614754,0.593389,-0.704918,0.404730,61
8,11,28,0.000000,0.000000,0.000000,0.000000,0.000000,0.000000,0.000000,0.000000,0.000000,0.000000,-0.284314,0.512303,-0.549020,0.639754,51
8,11,28.5,0.000000,0.000000,0.000000,0.000000,0.000000,0.000000,0.000000,0.000000,0.000000,0.000000,-0.592105,0.642832,-0.684211,0.479224,38
8,11,29,0.000000,0.000000,0.000000,0.000000,0.000000,0.000000,0.000000,0.000000,0.000000,0.000000,-0.609375,0.683350,-0.531250,0.624023,32
8,11,29.5,0.000000,0.000000,0.000000,0.000000,0.000000,0.000000,0.000000,0.000000,0.000000,0.000000,-0.439024,0.563355,-0.707317,0.450922,41
8,11,30,0.000000,0.000000,0.000000,0.000000,0.000000,0.000000,0.000000,0.000000,0.000000,0.000000,-0.382353,0.544983,-0.764706,0.415225,34
8,11,30.5,0.000000,0.000000,0.000000,0.000000,0.000000,0.000000,0.000000,0.000000,0.000000,0.000000,-0.250000,0.368056,-0.666667,0.444444,18
8,11,31,0.000000,0.000000,0.000000,0.000000,0.000000,0.000000,0.000000,0.000000,0.000000,0.000000,-0.105263,0.252078,-0.789474,0.376731,19
8,11,31.5,0.000000,0.000000,0.000000,0.000000,0.000000,0.000000,0.000000,0.000000,0.000000,0.000000,-0.692308,0.597633,-0.769231,0.331361,13
8,11,32,0.000000,0.000000,0.000000,0.000000,0.000000,0.000000,0.000000,0.000000,0.000000,0.000000,-0.375000,0.484375,-0.625000,0.484375,8
8,11,32.5,0.000000,0.000000,0.000000,0.000000,0.000000,0.000000,0.000000,0.000000,0.000000,0.000000,0.200000,0.060000,-0.200000,0.960000,5
8,11,33,0.000000,0.000000,0.000000,0.000000,0.000000,0.000000,0.000000,0.000000,0.000000,0.000000,-0.142857,0.336735,-0.714286,0.489796,7
8,11,33.5,0.000000,0.000000,0.000000,0.000000,0.000000,0.000000,0.000000,0.000000,0.000000,0.000000,-0.250000,0.562500,-0.500000,0.750000,4
8,11,34,0.000000,0.000000,0.000000,0.000000,0.000000,0.000000,0.000000,0.000000,0.000000,0.000000,0.000000,0.166667,0.000000,0.666667,3
8,11,34.5,0.000000,0.000000,0.000000,0.000000,0.000000,0.000000,0.000000,0.000000,0.000000,0.000000,-1.000000,0.500000,-1.000000,0.000000,3
8,11,35,0.000000,0.000000,0.000000,0.000000,0.000000,0.000000,0.000000,0.000000,0.000000,0.000000,-0.500000,0.375000,-0.750000,0.187500,4
8,11,35.5,0.000000,0.000000,0.000000,0.000000,0.000000,0.000000,0.000000,0.000000,0.000000,0.000000,0.000000,0.000000,-1.000000,0.000000,1
8,11,36,0.000000,0.000000,0.000000,0.000000,0.000000,0.000000,0.000000,0.000000,0.000000,0.000000,0.250000,0.062500,0.000000,1.000000,2
8,11,37,0.000000,0.000000,0.000000,0.000000,0.000000,0.000000,0.000000,0.000000,0.000000,0.000000,-1.000000,0.250000,-0.500000,0.250000,2
8,11,38,0.000000,0.000000,0.000000,0.000000,0.000000,0.000000,0.000000,0.000000,0.000000,0.000000,0.000000,0.000000,-1.000000,0.000000,1
8,11,39,0.000000,0.000000,0.000000,0.000000,0.000000,0.000000,0.000000,0.000000,0.000000,0.000000,0.000000,0.000000,-1.000000,0.000000,1
8,11,39.5,0.000000,0.000000,0.000000,0.000000,0.000000,0.000000,0.000000,0.000000,0.000000,0.000000,0.000000,0.000000,-1.000000,0.000000,1
8,11,47.5,0.000000,0.000000,0.000000,0.000000,0.000000,0.000000,0.000000,0.000000,0.000000,0.000000,-0.500000,0.000000,0.000000,0.000000,1
9,11,-40.5,0.000000,0.000000,0.000000,0.000000,0.000000,0.000000,0.000000,0.000000,0.000000,0.000000,-1.500000,0.000000,-1.000000,0.000000,1
9,11,-37,0.000000,0.000000,0.000000,0.000000,0.000000,0.000000,0.000000,0.000000,0.000000,0.000000,0.500000,0.000000,1.000000,0.000000,1
9,11,-36.5,0.000000,0.000000,0.000000,0.000000,0.000000,0.000000,0.000000,0.000000,0.000000,0.000000,-0.750000,0.562500,-1.000000,0.000000,2
9,11,-36,0.000000,0.000000,0.000000,0.000000,0.000000,0.000000,0.000000,0.000000,0.000000,0.000000,0.000000,0.000000,-1.000000,0.000000,1
9,11,-35.5,0.000000,0.000000,0.000000,0.000000,0.000000,0.000000,0.000000,0.000000,0.000000,0.000000,-0.750000,0.562500,-1.000000,0.000000,2
9,11,-35,0.000000,0.000000,0.000000,0.000000,0.000000,0.000000,0.000000,0.000000,0.000000,0.000000,0.000000,0.166667,0.000000,0.666667,3
9,11,-34.5,0.000000,0.000000,0.000000,0.000000,0.000000,0.000000,0.000000,0.000000,0.000000,0.000000,-1.500000,0.000000,-1.000000,0.000000,2
9,11,-34,0.000000,0.000000,0.000000,0.000000,0.000000,0.000000,0.000000,0.000000,0.000000,0.000000,-1.100000,0.640000,-0.600000,0.640000,5
9,11,-33.5,0.000000,0.000000,0.000000,0.000000,0.000000,0.000000,0.000000,0.000000,0.000000,0.000000,0.000000,0.750000,0.500000,0.750000,4
9,11,-33,0.000000,0.000000,0.000000,0.000000,0.000000,0.000000,0.000000,0.000000,0.000000,0.000000,-0.545455,0.838843,-0.181818,0.876033,11
9,11,-32.5,0.000000,0.000000,0.000000,0.000000,0.000000,0.000000,0.000000,0.000000,0.000000,0.000000,-0.600000,0.640000,-0.400000,0.640000,5
9,11,-32,0.000000,0.000000,0.000000,0.000000,0.000000,0.000000,0.000000,0.000000,0.000000,0.000000,-1.000000,0.750000,-0.500000,0.750000,4
9,11,-31.5,0.000000,0.000000,0.000000,0.000000,0.000000,0.000000,0.000000,0.000000,0.000000,0.000000,-0.307692,0.751479,0.076923,0.840237,13
9,11,-31,0.000000,0.000000,0.000000,0.000000,0.000000,0.000000,0.000000,0.000000,0.000000,0.000000,-0.833333,0.638889,-0.833333,0.305556,12
9,11,-30.5,0.000000,0.000000,0.000000,0.000000,0.000000,0.000000,0.000000,0.000000,0.000000,0.000000,-0.642857,0.741497,-0.428571,0.721088,21
9,11,-30,0.000000,0.000000,0.000000,0.000000,0.000000,0.000000,0.000000,0.000000,0.000000,0.000000,-0.789474,0.639889,-0.526316,0.565097,19
9,11,-29.5,0.000000,0.000000,0.000000,0.000000,0.000000,0.000000,0.000000,0.000000,0.000000,0.000000,-0.576923,0.801775,-0.307692,0.828402,26
9,11,-29,0.000000,0.000000,0.000000,0.000000,0.000000,0.000000,0.000000,0.000000,0.000000,0.000000,-0.879310,0.683710,-0.586207,0.587396,29
9,11,-28.5,0.000000,0.000000,0.000000,0.000000,0.000000,0.000000,0.000000,0.000000,0.000000,0.000000,-0.445652,0.752481,-0.173913,0.839319,46
9,11,-28,0.000000,0.000000,0.000000,0.000000,0.000000,0.000000,0.000000,0.000000,0.000000,0.000000,-0.528571,0.770612,-0.371429,0.804898,35
9,11,-27.5,0.000000,0.000000,0.000000,0.000000,0.000000,0.000000,0.000000,0.000000,0.000000,0.000000,-0.576923,0.657544,-0.480769,0.634246,52
9,11,-27,0.000000,0.000000,0.000000,0.000000,0.000000,0.000000,0.000000,0.000000,0.000000,0.000000,-0.557292,0.728488,-0.322917,0.760308,96
9,11,-26.5,0.000000,0.000000,0.000000,0.000000,0.000000,0.000000,0.000000,0.000000,0.000000,0.000000,-0.678947,0.789030,-0.368421,0.780055,95
9,11,-26,0.000000,0.000000,0.000000,0.000000,0.000000,0.000000,0.000000,0.000000,0.000000,0.000000,-0.739437,0.660980,-0.577465,0.553858,71
9,11,-25.5,0.000000,0.000000,0.000000,0.000000,0.000000,0.000000,0.000000,0.000000,0.000000,0.000000,-0.558642,0.692549,-0.419753,0.700351,162
9,11,-25,0.000000,0.000000,0.000000,0.000000,0.000000,0.000000,0.000000,0.000000,0.000000,0.000000,-0.495192,0.728342,-0.326923,0.787352,208
9,11,-24.5,0.000000,0.000000,0.000000,0.000000,0.000000,0.000000,0.000000,0.000000,0.000000,0.000000,-0.426316,0.718255,-0.257895,0.822964,190
9,11,-24,0.000000,0.000000,0.000000,0.000000,0.000000,0.000000,0.000000,0.000000,0.000000,0.000000,-0.571429,0.775201,-0.311688,0.803283,231
9,11,-23.5,0.000000,0.000000,0.000000,0.000000,0.000000,0.000000,0.000000,0.000000,0.000000,0.000000,-0.479239,0.698531,-0.311419,0.768070,289
9,11,-23,0.000000,0.000000,0.000000,0.000000,0.000000,0.000000,0.000000,0.000000,0.000000,0.000000,-0.547564,0.725696,-0.378190,0.750244,431
9,11,-22.5,0.000000,0.000000,0.000000,0.000000,0.000000,0.000000,0.000000,0.000000,0.000000,0.000000,-0.487059,0.706303,-0.343529,0.766693,425
9,11,-22,0.000000,0.000000,0.000000,0.000000,0.000000,0.000000,0.000000,0.000000,0.000000,0.000000,-0.521000,0.737059,-0.342000,0.781036,500
9,11,-21.5,0.000000,0.000000,0.000000,0.000000,0.000000,0.000000,0.000000,0.000000,0.000000,0.000000,-0.582817,0.733466,-0.363777,0.748471,646
9,11,-21,0.000000,0.000000,0.000000,0.000000,0.000000,0.000000,0.000000,0.000000,0.000000,0.000000,-0.555341,0.714441,-0.391248,0.732382,777
9,11,-20.5,0.000000,0.000000,0.000000,0.000000,0.000000,0.000000,0.000000,0.000000,0.000000,0.000000,-0.512848,0.720392,-0.340471,0.768448,934
9,11,-20,0.000000,0.000000,0.000000,0.000000,0.000000,0.000000,0.000000,0.000000,0.000000,0.000000,-0.522727,0.733858,-0.343750,0.776722,1056
9,11,-19.5,0.000000,0.000000,0.000000,0.000000,0.000000,0.000000,0.000000,0.000000,0.000000,0.000000,-0.529009,0.732841,-0.345689,0.772522,1241
9,11,-19,0.000000,0.000000,0.000000,0.000000,0.000000,0.000000,0.000000,0.000000,0.000000,0.000000,-0.507280,0.730258,-0.346790,0.779803,1511
9,11,-18.5,0.000000,0.000000,0.000000,0.000000,0.000000,0.000000,0.000000,0.000000,0.000000,0.000000,-0.516102,0.717953,-0.340922,0.764394,1801
9,11,-18,0.000000,0.000000,0.000000,0.000000,0.000000,0.000000,0.000000,0.000000,0.000000,0.000000,-0.525953,0.729804,-0.354616,0.769057,2177
9,11,-17.5,0.000000,0.000000,0.000000,0.000000,0.000000,0.000000,0.000000,0.000000,0.000000,0.000000,-0.535673,0.713626,-0.376192,0.743638,2621
9,11,-17,0.000000,0.000000,0.000000,0.000000,0.000000,0.000000,0.000000,0.000000,0.000000,0.000000,-0.515555,0.731006,-0.358797,0.774134,2893
9,11,-16.5,0.000000,0.000000,0.000000,0.000000,0.000000,0.000000,0.000000,0.000000,0.000000,0.000000,-0.531144,0.725848,-0.367249,0.759998,3548
9,11,-16,0.000000,0.000000,0.000000,0.000000,0.000000,0.000000,0.000000,0.000000,0.000000,0.000000,-0.513871,0.706479,-0.392338,0.741976,3785
9,11,-15.5,0.000000,0.000000,0.000000,0.000000,0.000000,0.000000,0.000000,0.000000,0.000000,0.000000,-0.515888,0.718331,-0.364289,0.760078,4878
9,11,-15,0.000000,0.000000,0.000000,0.000000,0.000000,0.000000,0.000000,0.000000,0.000000,0.000000,-0.518058,0.717842,-0.374608,0.756112,5427
9,11,-14.5,0.000000,0.000000,0.000000,0.000000,0.000000,0.000000,0.000000,0.000000,0.000000,0.000000,-0.519194,0.717802,-0.378119,0.754659,6252
9,11,-14,0.000000,0.000000,0.000000,0.000000,0.000000,0.000000,0.000000,0.000000,0.000000,0.000000,-0.501976,0.707984,-0.365931,0.756060,7843
9,11,-13.5,0.000000,0.000000,0.000000,0.000000,0.000000,0.000000,0.000000,0.000000,0.000000,0.000000,-0.511525,0.712485,-0.375887,0.753508,8460
9,11,-13,0.000000,0.000000,0.000000,0.000000,0.000000,0.000000,0.000000,0.000000,0.000000,0.000000,-0.496056,0.705400,-0.375529,0.754130,10396
9,11,-12.5,0.000000,0.000000,0.000000,0.000000,0.000000,0.000000,0.000000,0.000000,0.000000,0.000000,-0.500432,0.708221,-0.371315,0.755788,11567
9,11,-12,0.000000,0.000000,0.000000,0.000000,0.000000,0.000000,0.000000,0.000000,0.000000,0.000000,-0.489063,0.708315,-0.368715,0.762310,13623
9,11,-11.5,0.000000,0.000000,0.000000,0.000000,0.000000,0.000000,0.000000,0.000000,0.000000,0.000000,-0.489815,0.708153,-0.363359,0.762999,15709
9,11,-11,0.000000,0.000000,0.000000,0.000000,0.000000,0.000000,0.000000,0.000000,0.000000,0.000000,-0.498068,0.708231,-0.379712,0.754875,18119
9,11,-10.5,0.000000,0.000000,0.000000,0.000000,0.000000,0.000000,0.000000,0.000000,0.000000,0.000000,-0.492714,0.705051,-0.376973,0.755125,22235
9,11,-10,0.000000,0.000000,0.000000,0.000000,0.000000,0.000000,0.000000,0.000000,0.000000,0.000000,-0.493142,0.701825,-0.378625,0.751257,24861
9,11,-9.5,0.000000,0.000000,0.000000,0.000000,0.000000,0.000000,0.000000,0.000000,0.000000,0.000000,-0.483375,0.702635,-0.372155,0.758802,27459
9,11,-9,0.000000,0.000000,0.000000,0.000000,0.000000,0.000000,0.000000,0.000000,0.000000,0.000000,-0.468452,0.694594,-0.368538,0.759812,33679
9,11,-8.5,0.000000,0.000000,0.000000,0.000000,0.000000,0.000000,0.000000,0.000000,0.000000,0.000000,-0.484520,0.700473,-0.382558,0.753380,37210
9,11,-8,0.000000,0.000000,0.000000,0.000000,0.000000,0.000000,0.000000,0.000000,0.000000,0.000000,-0.481260,0.694990,-0.383876,0.749289,43996
9,11,-7.5,0.000000,0.000000,0.000000,0.000000,0.000000,0.000000,0.000000,0.000000,0.000000,0.000000,-0.465071,0.695499,-0.371535,0.761913,50975
9,11,-7,0.000000,0.000000,0.000000,0.000000,0.000000,0.000000,0.000000,0.000000,0.000000,0.000000,-0.467593,0.695931,-0.375465,0.759943,59092
9,11,-6.5,0.000000,0.000000,0.000000,0.000000,0.000000,0.000000,0.000000,0.000000,0.000000,0.000000,-0.462396,0.691301,-0.375736,0.758208,68290
9,11,-6,0.000000,0.000000,0.000000,0.000000,0.000000,0.000000,0.000000,0.000000,0.000000,0.000000,-0.465451,0.690414,-0.384128,0.753391,77745
9,11,-5.5,0.000000,0.000000,0.000000,0.000000,0.000000,0.000000,0.000000,0.000000,0.000000,0.000000,-0.458709,0.687818,-0.381440,0.755392,92502
9,11,-5,0.000000,0.000000,0.000000,0.000000,0.000000,0.000000,0.000000,0.000000,0.000000,0.000000,-0.456901,0.686632,-0.380316,0.755557,105478
9,11,-4.5,0.000000,0.000000,0.000000,0.000000,0.000000,0.000000,0.000000,0.000000,0.000000,0.000000,-0.457846,0.683655,-0.388868,0.749725,121779
9,11,-4,0.000000,0.000000,0.000000,0.000000,0.000000,0.000000,0.000000,0.000000,0.000000,0.000000,-0.456309,0.684671,-0.388507,0.751741,145076
9,11,-3.5,0.000000,0.000000,0.000000,0.000000,0.000000,0.000000,0.000000,0.000000,0.000000,0.000000,-0.451868,0.681229,-0.388232,0.751003,166354
9,11,-3,0.000000,0.000000,0.000000,0.000000,0.000000,0.000000,0.000000,0.000000,0.000000,0.000000,-0.450797,0.680519,-0.390865,0.750199,195505
9,11,-2.5,0.000000,0.000000,0.000000,0.000000,0.000000,0.000000,0.000000,0.000000,0.000000,0.000000,-0.444753,0.676968,-0.387455,0.751249,228411
9,11,-2,0.000000,0.000000,0.000000,0.000000,0.000000,0.000000,0.000000,0.000000,0.000000,0.000000,-0.443762,0.676569,-0.390072,0.750730,267356
9,11,-1.5,0.000000,0.000000,0.000000,0.000000,0.000000,0.000000,0.000000,0.000000,0.000000,0.000000,-0.438916,0.673504,-0.392774,0.749893,318086
9,11,-1,0.000000,0.000000,0.000000,0.000000,0.000000,0.000000,0.000000,0.000000,0.000000,0.000000,-0.437989,0.672550,-0.393074,0.749431,365483
9,11,-0.5,0.000000,0.000000,0.000000,0.000000,0.000000,0.000000,0.000000,0.000000,0.000000,0.000000,-0.436417,0.672266,-0.393692,0.749953,439918
9,11,-0,0.000000,0.000000,0.000000,0.000000,0.000000,0.000000,0.000000,0.000000,0.000000,0.000000,-0.436524,0.669468,-0.398301,0.745742,524659
9,11,0.5,0.000000,0.000000,0.000000,0.000000,0.000000,0.000000,0.000000,0.000000,0.000000,0.000000,-0.428742,0.666633,-0.395028,0.748807,690169
9,11,1,0.000000,0.000000,0.000000,0.000000,0.000000,0.000000,0.000000,0.000000,0.000000,0.000000,-0.429152,0.665347,-0.398238,0.746316,477185
9,11,1.5,0.000000,0.000000,0.000000,0.000000,0.000000,0.000000,0.000000,0.000000,0.000000,0.000000,-0.425371,0.663617,-0.397368,0.747284,423235
9,11,2,0.000000,0.000000,0.000000,0.000000,0.000000,0.000000,0.000000,0.000000,0.000000,0.000000,-0.424976,0.662065,-0.402102,0.744570,356161
9,11,2.5,0.000000,0.000000,0.000000,0.000000,0.000000,0.000000,0.000000,0.000000,0.000000,0.000000,-0.420076,0.660043,-0.400010,0.746390,304095
9,11,3,0.000000,0.000000,0.000000,0.000000,0.000000,0.000000,0.000000,0.000000,0.000000,0.000000,-0.417133,0.659587,-0.398494,0.748337,257557
9,11,3.5,0.000000,0.000000,0.000000,0.000000,0.000000,0.000000,0.000000,0.000000,0.000000,0.000000,-0.416732,0.656711,-0.404178,0.744008,218498
9,11,4,0.000000,0.000000,0.000000,0.000000,0.000000,0.000000,0.000000,0.000000,0.000000,0.000000,-0.413516,0.651820,-0.408672,0.739864,188601
9,11,4.5,0.000000,0.000000,0.000000,0.000000,0.000000,0.000000,0.000000,0.000000,0.000000,0.000000,-0.408684,0.649522,-0.406452,0.741542,158887
9,11,5,0.000000,0.000000,0.000000,0.000000,0.000000,0.000000,0.000000,0.000000,0.000000,0.000000,-0.408407,0.651163,-0.403770,0.744203,136288
9,11,5.5,0.000000,0.000000,0.000000,0.000000,0.000000,0.000000,0.000000,0.000000,0.000000,0.000000,-0.408540,0.648478,-0.413041,0.738490,119298
9,11,6,0.000000,0.000000,0.000000,0.000000,0.000000,0.000000,0.000000,0.000000,0.000000,0.000000,-0.400610,0.644511,-0.410958,0.740676,101419
9,11,6.5,0.000000,0.000000,0.000000,0.000000,0.000000,0.000000,0.000000,0.000000,0.000000,0.000000,-0.403235,0.645899,-0.411671,0.740008,87893
9,11,7,0.000000,0.000000,0.000000,0.000000,0.000000,0.000000,0.000000,0.000000,0.000000,0.000000,-0.400083,0.641241,-0.414907,0.736488,75588
9,11,7.5,0.000000,0.000000,0.000000,0.000000,0.000000,0.000000,0.000000,0.000000,0.000000,0.000000,-0.392091,0.639084,-0.410041,0.741570,65152
9,11,8,0.000000,0.000000,0.000000,0.000000,0.000000,0.000000,0.000000,0.000000,0.000000,0.000000,-0.394405,0.636769,-0.417012,0.735324,57195
9,11,8.5,0.000000,0.000000,0.000000,0.000000,0.000000,0.000000,0.000000,0.000000,0.000000,0.000000,-0.388476,0.634899,-0.413917,0.738730,47797
9,11,9,0.000000,0.000000,0.000000,0.000000,0.000000,0.000000,0.000000,0.000000,0.000000,0.000000,-0.386735,0.634175,-0.409722,0.740625,42873
9,11,9.5,0.000000,0.000000,0.000000,0.000000,0.000000,0.000000,0.000000,0.000000,0.000000,0.000000,-0.384851,0.633503,-0.417317,0.738841,35515
9,11,10,0.000000,0.000000,0.000000,0.000000,0.000000,0.000000,0.000000,0.000000,0.000000,0.000000,-0.386271,0.631610,-0.420285,0.734911,32516
9,11,10.5,0.000000,0.000000,0.000000,0.000000,0.000000,0.000000,0.000000,0.000000,0.000000,0.000000,-0.380653,0.627405,-0.413298,0.737156,28350
9,11,11,0.000000,0.000000,0.000000,0.000000,0.000000,0.000000,0.000000,0.000000,0.000000,0.000000,-0.375598,0.629504,-0.410434,0.743942,23424
9,11,11.5,0.000000,0.000000,0.000000,0.000000,0.000000,0.000000,0.000000,0.000000,0.000000,0.000000,-0.378790,0.619270,-0.431974,0.723952,20448
9,11,12,0.000000,0.000000,0.000000,0.000000,0.000000,0.000000,0.000000,0.000000,0.000000,0.000000,-0.360975,0.616817,-0.418827,0.739656,17709
9,11,12.5,0.000000,0.000000,0.000000,0.000000,0.000000,0.000000,0.000000,0.000000,0.000000,0.000000,-0.371534,0.612773,-0.431020,0.723241,15113
9,11,13,0.000000,0.000000,0.000000,0.000000,0.000000,0.000000,0.000000,0.000000,0.000000,0.000000,-0.369835,0.618508,-0.428593,0.731139,13479
9,11,13.5,0.000000,0.000000,0.000000,0.000000,0.000000,0.000000,0.000000,0.000000,0.000000,0.000000,-0.364770,0.609155,-0.432520,0.724244,11107
9,11,14,0.000000,0.000000,0.000000,0.000000,0.000000,0.000000,0.000000,0.000000,0.000000,0.000000,-0.368153,0.612947,-0.428893,0.726751,10224
9,11,14.5,0.000000,0.000000,0.000000,0.000000,0.000000,0.000000,0.000000,0.000000,0.000000,0.000000,-0.383867,0.613868,-0.449119,0.708272,8176
9,11,15,0.000000,0.000000,0.000000,0.000000,0.000000,0.000000,0.000000,0.000000,0.000000,0.000000,-0.358867,0.613389,-0.428709,0.734438,7252
9,11,15.5,0.000000,0.000000,0.000000,0.000000,0.000000,0.000000,0.000000,0.000000,0.000000,0.000000,-0.346758,0.603303,-0.428953,0.733883,6369
9,11,16,0.000000,0.000000,0.000000,0.000000,0.000000,0.000000,0.000000,0.000000,0.000000,0.000000,-0.372590,0.604701,-0.453614,0.705680,4980
9,11,16.5,0.000000,0.000000,0.000000,0.000000,0.000000,0.000000,0.000000,0.000000,0.000000,0.000000,-0.347794,0.602229,-0.428541,0.732122,4737
9,11,17,0.000000,0.000000,0.000000,0.000000,0.000000,0.000000,0.000000,0.000000,0.000000,0.000000,-0.370170,0.605246,-0.468315,0.701855,3882
9,11,17.5,0.000000,0.000000,0.000000,0.000000,0.000000,0.000000,0.000000,0.000000,0.000000,0.000000,-0.330943,0.579514,-0.435597,0.720677,3416
9,11,18,0.000000,0.000000,0.000000,0.000000,0.000000,0.000000,0.000000,0.000000,0.000000,0.000000,-0.329150,0.582172,-0.427041,0.727943,2988
9,11,18.5,0.000000,0.000000,0.000000,0.000000,0.000000,0.000000,0.000000,0.000000,0.000000,0.000000,-0.357888,0.589257,-0.449499,0.703209,2396
9,11,19,0.000000,0.000000,0.000000,0.000000,0.000000,0.000000,0.000000,0.000000,0.000000,0.000000,-0.311363,0.571524,-0.411215,0.737936,2033
9,11,19.5,0.000000,0.000000,0.000000,0.000000,0.000000,0.000000,0.000000,0.000000,0.000000,0.000000,-0.359942,0.595734,-0.453801,0.706345,1710
9,11,20,0.000000,0.000000,0.000000,0.000000,0.000000,0.000000,0.000000,0.000000,0.000000,0.000000,-0.345812,0.581118,-0.486286,0.688656,1349
9,11,20.5,0.000000,0.000000,0.000000,0.000000,0.000000,0.000000,0.000000,0.000000,0.000000,0.000000,-0.330308,0.580518,-0.450671,0.716391,1267
9,11,21,0.000000,0.000000,0.000000,0.000000,0.000000,0.000000,0.000000,0.000000,0.000000,0.000000,-0.319324,0.552863,-0.439614,0.702392,1035
9,11,21.5,0.000000,0.000000,0.000000,0.000000,0.000000,0.000000,0.000000,0.000000,0.000000,0.000000,-0.319429,0.572498,-0.433589,0.724185,911
9,11,22,0.000000,0.000000,0.000000,0.000000,0.000000,0.000000,0.000000,0.000000,0.000000,0.000000,-0.274793,0.541913,-0.396694,0.746215,726
9,11,22.5,0.000000,0.000000,0.000000,0.000000,0.000000,0.000000,0.000000,0.000000,0.000000,0.000000,-0.290498,0.514910,-0.479751,0.673266,642
9,11,23,0.000000,0.000000,0.000000,0.000000,0.000000,0.000000,0.000000,0.000000,0.000000,0.000000,-0.348246,0.578286,-0.498246,0.678067,570
9,11,23.5,0.000000,0.000000,0.000000,0.000000,0.000000,0.000000,0.000000,0.000000,0.000000,0.000000,-0.343909,0.589214,-0.449239,0.714428,394
9,11,24,0.000000,0.000000,0.000000,0.000000,0.000000,0.000000,0.000000,0.000000,0.000000,0.000000,-0.312000,0.570656,-0.440000,0.726400,375
9,11,24.5,0.000000,0.000000,0.000000,0.000000,0.000000,0.000000,0.000000,0.000000,0.000000,0.000000,-0.304598,0.542278,-0.528736,0.662967,261
9,11,25,0.000000,0.000000,0.000000,0.000000,0.000000,0.000000,0.000000,0.000000,0.000000,0.000000,-0.304348,0.574596,-0.431438,0.740283,299
9,11,25.5,0.000000,0.000000,0.000000,0.000000,0.000000,0.000000,0.000000,0.000000,0.000000,0.000000,-0.430556,0.603974,-0.583333,0.594907,216
9,11,26,0.000000,0.000000,0.000000,0.000000,0.000000,0.000000,0.000000,0.000000,0.000000,0.000000,-0.245370,0.525442,-0.398148,0.758145,108
9,11,26.5,0.000000,0.000000,0.000000,0.000000,0.000000,0.000000,0.000000,0.000000,0.000000,0.000000,-0.208333,0.474454,-0.458333,0.724454,168
9,11,27,0.000000,0.000000,0.000000,0.000000,0.000000,0.000000,0.000000,0.000000,0.000000,0.000000,-0.295455,0.464979,-0.600000,0.549091,110
9,11,27.5,0.000000,0.000000,0.000000,0.000000,0.000000,0.000000,0.000000,0.000000,0.000000,0.000000,-0.319277,0.581797,-0.397590,0.745536,83
9,11,28,0.000000,0.000000,0.000000,0.000000,0.000000,0.000000,0.000000,0.000000,0.000000,0.000000,-0.253086,0.543972,-0.419753,0.762079,81
9,11,28.5,0.000000,0.000000,0.000000,0.000000,0.000000,0.000000,0.000000,0.000000,0.000000,0.000000,-0.391892,0.515340,-0.621622,0.505478,37
9,11,29,0.000000,0.000000,0.000000,0.000000,0.000000,0.000000,0.000000,0.000000,0.000000,0.000000,-0.270270,0.535062,-0.540541,0.680789,37
9,11,29.5,0.000000,0.000000,0.000000,0.000000,0.000000,0.000000,0.000000,0.000000,0.000000,0.000000,-0.179487,0.570348,-0.333333,0.888889,39
9,11,30,0.000000,0.000000,0.000000,0.000000,0.000000,0.000000,0.000000,0.000000,0.000000,0.000000,-0.375000,0.692708,-0.375000,0.817708,24
9,11,30.5,0.000000,0.000000,0.000000,0.000000,0.000000,0.000000,0.000000,0.000000,0.000000,0.000000,-0.347826,0.639887,-0.434783,0.767486,23
9,11,31,0.000000,0.000000,0.000000,0.000000,0.000000,0.000000,0.000000,0.000000,0.000000,0.000000,-1.031250,0.514648,-0.812500,0.277344,16
9,11,31.5,0.000000,0.000000,0.000000,0.000000,0.000000,0.000000,0.000000,0.000000,0.000000,0.000000,0.031250,0.233398,-0.312500,0.839844,16
9,11,32,0.000000,0.000000,0.000000,0.000000,0.000000,0.000000,0.000000,0.000000,0.000000,0.000000,-0.394737,0.515235,-0.526316,0.565097,19
9,11,32.5,0.000000,0.000000,0.000000,0.000000,0.000000,0.000000,0.000000,0.000000,0.000000,0.000000,-0.250000,0.812500,-0.000000,1.000000,6
9,11,33,0.000000,0.000000,0.000000,0.000000,0.000000,0.000000,0.000000,0.000000,0.000000,0.000000,-0.250000,0.562500,-0.500000,0.750000,4
9,11,33.5,0.000000,0.000000,0.000000,0.000000,0.000000,0.000000,0.000000,0.000000,0.000000,0.000000,-0.363636,0.776860,-0.272727,0.925620,11
9,11,34,0.000000,0.000000,0.000000,0.000000,0.000000,0.000000,0.000000,0.000000,0.000000,0.000000,0.166667,0.055556,-0.333333,0.888889,3
9,11,34.5,0.000000,0.000000,0.000000,0.000000,0.000000,0.000000,0.000000,0.000000,0.000000,0.000000,-0.300000,0.960000,0.200000,0.960000,5
9,11,35,0.000000,0.000000,0.000000,0.000000,0.000000,0.000000,0.000000,0.000000,0.000000,0.000000,-0.500000,0.000000,0.000000,0.000000,1
9,11,35.5,0.000000,0.000000,0.000000,0.000000,0.000000,0.000000,0.000000,0.000000,0.000000,0.000000,-0.750000,0.562500,-1.000000,0.000000,2
9,11,36,0.000000,0.000000,0.000000,0.000000,0.000000,0.000000,0.000000,0.000000,0.000000,0.000000,0.000000,0.000000,-1.000000,0.000000,2
9,11,37,0.000000,0.000000,0.000000,0.000000,0.000000,0.000000,0.000000,0.000000,0.000000,0.000000,0.000000,0.000000,-1.000000,0.000000,1
9,11,38,0.000000,0.000000,0.000000,0.000000,0.000000,0.000000,0.000000,0.000000,0.000000,0.000000,-0.750000,0.562500,-1.000000,0.000000,2
9,11,40,0.000000,0.000000,0.000000,0.000000,0.000000,0.000000,0.000000,0.000000,0.000000,0.000000,-0.500000,0.000000,0.000000,0.000000,1
9,11,42,0.000000,0.000000,0.000000,0.000000,0.000000,0.000000,0.000000,0.000000,0.000000,0.000000,0.500000,0.000000,1.000000,0.000000,1
10,11,-39,0.000000,0.000000,0.000000,0.000000,0.000000,0.000000,0.000000,0.000000,0.000000,0.000000,-1.500000,0.000000,-1.000000,0.000000,1
10,11,-38,0.000000,0.000000,0.000000,0.000000,0.000000,0.000000,0.000000,0.000000,0.000000,0.000000,-1.500000,0.000000,-1.000000,0.000000,1
10,11,-37.5,0.000000,0.000000,0.000000,0.000000,0.000000,0.000000,0.000000,0.000000,0.000000,0.000000,-0.250000,0.062500,-0.500000,0.250000,2
10,11,-36.5,0.000000,0.000000,0.000000,0.000000,0.000000,0.000000,0.000000,0.000000,0.000000,0.000000,-0.250000,0.062500,-0.500000,0.250000,2
10,11,-36,0.000000,0.000000,0.000000,0.000000,0.000000,0.000000,0.000000,0.000000,0.000000,0.000000,-1.500000,0.000000,-1.000000,0.000000,2
10,11,-35.5,0.000000,0.000000,0.000000,0.000000,0.000000,0.000000,0.000000,0.000000,0.000000,0.000000,-1.000000,0.250000,-0.500000,0.250000,2
10,11,-34.5,0.000000,0.000000,0.000000,0.000000,0.000000,0.000000,0.000000,0.000000,0.000000,0.000000,-0.500000,0.000000,0.000000,0.000000,2
10,11,-34,0.000000,0.000000,0.000000,0.000000,0.000000,0.000000,0.000000,0.000000,0.000000,0.000000,0.500000,0.000000,1.000000,0.000000,1
10,11,-33.5,0.000000,0.000000,0.000000,0.000000,0.000000,0.000000,0.000000,0.000000,0.000000,0.000000,-0.916667,0.701389,-0.666667,0.555556,6
10,11,-33,0.000000,0.000000,0.000000,0.000000,0.000000,0.000000,0.000000,0.000000,0.000000,0.000000,-0.350000,0.902500,0.000000,1.000000,10
10,11,-32.5,0.000000,0.000000,0.000000,0.000000,0.000000,0.000000,0.000000,0.000000,0.000000,0.000000,-0.312500,0.621094,-0.000000,0.750000,8
10,11,-32,0.000000,0.000000,0.000000,0.000000,0.000000,0.000000,0.000000,0.000000,0.000000,0.000000,-0.875000,0.734375,-0.375000,0.734375,8
10,11,-31.5,0.000000,0.000000,0.000000,0.000000,0.000000,0.000000,0.000000,0.000000,0.000000,0.000000,-0.218750,0.624023,-0.187500,0.902344,16
10,11,-31,0.000000,0.000000,0.000000,0.000000,0.000000,0.000000,0.000000,0.000000,0.000000,0.000000,-0.031250,0.452148,0.187500,0.777344,16
10,11,-30.5,0.000000,0.000000,0.000000,0.000000,0.000000,0.000000,0.000000,0.000000,0.000000,0.000000,-0.277778,0.645062,-0.277778,0.867284,18
10,11,-30,0.000000,0.000000,0.000000,0.000000,0.000000,0.000000,0.000000,0.000000,0.000000,0.000000,-0.740000,0.622400,-0.480000,0.569600,25
10,11,-29.5,0.000000,0.000000,0.000000,0.000000,0.000000,0.000000,0.000000,0.000000,0.000000,0.000000,-0.568966,0.702140,-0.379310,0.718193,29
10,11,-29,0.000000,0.000000,0.000000,0.000000,0.000000,0.000000,0.000000,0.000000,0.000000,0.000000,-0.864865,0.630387,-0.405405,0.619430,37
10,11,-28.5,0.000000,0.000000,0.000000,0.000000,0.000000,0.000000,0.000000,0.000000,0.000000,0.000000,-0.510417,0.744683,-0.229167,0.801649,48
10,11,-28,0.000000,0.000000,0.000000,0.000000,0.000000,0.000000,0.000000,0.000000,0.000000,0.000000,-0.416667,0.810363,-0.128205,0.906640,78
10,11,-27.5,0.000000,0.000000,0.000000,0.000000,0.000000,0.000000,0.000000,0.000000,0.000000,0.000000,-0.550000,0.830833,-0.150000,0.860833,60
10,11,-27,0.000000,0.000000,0.000000,0.000000,0.000000,0.000000,0.000000,0.000000,0.000000,0.000000,-0.322115,0.764030,-0.038462,0.902367,104
10,11,-26.5,0.000000,0.000000,0.000000,0.000000,0.000000,0.000000,0.000000,0.000000,0.000000,0.000000,-0.445312,0.731384,-0.273438,0.823669,128
10,11,-26,0.000000,0.000000,0.000000,0.000000,0.000000,0.000000,0.000000,0.000000,0.000000,0.000000,-0.511628,0.784749,-0.255814,0.841536,86
10,11,-25.5,0.000000,0.000000,0.000000,0.000000,0.000000,0.000000,0.000000,0.000000,0.000000,0.000000,-0.450549,0.736566,-0.230769,0.825866,182
10,11,-25,0.000000,0.000000,0.000000,0.000000,0.000000,0.000000,0.000000,0.000000,0.000000,0.000000,-0.448770,0.766843,-0.213115,0.856221,244
10,11,-24.5,0.000000,0.000000,0.000000,0.000000,0.000000,0.000000,0.000000,0.000000,0.000000,0.000000,-0.475410,0.735051,-0.282787,0.809376,244
10,11,-24,0.000000,0.000000,0.000000,0.000000,0.000000,0.000000,0.000000,0.000000,0.000000,0.000000,-0.535370,0.775276,-0.295820,0.819243,311
10,11,-23.5,0.000000,0.000000,0.000000,0.000000,0.000000,0.000000,0.000000,0.000000,0.000000,0.000000,-0.546828,0.753849,-0.341390,0.786776,331
10,11,-23,0.000000,0.000000,0.000000,0.000000,0.000000,0.000000,0.000000,0.000000,0.000000,0.000000,-0.501078,0.750538,-0.301724,0.809825,464
10,11,-22.5,0.000000,0.000000,0.000000,0.000000,0.000000,0.000000,0.000000,0.000000,0.000000,0.000000,-0.402893,0.730240,-0.237603,0.850569,484
10,11,-22,0.000000,0.000000,0.000000,0.000000,0.000000,0.000000,0.000000,0.000000,0.000000,0.000000,-0.470217,0.746857,-0.319495,0.820306,554
10,11,-21.5,0.000000,0.000000,0.000000,0.000000,0.000000,0.000000,0.000000,0.000000,0.000000,0.000000,-0.467890,0.751590,-0.268676,0.830827,763
10,11,-21,0.000000,0.000000,0.000000,0.000000,0.000000,0.000000,0.000000,0.000000,0.000000,0.000000,-0.451807,0.748499,-0.231106,0.837061,913
10,11,-20.5,0.000000,0.000000,0.000000,0.000000,0.000000,0.000000,0.000000,0.000000,0.000000,0.000000,-0.436949,0.721554,-0.279541,0.818682,1134
10,11,-20,0.000000,0.000000,0.000000,0.000000,0.000000,0.000000,0.000000,0.000000,0.000000,0.000000,-0.467578,0.735472,-0.289844,0.813647,1280
10,11,-19.5,0.000000,0.000000,0.000000,0.000000,0.000000,0.000000,0.000000,0.000000,0.000000,0.000000,-0.433788,0.728722,-0.265529,0.828470,1465
10,11,-19,0.000000,0.000000,0.000000,0.000000,0.000000,0.000000,0.000000,0.000000,0.000000,0.000000,-0.452142,0.737926,-0.278160,0.825853,1891
10,11,-18.5,0.000000,0.000000,0.000000,0.000000,0.000000,0.000000,0.000000,0.000000,0.000000,0.000000,-0.433241,0.718379,-0.267495,0.818409,2172
10,11,-18,0.000000,0.000000,0.000000,0.000000,0.000000,0.000000,0.000000,0.000000,0.000000,0.000000,-0.418064,0.725184,-0.253049,0.835357,2624
10,11,-17.5,0.000000,0.000000,0.000000,0.000000,0.000000,0.000000,0.000000,0.000000,0.000000,0.000000,-0.429247,0.720459,-0.273557,0.822786,3067
10,11,-17,0.000000,0.000000,0.000000,0.000000,0.000000,0.000000,0.000000,0.000000,0.000000,0.000000,-0.431772,0.710865,-0.275256,0.811496,3415
10,11,-16.5,0.000000,0.000000,0.000000,0.000000,0.000000,0.000000,0.000000,0.000000,0.000000,0.000000,-0.439269,0.715779,-0.284600,0.811136,4487
10,11,-16,0.000000,0.000000,0.000000,0.000000,0.000000,0.000000,0.000000,0.000000,0.000000,0.000000,-0.425200,0.711012,-0.295191,0.814465,4492
10,11,-15.5,0.000000,0.000000,0.000000,0.000000,0.000000,0.000000,0.000000,0.000000,0.000000,0.000000,-0.398490,0.709225,-0.255708,0.832752,5694
10,11,-15,0.000000,0.000000,0.000000,0.000000,0.000000,0.000000,0.000000,0.000000,0.000000,0.000000,-0.410256,0.715537,-0.260095,0.830861,6513
10,11,-14.5,0.000000,0.000000,0.000000,0.000000,0.000000,0.000000,0.000000,0.000000,0.000000,0.000000,-0.420699,0.709437,-0.282796,0.816801,7440
10,11,-14,0.000000,0.000000,0.000000,0.000000,0.000000,0.000000,0.000000,0.000000,0.000000,0.000000,-0.410297,0.711040,-0.267029,0.826148,9381
10,11,-13.5,0.000000,0.000000,0.000000,0.000000,0.000000,0.000000,0.000000,0.000000,0.000000,0.000000,-0.394760,0.699231,-0.262777,0.825263,10096
10,11,-13,0.000000,0.000000,0.000000,0.000000,0.000000,0.000000,0.000000,0.000000,0.000000,0.000000,-0.413647,0.707740,-0.276812,0.820155,12420
10,11,-12.5,0.000000,0.000000,0.000000,0.000000,0.000000,0.000000,0.000000,0.000000,0.000000,0.000000,-0.387751,0.693647,-0.266662,0.824594,13519
10,11,-12,0.000000,0.000000,0.000000,0.000000,0.000000,0.000000,0.000000,0.000000,0.000000,0.000000,-0.395720,0.699285,-0.271658,0.824331,16403
10,11,-11.5,0.000000,0.000000,0.000000,0.000000,0.000000,0.000000,0.000000,0.000000,0.000000,0.000000,-0.387712,0.697559,-0.263979,0.828616,18653
10,11,-11,0.000000,0.000000,0.000000,0.000000,0.000000,0.000000,0.000000,0.000000,0.000000,0.000000,-0.388495,0.697810,-0.268815,0.828142,21286
10,11,-10.5,0.000000,0.000000,0.000000,0.000000,0.000000,0.000000,0.000000,0.000000,0.000000,0.000000,-0.387481,0.695029,-0.267781,0.826133,25969
10,11,-10,0.000000,0.000000,0.000000,0.000000,0.000000,0.000000,0.000000,0.000000,0.000000,0.000000,-0.392274,0.693194,-0.281926,0.820143,29380
10,11,-9.5,0.000000,0.000000,0.000000,0.000000,0.000000,0.000000,0.000000,0.000000,0.000000,0.000000,-0.380707,0.687949,-0.277509,0.823570,32680
10,11,-9,0.000000,0.000000,0.000000,0.000000,0.000000,0.000000,0.000000,0.000000,0.000000,0.000000,-0.375129,0.684460,-0.273448,0.824439,39737
10,11,-8.5,0.000000,0.000000,0.000000,0.000000,0.000000,0.000000,0.000000,0.000000,0.000000,0.000000,-0.373600,0.684147,-0.274387,0.825229,44470
10,11,-8,0.000000,0.000000,0.000000,0.000000,0.000000,0.000000,0.000000,0.000000,0.000000,0.000000,-0.375727,0.685054,-0.278844,0.824302,52775
10,11,-7.5,0.000000,0.000000,0.000000,0.000000,0.000000,0.000000,0.000000,0.000000,0.000000,0.000000,-0.370185,0.681707,-0.275157,0.825334,59704
10,11,-7,0.000000,0.000000,0.000000,0.000000,0.000000,0.000000,0.000000,0.000000,0.000000,0.000000,-0.362681,0.677401,-0.273398,0.826870,70103
10,11,-6.5,0.000000,0.000000,0.000000,0.000000,0.000000,0.000000,0.000000,0.000000,0.000000,0.000000,-0.360176,0.671537,-0.278129,0.822708,81002
10,11,-6,0.000000,0.000000,0.000000,0.000000,0.000000,0.000000,0.000000,0.000000,0.000000,0.000000,-0.359268,0.673196,-0.278145,0.825076,92200
10,11,-5.5,0.000000,0.000000,0.000000,0.000000,0.000000,0.000000,0.000000,0.000000,0.000000,0.000000,-0.357180,0.672032,-0.277132,0.825604,108941
10,11,-5,0.000000,0.000000,0.000000,0.000000,0.000000,0.000000,0.000000,0.000000,0.000000,0.000000,-0.356385,0.671307,-0.277016,0.825510,125112
10,11,-4.5,0.000000,0.000000,0.000000,0.000000,0.000000,0.000000,0.000000,0.000000,0.000000,0.000000,-0.348524,0.667882,-0.275811,0.828398,145023
10,11,-4,0.000000,0.000000,0.000000,0.000000,0.000000,0.000000,0.000000,0.000000,0.000000,0.000000,-0.349792,0.664886,-0.281702,0.824048,172015
10,11,-3.5,0.000000,0.000000,0.000000,0.000000,0.000000,0.000000,0.000000,0.000000,0.000000,0.000000,-0.344649,0.660162,-0.280871,0.823518,197514
10,11,-3,0.000000,0.000000,0.000000,0.000000,0.000000,0.000000,0.000000,0.000000,0.000000,0.000000,-0.338529,0.654883,-0.279378,0.823329,232552
10,11,-2.5,0.000000,0.000000,0.000000,0.000000,0.000000,0.000000,0.000000,0.000000,0.000000,0.000000,-0.334826,0.655221,-0.280155,0.826681,271892
10,11,-2,0.000000,0.000000,0.000000,0.000000,0.000000,0.000000,0.000000,0.000000,0.000000,0.000000,-0.335000,0.653186,-0.281956,0.824390,317706
10,11,-1.5,0.000000,0.000000,0.000000,0.000000,0.000000,0.000000,0.000000,0.000000,0.000000,0.000000,-0.331587,0.651054,-0.282448,0.825071,378625
10,11,-1,0.000000,0.000000,0.000000,0.000000,0.000000,0.000000,0.000000,0.000000,0.000000,0.000000,-0.331026,0.648360,-0.287225,0.822513,436672
10,11,-0.5,0.000000,0.000000,0.000000,0.000000,0.000000,0.000000,0.000000,0.000000,0.000000,0.000000,-0.325541,0.644098,-0.284722,0.823058,521383
10,11,-0,0.000000,0.000000,0.000000,0.000000,0.000000,0.000000,0.000000,0.000000,0.000000,0.000000,-0.322365,0.640944,-0.286912,0.822453,666899
10,11,0.5,0.000000,0.000000,0.000000,0.000000,0.000000,0.000000,0.000000,0.000000,0.000000,0.000000,-0.319985,0.639560,-0.286208,0.823161,737879
10,11,1,0.000000,0.000000,0.000000,0.000000,0.000000,0.000000,0.000000,0.000000,0.000000,0.000000,-0.318737,0.638680,-0.288475,0.823187,542712
10,11,1.5,0.000000,0.000000,0.000000,0.000000,0.000000,0.000000,0.000000,0.000000,0.000000,0.000000,-0.315157,0.635691,-0.288775,0.823276,479712
10,11,2,0.000000,0.000000,0.000000,0.000000,0.000000,0.000000,0.000000,0.000000,0.000000,0.000000,-0.311229,0.632261,-0.288021,0.823336,403176
10,11,2.5,0.000000,0.000000,0.000000,0.000000,0.000000,0.000000,0.000000,0.000000,0.000000,0.000000,-0.307505,0.628598,-0.288531,0.822914,343890
10,11,3,0.000000,0.000000,0.000000,0.000000,0.000000,0.000000,0.000000,0.000000,0.000000,0.000000,-0.305732,0.626380,-0.289208,0.822218,292029
10,11,3.5,0.000000,0.000000,0.000000,0.000000,0.000000,0.000000,0.000000,0.000000,0.000000,0.000000,-0.302492,0.623924,-0.290032,0.822585,248038
10,11,4,0.000000,0.000000,0.000000,0.000000,0.000000,0.000000,0.000000,0.000000,0.000000,0.000000,-0.300949,0.621816,-0.292093,0.821690,213805
10,11,4.5,0.000000,0.000000,0.000000,0.000000,0.000000,0.000000,0.000000,0.000000,0.000000,0.000000,-0.296812,0.616448,-0.296061,0.819706,181797
10,11,5,0.000000,0.000000,0.000000,0.000000,0.000000,0.000000,0.000000,0.000000,0.000000,0.000000,-0.296893,0.617363,-0.293687,0.820761,156602
10,11,5.5,0.000000,0.000000,0.000000,0.000000,0.000000,0.000000,0.000000,0.000000,0.000000,0.000000,-0.289899,0.613125,-0.293556,0.822921,135923
10,11,6,0.000000,0.000000,0.000000,0.000000,0.000000,0.000000,0.000000,0.000000,0.000000,0.000000,-0.294800,0.618754,-0.301403,0.823319,114939
10,11,6.5,0.000000,0.000000,0.000000,0.000000,0.000000,0.000000,0.000000,0.000000,0.000000,0.000000,-0.294196,0.622084,-0.306530,0.826645,100297
10,11,7,0.000000,0.000000,0.000000,0.000000,0.000000,0.000000,0.000000,0.000000,0.000000,0.000000,-0.294257,0.620109,-0.312218,0.823940,86523
10,11,7.5,0.000000,0.000000,0.000000,0.000000,0.000000,0.000000,0.000000,0.000000,0.000000,0.000000,-0.282871,0.613066,-0.303344,0.828430,73926
10,11,8,0.000000,0.000000,0.000000,0.000000,0.000000,0.000000,0.000000,0.000000,0.000000,0.000000,-0.283135,0.615427,-0.301342,0.830753,64674
10,11,8.5,0.000000,0.000000,0.000000,0.000000,0.000000,0.000000,0.000000,0.000000,0.000000,0.000000,-0.278594,0.610269,-0.302823,0.829702,54583
10,11,9,0.000000,0.000000,0.000000,0.000000,0.000000,0.000000,0.000000,0.000000,0.000000,0.000000,-0.276238,0.603727,-0.309328,0.824657,48670
10,11,9.5,0.000000,0.000000,0.000000,0.000000,0.000000,0.000000,0.000000,0.000000,0.000000,0.000000,-0.274019,0.600495,-0.312579,0.823137,40249
10,11,10,0.000000,0.000000,0.000000,0.000000,0.000000,0.000000,0.000000,0.000000,0.000000,0.000000,-0.268997,0.601781,-0.298770,0.830766,36426
10,11,10.5,0.000000,0.000000,0.000000,0.000000,0.000000,0.000000,0.000000,0.000000,0.000000,0.000000,-0.273145,0.597823,-0.315451,0.820930,31875
10,11,11,0.000000,0.000000,0.000000,0.000000,0.000000,0.000000,0.000000,0.000000,0.000000,0.000000,-0.262474,0.593344,-0.307835,0.827681,26355
10,11,11.5,0.000000,0.000000,0.000000,0.000000,0.000000,0.000000,0.000000,0.000000,0.000000,0.000000,-0.256332,0.587700,-0.304473,0.828442,23296
10,11,12,0.000000,0.000000,0.000000,0.000000,0.000000,0.000000,0.000000,0.000000,0.000000,0.000000,-0.250683,0.582758,-0.301316,0.829442,20510
10,11,12.5,0.000000,0.000000,0.000000,0.000000,0.000000,0.000000,0.000000,0.000000,0.000000,0.000000,-0.249825,0.575630,-0.311031,0.822081,17098
10,11,13,0.000000,0.000000,0.000000,0.000000,0.000000,0.000000,0.000000,0.000000,0.000000,0.000000,-0.250396,0.576579,-0.317396,0.821641,15164
10,11,13.5,0.000000,0.000000,0.000000,0.000000,0.000000,0.000000,0.000000,0.000000,0.000000,0.000000,-0.237151,0.568780,-0.312286,0.827914,12258
10,11,14,0.000000,0.000000,0.000000,0.000000,0.000000,0.000000,0.000000,0.000000,0.000000,0.000000,-0.237031,0.563068,-0.306660,0.822995,11547
10,11,14.5,0.000000,0.000000,0.000000,0.000000,0.000000,0.000000,0.000000,0.000000,0.000000,0.000000,-0.239399,0.560290,-0.317800,0.816406,9056
10,11,15,0.000000,0.000000,0.000000,0.000000,0.000000,0.000000,0.000000,0.000000,0.000000,0.000000,-0.229169,0.561345,-0.300349,0.830074,8317
10,11,15.5,0.000000,0.000000,0.000000,0.000000,0.000000,0.000000,0.000000,0.000000,0.000000,0.000000,-0.227336,0.558174,-0.302883,0.828556,7214
10,11,16,0.000000,0.000000,0.000000,0.000000,0.000000,0.000000,0.000000,0.000000,0.000000,0.000000,-0.209091,0.532142,-0.304325,0.821773,5665
10,11,16.5,0.000000,0.000000,0.000000,0.000000,0.000000,0.000000,0.000000,0.000000,0.000000,0.000000,-0.204185,0.544802,-0.287876,0.841282,5353
10,11,17,0.000000,0.000000,0.000000,0.000000,0.000000,0.000000,0.000000,0.000000,0.000000,0.000000,-0.230035,0.559510,-0.303180,0.827045,4245
10,11,17.5,0.000000,0.000000,0.000000,0.000000,0.000000,0.000000,0.000000,0.000000,0.000000,0.000000,-0.226697,0.554563,-0.316081,0.824043,3787
10,11,18,0.000000,0.000000,0.000000,0.000000,0.000000,0.000000,0.000000,0.000000,0.000000,0.000000,-0.230430,0.554171,-0.323720,0.818690,3398
10,11,18.5,0.000000,0.000000,0.000000,0.000000,0.000000,0.000000,0.000000,0.000000,0.000000,0.000000,-0.227853,0.545681,-0.313438,0.814294,2664
10,11,19,0.000000,0.000000,0.000000,0.000000,0.000000,0.000000,0.000000,0.000000,0.000000,0.000000,-0.192690,0.516396,-0.331747,0.820307,2312
10,11,19.5,0.000000,0.000000,0.000000,0.000000,0.000000,0.000000,0.000000,0.000000,0.000000,0.000000,-0.203607,0.532904,-0.297961,0.829149,1913
10,11,20,0.000000,0.000000,0.000000,0.000000,0.000000,0.000000,0.000000,0.000000,0.000000,0.000000,-0.178311,0.509669,-0.291616,0.834766,1646
10,11,20.5,0.000000,0.000000,0.000000,0.000000,0.000000,0.000000,0.000000,0.000000,0.000000,0.000000,-0.195070,0.493990,-0.335211,0.794676,1420
10,11,21,0.000000,0.000000,0.000000,0.000000,0.000000,0.000000,0.000000,0.000000,0.000000,0.000000,-0.208434,0.506957,-0.373494,0.785000,1245
10,11,21.5,0.000000,0.000000,0.000000,0.000000,0.000000,0.000000,0.000000,0.000000,0.000000,0.000000,-0.186354,0.525354,-0.294297,0.841088,982
10,11,22,0.000000,0.000000,0.000000,0.000000,0.000000,0.000000,0.000000,0.000000,0.000000,0.000000,-0.201731,0.488266,-0.376831,0.772779,751
10,11,22.5,0.000000,0.000000,0.000000,0.000000,0.000000,0.000000,0.000000,0.000000,0.000000,0.000000,-0.175400,0.476877,-0.347889,0.797459,687
10,11,23,0.000000,0.000000,0.000000,0.000000,0.000000,0.000000,0.000000,0.000000,0.000000,0.000000,-0.181193,0.518010,-0.298165,0.839232,654
10,11,23.5,0.000000,0.000000,0.000000,0.000000,0.000000,0.000000,0.000000,0.000000,0.000000,0.000000,-0.190315,0.511640,-0.308559,0.821458,444
10,11,24,0.000000,0.000000,0.000000,0.000000,0.000000,0.000000,0.000000,0.000000,0.000000,0.000000,-0.177419,0.480309,-0.339950,0.800066,403
10,11,24.5,0.000000,0.000000,0.000000,0.000000,0.000000,0.000000,0.000000,0.000000,0.000000,0.000000,-0.177193,0.522111,-0.340351,0.842056,285
10,11,25,0.000000,0.000000,0.000000,0.000000,0.000000,0.000000,0.000000,0.000000,0.000000,0.000000,-0.100000,0.408657,-0.307463,0.827855,335
10,11,25.5,0.000000,0.000000,0.000000,0.000000,0.000000,0.000000,0.000000,0.000000,0.000000,0.000000,-0.195817,0.521541,-0.346008,0.819442,263
10,11,26,0.000000,0.000000,0.000000,0.000000,0.000000,0.000000,0.000000,0.000000,0.000000,0.000000,-0.142857,0.447846,-0.333333,0.809524,126
10,11,26.5,0.000000,0.000000,0.000000,0.000000,0.000000,0.000000,0.000000,0.000000,0.000000,0.000000,-0.133333,0.410000,-0.366667,0.776667,180
10,11,27,0.000000,0.000000,0.000000,0.000000,0.000000,0.000000,0.000000,0.000000,0.000000,0.000000,-0.139456,0.482253,-0.251701,0.855014,147
10,11,27.5,0.000000,0.000000,0.000000,0.000000,0.000000,0.000000,0.000000,0.000000,0.000000,0.000000,-0.131068,0.475540,-0.155340,0.849656,103
10,11,28,0.000000,0.000000,0.000000,0.000000,0.000000,0.000000,0.000000,0.000000,0.000000,0.000000,-0.142157,0.452831,-0.421569,0.792868,102
10,11,28.5,0.000000,0.000000,0.000000,0.000000,0.000000,0.000000,0.000000,0.000000,0.000000,0.000000,-0.246377,0.547994,-0.376812,0.785549,69
10,11,29,0.000000,0.000000,0.000000,0.000000,0.000000,0.000000,0.000000,0.000000,0.000000,0.000000,-0.028986,0.318000,-0.333333,0.830918,69
10,11,29.5,0.000000,0.000000,0.000000,0.000000,0.000000,0.000000,0.000000,0.000000,0.000000,0.000000,-0.416667,0.582341,-0.595238,0.574263,42
10,11,30,0.000000,0.000000,0.000000,0.000000,0.000000,0.000000,0.000000,0.000000,0.000000,0.000000,-0.157143,0.596735,-0.171429,0.942041,35
10,11,30.5,0.000000,0.000000,0.000000,0.000000,0.000000,0.000000,0.000000,0.000000,0.000000,0.000000,0.096774,0.168054,-0.225806,0.884495,31
10,11,31,0.000000,0.000000,0.000000,0.000000,0.000000,0.000000,0.000000,0.000000,0.000000,0.000000,-0.300000,0.520000,-0.520000,0.649600,25
10,11,31.5,0.000000,0.000000,0.000000,0.000000,0.000000,0.000000,0.000000,0.000000,0.000000,0.000000,-0.000000,0.291667,-0.250000,0.854167,24
10,11,32,0.000000,0.000000,0.000000,0.000000,0.000000,0.000000,0.000000,0.000000,0.000000,0.000000,-0.269231,0.523669,-0.461538,0.710059,13
10,11,32.5,0.000000,0.000000,0.000000,0.000000,0.000000,0.000000,0.000000,0.000000,0.000000,0.000000,-0.269231,0.523669,-0.461538,0.710059,13
10,11,33,0.000000,0.000000,0.000000,0.000000,0.000000,0.000000,0.000000,0.000000,0.000000,0.000000,0.125000,0.046875,-0.500000,0.750000,8
10,11,33.5,0.000000,0.000000,0.000000,0.000000,0.000000,0.000000,0.000000,0.000000,0.000000,0.000000,-0.200000,0.460000,-0.600000,0.640000,5
10,11,34,0.000000,0.000000,0.000000,0.000000,0.000000,0.000000,0.000000,0.000000,0.000000,0.000000,-0.312500,0.558594,-0.375000,0.734375,8
10,11,34.5,0.000000,0.000000,0.000000,0.000000,0.000000,0.000000,0.000000,0.000000,0.000000,0.000000,-0.222222,0.506173,-0.555556,0.691358,9
10,11,35,0.000000,0.000000,0.000000,0.000000,0.000000,0.000000,0.000000,0.000000,0.000000,0.000000,0.250000,0.062500,0.000000,1.000000,2
10,11,35.5,0.000000,0.000000,0.000000,0.000000,0.000000,0.000000,0.000000,0.000000,0.000000,0.000000,-1.500000,0.000000,-1.000000,0.000000,1
10,11,36,0.000000,0.000000,0.000000,0.000000,0.000000,0.000000,0.000000,0.000000,0.000000,0.000000,0.250000,0.062500,0.000000,1.000000,2
10,11,36.5,0.000000,0.000000,0.000000,0.000000,0.000000,0.000000,0.000000,0.000000,0.000000,0.000000,0.166667,0.055556,-0.333333,0.888889,3
10,11,37,0.000000,0.000000,0.000000,0.000000,0.000000,0.000000,0.000000,0.000000,0.000000,0.000000,-0.375000,0.421875,-1.000000,0.000000,4
10,11,37.5,0.000000,0.000000,0.000000,0.000000,0.000000,0.000000,0.000000,0.000000,0.000000,0.000000,0.000000,0.000000,-1.000000,0.000000,3
10,11,38,0.000000,0.000000,0.000000,0.000000,0.000000,0.000000,0.000000,0.000000,0.000000,0.000000,0.250000,0.062500,0.000000,1.000000,2
10,11,38.5,0.000000,0.000000,0.000000,0.000000,0.000000,0.000000,0.000000,0.000000,0.000000,0.000000,-0.750000,0.562500,-1.000000,0.000000,2
11,11,-38.5,0.000000,0.000000,0.000000,0.000000,0.000000,0.000000,0.000000,0.000000,0.000000,0.000000,-1.500000,0.000000,-1.000000,0.000000,1
11,11,-37,0.000000,0.000000,0.000000,0.000000,0.000000,0.000000,0.000000,0.000000,0.000000,0.000000,-1.500000,0.000000,-1.000000,0.000000,1
11,11,-36.5,0.000000,0.000000,0.000000,0.000000,0.000000,0.000000,0.000000,0.000000,0.000000,0.000000,0.000000,0.000000,-1.000000,0.000000,1
11,11,-36,0.000000,0.000000,0.000000,0.000000,0.000000,0.000000,0.000000,0.000000,0.000000,0.000000,-0.500000,1.000000,0.000000,1.000000,2
11,11,-35,0.000000,0.000000,0.000000,0.000000,0.000000,0.000000,0.000000,0.000000,0.000000,0.000000,-0.500000,0.000000,0.000000,0.000000,1
11,11,-34,0.000000,0.000000,0.000000,0.000000,0.000000,0.000000,0.000000,0.000000,0.000000,0.000000,-0.750000,0.562500,-1.000000,0.000000,4
11,11,-33.5,0.000000,0.000000,0.000000,0.000000,0.000000,0.000000,0.000000,0.000000,0.000000,0.000000,-1.250000,0.312500,-1.000000,0.000000,6
11,11,-33,0.000000,0.000000,0.000000,0.000000,0.000000,0.000000,0.000000,0.000000,0.000000,0.000000,-0.555556,0.746914,-0.555556,0.691358,9
11,11,-32.5,0.000000,0.000000,0.000000,0.000000,0.000000,0.000000,0.000000,0.000000,0.000000,0.000000,-0.611111,0.987654,-0.111111,0.987654,9
11,11,-32,0.000000,0.000000,0.000000,0.000000,0.000000,0.000000,0.000000,0.000000,0.000000,0.000000,-0.800000,0.810000,-0.300000,0.810000,10
11,11,-31.5,0.000000,0.000000,0.000000,0.000000,0.000000,0.000000,0.000000,0.000000,0.000000,0.000000,-0.843750,0.772461,-0.437500,0.746094,16
11,11,-31,0.000000,0.000000,0.000000,0.000000,0.000000,0.000000,0.000000,0.000000,0.000000,0.000000,-0.714286,0.846939,-0.428571,0.816327,14
11,11,-30.5,0.000000,0.000000,0.000000,0.000000,0.000000,0.000000,0.000000,0.000000,0.000000,0.000000,-0.600000,0.754286,-0.400000,0.754286,35
11,11,-30,0.000000,0.000000,0.000000,0.000000,0.000000,0.000000,0.000000,0.000000,0.000000,0.000000,-0.875000,0.588542,-0.750000,0.354167,24
11,11,-29.5,0.000000,0.000000,0.000000,0.000000,0.000000,0.000000,0.000000,0.000000,0.000000,0.000000,-0.587500,0.811094,-0.350000,0.827500,40
11,11,-29,0.000000,0.000000,0.000000,0.000000,0.000000,0.000000,0.000000,0.000000,0.000000,0.000000,-0.696078,0.785083,-0.431373,0.755094,51
11,11,-28.5,0.000000,0.000000,0.000000,0.000000,0.000000,0.000000,0.000000,0.000000,0.000000,0.000000,-0.704082,0.774677,-0.448980,0.737193,49
11,11,-28,0.000000,0.000000,0.000000,0.000000,0.000000,0.000000,0.000000,0.000000,0.000000,0.000000,-0.603175,0.802847,-0.317460,0.819854,63
11,11,-27.5,0.000000,0.000000,0.000000,0.000000,0.000000,0.000000,0.000000,0.000000,0.000000,0.000000,-0.720588,0.782223,-0.441176,0.746540,68
11,11,-27,0.000000,0.000000,0.000000,0.000000,0.000000,0.000000,0.000000,0.000000,0.000000,0.000000,-0.673913,0.804537,-0.382609,0.792741,115
11,11,-26.5,0.000000,0.000000,0.000000,0.000000,0.000000,0.000000,0.000000,0.000000,0.000000,0.000000,-0.641844,0.802575,-0.397163,0.792616,141
11,11,-26,0.000000,0.000000,0.000000,0.000000,0.000000,0.000000,0.000000,0.000000,0.000000,0.000000,-0.669903,0.789094,-0.417476,0.767462,103
11,11,-25.5,0.000000,0.000000,0.000000,0.000000,0.000000,0.000000,0.000000,0.000000,0.000000,0.000000,-0.594340,0.778836,-0.405660,0.778836,212
11,11,-25,0.000000,0.000000,0.000000,0.000000,0.000000,0.000000,0.000000,0.000000,0.000000,0.000000,-0.587786,0.793820,-0.385496,0.801774,262
11,11,-24.5,0.000000,0.000000,0.000000,0.000000,0.000000,0.000000,0.000000,0.000000,0.000000,0.000000,-0.593220,0.779446,-0.398305,0.782031,236
11,11,-24,0.000000,0.000000,0.000000,0.000000,0.000000,0.000000,0.000000,0.000000,0.000000,0.000000,-0.572948,0.815347,-0.364742,0.833529,329
11,11,-23.5,0.000000,0.000000,0.000000,0.000000,0.000000,0.000000,0.000000,0.000000,0.000000,0.000000,-0.459036,0.750129,-0.291566,0.833061,415
11,11,-23,0.000000,0.000000,0.000000,0.000000,0.000000,0.000000,0.000000,0.000000,0.000000,0.000000,-0.507233,0.791991,-0.289331,0.849380,553
11,11,-22.5,0.000000,0.000000,0.000000,0.000000,0.000000,0.000000,0.000000,0.000000,0.000000,0.000000,-0.567370,0.763724,-0.410714,0.771249,616
11,11,-22,0.000000,0.000000,0.000000,0.000000,0.000000,0.000000,0.000000,0.000000,0.000000,0.000000,-0.491004,0.783277,-0.346327,0.841077,667
11,11,-21.5,0.000000,0.000000,0.000000,0.000000,0.000000,0.000000,0.000000,0.000000,0.000000,0.000000,-0.581667,0.768608,-0.380000,0.780044,900
11,11,-21,0.000000,0.000000,0.000000,0.000000,0.000000,0.000000,0.000000,0.000000,0.000000,0.000000,-0.512243,0.754747,-0.345739,0.802110,1021
11,11,-20.5,0.000000,0.000000,0.000000,0.000000,0.000000,0.000000,0.000000,0.000000,0.000000,0.000000,-0.545420,0.795089,-0.347960,0.827346,1299
11,11,-20,0.000000,0.000000,0.000000,0.000000,0.000000,0.000000,0.000000,0.000000,0.000000,0.000000,-0.563390,0.770050,-0.383729,0.786989,1475
11,11,-19.5,0.000000,0.000000,0.000000,0.000000,0.000000,0.000000,0.000000,0.000000,0.000000,0.000000,-0.541418,0.776145,-0.360548,0.807430,1678
11,11,-19,0.000000,0.000000,0.000000,0.000000,0.000000,0.000000,0.000000,0.000000,0.000000,0.000000,-0.510421,0.783472,-0.320982,0.835831,2159
11,11,-18.5,0.000000,0.000000,0.000000,0.000000,0.000000,0.000000,0.000000,0.000000,0.000000,0.000000,-0.481971,0.781526,-0.307692,0.850037,2496
11,11,-18,0.000000,0.000000,0.000000,0.000000,0.000000,0.000000,0.000000,0.000000,0.000000,0.000000,-0.493488,0.770209,-0.320839,0.830989,3148
11,11,-17.5,0.000000,0.000000,0.000000,0.000000,0.000000,0.000000,0.000000,0.000000,0.000000,0.000000,-0.482739,0.767102,-0.319321,0.833725,3592
11,11,-17,0.000000,0.000000,0.000000,0.000000,0.000000,0.000000,0.000000,0.000000,0.000000,0.000000,-0.491635,0.760640,-0.341445,0.819030,3945
11,11,-16.5,0.000000,0.000000,0.000000,0.000000,0.000000,0.000000,0.000000,0.000000,0.000000,0.000000,-0.473251,0.765451,-0.319812,0.837168,5103
11,11,-16,0.000000,0.000000,0.000000,0.000000,0.000000,0.000000,0.000000,0.000000,0.000000,0.000000,-0.486468,0.764540,-0.330093,0.827574,5247
11,11,-15.5,0.000000,0.000000,0.000000,0.000000,0.000000,0.000000,0.000000,0.000000,0.000000,0.000000,-0.475174,0.758202,-0.341337,0.825389,6747
11,11,-15,0.000000,0.000000,0.000000,0.000000,0.000000,0.000000,0.000000,0.000000,0.000000,0.000000,-0.460148,0.759984,-0.315304,0.839733,7691
11,11,-14.5,0.000000,0.000000,0.000000,0.000000,0.000000,0.000000,0.000000,0.000000,0.000000,0.000000,-0.478559,0.762076,-0.329222,0.829480,8675
11,11,-14,0.000000,0.000000,0.000000,0.000000,0.000000,0.000000,0.000000,0.000000,0.000000,0.000000,-0.452822,0.753232,-0.314395,0.837400,10948
11,11,-13.5,0.000000,0.000000,0.000000,0.000000,0.000000,0.000000,0.000000,0.000000,0.000000,0.000000,-0.460646,0.754920,-0.326350,0.832816,11981
11,11,-13,0.000000,0.000000,0.000000,0.000000,0.000000,0.000000,0.000000,0.000000,0.000000,0.000000,-0.448243,0.750923,-0.315163,0.837734,14713
11,11,-12.5,0.000000,0.000000,0.000000,0.000000,0.000000,0.000000,0.000000,0.000000,0.000000,0.000000,-0.449079,0.751707,-0.315380,0.837985,16339
11,11,-12,0.000000,0.000000,0.000000,0.000000,0.000000,0.000000,0.000000,0.000000,0.000000,0.000000,-0.433838,0.745764,-0.310416,0.842072,19490
11,11,-11.5,0.000000,0.000000,0.000000,0.000000,0.000000,0.000000,0.000000,0.000000,0.000000,0.000000,-0.416716,0.742319,-0.295997,0.851282,22159
11,11,-11,0.000000,0.000000,0.000000,0.000000,0.000000,0.000000,0.000000,0.000000,0.000000,0.000000,-0.419922,0.742146,-0.299247,0.848672,25494
11,11,-10.5,0.000000,0.000000,0.000000,0.000000,0.000000,0.000000,0.000000,0.000000,0.000000,0.000000,-0.412535,0.737720,-0.292699,0.849779,30721
11,11,-10,0.000000,0.000000,0.000000,0.000000,0.000000,0.000000,0.000000,0.000000,0.000000,0.000000,-0.414677,0.736077,-0.301458,0.845870,35524
11,11,-9.5,0.000000,0.000000,0.000000,0.000000,0.000000,0.000000,0.000000,0.000000,0.000000,0.000000,-0.399279,0.729927,-0.295936,0.850822,38701
11,11,-9,0.000000,0.000000,0.000000,0.000000,0.000000,0.000000,0.000000,0.000000,0.000000,0.000000,-0.402086,0.730285,-0.296310,0.849185,47322
11,11,-8.5,0.000000,0.000000,0.000000,0.000000,0.000000,0.000000,0.000000,0.000000,0.000000,0.000000,-0.384217,0.725140,-0.283998,0.857781,52011
11,11,-8,0.000000,0.000000,0.000000,0.000000,0.000000,0.000000,0.000000,0.000000,0.000000,0.000000,-0.390801,0.724624,-0.294950,0.851627,62075
11,11,-7.5,0.000000,0.000000,0.000000,0.000000,0.000000,0.000000,0.000000,0.000000,0.000000,0.000000,-0.377713,0.718704,-0.290268,0.855680,70907
11,11,-7,0.000000,0.000000,0.000000,0.000000,0.000000,0.000000,0.000000,0.000000,0.000000,0.000000,-0.372627,0.716989,-0.283198,0.858297,82875
11,11,-6.5,0.000000,0.000000,0.000000,0.000000,0.000000,0.000000,0.000000,0.000000,0.000000,0.000000,-0.372541,0.717538,-0.285516,0.858752,95984
11,11,-6,0.000000,0.000000,0.000000,0.000000,0.000000,0.000000,0.000000,0.000000,0.000000,0.000000,-0.365330,0.714079,-0.282906,0.860967,109683
11,11,-5.5,0.000000,0.000000,0.000000,0.000000,0.000000,0.000000,0.000000,0.000000,0.000000,0.000000,-0.360199,0.709496,-0.285105,0.860208,129198
11,11,-5,0.000000,0.000000,0.000000,0.000000,0.000000,0.000000,0.000000,0.000000,0.000000,0.000000,-0.353431,0.705883,-0.280389,0.862226,148961
11,11,-4.5,0.000000,0.000000,0.000000,0.000000,0.000000,0.000000,0.000000,0.000000,0.000000,0.000000,-0.349972,0.703773,-0.278889,0.862961,171785
11,11,-4,0.000000,0.000000,0.000000,0.000000,0.000000,0.000000,0.000000,0.000000,0.000000,0.000000,-0.344859,0.700039,-0.279419,0.863313,203064
11,11,-3.5,0.000000,0.000000,0.000000,0.000000,0.000000,0.000000,0.000000,0.000000,0.000000,0.000000,-0.340212,0.696940,-0.277959,0.864084,234135
11,11,-3,0.000000,0.000000,0.000000,0.000000,0.000000,0.000000,0.000000,0.000000,0.000000,0.000000,-0.333214,0.692515,-0.275780,0.865561,275179
11,11,-2.5,0.000000,0.000000,0.000000,0.000000,0.000000,0.000000,0.000000,0.000000,0.000000,0.000000,-0.329517,0.689336,-0.275176,0.865508,322851
11,11,-2,0.000000,0.000000,0.000000,0.000000,0.000000,0.000000,0.000000,0.000000,0.000000,0.000000,-0.323828,0.686229,-0.272572,0.867342,375769
11,11,-1.5,0.000000,0.000000,0.000000,0.000000,0.000000,0.000000,0.000000,0.000000,0.000000,0.000000,-0.320281,0.683703,-0.272822,0.867840,449333
11,11,-1,0.000000,0.000000,0.000000,0.000000,0.000000,0.000000,0.000000,0.000000,0.000000,0.000000,-0.315598,0.680980,-0.270637,0.869260,518266
11,11,-0.5,0.000000,0.000000,0.000000,0.000000,0.000000,0.000000,0.000000,0.000000,0.000000,0.000000,-0.310329,0.676622,-0.270448,0.869515,614877
11,11,0,0.000000,0.000000,0.000000,0.000000,0.000000,0.000000,0.000000,0.000000,0.000000,0.000000,-0.306281,0.673609,-0.269010,0.870134,818316
11,11,0.5,0.000000,0.000000,0.000000,0.000000,0.000000,0.000000,0.000000,0.000000,0.000000,0.000000,-0.301752,0.670674,-0.267954,0.871278,790383
11,11,1,0.000000,0.000000,0.000000,0.000000,0.000000,0.000000,0.000000,0.000000,0.000000,0.000000,-0.296043,0.665990,-0.267453,0.871763,607362
11,11,1.5,0.000000,0.000000,0.000000,0.000000,0.000000,0.000000,0.000000,0.000000,0.000000,0.000000,-0.291800,0.663687,-0.264598,0.873421,535859
11,11,2,0.000000,0.000000,0.000000,0.000000,0.000000,0.000000,0.000000,0.000000,0.000000,0.000000,-0.285720,0.657534,-0.264714,0.872873,448631
11,11,2.5,0.000000,0.000000,0.000000,0.000000,0.000000,0.000000,0.000000,0.000000,0.000000,0.000000,-0.282324,0.657099,-0.261567,0.875686,383455
11,11,3,0.000000,0.000000,0.000000,0.000000,0.000000,0.000000,0.000000,0.000000,0.000000,0.000000,-0.279865,0.653577,-0.264745,0.874387,325902
11,11,3.5,0.000000,0.000000,0.000000,0.000000,0.000000,0.000000,0.000000,0.000000,0.000000,0.000000,-0.273508,0.649220,-0.260808,0.876147,277511
11,11,4,0.000000,0.000000,0.000000,0.000000,0.000000,0.000000,0.000000,0.000000,0.000000,0.000000,-0.268826,0.644161,-0.261746,0.875552,237948
11,11,4.5,0.000000,0.000000,0.000000,0.000000,0.000000,0.000000,0.000000,0.000000,0.000000,0.000000,-0.260823,0.638860,-0.258169,0.878087,202112
11,11,5,0.000000,0.000000,0.000000,0.000000,0.000000,0.000000,0.000000,0.000000,0.000000,0.000000,-0.257884,0.636998,-0.256847,0.879129,174590
11,11,5.5,0.000000,0.000000,0.000000,0.000000,0.000000,0.000000,0.000000,0.000000,0.000000,0.000000,-0.254644,0.635273,-0.255498,0.880621,152236
11,11,6,0.000000,0.000000,0.000000,0.000000,0.000000,0.000000,0.000000,0.000000,0.000000,0.000000,-0.250760,0.629832,-0.258834,0.878995,127939
11,11,6.5,0.000000,0.000000,0.000000,0.000000,0.000000,0.000000,0.000000,0.000000,0.000000,0.000000,-0.243518,0.625208,-0.253019,0.881722,111889
11,11,7,0.000000,0.000000,0.000000,0.000000,0.000000,0.000000,0.000000,0.000000,0.000000,0.000000,-0.242632,0.622847,-0.257758,0.880209,96323
11,11,7.5,0.000000,0.000000,0.000000,0.000000,0.000000,0.000000,0.000000,0.000000,0.000000,0.000000,-0.234062,0.614080,-0.256007,0.880236,82822
11,11,8,0.000000,0.000000,0.000000,0.000000,0.000000,0.000000,0.000000,0.000000,0.000000,0.000000,-0.229587,0.612229,-0.254629,0.883037,71940
11,11,8.5,0.000000,0.000000,0.000000,0.000000,0.000000,0.000000,0.000000,0.000000,0.000000,0.000000,-0.223608,0.604026,-0.255244,0.881087,61827
11,11,9,0.000000,0.000000,0.000000,0.000000,0.000000,0.000000,0.000000,0.000000,0.000000,0.000000,-0.214734,0.601004,-0.244745,0.887486,54947
11,11,9.5,0.000000,0.000000,0.000000,0.000000,0.000000,0.000000,0.000000,0.000000,0.000000,0.000000,-0.219115,0.602126,-0.249544,0.883965,45515
11,11,10,0.000000,0.000000,0.000000,0.000000,0.000000,0.000000,0.000000,0.000000,0.000000,0.000000,-0.202863,0.587887,-0.245905,0.887229,41146
11,11,10.5,0.000000,0.000000,0.000000,0.000000,0.000000,0.000000,0.000000,0.000000,0.000000,0.000000,-0.205304,0.588196,-0.249199,0.884889,36200
11,11,11,0.000000,0.000000,0.000000,0.000000,0.000000,0.000000,0.000000,0.000000,0.000000,0.000000,-0.200541,0.585954,-0.244687,0.887830,30116
11,11,11.5,0.000000,0.000000,0.000000,0.000000,0.000000,0.000000,0.000000,0.000000,0.000000,0.000000,-0.195973,0.582596,-0.240552,0.889452,25853
11,11,12,0.000000,0.000000,0.000000,0.000000,0.000000,0.000000,0.000000,0.000000,0.000000,0.000000,-0.204181,0.587179,-0.248046,0.885093,22649
11,11,12.5,0.000000,0.000000,0.000000,0.000000,0.000000,0.000000,0.000000,0.000000,0.000000,0.000000,-0.196378,0.573772,-0.261647,0.880134,19297
11,11,13,0.000000,0.000000,0.000000,0.000000,0.000000,0.000000,0.000000,0.000000,0.000000,0.000000,-0.189846,0.572742,-0.248655,0.886513,16919
11,11,13.5,0.000000,0.000000,0.000000,0.000000,0.000000,0.000000,0.000000,0.000000,0.000000,0.000000,-0.187420,0.570598,-0.249046,0.887093,14150
11,11,14,0.000000,0.000000,0.000000,0.000000,0.000000,0.000000,0.000000,0.000000,0.000000,0.000000,-0.177543,0.560308,-0.251742,0.888012,12918
11,11,14.5,0.000000,0.000000,0.000000,0.000000,0.000000,0.000000,0.000000,0.000000,0.000000,0.000000,-0.179687,0.558780,-0.254136,0.884020,10215
11,11,15,0.000000,0.000000,0.000000,0.000000,0.000000,0.000000,0.000000,0.000000,0.000000,0.000000,-0.172538,0.553110,-0.250500,0.886572,8998
11,11,15.5,0.000000,0.000000,0.000000,0.000000,0.000000,0.000000,0.000000,0.000000,0.000000,0.000000,-0.166900,0.546800,-0.248662,0.886804,7846
11,11,16,0.000000,0.000000,0.000000,0.000000,0.000000,0.000000,0.000000,0.000000,0.000000,0.000000,-0.162584,0.541416,-0.258193,0.886407,6286
11,11,16.5,0.000000,0.000000,0.000000,0.000000,0.000000,0.000000,0.000000,0.000000,0.000000,0.000000,-0.175114,0.556485,-0.243481,0.886936,6136
11,11,17,0.000000,0.000000,0.000000,0.000000,0.000000,0.000000,0.000000,0.000000,0.000000,0.000000,-0.157324,0.538491,-0.248385,0.889753,4799
11,11,17.5,0.000000,0.000000,0.000000,0.000000,0.000000,0.000000,0.000000,0.000000,0.000000,0.000000,-0.142372,0.521622,-0.244903,0.890808,4267
11,11,18,0.000000,0.000000,0.000000,0.000000,0.000000,0.000000,0.000000,0.000000,0.000000,0.000000,-0.143966,0.533278,-0.225824,0.899971,3671
11,11,18.5,0.000000,0.000000,0.000000,0.000000,0.000000,0.000000,0.000000,0.000000,0.000000,0.000000,-0.142295,0.518277,-0.256066,0.887545,3050
11,11,19,0.000000,0.000000,0.000000,0.000000,0.000000,0.000000,0.000000,0.000000,0.000000,0.000000,-0.165196,0.532476,-0.279355,0.873611,2606
11,11,19.5,0.000000,0.000000,0.000000,0.000000,0.000000,0.000000,0.000000,0.000000,0.000000,0.000000,-0.116442,0.499017,-0.231952,0.900088,2147
11,11,20,0.000000,0.000000,0.000000,0.000000,0.000000,0.000000,0.000000,0.000000,0.000000,0.000000,-0.117251,0.486387,-0.257682,0.886700,1855
11,11,20.5,0.000000,0.000000,0.000000,0.000000,0.000000,0.000000,0.000000,0.000000,0.000000,0.000000,-0.087781,0.459336,-0.222508,0.897114,1555
11,11,21,0.000000,0.000000,0.000000,0.000000,0.000000,0.000000,0.000000,0.000000,0.000000,0.000000,-0.150872,0.516282,-0.291130,0.873545,1319
11,11,21.5,0.000000,0.000000,0.000000,0.000000,0.000000,0.000000,0.000000,0.000000,0.000000,0.000000,-0.142790,0.511680,-0.276217,0.879697,1068
11,11,22,0.000000,0.000000,0.000000,0.000000,0.000000,0.000000,0.000000,0.000000,0.000000,0.000000,-0.099311,0.472055,-0.246843,0.895441,871
11,11,22.5,0.000000,0.000000,0.000000,0.000000,0.000000,0.000000,0.000000,0.000000,0.000000,0.000000,-0.117535,0.509375,-0.204574,0.907323,787
11,11,23,0.000000,0.000000,0.000000,0.000000,0.000000,0.000000,0.000000,0.000000,0.000000,0.000000,-0.118700,0.490221,-0.257294,0.888707,754
11,11,23.5,0.000000,0.000000,0.000000,0.000000,0.000000,0.000000,0.000000,0.000000,0.000000,0.000000,-0.096741,0.472820,-0.256619,0.899523,491
11,11,24,0.000000,0.000000,0.000000,0.000000,0.000000,0.000000,0.000000,0.000000,0.000000,0.000000,-0.082979,0.439923,-0.265957,0.884586,470
11,11,24.5,0.000000,0.000000,0.000000,0.000000,0.000000,0.000000,0.000000,0.000000,0.000000,0.000000,-0.118234,0.493856,-0.259259,0.892899,351
11,11,25,0.000000,0.000000,0.000000,0.000000,0.000000,0.000000,0.000000,0.000000,0.000000,0.000000,-0.143059,0.495823,-0.288952,0.862682,353
11,11,25.5,0.000000,0.000000,0.000000,0.000000,0.000000,0.000000,0.000000,0.000000,0.000000,0.000000,-0.047945,0.410372,-0.256849,0.903207,292
11,11,26,0.000000,0.000000,0.000000,0.000000,0.000000,0.000000,0.000000,0.000000,0.000000,0.000000,-0.073718,0.419245,-0.294872,0.874589,156
11,11,26.5,0.000000,0.000000,0.000000,0.000000,0.000000,0.000000,0.000000,0.000000,0.000000,0.000000,-0.154822,0.474761,-0.355330,0.817903,197
11,11,27,0.000000,0.000000,0.000000,0.000000,0.000000,0.000000,0.000000,0.000000,0.000000,0.000000,-0.100649,0.468766,-0.253247,0.890412,154
11,11,27.5,0.000000,0.000000,0.000000,0.000000,0.000000,0.000000,0.000000,0.000000,0.000000,0.000000,-0.098901,0.484724,-0.241758,0.908586,91
11,11,28,0.000000,0.000000,0.000000,0.000000,0.000000,0.000000,0.000000,0.000000,0.000000,0.000000,-0.058824,0.484775,-0.105882,0.941730,85
11,11,28.5,0.000000,0.000000,0.000000,0.000000,0.000000,0.000000,0.000000,0.000000,0.000000,0.000000,-0.013158,0.427458,-0.026316,0.920360,76
11,11,29,0.000000,0.000000,0.000000,0.000000,0.000000,0.000000,0.000000,0.000000,0.000000,0.000000,-0.145161,0.414412,-0.467742,0.732830,62
11,11,29.5,0.000000,0.000000,0.000000,0.000000,0.000000,0.000000,0.000000,0.000000,0.000000,0.000000,0.046296,0.372857,-0.037037,0.961591,54
11,11,30,0.000000,0.000000,0.000000,0.000000,0.000000,0.000000,0.000000,0.000000,0.000000,0.000000,-0.242424,0.410927,-0.606061,0.541781,33
11,11,30.5,0.000000,0.000000,0.000000,0.000000,0.000000,0.000000,0.000000,0.000000,0.000000,0.000000,-0.183333,0.491389,-0.433333,0.778889,30
11,11,31,0.000000,0.000000,0.000000,0.000000,0.000000,0.000000,0.000000,0.000000,0.000000,0.000000,-0.125000,0.546875,-0.250000,0.937500,24
11,11,31.5,0.000000,0.000000,0.000000,0.000000,0.000000,0.000000,0.000000,0.000000,0.000000,0.000000,-0.181818,0.444215,-0.500000,0.704545,22
11,11,32,0.000000,0.000000,0.000000,0.000000,0.000000,0.000000,0.000000,0.000000,0.000000,0.000000,-0.200000,0.460000,-0.600000,0.640000,15
11,11,32.5,0.000000,0.000000,0.000000,0.000000,0.000000,0.000000,0.000000,0.000000,0.000000,0.000000,-0.250000,0.562500,-0.500000,0.750000,8
11,11,33,0.000000,0.000000,0.000000,0.000000,0.000000,0.000000,0.000000,0.000000,0.000000,0.000000,-0.222222,0.506173,-0.555556,0.691358,9
11,11,33.5,0.000000,0.000000,0.000000,0.000000,0.000000,0.000000,0.000000,0.000000,0.000000,0.000000,-0.450000,0.772500,-0.400000,0.840000,10
11,11,34,0.000000,0.000000,0.000000,0.000000,0.000000,0.000000,0.000000,0.000000,0.000000,0.000000,-0.062500,0.339844,-0.500000,0.750000,8
11,11,34.5,0.000000,0.000000,0.000000,0.000000,0.000000,0.000000,0.000000,0.000000,0.000000,0.000000,0.200000,0.060000,-0.200000,0.960000,5
11,11,35,0.000000,0.000000,0.000000,0.000000,0.000000,0.000000,0.000000,0.000000,0.000000,0.000000,-0.300000,0.460000,-0.400000,0.640000,10
11,11,36,0.000000,0.000000,0.000000,0.000000,0.000000,0.000000,0.000000,0.000000,0.000000,0.000000,0.250000,0.062500,0.000000,1.000000,4
11,11,36.5,0.000000,0.000000,0.000000,0.000000,0.000000,0.000000,0.000000,0.000000,0.000000,0.000000,0.000000,0.000000,-1.000000,0.000000,3
11,11,38,0.000000,0.000000,0.000000,0.000000,0.000000,0.000000,0.000000,0.000000,0.000000,0.000000,0.250000,0.062500,0.000000,1.000000,2
11,11,38.5,0.000000,0.000000,0.000000,0.000000,0.000000,0.000000,0.000000,0.000000,0.000000,0.000000,0.000000,0.000000,-1.000000,0.000000,1
11,11,39,0.000000,0.000000,0.000000,0.000000,0.000000,0.000000,0.000000,0.000000,0.000000,0.000000,0.000000,0.000000,-1.000000,0.000000,1
11,11,39.5,0.000000,0.000000,0.000000,0.000000,0.000000,0.000000,0.000000,0.000000,0.000000,0.000000,0.000000,0.000000,-1.000000,0.000000,1
12,11,-47,0.000000,0.000000,0.000000,0.000000,0.000000,0.000000,0.000000,0.000000,0.000000,0.000000,0.500000,0.000000,1.000000,0.000000,2
12,11,-39,0.000000,0.000000,0.000000,0.000000,0.000000,0.000000,0.000000,0.000000,0.000000,0.000000,0.500000,0.000000,1.000000,0.000000,1
12,11,-37.5,0.000000,0.000000,0.000000,0.000000,0.000000,0.000000,0.000000,0.000000,0.000000,0.000000,-1.500000,0.000000,-1.000000,0.000000,1
12,11,-37,0.000000,0.000000,0.000000,0.000000,0.000000,0.000000,0.000000,0.000000,0.000000,0.000000,-1.000000,0.500000,-1.000000,0.000000,3
12,11,-36.5,0.000000,0.000000,0.000000,0.000000,0.000000,0.000000,0.000000,0.000000,0.000000,0.000000,-0.250000,0.687500,0.250000,0.687500,4
12,11,-36,0.000000,0.000000,0.000000,0.000000,0.000000,0.000000,0.000000,0.000000,0.000000,0.000000,-1.500000,0.000000,-1.000000,0.000000,4
12,11,-35.5,0.000000,0.000000,0.000000,0.000000,0.000000,0.000000,0.000000,0.000000,0.000000,0.000000,-1.500000,0.000000,-1.000000,0.000000,2
12,11,-35,0.000000,0.000000,0.000000,0.000000,0.000000,0.000000,0.000000,0.000000,0.000000,0.000000,-0.500000,0.700000,-0.600000,0.640000,5
12,11,-34.5,0.000000,0.000000,0.000000,0.000000,0.000000,0.000000,0.000000,0.000000,0.000000,0.000000,-0.571429,0.744898,-0.285714,0.775510,7
12,11,-34,0.000000,0.000000,0.000000,0.000000,0.000000,0.000000,0.000000,0.000000,0.000000,0.000000,-0.909091,0.628099,-0.818182,0.330579,11
12,11,-33.5,0.000000,0.000000,0.000000,0.000000,0.000000,0.000000,0.000000,0.000000,0.000000,0.000000,-0.605263,0.778393,-0.421053,0.770083,19
12,11,-33,0.000000,0.000000,0.000000,0.000000,0.000000,0.000000,0.000000,0.000000,0.000000,0.000000,-0.238095,0.729025,0.047619,0.902494,21
12,11,-32.5,0.000000,0.000000,0.000000,0.000000,0.000000,0.000000,0.000000,0.000000,0.000000,0.000000,-0.906250,0.538086,-0.500000,0.500000,16
12,11,-32,0.000000,0.000000,0.000000,0.000000,0.000000,0.000000,0.000000,0.000000,0.000000,0.000000,-0.370370,0.825789,-0.037037,0.924554,27
12,11,-31.5,0.000000,0.000000,0.000000,0.000000,0.000000,0.000000,0.000000,0.000000,0.000000,0.000000,-0.863636,0.655647,-0.727273,0.440771,33
12,11,-31,0.000000,0.000000,0.000000,0.000000,0.000000,0.000000,0.000000,0.000000,0.000000,0.000000,-0.511905,0.708192,-0.261905,0.764739,42
12,11,-30.5,0.000000,0.000000,0.000000,0.000000,0.000000,0.000000,0.000000,0.000000,0.000000,0.000000,-0.732877,0.678645,-0.520548,0.605742,73
12,11,-30,0.000000,0.000000,0.000000,0.000000,0.000000,0.000000,0.000000,0.000000,0.000000,0.000000,-0.629310,0.754831,-0.310345,0.765755,58
12,11,-29.5,0.000000,0.000000,0.000000,0.000000,0.000000,0.000000,0.000000,0.000000,0.000000,0.000000,-0.694805,0.734778,-0.467532,0.690504,77
12,11,-29,0.000000,0.000000,0.000000,0.000000,0.000000,0.000000,0.000000,0.000000,0.000000,0.000000,-0.693694,0.712483,-0.477477,0.663907,111
12,11,-28.5,0.000000,0.000000,0.000000,0.000000,0.000000,0.000000,0.000000,0.000000,0.000000,0.000000,-0.728346,0.723448,-0.535433,0.642445,127
12,11,-28,0.000000,0.000000,0.000000,0.000000,0.000000,0.000000,0.000000,0.000000,0.000000,0.000000,-0.695364,0.721767,-0.423841,0.694531,151
12,11,-27.5,0.000000,0.000000,0.000000,0.000000,0.000000,0.000000,0.000000,0.000000,0.000000,0.000000,-0.712903,0.703059,-0.483871,0.649740,155
12,11,-27,0.000000,0.000000,0.000000,0.000000,0.000000,0.000000,0.000000,0.000000,0.000000,0.000000,-0.746269,0.741591,-0.447761,0.702495,268
12,11,-26.5,0.000000,0.000000,0.000000,0.000000,0.000000,0.000000,0.000000,0.000000,0.000000,0.000000,-0.706169,0.748891,-0.493506,0.691516,308
12,11,-26,0.000000,0.000000,0.000000,0.000000,0.000000,0.000000,0.000000,0.000000,0.000000,0.000000,-0.682186,0.768428,-0.400810,0.750283,247
12,11,-25.5,0.000000,0.000000,0.000000,0.000000,0.000000,0.000000,0.000000,0.000000,0.000000,0.000000,-0.614372,0.753619,-0.390688,0.752221,494
12,11,-25,0.000000,0.000000,0.000000,0.000000,0.000000,0.000000,0.000000,0.000000,0.000000,0.000000,-0.725460,0.746714,-0.473926,0.697173,652
12,11,-24.5,0.000000,0.000000,0.000000,0.000000,0.000000,0.000000,0.000000,0.000000,0.000000,0.000000,-0.681901,0.720568,-0.491773,0.666751,547
12,11,-24,0.000000,0.000000,0.000000,0.000000,0.000000,0.000000,0.000000,0.000000,0.000000,0.000000,-0.676822,0.743525,-0.459976,0.704790,837
12,11,-23.5,0.000000,0.000000,0.000000,0.000000,0.000000,0.000000,0.000000,0.000000,0.000000,0.000000,-0.604586,0.733189,-0.435123,0.720064,894
12,11,-23,0.000000,0.000000,0.000000,0.000000,0.000000,0.000000,0.000000,0.000000,0.000000,0.000000,-0.652468,0.746459,-0.447452,0.716984,1256
12,11,-22.5,0.000000,0.000000,0.000000,0.000000,0.000000,0.000000,0.000000,0.000000,0.000000,0.000000,-0.641829,0.753103,-0.413967,0.737919,1389
12,11,-22,0.000000,0.000000,0.000000,0.000000,0.000000,0.000000,0.000000,0.000000,0.000000,0.000000,-0.648958,0.748323,-0.434432,0.724517,1487
12,11,-21.5,0.000000,0.000000,0.000000,0.000000,0.000000,0.000000,0.000000,0.000000,0.000000,0.000000,-0.657776,0.758323,-0.436336,0.732107,1987
12,11,-21,0.000000,0.000000,0.000000,0.000000,0.000000,0.000000,0.000000,0.000000,0.000000,0.000000,-0.679555,0.742760,-0.457085,0.704838,2470
12,11,-20.5,0.000000,0.000000,0.000000,0.000000,0.000000,0.000000,0.000000,0.000000,0.000000,0.000000,-0.666779,0.739251,-0.464346,0.700233,2959
12,11,-20,0.000000,0.000000,0.000000,0.000000,0.000000,0.000000,0.000000,0.000000,0.000000,0.000000,-0.655990,0.746455,-0.449338,0.715558,3247
12,11,-19.5,0.000000,0.000000,0.000000,0.000000,0.000000,0.000000,0.000000,0.000000,0.000000,0.000000,-0.665469,0.740706,-0.468702,0.700021,3898
12,11,-19,0.000000,0.000000,0.000000,0.000000,0.000000,0.000000,0.000000,0.000000,0.000000,0.000000,-0.631664,0.744781,-0.458805,0.715185,4952
12,11,-18.5,0.000000,0.000000,0.000000,0.000000,0.000000,0.000000,0.000000,0.000000,0.000000,0.000000,-0.633450,0.736394,-0.458669,0.706435,5710
12,11,-18,0.000000,0.000000,0.000000,0.000000,0.000000,0.000000,0.000000,0.000000,0.000000,0.000000,-0.650769,0.742014,-0.462114,0.706869,7087
12,11,-17.5,0.000000,0.000000,0.000000,0.000000,0.000000,0.000000,0.000000,0.000000,0.000000,0.000000,-0.642210,0.745839,-0.456860,0.714667,8171
12,11,-17,0.000000,0.000000,0.000000,0.000000,0.000000,0.000000,0.000000,0.000000,0.000000,0.000000,-0.650886,0.740824,-0.469533,0.702453,8977
12,11,-16.5,0.000000,0.000000,0.000000,0.000000,0.000000,0.000000,0.000000,0.000000,0.000000,0.000000,-0.641446,0.736809,-0.472867,0.698923,11591
12,11,-16,0.000000,0.000000,0.000000,0.000000,0.000000,0.000000,0.000000,0.000000,0.000000,0.000000,-0.638228,0.732658,-0.470959,0.696328,11897
12,11,-15.5,0.000000,0.000000,0.000000,0.000000,0.000000,0.000000,0.000000,0.000000,0.000000,0.000000,-0.637717,0.739453,-0.469699,0.703792,15412
12,11,-15,0.000000,0.000000,0.000000,0.000000,0.000000,0.000000,0.000000,0.000000,0.000000,0.000000,-0.635066,0.727515,-0.485456,0.685286,16914
12,11,-14.5,0.000000,0.000000,0.000000,0.000000,0.000000,0.000000,0.000000,0.000000,0.000000,0.000000,-0.638310,0.732385,-0.483730,0.690230,19637
12,11,-14,0.000000,0.000000,0.000000,0.000000,0.000000,0.000000,0.000000,0.000000,0.000000,0.000000,-0.623851,0.735352,-0.470024,0.702856,24586
12,11,-13.5,0.000000,0.000000,0.000000,0.000000,0.000000,0.000000,0.000000,0.000000,0.000000,0.000000,-0.618347,0.734385,-0.470132,0.703259,26718
12,11,-13,0.000000,0.000000,0.000000,0.000000,0.000000,0.000000,0.000000,0.000000,0.000000,0.000000,-0.624411,0.731782,-0.481207,0.694098,32485
12,11,-12.5,0.000000,0.000000,0.000000,0.000000,0.000000,0.000000,0.000000,0.000000,0.000000,0.000000,-0.622908,0.732515,-0.480679,0.695454,36153
12,11,-12,0.000000,0.000000,0.000000,0.000000,0.000000,0.000000,0.000000,0.000000,0.000000,0.000000,-0.635795,0.727268,-0.496138,0.679726,42984
12,11,-11.5,0.000000,0.000000,0.000000,0.000000,0.000000,0.000000,0.000000,0.000000,0.000000,0.000000,-0.623997,0.730175,-0.487867,0.689471,49493
12,11,-11,0.000000,0.000000,0.000000,0.000000,0.000000,0.000000,0.000000,0.000000,0.000000,0.000000,-0.629219,0.729587,-0.495565,0.683873,56590
12,11,-10.5,0.000000,0.000000,0.000000,0.000000,0.000000,0.000000,0.000000,0.000000,0.000000,0.000000,-0.620237,0.730643,-0.492831,0.688515,68423
12,11,-10,0.000000,0.000000,0.000000,0.000000,0.000000,0.000000,0.000000,0.000000,0.000000,0.000000,-0.617479,0.729272,-0.491071,0.688718,78282
12,11,-9.5,0.000000,0.000000,0.000000,0.000000,0.000000,0.000000,0.000000,0.000000,0.000000,0.000000,-0.622349,0.728702,-0.495608,0.684673,85955
12,11,-9,0.000000,0.000000,0.000000,0.000000,0.000000,0.000000,0.000000,0.000000,0.000000,0.000000,-0.613891,0.727693,-0.495552,0.685923,103977
12,11,-8.5,0.000000,0.000000,0.000000,0.000000,0.000000,0.000000,0.000000,0.000000,0.000000,0.000000,-0.612807,0.726472,-0.499729,0.682929,116407
12,11,-8,0.000000,0.000000,0.000000,0.000000,0.000000,0.000000,0.000000,0.000000,0.000000,0.000000,-0.611524,0.727067,-0.498927,0.684278,138441
12,11,-7.5,0.000000,0.000000,0.000000,0.000000,0.000000,0.000000,0.000000,0.000000,0.000000,0.000000,-0.610335,0.725814,-0.501187,0.682225,158005
12,11,-7,0.000000,0.000000,0.000000,0.000000,0.000000,0.000000,0.000000,0.000000,0.000000,0.000000,-0.611292,0.724446,-0.504308,0.679013,183828
12,11,-6.5,0.000000,0.000000,0.000000,0.000000,0.000000,0.000000,0.000000,0.000000,0.000000,0.000000,-0.605045,0.724603,-0.503167,0.681522,213319
12,11,-6,0.000000,0.000000,0.000000,0.000000,0.000000,0.000000,0.000000,0.000000,0.000000,0.000000,-0.608673,0.722877,-0.512136,0.674135,244361
12,11,-5.5,0.000000,0.000000,0.000000,0.000000,0.000000,0.000000,0.000000,0.000000,0.000000,0.000000,-0.604006,0.722545,-0.509688,0.676422,288810
12,11,-5,0.000000,0.000000,0.000000,0.000000,0.000000,0.000000,0.000000,0.000000,0.000000,0.000000,-0.601952,0.720561,-0.512498,0.673574,331607
12,11,-4.5,0.000000,0.000000,0.000000,0.000000,0.000000,0.000000,0.000000,0.000000,0.000000,0.000000,-0.603082,0.719721,-0.516724,0.670164,384118
12,11,-4,0.000000,0.000000,0.000000,0.000000,0.000000,0.000000,0.000000,0.000000,0.000000,0.000000,-0.601239,0.719041,-0.518337,0.669166,453595
12,11,-3.5,0.000000,0.000000,0.000000,0.000000,0.000000,0.000000,0.000000,0.000000,0.000000,0.000000,-0.598612,0.717334,-0.519879,0.667417,525628
12,11,-3,0.000000,0.000000,0.000000,0.000000,0.000000,0.000000,0.000000,0.000000,0.000000,0.000000,-0.597588,0.717494,-0.520955,0.667307,617384
12,11,-2.5,0.000000,0.000000,0.000000,0.000000,0.000000,0.000000,0.000000,0.000000,0.000000,0.000000,-0.595728,0.716708,-0.524265,0.665287,722942
12,11,-2,0.000000,0.000000,0.000000,0.000000,0.000000,0.000000,0.000000,0.000000,0.000000,0.000000,-0.593592,0.715223,-0.525181,0.663962,847104
12,11,-1.5,0.000000,0.000000,0.000000,0.000000,0.000000,0.000000,0.000000,0.000000,0.000000,0.000000,-0.594642,0.714732,-0.528484,0.661315,1011257
12,11,-1,0.000000,0.000000,0.000000,0.000000,0.000000,0.000000,0.000000,0.000000,0.000000,0.000000,-0.590929,0.713512,-0.528772,0.661102,1166169
12,11,-0.5,0.000000,0.000000,0.000000,0.000000,0.000000,0.000000,0.000000,0.000000,0.000000,0.000000,-0.590063,0.711900,-0.532727,0.657545,1354128
12,11,-0,0.000000,0.000000,0.000000,0.000000,0.000000,0.000000,0.000000,0.000000,0.000000,0.000000,-0.586226,0.711612,-0.531946,0.658940,1790336
12,11,0.5,0.000000,0.000000,0.000000,0.000000,0.000000,0.000000,0.000000,0.000000,0.000000,0.000000,-0.589684,0.709115,-0.540575,0.650382,1466781
12,11,1,0.000000,0.000000,0.000000,0.000000,0.000000,0.000000,0.000000,0.000000,0.000000,0.000000,-0.585896,0.708865,-0.539926,0.651739,1151893
12,11,1.5,0.000000,0.000000,0.000000,0.000000,0.000000,0.000000,0.000000,0.000000,0.000000,0.000000,-0.584823,0.708500,-0.541403,0.650868,1008767
12,11,2,0.000000,0.000000,0.000000,0.000000,0.000000,0.000000,0.000000,0.000000,0.000000,0.000000,-0.582472,0.707401,-0.542928,0.649660,842614
12,11,2.5,0.000000,0.000000,0.000000,0.000000,0.000000,0.000000,0.000000,0.000000,0.000000,0.000000,-0.581770,0.706154,-0.545507,0.647131,719826
12,11,3,0.000000,0.000000,0.000000,0.000000,0.000000,0.000000,0.000000,0.000000,0.000000,0.000000,-0.580977,0.705153,-0.547477,0.645230,614707
12,11,3.5,0.000000,0.000000,0.000000,0.000000,0.000000,0.000000,0.000000,0.000000,0.000000,0.000000,-0.578987,0.703824,-0.550100,0.643010,522725
12,11,4,0.000000,0.000000,0.000000,0.000000,0.000000,0.000000,0.000000,0.000000,0.000000,0.000000,-0.576689,0.702469,-0.553397,0.640456,452308
12,11,4.5,0.000000,0.000000,0.000000,0.000000,0.000000,0.000000,0.000000,0.000000,0.000000,0.000000,-0.573820,0.701158,-0.553643,0.639998,381856
12,11,5,0.000000,0.000000,0.000000,0.000000,0.000000,0.000000,0.000000,0.000000,0.000000,0.000000,-0.573659,0.701179,-0.556149,0.638548,331406
12,11,5.5,0.000000,0.000000,0.000000,0.000000,0.000000,0.000000,0.000000,0.000000,0.000000,0.000000,-0.573833,0.699293,-0.559592,0.634481,287899
12,11,6,0.000000,0.000000,0.000000,0.000000,0.000000,0.000000,0.000000,0.000000,0.000000,0.000000,-0.572519,0.698033,-0.563252,0.631405,242570
12,11,6.5,0.000000,0.000000,0.000000,0.000000,0.000000,0.000000,0.000000,0.000000,0.000000,0.000000,-0.570626,0.696757,-0.563487,0.630658,213045
12,11,7,0.000000,0.000000,0.000000,0.000000,0.000000,0.000000,0.000000,0.000000,0.000000,0.000000,-0.570502,0.695823,-0.568632,0.626516,183618
12,11,7.5,0.000000,0.000000,0.000000,0.000000,0.000000,0.000000,0.000000,0.000000,0.000000,0.000000,-0.564464,0.695246,-0.564106,0.631007,156685
12,11,8,0.000000,0.000000,0.000000,0.000000,0.000000,0.000000,0.000000,0.000000,0.000000,0.000000,-0.567556,0.693323,-0.573748,0.621796,137278
12,11,8.5,0.000000,0.000000,0.000000,0.000000,0.000000,0.000000,0.000000,0.000000,0.000000,0.000000,-0.566693,0.695273,-0.569974,0.626491,115814
12,11,9,0.000000,0.000000,0.000000,0.000000,0.000000,0.000000,0.000000,0.000000,0.000000,0.000000,-0.563549,0.692644,-0.574004,0.622429,104116
12,11,9.5,0.000000,0.000000,0.000000,0.000000,0.000000,0.000000,0.000000,0.000000,0.000000,0.000000,-0.566480,0.692084,-0.578376,0.617933,85913
12,11,10,0.000000,0.000000,0.000000,0.000000,0.000000,0.000000,0.000000,0.000000,0.000000,0.000000,-0.561807,0.688719,-0.579899,0.615302,77248
12,11,10.5,0.000000,0.000000,0.000000,0.000000,0.000000,0.000000,0.000000,0.000000,0.000000,0.000000,-0.559274,0.687598,-0.583974,0.612436,68116
12,11,11,0.000000,0.000000,0.000000,0.000000,0.000000,0.000000,0.000000,0.000000,0.000000,0.000000,-0.548771,0.687910,-0.576121,0.622049,56325
12,11,11.5,0.000000,0.000000,0.000000,0.000000,0.000000,0.000000,0.000000,0.000000,0.000000,0.000000,-0.556510,0.685287,-0.586932,0.609202,49602
12,11,12,0.000000,0.000000,0.000000,0.000000,0.000000,0.000000,0.000000,0.000000,0.000000,0.000000,-0.555549,0.682528,-0.596007,0.600618,42575
12,11,12.5,0.000000,0.000000,0.000000,0.000000,0.000000,0.000000,0.000000,0.000000,0.000000,0.000000,-0.552423,0.684493,-0.590602,0.607519,36158
12,11,13,0.000000,0.000000,0.000000,0.000000,0.000000,0.000000,0.000000,0.000000,0.000000,0.000000,-0.550516,0.682661,-0.591760,0.605655,32356
12,11,13.5,0.000000,0.000000,0.000000,0.000000,0.000000,0.000000,0.000000,0.000000,0.000000,0.000000,-0.551901,0.680735,-0.599781,0.597632,26483
12,11,14,0.000000,0.000000,0.000000,0.000000,0.000000,0.000000,0.000000,0.000000,0.000000,0.000000,-0.543203,0.680897,-0.592169,0.606583,24466
12,11,14.5,0.000000,0.000000,0.000000,0.000000,0.000000,0.000000,0.000000,0.000000,0.000000,0.000000,-0.539526,0.678566,-0.593874,0.604616,19228
12,11,15,0.000000,0.000000,0.000000,0.000000,0.000000,0.000000,0.000000,0.000000,0.000000,0.000000,-0.547242,0.681937,-0.595615,0.603598,17241
12,11,15.5,0.000000,0.000000,0.000000,0.000000,0.000000,0.000000,0.000000,0.000000,0.000000,0.000000,-0.540512,0.668151,-0.615068,0.578761,15304
12,11,16,0.000000,0.000000,0.000000,0.000000,0.000000,0.000000,0.000000,0.000000,0.000000,0.000000,-0.536807,0.675980,-0.600033,0.598909,12131
12,11,16.5,0.000000,0.000000,0.000000,0.000000,0.000000,0.000000,0.000000,0.000000,0.000000,0.000000,-0.536201,0.671587,-0.607418,0.589550,11809
12,11,17,0.000000,0.000000,0.000000,0.000000,0.000000,0.000000,0.000000,0.000000,0.000000,0.000000,-0.531876,0.668571,-0.613485,0.584028,8988
12,11,17.5,0.000000,0.000000,0.000000,0.000000,0.000000,0.000000,0.000000,0.000000,0.000000,0.000000,-0.539783,0.669637,-0.617273,0.578939,7943
12,11,18,0.000000,0.000000,0.000000,0.000000,0.000000,0.000000,0.000000,0.000000,0.000000,0.000000,-0.545617,0.667589,-0.630774,0.564373,6993
12,11,18.5,0.000000,0.000000,0.000000,0.000000,0.000000,0.000000,0.000000,0.000000,0.000000,0.000000,-0.535199,0.670207,-0.616758,0.581835,5824
12,11,19,0.000000,0.000000,0.000000,0.000000,0.000000,0.000000,0.000000,0.000000,0.000000,0.000000,-0.532982,0.670480,-0.605206,0.591405,5033
12,11,19.5,0.000000,0.000000,0.000000,0.000000,0.000000,0.000000,0.000000,0.000000,0.000000,0.000000,-0.532891,0.668190,-0.625313,0.574467,3998
12,11,20,0.000000,0.000000,0.000000,0.000000,0.000000,0.000000,0.000000,0.000000,0.000000,0.000000,-0.535481,0.664641,-0.633610,0.563502,3368
12,11,20.5,0.000000,0.000000,0.000000,0.000000,0.000000,0.000000,0.000000,0.000000,0.000000,0.000000,-0.559483,0.667582,-0.633103,0.557111,2900
12,11,21,0.000000,0.000000,0.000000,0.000000,0.000000,0.000000,0.000000,0.000000,0.000000,0.000000,-0.535974,0.669684,-0.630154,0.570974,2474
12,11,21.5,0.000000,0.000000,0.000000,0.000000,0.000000,0.000000,0.000000,0.000000,0.000000,0.000000,-0.525604,0.664320,-0.624155,0.574682,2070
12,11,22,0.000000,0.000000,0.000000,0.000000,0.000000,0.000000,0.000000,0.000000,0.000000,0.000000,-0.550159,0.664151,-0.640635,0.551492,1575
12,11,22.5,0.000000,0.000000,0.000000,0.000000,0.000000,0.000000,0.000000,0.000000,0.000000,0.000000,-0.544027,0.661713,-0.647099,0.546451,1465
12,11,23,0.000000,0.000000,0.000000,0.000000,0.000000,0.000000,0.000000,0.000000,0.000000,0.000000,-0.514885,0.662565,-0.629771,0.573618,1310
12,11,23.5,0.000000,0.000000,0.000000,0.000000,0.000000,0.000000,0.000000,0.000000,0.000000,0.000000,-0.526870,0.646538,-0.660695,0.527654,949
12,11,24,0.000000,0.000000,0.000000,0.000000,0.000000,0.000000,0.000000,0.000000,0.000000,0.000000,-0.522914,0.647242,-0.666275,0.525525,851
12,11,24.5,0.000000,0.000000,0.000000,0.000000,0.000000,0.000000,0.000000,0.000000,0.000000,0.000000,-0.507728,0.649863,-0.642968,0.554135,647
12,11,25,0.000000,0.000000,0.000000,0.000000,0.000000,0.000000,0.000000,0.000000,0.000000,0.000000,-0.516104,0.649664,-0.621166,0.566607,652
12,11,25.5,0.000000,0.000000,0.000000,0.000000,0.000000,0.000000,0.000000,0.000000,0.000000,0.000000,-0.477273,0.647211,-0.613636,0.589360,528
12,11,26,0.000000,0.000000,0.000000,0.000000,0.000000,0.000000,0.000000,0.000000,0.000000,0.000000,-0.449248,0.641221,-0.586466,0.618463,266
12,11,26.5,0.000000,0.000000,0.000000,0.000000,0.000000,0.000000,0.000000,0.000000,0.000000,0.000000,-0.472222,0.645062,-0.630556,0.577400,360
12,11,27,0.000000,0.000000,0.000000,0.000000,0.000000,0.000000,0.000000,0.000000,0.000000,0.000000,-0.488673,0.622040,-0.673139,0.511285,309
12,11,27.5,0.000000,0.000000,0.000000,0.000000,0.000000,0.000000,0.000000,0.000000,0.000000,0.000000,-0.476190,0.630385,-0.650794,0.544722,189
12,11,28,0.000000,0.000000,0.000000,0.000000,0.000000,0.000000,0.000000,0.000000,0.000000,0.000000,-0.373333,0.613956,-0.533333,0.675556,150
12,11,28.5,0.000000,0.000000,0.000000,0.000000,0.000000,0.000000,0.000000,0.000000,0.000000,0.000000,-0.578947,0.694425,-0.611842,0.592755,152
12,11,29,0.000000,0.000000,0.000000,0.000000,0.000000,0.000000,0.000000,0.000000,0.000000,0.000000,-0.500000,0.591603,-0.755725,0.398345,131
12,11,29.5,0.000000,0.000000,0.000000,0.000000,0.000000,0.000000,0.000000,0.000000,0.000000,0.000000,-0.586735,0.627681,-0.775510,0.378176,98
12,11,30,0.000000,0.000000,0.000000,0.000000,0.000000,0.000000,0.000000,0.000000,0.000000,0.000000,-0.482143,0.606824,-0.732143,0.446110,56
12,11,30.5,0.000000,0.000000,0.000000,0.000000,0.000000,0.000000,0.000000,0.000000,0.000000,0.000000,-0.661017,0.715599,-0.644068,0.568228,59
12,11,31,0.000000,0.000000,0.000000,0.000000,0.000000,0.000000,0.000000,0.000000,0.000000,0.000000,-0.383721,0.672526,-0.372093,0.791779,43
12,11,31.5,0.000000,0.000000,0.000000,0.000000,0.000000,0.000000,0.000000,0.000000,0.000000,0.000000,-0.375000,0.558239,-0.727273,0.471074,44
12,11,32,0.000000,0.000000,0.000000,0.000000,0.000000,0.000000,0.000000,0.000000,0.000000,0.000000,-0.600000,0.560000,-0.880000,0.185600,25
12,11,32.5,0.000000,0.000000,0.000000,0.000000,0.000000,0.000000,0.000000,0.000000,0.000000,0.000000,-0.575000,0.731875,-0.600000,0.640000,20
12,11,33,0.000000,0.000000,0.000000,0.000000,0.000000,0.000000,0.000000,0.000000,0.000000,0.000000,-0.152174,0.292060,-0.826087,0.317580,23
12,11,33.5,0.000000,0.000000,0.000000,0.000000,0.000000,0.000000,0.000000,0.000000,0.000000,0.000000,-0.500000,0.500000,-1.000000,0.000000,12
12,11,34,0.000000,0.000000,0.000000,0.000000,0.000000,0.000000,0.000000,0.000000,0.000000,0.000000,-0.538462,0.594675,-0.846154,0.284024,13
12,11,34.5,0.000000,0.000000,0.000000,0.000000,0.000000,0.000000,0.000000,0.000000,0.000000,0.000000,-0.916667,0.701389,-0.666667,0.555556,6
12,11,35,0.000000,0.000000,0.000000,0.000000,0.000000,0.000000,0.000000,0.000000,0.000000,0.000000,-0.142857,0.336735,-0.714286,0.489796,7
12,11,35.5,0.000000,0.000000,0.000000,0.000000,0.000000,0.000000,0.000000,0.000000,0.000000,0.000000,0.166667,0.055556,-0.333333,0.888889,6
12,11,36,0.000000,0.000000,0.000000,0.000000,0.000000,0.000000,0.000000,0.000000,0.000000,0.000000,-1.125000,0.421875,-1.000000,0.000000,4
12,11,36.5,0.000000,0.000000,0.000000,0.000000,0.000000,0.000000,0.000000,0.000000,0.000000,0.000000,-0.333333,0.722222,-0.333333,0.888889,3
12,11,37,0.000000,0.000000,0.000000,0.000000,0.000000,0.000000,0.000000,0.000000,0.000000,0.000000,0.000000,0.000000,-1.000000,0.000000,2
12,11,37.5,0.000000,0.000000,0.000000,0.000000,0.000000,0.000000,0.000000,0.000000,0.000000,0.000000,-0.500000,0.500000,-1.000000,0.000000,3
12,11,38,0.000000,0.000000,0.000000,0.000000,0.000000,0.000000,0.000000,0.000000,0.000000,0.000000,-0.750000,0.562500,-1.000000,0.000000,2
12,11,41,0.000000,0.000000,0.000000,0.000000,0.000000,0.000000,0.000000,0.000000,0.000000,0.000000,-0.500000,1.000000,0.000000,1.000000,2
12,11,44,0.000000,0.000000,0.000000,0.000000,0.000000,0.000000,0.000000,0.000000,0.000000,0.000000,-1.500000,0.000000,-1.000000,0.000000,1
13,11,-45.5,0.000000,0.000000,0.000000,0.000000,0.000000,0.000000,0.000000,0.000000,0.000000,0.000000,0.500000,0.000000,1.000000,0.000000,1
13,11,-42,0.000000,0.000000,0.000000,0.000000,0.000000,0.000000,0.000000,0.000000,0.000000,0.000000,-0.500000,0.000000,0.000000,0.000000,1
13,11,-41.5,0.000000,0.000000,0.000000,0.000000,0.000000,0.000000,0.000000,0.000000,0.000000,0.000000,-0.500000,0.000000,0.000000,0.000000,1
13,11,-40,0.000000,0.000000,0.000000,0.000000,0.000000,0.000000,0.000000,0.000000,0.000000,0.000000,-0.500000,1.000000,0.000000,1.000000,2
13,11,-39,0.000000,0.000000,0.000000,0.000000,0.000000,0.000000,0.000000,0.000000,0.000000,0.000000,-1.500000,0.000000,-1.000000,0.000000,1
13,11,-37.5,0.000000,0.000000,0.000000,0.000000,0.000000,0.000000,0.000000,0.000000,0.000000,0.000000,-1.500000,0.000000,-1.000000,0.000000,2
13,11,-37,0.000000,0.000000,0.000000,0.000000,0.000000,0.000000,0.000000,0.000000,0.000000,0.000000,-0.500000,0.666667,0.000000,0.666667,3
13,11,-36.5,0.000000,0.000000,0.000000,0.000000,0.000000,0.000000,0.000000,0.000000,0.000000,0.000000,-0.500000,1.000000,0.000000,1.000000,2
13,11,-36,0.000000,0.000000,0.000000,0.000000,0.000000,0.000000,0.000000,0.000000,0.000000,0.000000,0.500000,0.000000,1.000000,0.000000,1
13,11,-35.5,0.000000,0.000000,0.000000,0.000000,0.000000,0.000000,0.000000,0.000000,0.000000,0.000000,-0.250000,0.687500,0.250000,0.687500,4
13,11,-35,0.000000,0.000000,0.000000,0.000000,0.000000,0.000000,0.000000,0.000000,0.000000,0.000000,-0.388889,0.709877,-0.222222,0.839506,9
13,11,-34.5,0.000000,0.000000,0.000000,0.000000,0.000000,0.000000,0.000000,0.000000,0.000000,0.000000,-0.916667,0.701389,-0.666667,0.555556,6
13,11,-34,0.000000,0.000000,0.000000,0.000000,0.000000,0.000000,0.000000,0.000000,0.000000,0.000000,0.208333,0.310764,0.333333,0.888889,12
13,11,-33.5,0.000000,0.000000,0.000000,0.000000,0.000000,0.000000,0.000000,0.000000,0.000000,0.000000,-0.650000,0.802500,-0.300000,0.810000,10
13,11,-33,0.000000,0.000000,0.000000,0.000000,0.000000,0.000000,0.000000,0.000000,0.000000,0.000000,-1.000000,0.500000,-0.636364,0.413223,11
13,11,-32.5,0.000000,0.000000,0.000000,0.000000,0.000000,0.000000,0.000000,0.000000,0.000000,0.000000,-0.428571,0.566327,-0.357143,0.658163,14
13,11,-32,0.000000,0.000000,0.000000,0.000000,0.000000,0.000000,0.000000,0.000000,0.000000,0.000000,-0.410714,0.750957,-0.178571,0.860969,28
13,11,-31.5,0.000000,0.000000,0.000000,0.000000,0.000000,0.000000,0.000000,0.000000,0.000000,0.000000,-0.606061,0.738751,-0.424242,0.729109,33
13,11,-31,0.000000,0.000000,0.000000,0.000000,0.000000,0.000000,0.000000,0.000000,0.000000,0.000000,-0.802632,0.651835,-0.657895,0.488227,38
13,11,-30.5,0.000000,0.000000,0.000000,0.000000,0.000000,0.000000,0.000000,0.000000,0.000000,0.000000,-0.648148,0.755830,-0.370370,0.751715,54
13,11,-30,0.000000,0.000000,0.000000,0.000000,0.000000,0.000000,0.000000,0.000000,0.000000,0.000000,-0.561224,0.741150,-0.367347,0.763015,49
13,11,-29.5,0.000000,0.000000,0.000000,0.000000,0.000000,0.000000,0.000000,0.000000,0.000000,0.000000,-0.320988,0.742646,-0.098765,0.903826,81
13,11,-29,0.000000,0.000000,0.000000,0.000000,0.000000,0.000000,0.000000,0.000000,0.000000,0.000000,-0.739669,0.711154,-0.537190,0.628782,121
13,11,-28.5,0.000000,0.000000,0.000000,0.000000,0.000000,0.000000,0.000000,0.000000,0.000000,0.000000,-0.625000,0.781875,-0.350000,0.787500,100
13,11,-28,0.000000,0.000000,0.000000,0.000000,0.000000,0.000000,0.000000,0.000000,0.000000,0.000000,-0.509804,0.733564,-0.333333,0.784314,153
13,11,-27.5,0.000000,0.000000,0.000000,0.000000,0.000000,0.000000,0.000000,0.000000,0.000000,0.000000,-0.643357,0.788889,-0.384615,0.782141,143
13,11,-27,0.000000,0.000000,0.000000,0.000000,0.000000,0.000000,0.000000,0.000000,0.000000,0.000000,-0.696629,0.726318,-0.494382,0.669444,267
13,11,-26.5,0.000000,0.000000,0.000000,0.000000,0.000000,0.000000,0.000000,0.000000,0.000000,0.000000,-0.589820,0.764387,-0.341317,0.781706,334
13,11,-26,0.000000,0.000000,0.000000,0.000000,0.000000,0.000000,0.000000,0.000000,0.000000,0.000000,-0.584071,0.745144,-0.376106,0.756774,226
13,11,-25.5,0.000000,0.000000,0.000000,0.000000,0.000000,0.000000,0.000000,0.000000,0.000000,0.000000,-0.574310,0.758809,-0.367304,0.775916,471
13,11,-25,0.000000,0.000000,0.000000,0.000000,0.000000,0.000000,0.000000,0.000000,0.000000,0.000000,-0.618674,0.758168,-0.385689,0.757003,573
13,11,-24.5,0.000000,0.000000,0.000000,0.000000,0.000000,0.000000,0.000000,0.000000,0.000000,0.000000,-0.651596,0.719483,-0.446809,0.690433,564
13,11,-24,0.000000,0.000000,0.000000,0.000000,0.000000,0.000000,0.000000,0.000000,0.000000,0.000000,-0.582069,0.737747,-0.402759,0.742613,725
13,11,-23.5,0.000000,0.000000,0.000000,0.000000,0.000000,0.000000,0.000000,0.000000,0.000000,0.000000,-0.665969,0.749680,-0.437696,0.721511,955
13,11,-23,0.000000,0.000000,0.000000,0.000000,0.000000,0.000000,0.000000,0.000000,0.000000,0.000000,-0.635674,0.750547,-0.415802,0.736127,1253
13,11,-22.5,0.000000,0.000000,0.000000,0.000000,0.000000,0.000000,0.000000,0.000000,0.000000,0.000000,-0.656613,0.745194,-0.473318,0.704044,1293
13,11,-22,0.000000,0.000000,0.000000,0.000000,0.000000,0.000000,0.000000,0.000000,0.000000,0.000000,-0.626881,0.738518,-0.443912,0.716074,1462
13,11,-21.5,0.000000,0.000000,0.000000,0.000000,0.000000,0.000000,0.000000,0.000000,0.000000,0.000000,-0.643317,0.746663,-0.436634,0.723212,2020
13,11,-21,0.000000,0.000000,0.000000,0.000000,0.000000,0.000000,0.000000,0.000000,0.000000,0.000000,-0.629933,0.740149,-0.430311,0.722054,2382
13,11,-20.5,0.000000,0.000000,0.000000,0.000000,0.000000,0.000000,0.000000,0.000000,0.000000,0.000000,-0.628535,0.735564,-0.448876,0.710766,2758
13,11,-20,0.000000,0.000000,0.000000,0.000000,0.000000,0.000000,0.000000,0.000000,0.000000,0.000000,-0.640807,0.723708,-0.480921,0.682307,3171
13,11,-19.5,0.000000,0.000000,0.000000,0.000000,0.000000,0.000000,0.000000,0.000000,0.000000,0.000000,-0.622777,0.746208,-0.456862,0.719602,3767
13,11,-19,0.000000,0.000000,0.000000,0.000000,0.000000,0.000000,0.000000,0.000000,0.000000,0.000000,-0.650770,0.722415,-0.492931,0.673246,4739
13,11,-18.5,0.000000,0.000000,0.000000,0.000000,0.000000,0.000000,0.000000,0.000000,0.000000,0.000000,-0.632634,0.734248,-0.459345,0.704197,5436
13,11,-18,0.000000,0.000000,0.000000,0.000000,0.000000,0.000000,0.000000,0.000000,0.000000,0.000000,-0.623183,0.747489,-0.442519,0.726508,6811
13,11,-17.5,0.000000,0.000000,0.000000,0.000000,0.000000,0.000000,0.000000,0.000000,0.000000,0.000000,-0.638173,0.733109,-0.477398,0.693904,7610
13,11,-17,0.000000,0.000000,0.000000,0.000000,0.000000,0.000000,0.000000,0.000000,0.000000,0.000000,-0.621516,0.738555,-0.470407,0.706484,8431
13,11,-16.5,0.000000,0.000000,0.000000,0.000000,0.000000,0.000000,0.000000,0.000000,0.000000,0.000000,-0.635677,0.729738,-0.482834,0.688596,10923
13,11,-16,0.000000,0.000000,0.000000,0.000000,0.000000,0.000000,0.000000,0.000000,0.000000,0.000000,-0.633810,0.724015,-0.486889,0.681399,11479
13,11,-15.5,0.000000,0.000000,0.000000,0.000000,0.000000,0.000000,0.000000,0.000000,0.000000,0.000000,-0.637943,0.731264,-0.485311,0.688450,14535
13,11,-15,0.000000,0.000000,0.000000,0.000000,0.000000,0.000000,0.000000,0.000000,0.000000,0.000000,-0.616743,0.733749,-0.471311,0.702528,16592
13,11,-14.5,0.000000,0.000000,0.000000,0.000000,0.000000,0.000000,0.000000,0.000000,0.000000,0.000000,-0.624213,0.730902,-0.478920,0.694320,18738
13,11,-14,0.000000,0.000000,0.000000,0.000000,0.000000,0.000000,0.000000,0.000000,0.000000,0.000000,-0.627513,0.726566,-0.494307,0.681883,23625
13,11,-13.5,0.000000,0.000000,0.000000,0.000000,0.000000,0.000000,0.000000,0.000000,0.000000,0.000000,-0.626026,0.730873,-0.482644,0.692119,25582
13,11,-13,0.000000,0.000000,0.000000,0.000000,0.000000,0.000000,0.000000,0.000000,0.000000,0.000000,-0.618454,0.726871,-0.488367,0.687357,31548
13,11,-12.5,0.000000,0.000000,0.000000,0.000000,0.000000,0.000000,0.000000,0.000000,0.000000,0.000000,-0.623193,0.725900,-0.496307,0.681313,34795
13,11,-12,0.000000,0.000000,0.000000,0.000000,0.000000,0.000000,0.000000,0.000000,0.000000,0.000000,-0.624928,0.723816,-0.500072,0.676923,41600
13,11,-11.5,0.000000,0.000000,0.000000,0.000000,0.000000,0.000000,0.000000,0.000000,0.000000,0.000000,-0.629923,0.719251,-0.510493,0.665813,47605
13,11,-11,0.000000,0.000000,0.000000,0.000000,0.000000,0.000000,0.000000,0.000000,0.000000,0.000000,-0.625768,0.723780,-0.507165,0.673080,54990
13,11,-10.5,0.000000,0.000000,0.000000,0.000000,0.000000,0.000000,0.000000,0.000000,0.000000,0.000000,-0.625727,0.723204,-0.508724,0.671710,66024
13,11,-10,0.000000,0.000000,0.000000,0.000000,0.000000,0.000000,0.000000,0.000000,0.000000,0.000000,-0.622168,0.721156,-0.514095,0.667751,75167
13,11,-9.5,0.000000,0.000000,0.000000,0.000000,0.000000,0.000000,0.000000,0.000000,0.000000,0.000000,-0.629112,0.717893,-0.522487,0.658258,82982
13,11,-9,0.000000,0.000000,0.000000,0.000000,0.000000,0.000000,0.000000,0.000000,0.000000,0.000000,-0.622978,0.716400,-0.521460,0.658844,100815
13,11,-8.5,0.000000,0.000000,0.000000,0.000000,0.000000,0.000000,0.000000,0.000000,0.000000,0.000000,-0.617379,0.716580,-0.522595,0.659860,112703
13,11,-8,0.000000,0.000000,0.000000,0.000000,0.000000,0.000000,0.000000,0.000000,0.000000,0.000000,-0.613987,0.717719,-0.521031,0.662761,133305
13,11,-7.5,0.000000,0.000000,0.000000,0.000000,0.000000,0.000000,0.000000,0.000000,0.000000,0.000000,-0.623439,0.715836,-0.529929,0.653493,152111
13,11,-7,0.000000,0.000000,0.000000,0.000000,0.000000,0.000000,0.000000,0.000000,0.000000,0.000000,-0.620936,0.716012,-0.531566,0.653390,178102
13,11,-6.5,0.000000,0.000000,0.000000,0.000000,0.000000,0.000000,0.000000,0.000000,0.000000,0.000000,-0.623105,0.714118,-0.535460,0.648733,205625
13,11,-6,0.000000,0.000000,0.000000,0.000000,0.000000,0.000000,0.000000,0.000000,0.000000,0.000000,-0.624021,0.712788,-0.540208,0.644438,235528
13,11,-5.5,0.000000,0.000000,0.000000,0.000000,0.000000,0.000000,0.000000,0.000000,0.000000,0.000000,-0.623692,0.711854,-0.542911,0.642011,279663
13,11,-5,0.000000,0.000000,0.000000,0.000000,0.000000,0.000000,0.000000,0.000000,0.000000,0.000000,-0.619780,0.709905,-0.545555,0.639509,321029
13,11,-4.5,0.000000,0.000000,0.000000,0.000000,0.000000,0.000000,0.000000,0.000000,0.000000,0.000000,-0.621168,0.711002,-0.548932,0.638239,371248
13,11,-4,0.000000,0.000000,0.000000,0.000000,0.000000,0.000000,0.000000,0.000000,0.000000,0.000000,-0.617382,0.708444,-0.552540,0.634501,438448
13,11,-3.5,0.000000,0.000000,0.000000,0.000000,0.000000,0.000000,0.000000,0.000000,0.000000,0.000000,-0.618019,0.708148,-0.554541,0.632822,506318
13,11,-3,0.000000,0.000000,0.000000,0.000000,0.000000,0.000000,0.000000,0.000000,0.000000,0.000000,-0.618098,0.706735,-0.558521,0.628948,594373
13,11,-2.5,0.000000,0.000000,0.000000,0.000000,0.000000,0.000000,0.000000,0.000000,0.000000,0.000000,-0.616519,0.705056,-0.562106,0.625463,700258
13,11,-2,0.000000,0.000000,0.000000,0.000000,0.000000,0.000000,0.000000,0.000000,0.000000,0.000000,-0.616441,0.704309,-0.564495,0.623240,818168
13,11,-1.5,0.000000,0.000000,0.000000,0.000000,0.000000,0.000000,0.000000,0.000000,0.000000,0.000000,-0.617019,0.702562,-0.569411,0.618222,974775
13,11,-1,0.000000,0.000000,0.000000,0.000000,0.000000,0.000000,0.000000,0.000000,0.000000,0.000000,-0.616281,0.701403,-0.572147,0.615505,1127631
13,11,-0.5,0.000000,0.000000,0.000000,0.000000,0.000000,0.000000,0.000000,0.000000,0.000000,0.000000,-0.615804,0.699966,-0.575580,0.611972,1309758
13,11,0,0.000000,0.000000,0.000000,0.000000,0.000000,0.000000,0.000000,0.000000,0.000000,0.000000,-0.612609,0.699747,-0.575958,0.612374,1757521
13,11,0.5,0.000000,0.000000,0.000000,0.000000,0.000000,0.000000,0.000000,0.000000,0.000000,0.000000,-0.614999,0.697565,-0.582731,0.605080,1407640
13,11,1,0.000000,0.000000,0.000000,0.000000,0.000000,0.000000,0.000000,0.000000,0.000000,0.000000,-0.612984,0.698176,-0.582200,0.606592,1117327
13,11,1.5,0.000000,0.000000,0.000000,0.000000,0.000000,0.000000,0.000000,0.000000,0.000000,0.000000,-0.611990,0.696045,-0.586361,0.601953,976240
13,11,2,0.000000,0.000000,0.000000,0.000000,0.000000,0.000000,0.000000,0.000000,0.000000,0.000000,-0.611098,0.695100,-0.589688,0.599005,816257
13,11,2.5,0.000000,0.000000,0.000000,0.000000,0.000000,0.000000,0.000000,0.000000,0.000000,0.000000,-0.611877,0.694841,-0.592254,0.596781,697905
13,11,3,0.000000,0.000000,0.000000,0.000000,0.000000,0.000000,0.000000,0.000000,0.000000,0.000000,-0.611289,0.693981,-0.595213,0.594050,594236
13,11,3.5,0.000000,0.000000,0.000000,0.000000,0.000000,0.000000,0.000000,0.000000,0.000000,0.000000,-0.609656,0.691696,-0.598437,0.589984,507049
13,11,4,0.000000,0.000000,0.000000,0.000000,0.000000,0.000000,0.000000,0.000000,0.000000,0.000000,-0.611106,0.690430,-0.602975,0.585130,437232
13,11,4.5,0.000000,0.000000,0.000000,0.000000,0.000000,0.000000,0.000000,0.000000,0.000000,0.000000,-0.610784,0.688174,-0.608550,0.578997,369294
13,11,5,0.000000,0.000000,0.000000,0.000000,0.000000,0.000000,0.000000,0.000000,0.000000,0.000000,-0.611367,0.688997,-0.608788,0.579487,321069
13,11,5.5,0.000000,0.000000,0.000000,0.000000,0.000000,0.000000,0.000000,0.000000,0.000000,0.000000,-0.609950,0.686787,-0.613744,0.574092,279299
13,11,6,0.000000,0.000000,0.000000,0.000000,0.000000,0.000000,0.000000,0.000000,0.000000,0.000000,-0.605953,0.686751,-0.613694,0.575228,235378
13,11,6.5,0.000000,0.000000,0.000000,0.000000,0.000000,0.000000,0.000000,0.000000,0.000000,0.000000,-0.605501,0.684947,-0.617237,0.570964,205618
13,11,7,0.000000,0.000000,0.000000,0.000000,0.000000,0.000000,0.000000,0.000000,0.000000,0.000000,-0.604986,0.684641,-0.618873,0.569603,178148
13,11,7.5,0.000000,0.000000,0.000000,0.000000,0.000000,0.000000,0.000000,0.000000,0.000000,0.000000,-0.608896,0.683598,-0.625012,0.562874,151658
13,11,8,0.000000,0.000000,0.000000,0.000000,0.000000,0.000000,0.000000,0.000000,0.000000,0.000000,-0.604958,0.680684,-0.630490,0.556948,132868
13,11,8.5,0.000000,0.000000,0.000000,0.000000,0.000000,0.000000,0.000000,0.000000,0.000000,0.000000,-0.607459,0.679173,-0.633781,0.552203,112927
13,11,9,0.000000,0.000000,0.000000,0.000000,0.000000,0.000000,0.000000,0.000000,0.000000,0.000000,-0.605467,0.678993,-0.632970,0.553217,100387
13,11,9.5,0.000000,0.000000,0.000000,0.000000,0.000000,0.000000,0.000000,0.000000,0.000000,0.000000,-0.598217,0.677038,-0.636581,0.550632,83361
13,11,10,0.000000,0.000000,0.000000,0.000000,0.000000,0.000000,0.000000,0.000000,0.000000,0.000000,-0.604220,0.676714,-0.639011,0.546636,75307
13,11,10.5,0.000000,0.000000,0.000000,0.000000,0.000000,0.000000,0.000000,0.000000,0.000000,0.000000,-0.603815,0.677511,-0.642210,0.545052,65790
13,11,11,0.000000,0.000000,0.000000,0.000000,0.000000,0.000000,0.000000,0.000000,0.000000,0.000000,-0.601872,0.674319,-0.646432,0.539102,54691
13,11,11.5,0.000000,0.000000,0.000000,0.000000,0.000000,0.000000,0.000000,0.000000,0.000000,0.000000,-0.607904,0.670734,-0.655651,0.526373,47658
13,11,12,0.000000,0.000000,0.000000,0.000000,0.000000,0.000000,0.000000,0.000000,0.000000,0.000000,-0.601506,0.671755,-0.654944,0.529826,41628
13,11,12.5,0.000000,0.000000,0.000000,0.000000,0.000000,0.000000,0.000000,0.000000,0.000000,0.000000,-0.600292,0.668785,-0.657713,0.524968,35292
13,11,13,0.000000,0.000000,0.000000,0.000000,0.000000,0.000000,0.000000,0.000000,0.000000,0.000000,-0.600756,0.670173,-0.663744,0.521263,31482
13,11,13.5,0.000000,0.000000,0.000000,0.000000,0.000000,0.000000,0.000000,0.000000,0.000000,0.000000,-0.591176,0.670508,-0.652815,0.533473,25917
13,11,14,0.000000,0.000000,0.000000,0.000000,0.000000,0.000000,0.000000,0.000000,0.000000,0.000000,-0.596031,0.666086,-0.667133,0.515793,23607
13,11,14.5,0.000000,0.000000,0.000000,0.000000,0.000000,0.000000,0.000000,0.000000,0.000000,0.000000,-0.603959,0.664902,-0.677824,0.503196,18791
13,11,15,0.000000,0.000000,0.000000,0.000000,0.000000,0.000000,0.000000,0.000000,0.000000,0.000000,-0.597980,0.664442,-0.670890,0.510404,16733
13,11,15.5,0.000000,0.000000,0.000000,0.000000,0.000000,0.000000,0.000000,0.000000,0.000000,0.000000,-0.592256,0.662950,-0.673804,0.508223,14617
13,11,16,0.000000,0.000000,0.000000,0.000000,0.000000,0.000000,0.000000,0.000000,0.000000,0.000000,-0.593008,0.659371,-0.678535,0.500375,11628
13,11,16.5,0.000000,0.000000,0.000000,0.000000,0.000000,0.000000,0.000000,0.000000,0.000000,0.000000,-0.593526,0.661084,-0.678795,0.501703,11323
13,11,17,0.000000,0.000000,0.000000,0.000000,0.000000,0.000000,0.000000,0.000000,0.000000,0.000000,-0.595575,0.656067,-0.688161,0.487929,8700
13,11,17.5,0.000000,0.000000,0.000000,0.000000,0.000000,0.000000,0.000000,0.000000,0.000000,0.000000,-0.579451,0.653690,-0.681548,0.496544,7728
13,11,18,0.000000,0.000000,0.000000,0.000000,0.000000,0.000000,0.000000,0.000000,0.000000,0.000000,-0.593005,0.659474,-0.696343,0.484899,6919
13,11,18.5,0.000000,0.000000,0.000000,0.000000,0.000000,0.000000,0.000000,0.000000,0.000000,0.000000,-0.596471,0.647526,-0.708959,0.460454,5525
13,11,19,0.000000,0.000000,0.000000,0.000000,0.000000,0.000000,0.000000,0.000000,0.000000,0.000000,-0.600600,0.658243,-0.698736,0.479199,4667
13,11,19.5,0.000000,0.000000,0.000000,0.000000,0.000000,0.000000,0.000000,0.000000,0.000000,0.000000,-0.593782,0.656388,-0.682405,0.493818,3876
13,11,20,0.000000,0.000000,0.000000,0.000000,0.000000,0.000000,0.000000,0.000000,0.000000,0.000000,-0.607262,0.644982,-0.713461,0.450560,3291
13,11,20.5,0.000000,0.000000,0.000000,0.000000,0.000000,0.000000,0.000000,0.000000,0.000000,0.000000,-0.610778,0.651606,-0.716802,0.453085,2839
13,11,21,0.000000,0.000000,0.000000,0.000000,0.000000,0.000000,0.000000,0.000000,0.000000,0.000000,-0.579728,0.651966,-0.704574,0.474322,2427
13,11,21.5,0.000000,0.000000,0.000000,0.000000,0.000000,0.000000,0.000000,0.000000,0.000000,0.000000,-0.567529,0.638879,-0.715517,0.455468,2088
13,11,22,0.000000,0.000000,0.000000,0.000000,0.000000,0.000000,0.000000,0.000000,0.000000,0.000000,-0.593121,0.640420,-0.732641,0.432088,1541
13,11,22.5,0.000000,0.000000,0.000000,0.000000,0.000000,0.000000,0.000000,0.000000,0.000000,0.000000,-0.617647,0.644615,-0.728676,0.433001,1360
13,11,23,0.000000,0.000000,0.000000,0.000000,0.000000,0.000000,0.000000,0.000000,0.000000,0.000000,-0.603631,0.634117,-0.741301,0.414164,1322
13,11,23.5,0.000000,0.000000,0.000000,0.000000,0.000000,0.000000,0.000000,0.000000,0.000000,0.000000,-0.575314,0.646001,-0.709205,0.465647,956
13,11,24,0.000000,0.000000,0.000000,0.000000,0.000000,0.000000,0.000000,0.000000,0.000000,0.000000,-0.565882,0.636836,-0.708235,0.460756,850
13,11,24.5,0.000000,0.000000,0.000000,0.000000,0.000000,0.000000,0.000000,0.000000,0.000000,0.000000,-0.593750,0.644171,-0.725329,0.442648,608
13,11,25,0.000000,0.000000,0.000000,0.000000,0.000000,0.000000,0.000000,0.000000,0.000000,0.000000,-0.588983,0.642506,-0.737288,0.430982,590
13,11,25.5,0.000000,0.000000,0.000000,0.000000,0.000000,0.000000,0.000000,0.000000,0.000000,0.000000,-0.581213,0.623052,-0.747554,0.403981,511
13,11,26,0.000000,0.000000,0.000000,0.000000,0.000000,0.000000,0.000000,0.000000,0.000000,0.000000,-0.630268,0.663107,-0.739464,0.437868,261
13,11,26.5,0.000000,0.000000,0.000000,0.000000,0.000000,0.000000,0.000000,0.000000,0.000000,0.000000,-0.588685,0.649627,-0.712538,0.461708,327
13,11,27,0.000000,0.000000,0.000000,0.000000,0.000000,0.000000,0.000000,0.000000,0.000000,0.000000,-0.566775,0.621763,-0.755700,0.399601,307
13,11,27.5,0.000000,0.000000,0.000000,0.000000,0.000000,0.000000,0.000000,0.000000,0.000000,0.000000,-0.480226,0.605541,-0.666667,0.504708,177
13,11,28,0.000000,0.000000,0.000000,0.000000,0.000000,0.000000,0.000000,0.000000,0.000000,0.000000,-0.655689,0.676360,-0.694611,0.487576,167
13,11,28.5,0.000000,0.000000,0.000000,0.000000,0.000000,0.000000,0.000000,0.000000,0.000000,0.000000,-0.474820,0.627064,-0.676259,0.521091,139
13,11,29,0.000000,0.000000,0.000000,0.000000,0.000000,0.000000,0.000000,0.000000,0.000000,0.000000,-0.616667,0.611389,-0.866667,0.248889,120
13,11,29.5,0.000000,0.000000,0.000000,0.000000,0.000000,0.000000,0.000000,0.000000,0.000000,0.000000,-0.661458,0.637994,-0.833333,0.305556,96
13,11,30,0.000000,0.000000,0.000000,0.000000,0.000000,0.000000,0.000000,0.000000,0.000000,0.000000,-0.396552,0.584126,-0.672414,0.530618,58
13,11,30.5,0.000000,0.000000,0.000000,0.000000,0.000000,0.000000,0.000000,0.000000,0.000000,0.000000,-0.671053,0.615478,-0.802632,0.316309,76
13,11,31,0.000000,0.000000,0.000000,0.000000,0.000000,0.000000,0.000000,0.000000,0.000000,0.000000,-0.559524,0.633362,-0.738095,0.431406,42
13,11,31.5,0.000000,0.000000,0.000000,0.000000,0.000000,0.000000,0.000000,0.000000,0.000000,0.000000,-0.744186,0.562466,-0.906977,0.130882,43
13,11,32,0.000000,0.000000,0.000000,0.000000,0.000000,0.000000,0.000000,0.000000,0.000000,0.000000,-0.485714,0.649796,-0.628571,0.576327,35
13,11,32.5,0.000000,0.000000,0.000000,0.000000,0.000000,0.000000,0.000000,0.000000,0.000000,0.000000,-0.525000,0.661875,-0.700000,0.510000,20
13,11,33,0.000000,0.000000,0.000000,0.000000,0.000000,0.000000,0.000000,0.000000,0.000000,0.000000,-0.550000,0.772500,-0.500000,0.750000,20
13,11,33.5,0.000000,0.000000,0.000000,0.000000,0.000000,0.000000,0.000000,0.000000,0.000000,0.000000,-0.500000,0.590909,-0.818182,0.330579,11
13,11,34,0.000000,0.000000,0.000000,0.000000,0.000000,0.000000,0.000000,0.000000,0.000000,0.000000,-0.421053,0.559557,-0.789474,0.376731,19
13,11,34.5,0.000000,0.000000,0.000000,0.000000,0.000000,0.000000,0.000000,0.000000,0.000000,0.000000,-0.615385,0.698225,-0.692308,0.520710,13
13,11,35,0.000000,0.000000,0.000000,0.000000,0.000000,0.000000,0.000000,0.000000,0.000000,0.000000,-0.750000,0.562500,-1.000000,0.000000,8
13,11,35.5,0.000000,0.000000,0.000000,0.000000,0.000000,0.000000,0.000000,0.000000,0.000000,0.000000,-0.750000,0.562500,-1.000000,0.000000,6
13,11,36,0.000000,0.000000,0.000000,0.000000,0.000000,0.000000,0.000000,0.000000,0.000000,0.000000,-1.125000,0.421875,-1.000000,0.000000,4
13,11,36.5,0.000000,0.000000,0.000000,0.000000,0.000000,0.000000,0.000000,0.000000,0.000000,0.000000,0.000000,0.000000,-1.000000,0.000000,3
13,11,37,0.000000,0.000000,0.000000,0.000000,0.000000,0.000000,0.000000,0.000000,0.000000,0.000000,0.166667,0.055556,-0.333333,0.888889,3
13,11,37.5,0.000000,0.000000,0.000000,0.000000,0.000000,0.000000,0.000000,0.000000,0.000000,0.000000,0.250000,0.062500,0.000000,1.000000,2
13,11,38,0.000000,0.000000,0.000000,0.000000,0.000000,0.000000,0.000000,0.000000,0.000000,0.000000,-1.500000,0.000000,-1.000000,0.000000,1
13,11,39,0.000000,0.000000,0.000000,0.000000,0.000000,0.000000,0.000000,0.000000,0.000000,0.000000,-0.333333,0.722222,-0.333333,0.888889,3
13,11,40,0.000000,0.000000,0.000000,0.000000,0.000000,0.000000,0.000000,0.000000,0.000000,0.000000,-1.500000,0.000000,-1.000000,0.000000,1
13,11,40.5,0.000000,0.000000,0.000000,0.000000,0.000000,0.000000,0.000000,0.000000,0.000000,0.000000,0.500000,0.000000,1.000000,0.000000,1
14,11,-38.5,0.000000,0.000000,0.000000,0.000000,0.000000,0.000000,0.000000,0.000000,0.000000,0.000000,0.500000,0.000000,1.000000,0.000000,1
14,11,-38,0.000000,0.000000,0.000000,0.000000,0.000000,0.000000,0.000000,0.000000,0.000000,0.000000,-0.333333,0.722222,-0.333333,0.888889,3
14,11,-36.5,0.000000,0.000000,0.000000,0.000000,0.000000,0.000000,0.000000,0.000000,0.000000,0.000000,0.250000,0.062500,0.000000,1.000000,2
14,11,-36,0.000000,0.000000,0.000000,0.000000,0.000000,0.000000,0.000000,0.000000,0.000000,0.000000,-0.500000,1.000000,0.000000,1.000000,2
14,11,-35.5,0.000000,0.000000,0.000000,0.000000,0.000000,0.000000,0.000000,0.000000,0.000000,0.000000,0.500000,0.000000,1.000000,0.000000,2
14,11,-35,0.000000,0.000000,0.000000,0.000000,0.000000,0.000000,0.000000,0.000000,0.000000,0.000000,-0.200000,0.160000,0.000000,0.400000,5
14,11,-34.5,0.000000,0.000000,0.000000,0.000000,0.000000,0.000000,0.000000,0.000000,0.000000,0.000000,-0.888889,0.765432,-0.555556,0.691358,9
14,11,-34,0.000000,0.000000,0.000000,0.000000,0.000000,0.000000,0.000000,0.000000,0.000000,0.000000,-0.470588,0.837370,-0.058824,0.878893,17
14,11,-33.5,0.000000,0.000000,0.000000,0.000000,0.000000,0.000000,0.000000,0.000000,0.000000,0.000000,-0.550000,0.722500,-0.200000,0.760000,10
14,11,-33,0.000000,0.000000,0.000000,0.000000,0.000000,0.000000,0.000000,0.000000,0.000000,0.000000,-0.615385,0.621302,-0.230769,0.639053,13
14,11,-32.5,0.000000,0.000000,0.000000,0.000000,0.000000,0.000000,0.000000,0.000000,0.000000,0.000000,-0.500000,0.678571,-0.214286,0.739796,14
14,11,-32,0.000000,0.000000,0.000000,0.000000,0.000000,0.000000,0.000000,0.000000,0.000000,0.000000,-0.759259,0.858711,-0.259259,0.858711,27
14,11,-31.5,0.000000,0.000000,0.000000,0.000000,0.000000,0.000000,0.000000,0.000000,0.000000,0.000000,-0.833333,0.555556,-0.733333,0.328889,15
14,11,-31,0.000000,0.000000,0.000000,0.000000,0.000000,0.000000,0.000000,0.000000,0.000000,0.000000,-0.851351,0.741417,-0.513514,0.682250,37
14,11,-30.5,0.000000,0.000000,0.000000,0.000000,0.000000,0.000000,0.000000,0.000000,0.000000,0.000000,-0.388889,0.709877,-0.222222,0.839506,36
14,11,-30,0.000000,0.000000,0.000000,0.000000,0.000000,0.000000,0.000000,0.000000,0.000000,0.000000,-0.590909,0.775826,-0.295455,0.799070,44
14,11,-29.5,0.000000,0.000000,0.000000,0.000000,0.000000,0.000000,0.000000,0.000000,0.000000,0.000000,-0.568182,0.779442,-0.227273,0.811983,66
14,11,-29,0.000000,0.000000,0.000000,0.000000,0.000000,0.000000,0.000000,0.000000,0.000000,0.000000,-0.735294,0.777970,-0.411765,0.752018,102
14,11,-28.5,0.000000,0.000000,0.000000,0.000000,0.000000,0.000000,0.000000,0.000000,0.000000,0.000000,-0.708333,0.715526,-0.547619,0.628685,84
14,11,-28,0.000000,0.000000,0.000000,0.000000,0.000000,0.000000,0.000000,0.000000,0.000000,0.000000,-0.721805,0.794788,-0.413534,0.768839,133
14,11,-27.5,0.000000,0.000000,0.000000,0.000000,0.000000,0.000000,0.000000,0.000000,0.000000,0.000000,-0.574534,0.842271,-0.279503,0.872189,161
14,11,-27,0.000000,0.000000,0.000000,0.000000,0.000000,0.000000,0.000000,0.000000,0.000000,0.000000,-0.546185,0.802084,-0.244980,0.843599,249
14,11,-26.5,0.000000,0.000000,0.000000,0.000000,0.000000,0.000000,0.000000,0.000000,0.000000,0.000000,-0.615658,0.756196,-0.355872,0.763035,281
14,11,-26,0.000000,0.000000,0.000000,0.000000,0.000000,0.000000,0.000000,0.000000,0.000000,0.000000,-0.633621,0.729990,-0.431034,0.710761,232
14,11,-25.5,0.000000,0.000000,0.000000,0.000000,0.000000,0.000000,0.000000,0.000000,0.000000,0.000000,-0.593952,0.771411,-0.395248,0.774664,463
14,11,-25,0.000000,0.000000,0.000000,0.000000,0.000000,0.000000,0.000000,0.000000,0.000000,0.000000,-0.638554,0.765226,-0.425129,0.746976,581
14,11,-24.5,0.000000,0.000000,0.000000,0.000000,0.000000,0.000000,0.000000,0.000000,0.000000,0.000000,-0.616016,0.726273,-0.427105,0.712859,487
14,11,-24,0.000000,0.000000,0.000000,0.000000,0.000000,0.000000,0.000000,0.000000,0.000000,0.000000,-0.654728,0.762592,-0.421203,0.742358,698
14,11,-23.5,0.000000,0.000000,0.000000,0.000000,0.000000,0.000000,0.000000,0.000000,0.000000,0.000000,-0.594921,0.759128,-0.386941,0.764424,827
14,11,-23,0.000000,0.000000,0.000000,0.000000,0.000000,0.000000,0.000000,0.000000,0.000000,0.000000,-0.634477,0.751320,-0.429603,0.732409,1108
14,11,-22.5,0.000000,0.000000,0.000000,0.000000,0.000000,0.000000,0.000000,0.000000,0.000000,0.000000,-0.641809,0.740281,-0.459658,0.708030,1227
14,11,-22,0.000000,0.000000,0.000000,0.000000,0.000000,0.000000,0.000000,0.000000,0.000000,0.000000,-0.612639,0.742889,-0.426022,0.730773,1345
14,11,-21.5,0.000000,0.000000,0.000000,0.000000,0.000000,0.000000,0.000000,0.000000,0.000000,0.000000,-0.629549,0.758475,-0.430201,0.740511,1841
14,11,-21,0.000000,0.000000,0.000000,0.000000,0.000000,0.000000,0.000000,0.000000,0.000000,0.000000,-0.641781,0.753528,-0.435616,0.730786,2190
14,11,-20.5,0.000000,0.000000,0.000000,0.000000,0.000000,0.000000,0.000000,0.000000,0.000000,0.000000,-0.607557,0.743130,-0.437425,0.728291,2501
14,11,-20,0.000000,0.000000,0.000000,0.000000,0.000000,0.000000,0.000000,0.000000,0.000000,0.000000,-0.648867,0.733762,-0.476992,0.692465,2912
14,11,-19.5,0.000000,0.000000,0.000000,0.000000,0.000000,0.000000,0.000000,0.000000,0.000000,0.000000,-0.642295,0.734995,-0.475677,0.695665,3433
14,11,-19,0.000000,0.000000,0.000000,0.000000,0.000000,0.000000,0.000000,0.000000,0.000000,0.000000,-0.628383,0.744910,-0.449688,0.719826,4323
14,11,-18.5,0.000000,0.000000,0.000000,0.000000,0.000000,0.000000,0.000000,0.000000,0.000000,0.000000,-0.656871,0.740788,-0.482447,0.695429,4985
14,11,-18,0.000000,0.000000,0.000000,0.000000,0.000000,0.000000,0.000000,0.000000,0.000000,0.000000,-0.638790,0.737105,-0.469987,0.701078,6164
14,11,-17.5,0.000000,0.000000,0.000000,0.000000,0.000000,0.000000,0.000000,0.000000,0.000000,0.000000,-0.652033,0.734059,-0.471886,0.694423,6936
14,11,-17,0.000000,0.000000,0.000000,0.000000,0.000000,0.000000,0.000000,0.000000,0.000000,0.000000,-0.635213,0.738672,-0.474616,0.701395,8017
14,11,-16.5,0.000000,0.000000,0.000000,0.000000,0.000000,0.000000,0.000000,0.000000,0.000000,0.000000,-0.638674,0.733556,-0.483136,0.691597,10229
14,11,-16,0.000000,0.000000,0.000000,0.000000,0.000000,0.000000,0.000000,0.000000,0.000000,0.000000,-0.645934,0.727539,-0.502523,0.674601,10306
14,11,-15.5,0.000000,0.000000,0.000000,0.000000,0.000000,0.000000,0.000000,0.000000,0.000000,0.000000,-0.638254,0.732183,-0.486013,0.688968,13298
14,11,-15,0.000000,0.000000,0.000000,0.000000,0.000000,0.000000,0.000000,0.000000,0.000000,0.000000,-0.637087,0.734595,-0.491391,0.689075,15275
14,11,-14.5,0.000000,0.000000,0.000000,0.000000,0.000000,0.000000,0.000000,0.000000,0.000000,0.000000,-0.640714,0.724291,-0.511412,0.667898,17262
14,11,-14,0.000000,0.000000,0.000000,0.000000,0.000000,0.000000,0.000000,0.000000,0.000000,0.000000,-0.649887,0.726218,-0.512123,0.667532,21653
14,11,-13.5,0.000000,0.000000,0.000000,0.000000,0.000000,0.000000,0.000000,0.000000,0.000000,0.000000,-0.636709,0.731300,-0.493564,0.684811,23539
14,11,-13,0.000000,0.000000,0.000000,0.000000,0.000000,0.000000,0.000000,0.000000,0.000000,0.000000,-0.650584,0.728102,-0.513479,0.668564,28934
14,11,-12.5,0.000000,0.000000,0.000000,0.000000,0.000000,0.000000,0.000000,0.000000,0.000000,0.000000,-0.639400,0.725918,-0.506936,0.672134,32152
14,11,-12,0.000000,0.000000,0.000000,0.000000,0.000000,0.000000,0.000000,0.000000,0.000000,0.000000,-0.646147,0.726922,-0.516058,0.666920,37955
14,11,-11.5,0.000000,0.000000,0.000000,0.000000,0.000000,0.000000,0.000000,0.000000,0.000000,0.000000,-0.645429,0.723756,-0.519023,0.662317,44262
14,11,-11,0.000000,0.000000,0.000000,0.000000,0.000000,0.000000,0.000000,0.000000,0.000000,0.000000,-0.653316,0.721347,-0.530286,0.652134,50073
14,11,-10.5,0.000000,0.000000,0.000000,0.000000,0.000000,0.000000,0.000000,0.000000,0.000000,0.000000,-0.647448,0.719686,-0.531385,0.651025,60506
14,11,-10,0.000000,0.000000,0.000000,0.000000,0.000000,0.000000,0.000000,0.000000,0.000000,0.000000,-0.642331,0.720555,-0.530048,0.653721,69205
14,11,-9.5,0.000000,0.000000,0.000000,0.000000,0.000000,0.000000,0.000000,0.000000,0.000000,0.000000,-0.640829,0.717431,-0.536658,0.647176,76749
14,11,-9,0.000000,0.000000,0.000000,0.000000,0.000000,0.000000,0.000000,0.000000,0.000000,0.000000,-0.647373,0.717827,-0.541266,0.643523,92256
14,11,-8.5,0.000000,0.000000,0.000000,0.000000,0.000000,0.000000,0.000000,0.000000,0.000000,0.000000,-0.641676,0.714995,-0.547294,0.638345,103712
14,11,-8,0.000000,0.000000,0.000000,0.000000,0.000000,0.000000,0.000000,0.000000,0.000000,0.000000,-0.644447,0.713338,-0.548112,0.635608,122318
14,11,-7.5,0.000000,0.000000,0.000000,0.000000,0.000000,0.000000,0.000000,0.000000,0.000000,0.000000,-0.642948,0.713808,-0.548732,0.636027,138820
14,11,-7,0.000000,0.000000,0.000000,0.000000,0.000000,0.000000,0.000000,0.000000,0.000000,0.000000,-0.642260,0.712851,-0.552796,0.632773,163279
14,11,-6.5,0.000000,0.000000,0.000000,0.000000,0.000000,0.000000,0.000000,0.000000,0.000000,0.000000,-0.644280,0.711843,-0.557714,0.628331,189052
14,11,-6,0.000000,0.000000,0.000000,0.000000,0.000000,0.000000,0.000000,0.000000,0.000000,0.000000,-0.646139,0.709767,-0.563330,0.622379,216818
14,11,-5.5,0.000000,0.000000,0.000000,0.000000,0.000000,0.000000,0.000000,0.000000,0.000000,0.000000,-0.645656,0.710088,-0.564956,0.621778,256241
14,11,-5,0.000000,0.000000,0.000000,0.000000,0.000000,0.000000,0.000000,0.000000,0.000000,0.000000,-0.643712,0.708436,-0.569203,0.617842,294468
14,11,-4.5,0.000000,0.000000,0.000000,0.000000,0.000000,0.000000,0.000000,0.000000,0.000000,0.000000,-0.644371,0.706701,-0.574246,0.612723,339978
14,11,-4,0.000000,0.000000,0.000000,0.000000,0.000000,0.000000,0.000000,0.000000,0.000000,0.000000,-0.644029,0.705443,-0.578671,0.608648,401741
14,11,-3.5,0.000000,0.000000,0.000000,0.000000,0.000000,0.000000,0.000000,0.000000,0.000000,0.000000,-0.645473,0.705450,-0.580006,0.607472,463376
14,11,-3,0.000000,0.000000,0.000000,0.000000,0.000000,0.000000,0.000000,0.000000,0.000000,0.000000,-0.642843,0.702604,-0.584464,0.602221,547281
14,11,-2.5,0.000000,0.000000,0.000000,0.000000,0.000000,0.000000,0.000000,0.000000,0.000000,0.000000,-0.643665,0.702323,-0.588395,0.599119,641348
14,11,-2,0.000000,0.000000,0.000000,0.000000,0.000000,0.000000,0.000000,0.000000,0.000000,0.000000,-0.643168,0.701785,-0.589015,0.598267,750149
14,11,-1.5,0.000000,0.000000,0.000000,0.000000,0.000000,0.000000,0.000000,0.000000,0.000000,0.000000,-0.641736,0.700249,-0.593508,0.593972,892611
14,11,-1,0.000000,0.000000,0.000000,0.000000,0.000000,0.000000,0.000000,0.000000,0.000000,0.000000,-0.643105,0.699355,-0.597442,0.590066,1037685
14,11,-0.5,0.000000,0.000000,0.000000,0.000000,0.000000,0.000000,0.000000,0.000000,0.000000,0.000000,-0.640182,0.697094,-0.601079,0.585898,1216135
14,11,0,0.000000,0.000000,0.000000,0.000000,0.000000,0.000000,0.000000,0.000000,0.000000,0.000000,-0.638618,0.697244,-0.601492,0.586103,1679357
14,11,0.5,0.000000,0.000000,0.000000,0.000000,0.000000,0.000000,0.000000,0.000000,0.000000,0.000000,-0.640773,0.694898,-0.607898,0.578738,1317322
14,11,1,0.000000,0.000000,0.000000,0.000000,0.000000,0.000000,0.000000,0.000000,0.000000,0.000000,-0.640622,0.694758,-0.609922,0.577178,1058023
14,11,1.5,0.000000,0.000000,0.000000,0.000000,0.000000,0.000000,0.000000,0.000000,0.000000,0.000000,-0.639554,0.693349,-0.613502,0.573414,924785
14,11,2,0.000000,0.000000,0.000000,0.000000,0.000000,0.000000,0.000000,0.000000,0.000000,0.000000,-0.639493,0.691733,-0.618041,0.568491,773980
14,11,2.5,0.000000,0.000000,0.000000,0.000000,0.000000,0.000000,0.000000,0.000000,0.000000,0.000000,-0.638214,0.691326,-0.619188,0.567522,660825
14,11,3,0.000000,0.000000,0.000000,0.000000,0.000000,0.000000,0.000000,0.000000,0.000000,0.000000,-0.639658,0.688656,-0.625876,0.559548,562618
14,11,3.5,0.000000,0.000000,0.000000,0.000000,0.000000,0.000000,0.000000,0.000000,0.000000,0.000000,-0.638774,0.689325,-0.626218,0.560156,478332
14,11,4,0.000000,0.000000,0.000000,0.000000,0.000000,0.000000,0.000000,0.000000,0.000000,0.000000,-0.638042,0.686005,-0.632351,0.552348,413538
14,11,4.5,0.000000,0.000000,0.000000,0.000000,0.000000,0.000000,0.000000,0.000000,0.000000,0.000000,-0.639935,0.686531,-0.634221,0.551019,350269
14,11,5,0.000000,0.000000,0.000000,0.000000,0.000000,0.000000,0.000000,0.000000,0.000000,0.000000,-0.639142,0.684952,-0.638985,0.545933,302738
14,11,5.5,0.000000,0.000000,0.000000,0.000000,0.000000,0.000000,0.000000,0.000000,0.000000,0.000000,-0.640812,0.683111,-0.643951,0.539835,264267
14,11,6,0.000000,0.000000,0.000000,0.000000,0.000000,0.000000,0.000000,0.000000,0.000000,0.000000,-0.636823,0.682443,-0.644584,0.539556,222418
14,11,6.5,0.000000,0.000000,0.000000,0.000000,0.000000,0.000000,0.000000,0.000000,0.000000,0.000000,-0.640413,0.681514,-0.649626,0.533823,194167
14,11,7,0.000000,0.000000,0.000000,0.000000,0.000000,0.000000,0.000000,0.000000,0.000000,0.000000,-0.639220,0.680229,-0.653841,0.529414,167975
14,11,7.5,0.000000,0.000000,0.000000,0.000000,0.000000,0.000000,0.000000,0.000000,0.000000,0.000000,-0.635426,0.679501,-0.653807,0.529568,143735
14,11,8,0.000000,0.000000,0.000000,0.000000,0.000000,0.000000,0.000000,0.000000,0.000000,0.000000,-0.638479,0.676972,-0.658147,0.522825,125633
14,11,8.5,0.000000,0.000000,0.000000,0.000000,0.000000,0.000000,0.000000,0.000000,0.000000,0.000000,-0.635572,0.676545,-0.662898,0.519154,106659
14,11,9,0.000000,0.000000,0.000000,0.000000,0.000000,0.000000,0.000000,0.000000,0.000000,0.000000,-0.636247,0.674037,-0.670338,0.510293,95158
14,11,9.5,0.000000,0.000000,0.000000,0.000000,0.000000,0.000000,0.000000,0.000000,0.000000,0.000000,-0.642390,0.673381,-0.672775,0.506222,78854
14,11,10,0.000000,0.000000,0.000000,0.000000,0.000000,0.000000,0.000000,0.000000,0.000000,0.000000,-0.634369,0.670580,-0.676287,0.502230,71449
14,11,10.5,0.000000,0.000000,0.000000,0.000000,0.000000,0.000000,0.000000,0.000000,0.000000,0.000000,-0.638456,0.672473,-0.679763,0.500219,62435
14,11,11,0.000000,0.000000,0.000000,0.000000,0.000000,0.000000,0.000000,0.000000,0.000000,0.000000,-0.632049,0.668933,-0.677655,0.499956,51265
14,11,11.5,0.000000,0.000000,0.000000,0.000000,0.000000,0.000000,0.000000,0.000000,0.000000,0.000000,-0.632713,0.668635,-0.682463,0.495367,45116
14,11,12,0.000000,0.000000,0.000000,0.000000,0.000000,0.000000,0.000000,0.000000,0.000000,0.000000,-0.624388,0.668824,-0.682314,0.497707,39602
14,11,12.5,0.000000,0.000000,0.000000,0.000000,0.000000,0.000000,0.000000,0.000000,0.000000,0.000000,-0.629727,0.665842,-0.689357,0.487273,33054
14,11,13,0.000000,0.000000,0.000000,0.000000,0.000000,0.000000,0.000000,0.000000,0.000000,0.000000,-0.626389,0.665797,-0.685795,0.491159,29694
14,11,13.5,0.000000,0.000000,0.000000,0.000000,0.000000,0.000000,0.000000,0.000000,0.000000,0.000000,-0.624645,0.667687,-0.687677,0.491840,24305
14,11,14,0.000000,0.000000,0.000000,0.000000,0.000000,0.000000,0.000000,0.000000,0.000000,0.000000,-0.624470,0.660483,-0.703453,0.470621,22182
14,11,14.5,0.000000,0.000000,0.000000,0.000000,0.000000,0.000000,0.000000,0.000000,0.000000,0.000000,-0.629381,0.660446,-0.707025,0.466123,18063
14,11,15,0.000000,0.000000,0.000000,0.000000,0.000000,0.000000,0.000000,0.000000,0.000000,0.000000,-0.632127,0.659351,-0.703209,0.467847,15644
14,11,15.5,0.000000,0.000000,0.000000,0.000000,0.000000,0.000000,0.000000,0.000000,0.000000,0.000000,-0.627571,0.658943,-0.711410,0.461033,13663
14,11,16,0.000000,0.000000,0.000000,0.000000,0.000000,0.000000,0.000000,0.000000,0.000000,0.000000,-0.624852,0.654010,-0.713479,0.454860,10973
14,11,16.5,0.000000,0.000000,0.000000,0.000000,0.000000,0.000000,0.000000,0.000000,0.000000,0.000000,-0.629649,0.658028,-0.717328,0.454117,10567
14,11,17,0.000000,0.000000,0.000000,0.000000,0.000000,0.000000,0.000000,0.000000,0.000000,0.000000,-0.624310,0.656786,-0.716927,0.454563,8330
14,11,17.5,0.000000,0.000000,0.000000,0.000000,0.000000,0.000000,0.000000,0.000000,0.000000,0.000000,-0.639092,0.648892,-0.735994,0.425002,7265
14,11,18,0.000000,0.000000,0.000000,0.000000,0.000000,0.000000,0.000000,0.000000,0.000000,0.000000,-0.631696,0.649591,-0.732017,0.431246,6534
14,11,18.5,0.000000,0.000000,0.000000,0.000000,0.000000,0.000000,0.000000,0.000000,0.000000,0.000000,-0.615914,0.647049,-0.726901,0.437594,5379
14,11,19,0.000000,0.000000,0.000000,0.000000,0.000000,0.000000,0.000000,0.000000,0.000000,0.000000,-0.632103,0.646699,-0.745190,0.415385,4470
14,11,19.5,0.000000,0.000000,0.000000,0.000000,0.000000,0.000000,0.000000,0.000000,0.000000,0.000000,-0.671265,0.653269,-0.751434,0.408032,3661
14,11,20,0.000000,0.000000,0.000000,0.000000,0.000000,0.000000,0.000000,0.000000,0.000000,0.000000,-0.635242,0.641015,-0.752056,0.402124,3283
14,11,20.5,0.000000,0.000000,0.000000,0.000000,0.000000,0.000000,0.000000,0.000000,0.000000,0.000000,-0.648880,0.645514,-0.750475,0.405265,2633
14,11,21,0.000000,0.000000,0.000000,0.000000,0.000000,0.000000,0.000000,0.000000,0.000000,0.000000,-0.611253,0.639640,-0.744374,0.414485,2355
14,11,21.5,0.000000,0.000000,0.000000,0.000000,0.000000,0.000000,0.000000,0.000000,0.000000,0.000000,-0.630940,0.633098,-0.769978,0.376896,1852
14,11,22,0.000000,0.000000,0.000000,0.000000,0.000000,0.000000,0.000000,0.000000,0.000000,0.000000,-0.655765,0.642629,-0.770735,0.380344,1483
14,11,22.5,0.000000,0.000000,0.000000,0.000000,0.000000,0.000000,0.000000,0.000000,0.000000,0.000000,-0.603681,0.629746,-0.750563,0.400591,1331
14,11,23,0.000000,0.000000,0.000000,0.000000,0.000000,0.000000,0.000000,0.000000,0.000000,0.000000,-0.618544,0.631163,-0.758679,0.389690,1181
14,11,23.5,0.000000,0.000000,0.000000,0.000000,0.000000,0.000000,0.000000,0.000000,0.000000,0.000000,-0.629051,0.645672,-0.741898,0.418337,864
14,11,24,0.000000,0.000000,0.000000,0.000000,0.000000,0.000000,0.000000,0.000000,0.000000,0.000000,-0.638095,0.639093,-0.780952,0.369705,735
14,11,24.5,0.000000,0.000000,0.000000,0.000000,0.000000,0.000000,0.000000,0.000000,0.000000,0.000000,-0.659656,0.627952,-0.787763,0.346925,523
14,11,25,0.000000,0.000000,0.000000,0.000000,0.000000,0.000000,0.000000,0.000000,0.000000,0.000000,-0.643463,0.636889,-0.777589,0.369888,589
14,11,25.5,0.000000,0.000000,0.000000,0.000000,0.000000,0.000000,0.000000,0.000000,0.000000,0.000000,-0.614286,0.607347,-0.824490,0.295727,490
14,11,26,0.000000,0.000000,0.000000,0.000000,0.000000,0.000000,0.000000,0.000000,0.000000,0.000000,-0.573585,0.638925,-0.747170,0.422869,265
14,11,26.5,0.000000,0.000000,0.000000,0.000000,0.000000,0.000000,0.000000,0.000000,0.000000,0.000000,-0.615385,0.629315,-0.798077,0.347048,312
14,11,27,0.000000,0.000000,0.000000,0.000000,0.000000,0.000000,0.000000,0.000000,0.000000,0.000000,-0.628975,0.632659,-0.802120,0.342469,283
14,11,27.5,0.000000,0.000000,0.000000,0.000000,0.000000,0.000000,0.000000,0.000000,0.000000,0.000000,-0.588710,0.584873,-0.838710,0.264308,186
14,11,28,0.000000,0.000000,0.000000,0.000000,0.000000,0.000000,0.000000,0.000000,0.000000,0.000000,-0.653846,0.649408,-0.730769,0.427515,156
14,11,28.5,0.000000,0.000000,0.000000,0.000000,0.000000,0.000000,0.000000,0.000000,0.000000,0.000000,-0.471545,0.606914,-0.691057,0.489920,123
14,11,29,0.000000,0.000000,0.000000,0.000000,0.000000,0.000000,0.000000,0.000000,0.000000,0.000000,-0.580508,0.643942,-0.779661,0.392129,118
14,11,29.5,0.000000,0.000000,0.000000,0.000000,0.000000,0.000000,0.000000,0.000000,0.000000,0.000000,-0.531250,0.558398,-0.837500,0.261094,80
14,11,30,0.000000,0.000000,0.000000,0.000000,0.000000,0.000000,0.000000,0.000000,0.000000,0.000000,-0.742188,0.671814,-0.781250,0.389648,64
14,11,30.5,0.000000,0.000000,0.000000,0.000000,0.000000,0.000000,0.000000,0.000000,0.000000,0.000000,-0.639535,0.596809,-0.906977,0.177393,43
14,11,31,0.000000,0.000000,0.000000,0.000000,0.000000,0.000000,0.000000,0.000000,0.000000,0.000000,-0.467391,0.656545,-0.652174,0.574669,46
14,11,31.5,0.000000,0.000000,0.000000,0.000000,0.000000,0.000000,0.000000,0.000000,0.000000,0.000000,-0.386364,0.543905,-0.772727,0.402893,44
14,11,32,0.000000,0.000000,0.000000,0.000000,0.000000,0.000000,0.000000,0.000000,0.000000,0.000000,-0.431034,0.564209,-0.655172,0.501784,29
14,11,32.5,0.000000,0.000000,0.000000,0.000000,0.000000,0.000000,0.000000,0.000000,0.000000,0.000000,-0.840909,0.531508,-0.954545,0.043388,22
14,11,33,0.000000,0.000000,0.000000,0.000000,0.000000,0.000000,0.000000,0.000000,0.000000,0.000000,-0.526316,0.722992,-0.578947,0.664820,19
14,11,33.5,0.000000,0.000000,0.000000,0.000000,0.000000,0.000000,0.000000,0.000000,0.000000,0.000000,-1.000000,0.500000,-1.000000,0.000000,15
14,11,34,0.000000,0.000000,0.000000,0.000000,0.000000,0.000000,0.000000,0.000000,0.000000,0.000000,-0.545455,0.520661,-1.000000,0.000000,11
14,11,34.5,0.000000,0.000000,0.000000,0.000000,0.000000,0.000000,0.000000,0.000000,0.000000,0.000000,-0.708333,0.644097,-0.833333,0.305556,12
14,11,35,0.000000,0.000000,0.000000,0.000000,0.000000,0.000000,0.000000,0.000000,0.000000,0.000000,-0.714286,0.846939,-0.428571,0.816327,7
14,11,35.5,0.000000,0.000000,0.000000,0.000000,0.000000,0.000000,0.000000,0.000000,0.000000,0.000000,-0.500000,1.000000,0.000000,1.000000,2
14,11,36,0.000000,0.000000,0.000000,0.000000,0.000000,0.000000,0.000000,0.000000,0.000000,0.000000,-0.625000,0.796875,-0.500000,0.750000,4
14,11,36.5,0.000000,0.000000,0.000000,0.000000,0.000000,0.000000,0.000000,0.000000,0.000000,0.000000,0.000000,0.000000,-1.000000,0.000000,4
14,11,37,0.000000,0.000000,0.000000,0.000000,0.000000,0.000000,0.000000,0.000000,0.000000,0.000000,-1.500000,0.000000,-1.000000,0.000000,2
14,11,37.5,0.000000,0.000000,0.000000,0.000000,0.000000,0.000000,0.000000,0.000000,0.000000,0.000000,0.000000,0.000000,-1.000000,0.000000,1
14,11,38,0.000000,0.000000,0.000000,0.000000,0.000000,0.000000,0.000000,0.000000,0.000000,0.000000,-0.750000,0.562500,-1.000000,0.000000,2
14,11,38.5,0.000000,0.000000,0.000000,0.000000,0.000000,0.000000,0.000000,0.000000,0.000000,0.000000,-0.833333,0.888889,-0.333333,0.888889,3
14,11,39,0.000000,0.000000,0.000000,0.000000,0.000000,0.000000,0.000000,0.000000,0.000000,0.000000,-0.750000,0.562500,-1.000000,0.000000,2
14,11,40,0.000000,0.000000,0.000000,0.000000,0.000000,0.000000,0.000000,0.000000,0.000000,0.000000,0.500000,0.000000,1.000000,0.000000,1
14,11,41,0.000000,0.000000,0.000000,0.000000,0.000000,0.000000,0.000000,0.000000,0.000000,0.000000,-1.500000,0.000000,-1.000000,0.000000,1
14,11,41.5,0.000000,0.000000,0.000000,0.000000,0.000000,0.000000,0.000000,0.000000,0.000000,0.000000,0.000000,0.000000,-1.000000,0.000000,1
15,11,-40.5,0.000000,0.000000,0.000000,0.000000,0.000000,0.000000,0.000000,0.000000,0.000000,0.000000,0.500000,0.000000,1.000000,0.000000,1
15,11,-40,0.000000,0.000000,0.000000,0.000000,0.000000,0.000000,0.000000,0.000000,0.000000,0.000000,0.500000,0.000000,1.000000,0.000000,1
15,11,-39,0.000000,0.000000,0.000000,0.000000,0.000000,0.000000,0.000000,0.000000,0.000000,0.000000,0.500000,0.000000,1.000000,0.000000,2
15,11,-38,0.000000,0.000000,0.000000,0.000000,0.000000,0.000000,0.000000,0.000000,0.000000,0.000000,-1.500000,0.000000,-1.000000,0.000000,1
15,11,-37,0.000000,0.000000,0.000000,0.000000,0.000000,0.000000,0.000000,0.000000,0.000000,0.000000,-1.500000,0.000000,-1.000000,0.000000,1
15,11,-36.5,0.000000,0.000000,0.000000,0.000000,0.000000,0.000000,0.000000,0.000000,0.000000,0.000000,-1.500000,0.000000,-1.000000,0.000000,2
15,11,-36,0.000000,0.000000,0.000000,0.000000,0.000000,0.000000,0.000000,0.000000,0.000000,0.000000,-0.500000,1.000000,0.000000,1.000000,2
15,11,-35,0.000000,0.000000,0.000000,0.000000,0.000000,0.000000,0.000000,0.000000,0.000000,0.000000,-0.500000,0.785714,-0.428571,0.816327,7
15,11,-34.5,0.000000,0.000000,0.000000,0.000000,0.000000,0.000000,0.000000,0.000000,0.000000,0.000000,-0.400000,0.840000,-0.200000,0.960000,5
15,11,-34,0.000000,0.000000,0.000000,0.000000,0.000000,0.000000,0.000000,0.000000,0.000000,0.000000,-0.166667,0.888889,0.333333,0.888889,3
15,11,-33.5,0.000000,0.000000,0.000000,0.000000,0.000000,0.000000,0.000000,0.000000,0.000000,0.000000,-0.500000,0.785714,-0.428571,0.816327,7
15,11,-33,0.000000,0.000000,0.000000,0.000000,0.000000,0.000000,0.000000,0.000000,0.000000,0.000000,-0.852941,0.669550,-0.529412,0.602076,17
15,11,-32.5,0.000000,0.000000,0.000000,0.000000,0.000000,0.000000,0.000000,0.000000,0.000000,0.000000,-0.708333,0.685764,-0.583333,0.576389,12
15,11,-32,0.000000,0.000000,0.000000,0.000000,0.000000,0.000000,0.000000,0.000000,0.000000,0.000000,-0.796296,0.708505,-0.407407,0.685871,27
15,11,-31.5,0.000000,0.000000,0.000000,0.000000,0.000000,0.000000,0.000000,0.000000,0.000000,0.000000,-0.448276,0.695600,-0.206897,0.784780,29
15,11,-31,0.000000,0.000000,0.000000,0.000000,0.000000,0.000000,0.000000,0.000000,0.000000,0.000000,-0.777778,0.728395,-0.444444,0.691358,18
15,11,-30.5,0.000000,0.000000,0.000000,0.000000,0.000000,0.000000,0.000000,0.000000,0.000000,0.000000,-0.569444,0.849344,-0.194444,0.878858,36
15,11,-30,0.000000,0.000000,0.000000,0.000000,0.000000,0.000000,0.000000,0.000000,0.000000,0.000000,-0.866667,0.693333,-0.666667,0.533333,45
15,11,-29.5,0.000000,0.000000,0.000000,0.000000,0.000000,0.000000,0.000000,0.000000,0.000000,0.000000,-0.822034,0.642057,-0.627119,0.505027,59
15,11,-29,0.000000,0.000000,0.000000,0.000000,0.000000,0.000000,0.000000,0.000000,0.000000,0.000000,-0.690000,0.713900,-0.430000,0.685100,100
15,11,-28.5,0.000000,0.000000,0.000000,0.000000,0.000000,0.000000,0.000000,0.000000,0.000000,0.000000,-0.646067,0.793271,-0.314607,0.799899,89
15,11,-28,0.000000,0.000000,0.000000,0.000000,0.000000,0.000000,0.000000,0.000000,0.000000,0.000000,-0.632000,0.748576,-0.408000,0.737536,125
15,11,-27.5,0.000000,0.000000,0.000000,0.000000,0.000000,0.000000,0.000000,0.000000,0.000000,0.000000,-0.619048,0.723923,-0.500000,0.678571,126
15,11,-27,0.000000,0.000000,0.000000,0.000000,0.000000,0.000000,0.000000,0.000000,0.000000,0.000000,-0.687500,0.757668,-0.472222,0.712191,216
15,11,-26.5,0.000000,0.000000,0.000000,0.000000,0.000000,0.000000,0.000000,0.000000,0.000000,0.000000,-0.690391,0.729765,-0.473310,0.683451,281
15,11,-26,0.000000,0.000000,0.000000,0.000000,0.000000,0.000000,0.000000,0.000000,0.000000,0.000000,-0.665049,0.771303,-0.441748,0.741752,206
15,11,-25.5,0.000000,0.000000,0.000000,0.000000,0.000000,0.000000,0.000000,0.000000,0.000000,0.000000,-0.620000,0.746776,-0.423529,0.733564,425
15,11,-25,0.000000,0.000000,0.000000,0.000000,0.000000,0.000000,0.000000,0.000000,0.000000,0.000000,-0.719231,0.754822,-0.455769,0.713428,520
15,11,-24.5,0.000000,0.000000,0.000000,0.000000,0.000000,0.000000,0.000000,0.000000,0.000000,0.000000,-0.628348,0.778728,-0.399554,0.771161,448
15,11,-24,0.000000,0.000000,0.000000,0.000000,0.000000,0.000000,0.000000,0.000000,0.000000,0.000000,-0.689033,0.749259,-0.457431,0.709948,693
15,11,-23.5,0.000000,0.000000,0.000000,0.000000,0.000000,0.000000,0.000000,0.000000,0.000000,0.000000,-0.633291,0.740205,-0.448980,0.714234,784
15,11,-23,0.000000,0.000000,0.000000,0.000000,0.000000,0.000000,0.000000,0.000000,0.000000,0.000000,-0.692015,0.739746,-0.471483,0.694054,1052
15,11,-22.5,0.000000,0.000000,0.000000,0.000000,0.000000,0.000000,0.000000,0.000000,0.000000,0.000000,-0.625428,0.738763,-0.455479,0.712059,1168
15,11,-22,0.000000,0.000000,0.000000,0.000000,0.000000,0.000000,0.000000,0.000000,0.000000,0.000000,-0.617834,0.741688,-0.447452,0.720169,1256
15,11,-21.5,0.000000,0.000000,0.000000,0.000000,0.000000,0.000000,0.000000,0.000000,0.000000,0.000000,-0.660483,0.741471,-0.481154,0.696052,1698
15,11,-21,0.000000,0.000000,0.000000,0.000000,0.000000,0.000000,0.000000,0.000000,0.000000,0.000000,-0.678113,0.716670,-0.506423,0.656085,2024
15,11,-20.5,0.000000,0.000000,0.000000,0.000000,0.000000,0.000000,0.000000,0.000000,0.000000,0.000000,-0.626778,0.752517,-0.454693,0.725802,2461
15,11,-20,0.000000,0.000000,0.000000,0.000000,0.000000,0.000000,0.000000,0.000000,0.000000,0.000000,-0.664541,0.742879,-0.483236,0.695783,2744
15,11,-19.5,0.000000,0.000000,0.000000,0.000000,0.000000,0.000000,0.000000,0.000000,0.000000,0.000000,-0.673077,0.742374,-0.489193,0.691078,3146
15,11,-19,0.000000,0.000000,0.000000,0.000000,0.000000,0.000000,0.000000,0.000000,0.000000,0.000000,-0.652265,0.739802,-0.471689,0.700208,4062
15,11,-18.5,0.000000,0.000000,0.000000,0.000000,0.000000,0.000000,0.000000,0.000000,0.000000,0.000000,-0.646911,0.737675,-0.491674,0.689896,4564
15,11,-18,0.000000,0.000000,0.000000,0.000000,0.000000,0.000000,0.000000,0.000000,0.000000,0.000000,-0.671170,0.736225,-0.499463,0.680207,5588
15,11,-17.5,0.000000,0.000000,0.000000,0.000000,0.000000,0.000000,0.000000,0.000000,0.000000,0.000000,-0.671508,0.739151,-0.492439,0.686535,6679
15,11,-17,0.000000,0.000000,0.000000,0.000000,0.000000,0.000000,0.000000,0.000000,0.000000,0.000000,-0.664704,0.731770,-0.513915,0.669394,7474
15,11,-16.5,0.000000,0.000000,0.000000,0.000000,0.000000,0.000000,0.000000,0.000000,0.000000,0.000000,-0.669500,0.730481,-0.498416,0.675251,9472
15,11,-16,0.000000,0.000000,0.000000,0.000000,0.000000,0.000000,0.000000,0.000000,0.000000,0.000000,-0.648434,0.740418,-0.491479,0.692422,9799
15,11,-15.5,0.000000,0.000000,0.000000,0.000000,0.000000,0.000000,0.000000,0.000000,0.000000,0.000000,-0.665368,0.731229,-0.508917,0.671354,12448
15,11,-15,0.000000,0.000000,0.000000,0.000000,0.000000,0.000000,0.000000,0.000000,0.000000,0.000000,-0.663201,0.726768,-0.520171,0.661309,14476
15,11,-14.5,0.000000,0.000000,0.000000,0.000000,0.000000,0.000000,0.000000,0.000000,0.000000,0.000000,-0.667993,0.725311,-0.524806,0.656518,16206
15,11,-14,0.000000,0.000000,0.000000,0.000000,0.000000,0.000000,0.000000,0.000000,0.000000,0.000000,-0.662650,0.728362,-0.520649,0.662741,20292
15,11,-13.5,0.000000,0.000000,0.000000,0.000000,0.000000,0.000000,0.000000,0.000000,0.000000,0.000000,-0.671871,0.724489,-0.530178,0.652093,21970
15,11,-13,0.000000,0.000000,0.000000,0.000000,0.000000,0.000000,0.000000,0.000000,0.000000,0.000000,-0.665713,0.726722,-0.530450,0.655174,27077
15,11,-12.5,0.000000,0.000000,0.000000,0.000000,0.000000,0.000000,0.000000,0.000000,0.000000,0.000000,-0.674757,0.722785,-0.544089,0.641958,30302
15,11,-12,0.000000,0.000000,0.000000,0.000000,0.000000,0.000000,0.000000,0.000000,0.000000,0.000000,-0.678302,0.717930,-0.553959,0.630680,35981
15,11,-11.5,0.000000,0.000000,0.000000,0.000000,0.000000,0.000000,0.000000,0.000000,0.000000,0.000000,-0.667834,0.720529,-0.548644,0.638092,41249
15,11,-11,0.000000,0.000000,0.000000,0.000000,0.000000,0.000000,0.000000,0.000000,0.000000,0.000000,-0.674924,0.718256,-0.553359,0.631866,47152
15,11,-10.5,0.000000,0.000000,0.000000,0.000000,0.000000,0.000000,0.000000,0.000000,0.000000,0.000000,-0.670256,0.715962,-0.556017,0.628675,57117
15,11,-10,0.000000,0.000000,0.000000,0.000000,0.000000,0.000000,0.000000,0.000000,0.000000,0.000000,-0.669372,0.716253,-0.558259,0.627730,64866
15,11,-9.5,0.000000,0.000000,0.000000,0.000000,0.000000,0.000000,0.000000,0.000000,0.000000,0.000000,-0.669828,0.714620,-0.565170,0.621716,71805
15,11,-9,0.000000,0.000000,0.000000,0.000000,0.000000,0.000000,0.000000,0.000000,0.000000,0.000000,-0.660669,0.715263,-0.561273,0.626353,87086
15,11,-8.5,0.000000,0.000000,0.000000,0.000000,0.000000,0.000000,0.000000,0.000000,0.000000,0.000000,-0.674183,0.710726,-0.575051,0.610817,97214
15,11,-8,0.000000,0.000000,0.000000,0.000000,0.000000,0.000000,0.000000,0.000000,0.000000,0.000000,-0.670710,0.712071,-0.571511,0.614988,114255
15,11,-7.5,0.000000,0.000000,0.000000,0.000000,0.000000,0.000000,0.000000,0.000000,0.000000,0.000000,-0.669503,0.710477,-0.576812,0.610151,131561
15,11,-7,0.000000,0.000000,0.000000,0.000000,0.000000,0.000000,0.000000,0.000000,0.000000,0.000000,-0.667903,0.708482,-0.580547,0.605961,153550
15,11,-6.5,0.000000,0.000000,0.000000,0.000000,0.000000,0.000000,0.000000,0.000000,0.000000,0.000000,-0.670554,0.707622,-0.584002,0.602376,177864
15,11,-6,0.000000,0.000000,0.000000,0.000000,0.000000,0.000000,0.000000,0.000000,0.000000,0.000000,-0.671428,0.707750,-0.587906,0.599744,203485
15,11,-5.5,0.000000,0.000000,0.000000,0.000000,0.000000,0.000000,0.000000,0.000000,0.000000,0.000000,-0.669404,0.705330,-0.591723,0.595051,240398
15,11,-5,0.000000,0.000000,0.000000,0.000000,0.000000,0.000000,0.000000,0.000000,0.000000,0.000000,-0.670055,0.703635,-0.595965,0.590335,276263
15,11,-4.5,0.000000,0.000000,0.000000,0.000000,0.000000,0.000000,0.000000,0.000000,0.000000,0.000000,-0.669331,0.703760,-0.596914,0.589918,320517
15,11,-4,0.000000,0.000000,0.000000,0.000000,0.000000,0.000000,0.000000,0.000000,0.000000,0.000000,-0.670576,0.701756,-0.602192,0.584025,378142
15,11,-3.5,0.000000,0.000000,0.000000,0.000000,0.000000,0.000000,0.000000,0.000000,0.000000,0.000000,-0.670393,0.700228,-0.606323,0.579599,435824
15,11,-3,0.000000,0.000000,0.000000,0.000000,0.000000,0.000000,0.000000,0.000000,0.000000,0.000000,-0.668954,0.698857,-0.609408,0.576251,514627
15,11,-2.5,0.000000,0.000000,0.000000,0.000000,0.000000,0.000000,0.000000,0.000000,0.000000,0.000000,-0.668823,0.697692,-0.613247,0.572334,603768
15,11,-2,0.000000,0.000000,0.000000,0.000000,0.000000,0.000000,0.000000,0.000000,0.000000,0.000000,-0.667942,0.696876,-0.615712,0.569865,704688
15,11,-1.5,0.000000,0.000000,0.000000,0.000000,0.000000,0.000000,0.000000,0.000000,0.000000,0.000000,-0.668561,0.695390,-0.621216,0.564221,840437
15,11,-1,0.000000,0.000000,0.000000,0.000000,0.000000,0.000000,0.000000,0.000000,0.000000,0.000000,-0.668360,0.694082,-0.623881,0.560960,975458
15,11,-0.5,0.000000,0.000000,0.000000,0.000000,0.000000,0.000000,0.000000,0.000000,0.000000,0.000000,-0.667162,0.693663,-0.625651,0.559412,1145024
15,11,-0,0.000000,0.000000,0.000000,0.000000,0.000000,0.000000,0.000000,0.000000,0.000000,0.000000,-0.672065,0.690645,-0.634627,0.548781,1592470
15,11,0.5,0.000000,0.000000,0.000000,0.000000,0.000000,0.000000,0.000000,0.000000,0.000000,0.000000,-0.655122,0.693165,-0.621832,0.563907,1201604
15,11,1,0.000000,0.000000,0.000000,0.000000,0.000000,0.000000,0.000000,0.000000,0.000000,0.000000,-0.661484,0.690802,-0.631244,0.553290,986393
15,11,1.5,0.000000,0.000000,0.000000,0.000000,0.000000,0.000000,0.000000,0.000000,0.000000,0.000000,-0.661099,0.689713,-0.634581,0.549714,862152
15,11,2,0.000000,0.000000,0.000000,0.000000,0.000000,0.000000,0.000000,0.000000,0.000000,0.000000,-0.662073,0.688528,-0.638819,0.545078,719493
15,11,2.5,0.000000,0.000000,0.000000,0.000000,0.000000,0.000000,0.000000,0.000000,0.000000,0.000000,-0.661616,0.686885,-0.642083,0.540968,614028
15,11,3,0.000000,0.000000,0.000000,0.000000,0.000000,0.000000,0.000000,0.000000,0.000000,0.000000,-0.659547,0.686042,-0.644741,0.538403,523337
15,11,3.5,0.000000,0.000000,0.000000,0.000000,0.000000,0.000000,0.000000,0.000000,0.000000,0.000000,-0.660098,0.684642,-0.648574,0.533863,443954
15,11,4,0.000000,0.000000,0.000000,0.000000,0.000000,0.000000,0.000000,0.000000,0.000000,0.000000,-0.660816,0.683814,-0.651912,0.530235,384713
15,11,4.5,0.000000,0.000000,0.000000,0.000000,0.000000,0.000000,0.000000,0.000000,0.000000,0.000000,-0.659346,0.681559,-0.655744,0.525149,327309
15,11,5,0.000000,0.000000,0.000000,0.000000,0.000000,0.000000,0.000000,0.000000,0.000000,0.000000,-0.663179,0.681355,-0.658350,0.522144,281712
15,11,5.5,0.000000,0.000000,0.000000,0.000000,0.000000,0.000000,0.000000,0.000000,0.000000,0.000000,-0.660260,0.679485,-0.662078,0.517730,245545
15,11,6,0.000000,0.000000,0.000000,0.000000,0.000000,0.000000,0.000000,0.000000,0.000000,0.000000,-0.660335,0.677885,-0.667700,0.511452,207138
15,11,6.5,0.000000,0.000000,0.000000,0.000000,0.000000,0.000000,0.000000,0.000000,0.000000,0.000000,-0.661627,0.677150,-0.670805,0.507883,181643
15,11,7,0.000000,0.000000,0.000000,0.000000,0.000000,0.000000,0.000000,0.000000,0.000000,0.000000,-0.660741,0.676911,-0.671516,0.507202,155816
15,11,7.5,0.000000,0.000000,0.000000,0.000000,0.000000,0.000000,0.000000,0.000000,0.000000,0.000000,-0.660231,0.672975,-0.679881,0.496235,133916
15,11,8,0.000000,0.000000,0.000000,0.000000,0.000000,0.000000,0.000000,0.000000,0.000000,0.000000,-0.659015,0.673084,-0.681107,0.495509,117014
15,11,8.5,0.000000,0.000000,0.000000,0.000000,0.000000,0.000000,0.000000,0.000000,0.000000,0.000000,-0.659118,0.670175,-0.685057,0.489161,98732
15,11,9,0.000000,0.000000,0.000000,0.000000,0.000000,0.000000,0.000000,0.000000,0.000000,0.000000,-0.658209,0.670534,-0.690080,0.485289,88623
15,11,9.5,0.000000,0.000000,0.000000,0.000000,0.000000,0.000000,0.000000,0.000000,0.000000,0.000000,-0.652766,0.669374,-0.688755,0.486323,73675
15,11,10,0.000000,0.000000,0.000000,0.000000,0.000000,0.000000,0.000000,0.000000,0.000000,0.000000,-0.655320,0.666170,-0.697215,0.475133,65819
15,11,10.5,0.000000,0.000000,0.000000,0.000000,0.000000,0.000000,0.000000,0.000000,0.000000,0.000000,-0.655530,0.667485,-0.695217,0.478192,57664
15,11,11,0.000000,0.000000,0.000000,0.000000,0.000000,0.000000,0.000000,0.000000,0.000000,0.000000,-0.660538,0.664254,-0.708231,0.462282,47942
15,11,11.5,0.000000,0.000000,0.000000,0.000000,0.000000,0.000000,0.000000,0.000000,0.000000,0.000000,-0.650477,0.662416,-0.707009,0.463464,42073
15,11,12,0.000000,0.000000,0.000000,0.000000,0.000000,0.000000,0.000000,0.000000,0.000000,0.000000,-0.657221,0.663862,-0.708415,0.462326,36401
15,11,12.5,0.000000,0.000000,0.000000,0.000000,0.000000,0.000000,0.000000,0.000000,0.000000,0.000000,-0.656387,0.663566,-0.708858,0.461778,31112
15,11,13,0.000000,0.000000,0.000000,0.000000,0.000000,0.000000,0.000000,0.000000,0.000000,0.000000,-0.652870,0.662134,-0.711665,0.458434,27579
15,11,13.5,0.000000,0.000000,0.000000,0.000000,0.000000,0.000000,0.000000,0.000000,0.000000,0.000000,-0.647880,0.659728,-0.715643,0.453332,22623
15,11,14,0.000000,0.000000,0.000000,0.000000,0.000000,0.000000,0.000000,0.000000,0.000000,0.000000,-0.657883,0.657440,-0.727058,0.438341,20759
15,11,14.5,0.000000,0.000000,0.000000,0.000000,0.000000,0.000000,0.000000,0.000000,0.000000,0.000000,-0.659533,0.657482,-0.722226,0.442669,16517
15,11,15,0.000000,0.000000,0.000000,0.000000,0.000000,0.000000,0.000000,0.000000,0.000000,0.000000,-0.659317,0.651273,-0.741297,0.418124,14650
15,11,15.5,0.000000,0.000000,0.000000,0.000000,0.000000,0.000000,0.000000,0.000000,0.000000,0.000000,-0.648441,0.657642,-0.727981,0.439490,12830
15,11,16,0.000000,0.000000,0.000000,0.000000,0.000000,0.000000,0.000000,0.000000,0.000000,0.000000,-0.649907,0.656724,-0.728076,0.438186,10183
15,11,16.5,0.000000,0.000000,0.000000,0.000000,0.000000,0.000000,0.000000,0.000000,0.000000,0.000000,-0.653714,0.651707,-0.740954,0.419943,9921
15,11,17,0.000000,0.000000,0.000000,0.000000,0.000000,0.000000,0.000000,0.000000,0.000000,0.000000,-0.636127,0.651758,-0.735424,0.429089,7684
15,11,17.5,0.000000,0.000000,0.000000,0.000000,0.000000,0.000000,0.000000,0.000000,0.000000,0.000000,-0.655845,0.653795,-0.744359,0.418270,6869
15,11,18,0.000000,0.000000,0.000000,0.000000,0.000000,0.000000,0.000000,0.000000,0.000000,0.000000,-0.657507,0.644092,-0.754692,0.397934,5968
15,11,18.5,0.000000,0.000000,0.000000,0.000000,0.000000,0.000000,0.000000,0.000000,0.000000,0.000000,-0.648276,0.641706,-0.755578,0.396445,4930
15,11,19,0.000000,0.000000,0.000000,0.000000,0.000000,0.000000,0.000000,0.000000,0.000000,0.000000,-0.629196,0.646916,-0.747887,0.413618,4141
15,11,19.5,0.000000,0.000000,0.000000,0.000000,0.000000,0.000000,0.000000,0.000000,0.000000,0.000000,-0.666865,0.638798,-0.771063,0.374203,3359
15,11,20,0.000000,0.000000,0.000000,0.000000,0.000000,0.000000,0.000000,0.000000,0.000000,0.000000,-0.654369,0.637680,-0.775587,0.370584,2941
15,11,20.5,0.000000,0.000000,0.000000,0.000000,0.000000,0.000000,0.000000,0.000000,0.000000,0.000000,-0.660616,0.636989,-0.775059,0.369291,2534
15,11,21,0.000000,0.000000,0.000000,0.000000,0.000000,0.000000,0.000000,0.000000,0.000000,0.000000,-0.613190,0.632784,-0.758101,0.393334,2191
15,11,21.5,0.000000,0.000000,0.000000,0.000000,0.000000,0.000000,0.000000,0.000000,0.000000,0.000000,-0.635371,0.630965,-0.778930,0.364338,1832
15,11,22,0.000000,0.000000,0.000000,0.000000,0.000000,0.000000,0.000000,0.000000,0.000000,0.000000,-0.636295,0.643321,-0.741717,0.414465,1328
15,11,22.5,0.000000,0.000000,0.000000,0.000000,0.000000,0.000000,0.000000,0.000000,0.000000,0.000000,-0.621511,0.632608,-0.788998,0.358598,1218
15,11,23,0.000000,0.000000,0.000000,0.000000,0.000000,0.000000,0.000000,0.000000,0.000000,0.000000,-0.591949,0.624437,-0.760293,0.389018,1093
15,11,23.5,0.000000,0.000000,0.000000,0.000000,0.000000,0.000000,0.000000,0.000000,0.000000,0.000000,-0.602029,0.624733,-0.791169,0.353765,838
15,11,24,0.000000,0.000000,0.000000,0.000000,0.000000,0.000000,0.000000,0.000000,0.000000,0.000000,-0.587450,0.620190,-0.778371,0.367436,749
15,11,24.5,0.000000,0.000000,0.000000,0.000000,0.000000,0.000000,0.000000,0.000000,0.000000,0.000000,-0.608696,0.629490,-0.776398,0.372362,483
15,11,25,0.000000,0.000000,0.000000,0.000000,0.000000,0.000000,0.000000,0.000000,0.000000,0.000000,-0.607394,0.641635,-0.762324,0.399496,568
15,11,25.5,0.000000,0.000000,0.000000,0.000000,0.000000,0.000000,0.000000,0.000000,0.000000,0.000000,-0.637136,0.617723,-0.825243,0.299557,412
15,11,26,0.000000,0.000000,0.000000,0.000000,0.000000,0.000000,0.000000,0.000000,0.000000,0.000000,-0.612903,0.631262,-0.769585,0.380089,217
15,11,26.5,0.000000,0.000000,0.000000,0.000000,0.000000,0.000000,0.000000,0.000000,0.000000,0.000000,-0.694888,0.634543,-0.817891,0.315079,313
15,11,27,0.000000,0.000000,0.000000,0.000000,0.000000,0.000000,0.000000,0.000000,0.000000,0.000000,-0.675627,0.599979,-0.842294,0.254699,279
15,11,27.5,0.000000,0.000000,0.000000,0.000000,0.000000,0.000000,0.000000,0.000000,0.000000,0.000000,-0.664516,0.613257,-0.832258,0.281540,155
15,11,28,0.000000,0.000000,0.000000,0.000000,0.000000,0.000000,0.000000,0.000000,0.000000,0.000000,-0.675439,0.632964,-0.824561,0.308403,171
15,11,28.5,0.000000,0.000000,0.000000,0.000000,0.000000,0.000000,0.000000,0.000000,0.000000,0.000000,-0.634259,0.609289,-0.787037,0.334276,108
15,11,29,0.000000,0.000000,0.000000,0.000000,0.000000,0.000000,0.000000,0.000000,0.000000,0.000000,-0.576190,0.665624,-0.733333,0.462222,105
15,11,29.5,0.000000,0.000000,0.000000,0.000000,0.000000,0.000000,0.000000,0.000000,0.000000,0.000000,-0.572464,0.567213,-0.898551,0.178114,69
15,11,30,0.000000,0.000000,0.000000,0.000000,0.000000,0.000000,0.000000,0.000000,0.000000,0.000000,-0.414634,0.645152,-0.609756,0.628198,41
15,11,30.5,0.000000,0.000000,0.000000,0.000000,0.000000,0.000000,0.000000,0.000000,0.000000,0.000000,-0.550000,0.562500,-0.920000,0.153600,50
15,11,31,0.000000,0.000000,0.000000,0.000000,0.000000,0.000000,0.000000,0.000000,0.000000,0.000000,-0.787879,0.621671,-0.878788,0.227732,33
15,11,31.5,0.000000,0.000000,0.000000,0.000000,0.000000,0.000000,0.000000,0.000000,0.000000,0.000000,-0.548387,0.586368,-0.870968,0.241415,31
15,11,32,0.000000,0.000000,0.000000,0.000000,0.000000,0.000000,0.000000,0.000000,0.000000,0.000000,-0.812500,0.600260,-0.750000,0.354167,24
15,11,32.5,0.000000,0.000000,0.000000,0.000000,0.000000,0.000000,0.000000,0.000000,0.000000,0.000000,-1.076923,0.417160,-0.923077,0.071006,13
15,11,33,0.000000,0.000000,0.000000,0.000000,0.000000,0.000000,0.000000,0.000000,0.000000,0.000000,-0.800000,0.593333,-0.800000,0.293333,15
15,11,33.5,0.000000,0.000000,0.000000,0.000000,0.000000,0.000000,0.000000,0.000000,0.000000,0.000000,-0.428571,0.459184,-1.000000,0.000000,7
15,11,34,0.000000,0.000000,0.000000,0.000000,0.000000,0.000000,0.000000,0.000000,0.000000,0.000000,-0.821429,0.628827,-0.857143,0.265306,14
15,11,34.5,0.000000,0.000000,0.000000,0.000000,0.000000,0.000000,0.000000,0.000000,0.000000,0.000000,-0.750000,0.562500,-1.000000,0.000000,8
15,11,35,0.000000,0.000000,0.000000,0.000000,0.000000,0.000000,0.000000,0.000000,0.000000,0.000000,-0.642857,0.551020,-1.000000,0.000000,7
15,11,35.5,0.000000,0.000000,0.000000,0.000000,0.000000,0.000000,0.000000,0.000000,0.000000,0.000000,-0.600000,0.540000,-1.000000,0.000000,5
15,11,36,0.000000,0.000000,0.000000,0.000000,0.000000,0.000000,0.000000,0.000000,0.000000,0.000000,-1.166667,0.222222,-0.666667,0.222222,3
15,11,36.5,0.000000,0.000000,0.000000,0.000000,0.000000,0.000000,0.000000,0.000000,0.000000,0.000000,-0.375000,0.421875,-1.000000,0.000000,4
15,11,37.5,0.000000,0.000000,0.000000,0.000000,0.000000,0.000000,0.000000,0.000000,0.000000,0.000000,0.000000,0.000000,-1.000000,0.000000,1
15,11,38,0.000000,0.000000,0.000000,0.000000,0.000000,0.000000,0.000000,0.000000,0.000000,0.000000,0.000000,0.000000,-1.000000,0.000000,1
15,11,38.5,0.000000,0.000000,0.000000,0.000000,0.000000,0.000000,0.000000,0.000000,0.000000,0.000000,-1.500000,0.000000,-1.000000,0.000000,1
15,11,39,0.000000,0.000000,0.000000,0.000000,0.000000,0.000000,0.000000,0.000000,0.000000,0.000000,-1.500000,0.000000,-1.000000,0.000000,1
15,11,47,0.000000,0.000000,0.000000,0.000000,0.000000,0.000000,0.000000,0.000000,0.000000,0.000000,0.000000,0.000000,-1.000000,0.000000,1
16,11,-41.5,0.000000,0.000000,0.000000,0.000000,0.000000,0.000000,0.000000,0.000000,0.000000,0.000000,-1.500000,0.000000,-1.000000,0.000000,1
16,11,-40.5,0.000000,0.000000,0.000000,0.000000,0.000000,0.000000,0.000000,0.000000,0.000000,0.000000,-0.500000,1.000000,0.000000,1.000000,2
16,11,-39,0.000000,0.000000,0.000000,0.000000,0.000000,0.000000,0.000000,0.000000,0.000000,0.000000,-1.500000,0.000000,-1.000000,0.000000,2
16,11,-38,0.000000,0.000000,0.000000,0.000000,0.000000,0.000000,0.000000,0.000000,0.000000,0.000000,-0.571429,0.744898,-0.285714,0.775510,7
16,11,-37,0.000000,0.000000,0.000000,0.000000,0.000000,0.000000,0.000000,0.000000,0.000000,0.000000,-0.500000,0.375000,-0.750000,0.187500,4
16,11,-36.5,0.000000,0.000000,0.000000,0.000000,0.000000,0.000000,0.000000,0.000000,0.000000,0.000000,-0.300000,0.960000,0.200000,0.960000,5
16,11,-35.5,0.000000,0.000000,0.000000,0.000000,0.000000,0.000000,0.000000,0.000000,0.000000,0.000000,-0.125000,0.671875,0.000000,1.000000,4
16,11,-35,0.000000,0.000000,0.000000,0.000000,0.000000,0.000000,0.000000,0.000000,0.000000,0.000000,-0.375000,0.421875,-1.000000,0.000000,4
16,11,-34.5,0.000000,0.000000,0.000000,0.000000,0.000000,0.000000,0.000000,0.000000,0.000000,0.000000,-0.562500,0.652344,-0.250000,0.687500,8
16,11,-34,0.000000,0.000000,0.000000,0.000000,0.000000,0.000000,0.000000,0.000000,0.000000,0.000000,-0.857143,0.622449,-0.571429,0.530612,7
16,11,-33.5,0.000000,0.000000,0.000000,0.000000,0.000000,0.000000,0.000000,0.000000,0.000000,0.000000,-0.545455,0.793388,-0.454545,0.793388,11
16,11,-33,0.000000,0.000000,0.000000,0.000000,0.000000,0.000000,0.000000,0.000000,0.000000,0.000000,-0.472222,0.874228,-0.222222,0.950617,18
16,11,-32.5,0.000000,0.000000,0.000000,0.000000,0.000000,0.000000,0.000000,0.000000,0.000000,0.000000,-0.529412,0.896194,-0.117647,0.927336,17
16,11,-32,0.000000,0.000000,0.000000,0.000000,0.000000,0.000000,0.000000,0.000000,0.000000,0.000000,-0.815789,0.716066,-0.473684,0.670360,19
16,11,-31.5,0.000000,0.000000,0.000000,0.000000,0.000000,0.000000,0.000000,0.000000,0.000000,0.000000,-0.765625,0.765381,-0.406250,0.741211,32
16,11,-31,0.000000,0.000000,0.000000,0.000000,0.000000,0.000000,0.000000,0.000000,0.000000,0.000000,-0.858974,0.704471,-0.589744,0.600920,39
16,11,-30.5,0.000000,0.000000,0.000000,0.000000,0.000000,0.000000,0.000000,0.000000,0.000000,0.000000,-0.634615,0.799186,-0.423077,0.782544,52
16,11,-30,0.000000,0.000000,0.000000,0.000000,0.000000,0.000000,0.000000,0.000000,0.000000,0.000000,-0.617647,0.741061,-0.294118,0.756632,51
16,11,-29.5,0.000000,0.000000,0.000000,0.000000,0.000000,0.000000,0.000000,0.000000,0.000000,0.000000,-0.727848,0.745554,-0.455696,0.703733,79
16,11,-29,0.000000,0.000000,0.000000,0.000000,0.000000,0.000000,0.000000,0.000000,0.000000,0.000000,-0.827586,0.711653,-0.482759,0.663496,87
16,11,-28.5,0.000000,0.000000,0.000000,0.000000,0.000000,0.000000,0.000000,0.000000,0.000000,0.000000,-0.678218,0.785070,-0.386139,0.771689,101
16,11,-28,0.000000,0.000000,0.000000,0.000000,0.000000,0.000000,0.000000,0.000000,0.000000,0.000000,-0.661972,0.780103,-0.352113,0.777425,142
16,11,-27.5,0.000000,0.000000,0.000000,0.000000,0.000000,0.000000,0.000000,0.000000,0.000000,0.000000,-0.705882,0.759083,-0.426471,0.729888,136
16,11,-27,0.000000,0.000000,0.000000,0.000000,0.000000,0.000000,0.000000,0.000000,0.000000,0.000000,-0.722689,0.767636,-0.436975,0.733423,238
16,11,-26.5,0.000000,0.000000,0.000000,0.000000,0.000000,0.000000,0.000000,0.000000,0.000000,0.000000,-0.669118,0.753017,-0.394118,0.738789,340
16,11,-26,0.000000,0.000000,0.000000,0.000000,0.000000,0.000000,0.000000,0.000000,0.000000,0.000000,-0.602273,0.731586,-0.436364,0.718678,220
16,11,-25.5,0.000000,0.000000,0.000000,0.000000,0.000000,0.000000,0.000000,0.000000,0.000000,0.000000,-0.692211,0.721221,-0.459799,0.680545,398
16,11,-25,0.000000,0.000000,0.000000,0.000000,0.000000,0.000000,0.000000,0.000000,0.000000,0.000000,-0.709574,0.739589,-0.455319,0.699067,470
16,11,-24.5,0.000000,0.000000,0.000000,0.000000,0.000000,0.000000,0.000000,0.000000,0.000000,0.000000,-0.709110,0.731635,-0.463768,0.687611,483
16,11,-24,0.000000,0.000000,0.000000,0.000000,0.000000,0.000000,0.000000,0.000000,0.000000,0.000000,-0.708752,0.739421,-0.490674,0.683199,697
16,11,-23.5,0.000000,0.000000,0.000000,0.000000,0.000000,0.000000,0.000000,0.000000,0.000000,0.000000,-0.752000,0.753829,-0.492000,0.695269,750
16,11,-23,0.000000,0.000000,0.000000,0.000000,0.000000,0.000000,0.000000,0.000000,0.000000,0.000000,-0.710448,0.739543,-0.477612,0.689300,1005
16,11,-22.5,0.000000,0.000000,0.000000,0.000000,0.000000,0.000000,0.000000,0.000000,0.000000,0.000000,-0.720649,0.732746,-0.482931,0.679351,1201
16,11,-22,0.000000,0.000000,0.000000,0.000000,0.000000,0.000000,0.000000,0.000000,0.000000,0.000000,-0.692189,0.757147,-0.464811,0.714346,1293
16,11,-21.5,0.000000,0.000000,0.000000,0.000000,0.000000,0.000000,0.000000,0.000000,0.000000,0.000000,-0.684882,0.736462,-0.477231,0.689069,1647
16,11,-21,0.000000,0.000000,0.000000,0.000000,0.000000,0.000000,0.000000,0.000000,0.000000,0.000000,-0.718080,0.735945,-0.500975,0.673976,2052
16,11,-20.5,0.000000,0.000000,0.000000,0.000000,0.000000,0.000000,0.000000,0.000000,0.000000,0.000000,-0.682365,0.743897,-0.480561,0.695314,2495
16,11,-20,0.000000,0.000000,0.000000,0.000000,0.000000,0.000000,0.000000,0.000000,0.000000,0.000000,-0.719064,0.740226,-0.501906,0.677726,2885
16,11,-19.5,0.000000,0.000000,0.000000,0.000000,0.000000,0.000000,0.000000,0.000000,0.000000,0.000000,-0.700310,0.736000,-0.488682,0.681500,3225
16,11,-19,0.000000,0.000000,0.000000,0.000000,0.000000,0.000000,0.000000,0.000000,0.000000,0.000000,-0.712043,0.734471,-0.497179,0.674814,4077
16,11,-18.5,0.000000,0.000000,0.000000,0.000000,0.000000,0.000000,0.000000,0.000000,0.000000,0.000000,-0.690564,0.746724,-0.490175,0.692572,4631
16,11,-18,0.000000,0.000000,0.000000,0.000000,0.000000,0.000000,0.000000,0.000000,0.000000,0.000000,-0.700541,0.731198,-0.506978,0.667607,5732
16,11,-17.5,0.000000,0.000000,0.000000,0.000000,0.000000,0.000000,0.000000,0.000000,0.000000,0.000000,-0.702105,0.726997,-0.514111,0.659537,6697
16,11,-17,0.000000,0.000000,0.000000,0.000000,0.000000,0.000000,0.000000,0.000000,0.000000,0.000000,-0.715477,0.721882,-0.526484,0.646630,7495
16,11,-16.5,0.000000,0.000000,0.000000,0.000000,0.000000,0.000000,0.000000,0.000000,0.000000,0.000000,-0.704158,0.727884,-0.529203,0.652031,9571
16,11,-16,0.000000,0.000000,0.000000,0.000000,0.000000,0.000000,0.000000,0.000000,0.000000,0.000000,-0.701737,0.731890,-0.527457,0.657237,9961
16,11,-15.5,0.000000,0.000000,0.000000,0.000000,0.000000,0.000000,0.000000,0.000000,0.000000,0.000000,-0.696976,0.735182,-0.516681,0.666875,12499
16,11,-15,0.000000,0.000000,0.000000,0.000000,0.000000,0.000000,0.000000,0.000000,0.000000,0.000000,-0.688323,0.730167,-0.515145,0.663669,14361
16,11,-14.5,0.000000,0.000000,0.000000,0.000000,0.000000,0.000000,0.000000,0.000000,0.000000,0.000000,-0.701088,0.724477,-0.534524,0.645915,16177
16,11,-14,0.000000,0.000000,0.000000,0.000000,0.000000,0.000000,0.000000,0.000000,0.000000,0.000000,-0.696335,0.726946,-0.535167,0.648506,20218
16,11,-13.5,0.000000,0.000000,0.000000,0.000000,0.000000,0.000000,0.000000,0.000000,0.000000,0.000000,-0.697662,0.724003,-0.531675,0.647402,22068
16,11,-13,0.000000,0.000000,0.000000,0.000000,0.000000,0.000000,0.000000,0.000000,0.000000,0.000000,-0.692163,0.727154,-0.531972,0.650991,27024
16,11,-12.5,0.000000,0.000000,0.000000,0.000000,0.000000,0.000000,0.000000,0.000000,0.000000,0.000000,-0.695167,0.720645,-0.540251,0.639406,30310
16,11,-12,0.000000,0.000000,0.000000,0.000000,0.000000,0.000000,0.000000,0.000000,0.000000,0.000000,-0.692602,0.721018,-0.547285,0.635934,35402
16,11,-11.5,0.000000,0.000000,0.000000,0.000000,0.000000,0.000000,0.000000,0.000000,0.000000,0.000000,-0.690646,0.718434,-0.546479,0.634057,41008
16,11,-11,0.000000,0.000000,0.000000,0.000000,0.000000,0.000000,0.000000,0.000000,0.000000,0.000000,-0.696791,0.714711,-0.556267,0.623742,46839
16,11,-10.5,0.000000,0.000000,0.000000,0.000000,0.000000,0.000000,0.000000,0.000000,0.000000,0.000000,-0.695501,0.716979,-0.553321,0.627945,56882
16,11,-10,0.000000,0.000000,0.000000,0.000000,0.000000,0.000000,0.000000,0.000000,0.000000,0.000000,-0.693451,0.716493,-0.557575,0.625088,65306
16,11,-9.5,0.000000,0.000000,0.000000,0.000000,0.000000,0.000000,0.000000,0.000000,0.000000,0.000000,-0.692682,0.713220,-0.565928,0.616695,71426
16,11,-9,0.000000,0.000000,0.000000,0.000000,0.000000,0.000000,0.000000,0.000000,0.000000,0.000000,-0.690319,0.714850,-0.562409,0.620813,86334
16,11,-8.5,0.000000,0.000000,0.000000,0.000000,0.000000,0.000000,0.000000,0.000000,0.000000,0.000000,-0.684310,0.715269,-0.562262,0.622076,96544
16,11,-8,0.000000,0.000000,0.000000,0.000000,0.000000,0.000000,0.000000,0.000000,0.000000,0.000000,-0.693058,0.710321,-0.571646,0.610108,114445
16,11,-7.5,0.000000,0.000000,0.000000,0.000000,0.000000,0.000000,0.000000,0.000000,0.000000,0.000000,-0.688693,0.710598,-0.571138,0.611227,130564
16,11,-7,0.000000,0.000000,0.000000,0.000000,0.000000,0.000000,0.000000,0.000000,0.000000,0.000000,-0.690208,0.711065,-0.574456,0.609369,153319
16,11,-6.5,0.000000,0.000000,0.000000,0.000000,0.000000,0.000000,0.000000,0.000000,0.000000,0.000000,-0.686747,0.710120,-0.575932,0.607889,176750
16,11,-6,0.000000,0.000000,0.000000,0.000000,0.000000,0.000000,0.000000,0.000000,0.000000,0.000000,-0.688607,0.707908,-0.580508,0.602442,202333
16,11,-5.5,0.000000,0.000000,0.000000,0.000000,0.000000,0.000000,0.000000,0.000000,0.000000,0.000000,-0.687815,0.708346,-0.580968,0.602673,240170
16,11,-5,0.000000,0.000000,0.000000,0.000000,0.000000,0.000000,0.000000,0.000000,0.000000,0.000000,-0.684828,0.706626,-0.583974,0.599335,275437
16,11,-4.5,0.000000,0.000000,0.000000,0.000000,0.000000,0.000000,0.000000,0.000000,0.000000,0.000000,-0.685053,0.704586,-0.590122,0.593121,318668
16,11,-4,0.000000,0.000000,0.000000,0.000000,0.000000,0.000000,0.000000,0.000000,0.000000,0.000000,-0.684858,0.704161,-0.590984,0.592134,376682
16,11,-3.5,0.000000,0.000000,0.000000,0.000000,0.000000,0.000000,0.000000,0.000000,0.000000,0.000000,-0.685384,0.701889,-0.596245,0.586178,434702
16,11,-3,0.000000,0.000000,0.000000,0.000000,0.000000,0.000000,0.000000,0.000000,0.000000,0.000000,-0.679936,0.703746,-0.592571,0.591300,511316
16,11,-2.5,0.000000,0.000000,0.000000,0.000000,0.000000,0.000000,0.000000,0.000000,0.000000,0.000000,-0.680058,0.701177,-0.598415,0.584676,602024
16,11,-2,0.000000,0.000000,0.000000,0.000000,0.000000,0.000000,0.000000,0.000000,0.000000,0.000000,-0.680035,0.698886,-0.604126,0.578376,700865
16,11,-1.5,0.000000,0.000000,0.000000,0.000000,0.000000,0.000000,0.000000,0.000000,0.000000,0.000000,-0.679939,0.698713,-0.604829,0.577717,835874
16,11,-1,0.000000,0.000000,0.000000,0.000000,0.000000,0.000000,0.000000,0.000000,0.000000,0.000000,-0.678886,0.697202,-0.608957,0.573410,971304
16,11,-0.5,0.000000,0.000000,0.000000,0.000000,0.000000,0.000000,0.000000,0.000000,0.000000,0.000000,-0.677549,0.697207,-0.609538,0.573188,1137103
16,11,0,0.000000,0.000000,0.000000,0.000000,0.000000,0.000000,0.000000,0.000000,0.000000,0.000000,-0.680938,0.695045,-0.616676,0.565363,1561992
16,11,0.5,0.000000,0.000000,0.000000,0.000000,0.000000,0.000000,0.000000,0.000000,0.000000,0.000000,-0.662785,0.697026,-0.605874,0.577986,1165199
16,11,1,0.000000,0.000000,0.000000,0.000000,0.000000,0.000000,0.000000,0.000000,0.000000,0.000000,-0.669204,0.694595,-0.613636,0.568892,949346
16,11,1.5,0.000000,0.000000,0.000000,0.000000,0.000000,0.000000,0.000000,0.000000,0.000000,0.000000,-0.667560,0.693651,-0.615784,0.566649,829086
16,11,2,0.000000,0.000000,0.000000,0.000000,0.000000,0.000000,0.000000,0.000000,0.000000,0.000000,-0.667530,0.693167,-0.618114,0.564461,694050
16,11,2.5,0.000000,0.000000,0.000000,0.000000,0.000000,0.000000,0.000000,0.000000,0.000000,0.000000,-0.669044,0.691379,-0.622938,0.558850,591134
16,11,3,0.000000,0.000000,0.000000,0.000000,0.000000,0.000000,0.000000,0.000000,0.000000,0.000000,-0.665948,0.690719,-0.623868,0.558007,505477
16,11,3.5,0.000000,0.000000,0.000000,0.000000,0.000000,0.000000,0.000000,0.000000,0.000000,0.000000,-0.664187,0.690148,-0.625114,0.556801,428730
16,11,4,0.000000,0.000000,0.000000,0.000000,0.000000,0.000000,0.000000,0.000000,0.000000,0.000000,-0.665370,0.689140,-0.630873,0.551238,371585
16,11,4.5,0.000000,0.000000,0.000000,0.000000,0.000000,0.000000,0.000000,0.000000,0.000000,0.000000,-0.664191,0.688338,-0.631314,0.550301,314262
16,11,5,0.000000,0.000000,0.000000,0.000000,0.000000,0.000000,0.000000,0.000000,0.000000,0.000000,-0.664215,0.686449,-0.635460,0.545228,271671
16,11,5.5,0.000000,0.000000,0.000000,0.000000,0.000000,0.000000,0.000000,0.000000,0.000000,0.000000,-0.658312,0.686109,-0.636679,0.544995,237066
16,11,6,0.000000,0.000000,0.000000,0.000000,0.000000,0.000000,0.000000,0.000000,0.000000,0.000000,-0.662894,0.685133,-0.639991,0.540627,199881
16,11,6.5,0.000000,0.000000,0.000000,0.000000,0.000000,0.000000,0.000000,0.000000,0.000000,0.000000,-0.659258,0.682490,-0.643842,0.535612,175369
16,11,7,0.000000,0.000000,0.000000,0.000000,0.000000,0.000000,0.000000,0.000000,0.000000,0.000000,-0.661475,0.681053,-0.647991,0.530492,150519
16,11,7.5,0.000000,0.000000,0.000000,0.000000,0.000000,0.000000,0.000000,0.000000,0.000000,0.000000,-0.659047,0.680167,-0.650794,0.527804,129213
16,11,8,0.000000,0.000000,0.000000,0.000000,0.000000,0.000000,0.000000,0.000000,0.000000,0.000000,-0.653507,0.680735,-0.648751,0.531043,112920
16,11,8.5,0.000000,0.000000,0.000000,0.000000,0.000000,0.000000,0.000000,0.000000,0.000000,0.000000,-0.655051,0.679695,-0.653400,0.525979,95349
16,11,9,0.000000,0.000000,0.000000,0.000000,0.000000,0.000000,0.000000,0.000000,0.000000,0.000000,-0.649461,0.678841,-0.654654,0.525205,85129
16,11,9.5,0.000000,0.000000,0.000000,0.000000,0.000000,0.000000,0.000000,0.000000,0.000000,0.000000,-0.654528,0.674757,-0.661667,0.514403,70531
16,11,10,0.000000,0.000000,0.000000,0.000000,0.000000,0.000000,0.000000,0.000000,0.000000,0.000000,-0.654200,0.674335,-0.662882,0.513041,63411
16,11,10.5,0.000000,0.000000,0.000000,0.000000,0.000000,0.000000,0.000000,0.000000,0.000000,0.000000,-0.651145,0.676391,-0.663489,0.515191,56221
16,11,11,0.000000,0.000000,0.000000,0.000000,0.000000,0.000000,0.000000,0.000000,0.000000,0.000000,-0.647792,0.675480,-0.662412,0.515843,46068
16,11,11.5,0.000000,0.000000,0.000000,0.000000,0.000000,0.000000,0.000000,0.000000,0.000000,0.000000,-0.646130,0.671267,-0.671756,0.504178,40546
16,11,12,0.000000,0.000000,0.000000,0.000000,0.000000,0.000000,0.000000,0.000000,0.000000,0.000000,-0.642829,0.672517,-0.669525,0.508001,35098
16,11,12.5,0.000000,0.000000,0.000000,0.000000,0.000000,0.000000,0.000000,0.000000,0.000000,0.000000,-0.643066,0.668782,-0.671306,0.502718,29745
16,11,13,0.000000,0.000000,0.000000,0.000000,0.000000,0.000000,0.000000,0.000000,0.000000,0.000000,-0.649022,0.668435,-0.677302,0.496044,26892
16,11,13.5,0.000000,0.000000,0.000000,0.000000,0.000000,0.000000,0.000000,0.000000,0.000000,0.000000,-0.645931,0.667068,-0.678751,0.494071,21846
16,11,14,0.000000,0.000000,0.000000,0.000000,0.000000,0.000000,0.000000,0.000000,0.000000,0.000000,-0.628649,0.667531,-0.674803,0.501799,20074
16,11,14.5,0.000000,0.000000,0.000000,0.000000,0.000000,0.000000,0.000000,0.000000,0.000000,0.000000,-0.638833,0.667857,-0.682228,0.493394,15958
16,11,15,0.000000,0.000000,0.000000,0.000000,0.000000,0.000000,0.000000,0.000000,0.000000,0.000000,-0.637704,0.666521,-0.682587,0.492000,14070
16,11,15.5,0.000000,0.000000,0.000000,0.000000,0.000000,0.000000,0.000000,0.000000,0.000000,0.000000,-0.632258,0.662203,-0.683506,0.488139,12332
16,11,16,0.000000,0.000000,0.000000,0.000000,0.000000,0.000000,0.000000,0.000000,0.000000,0.000000,-0.631799,0.660576,-0.690072,0.480884,9670
16,11,16.5,0.000000,0.000000,0.000000,0.000000,0.000000,0.000000,0.000000,0.000000,0.000000,0.000000,-0.645871,0.657928,-0.699905,0.466356,9457
16,11,17,0.000000,0.000000,0.000000,0.000000,0.000000,0.000000,0.000000,0.000000,0.000000,0.000000,-0.638618,0.654498,-0.708537,0.456648,7380
16,11,17.5,0.000000,0.000000,0.000000,0.000000,0.000000,0.000000,0.000000,0.000000,0.000000,0.000000,-0.644774,0.661849,-0.702854,0.467845,6448
16,11,18,0.000000,0.000000,0.000000,0.000000,0.000000,0.000000,0.000000,0.000000,0.000000,0.000000,-0.633572,0.650872,-0.715967,0.447302,5862
16,11,18.5,0.000000,0.000000,0.000000,0.000000,0.000000,0.000000,0.000000,0.000000,0.000000,0.000000,-0.626525,0.659757,-0.697495,0.474751,4671
16,11,19,0.000000,0.000000,0.000000,0.000000,0.000000,0.000000,0.000000,0.000000,0.000000,0.000000,-0.611434,0.655366,-0.712117,0.461014,3953
16,11,19.5,0.000000,0.000000,0.000000,0.000000,0.000000,0.000000,0.000000,0.000000,0.000000,0.000000,-0.636336,0.656292,-0.714027,0.453890,3308
16,11,20,0.000000,0.000000,0.000000,0.000000,0.000000,0.000000,0.000000,0.000000,0.000000,0.000000,-0.604918,0.646369,-0.720219,0.446313,2745
16,11,20.5,0.000000,0.000000,0.000000,0.000000,0.000000,0.000000,0.000000,0.000000,0.000000,0.000000,-0.606153,0.652648,-0.708231,0.463363,2454
16,11,21,0.000000,0.000000,0.000000,0.000000,0.000000,0.000000,0.000000,0.000000,0.000000,0.000000,-0.660087,0.645894,-0.745787,0.408173,2077
16,11,21.5,0.000000,0.000000,0.000000,0.000000,0.000000,0.000000,0.000000,0.000000,0.000000,0.000000,-0.607143,0.667385,-0.688525,0.495489,1708
16,11,22,0.000000,0.000000,0.000000,0.000000,0.000000,0.000000,0.000000,0.000000,0.000000,0.000000,-0.628500,0.660444,-0.705671,0.467570,1393
16,11,22.5,0.000000,0.000000,0.000000,0.000000,0.000000,0.000000,0.000000,0.000000,0.000000,0.000000,-0.629676,0.626160,-0.770574,0.369641,1203
16,11,23,0.000000,0.000000,0.000000,0.000000,0.000000,0.000000,0.000000,0.000000,0.000000,0.000000,-0.630573,0.648783,-0.713376,0.448329,1099
16,11,23.5,0.000000,0.000000,0.000000,0.000000,0.000000,0.000000,0.000000,0.000000,0.000000,0.000000,-0.640288,0.672166,-0.701439,0.480406,834
16,11,24,0.000000,0.000000,0.000000,0.000000,0.000000,0.000000,0.000000,0.000000,0.000000,0.000000,-0.574746,0.629028,-0.730044,0.429301,689
16,11,24.5,0.000000,0.000000,0.000000,0.000000,0.000000,0.000000,0.000000,0.000000,0.000000,0.000000,-0.508687,0.630716,-0.689189,0.496061,518
16,11,25,0.000000,0.000000,0.000000,0.000000,0.000000,0.000000,0.000000,0.000000,0.000000,0.000000,-0.668893,0.658021,-0.761450,0.403018,524
16,11,25.5,0.000000,0.000000,0.000000,0.000000,0.000000,0.000000,0.000000,0.000000,0.000000,0.000000,-0.605381,0.636877,-0.751121,0.406669,446
16,11,26,0.000000,0.000000,0.000000,0.000000,0.000000,0.000000,0.000000,0.000000,0.000000,0.000000,-0.596244,0.628061,-0.765258,0.386211,213
16,11,26.5,0.000000,0.000000,0.000000,0.000000,0.000000,0.000000,0.000000,0.000000,0.000000,0.000000,-0.552805,0.602822,-0.775578,0.365476,303
16,11,27,0.000000,0.000000,0.000000,0.000000,0.000000,0.000000,0.000000,0.000000,0.000000,0.000000,-0.587234,0.608348,-0.770213,0.364219,235
16,11,27.5,0.000000,0.000000,0.000000,0.000000,0.000000,0.000000,0.000000,0.000000,0.000000,0.000000,-0.554348,0.625670,-0.739130,0.424701,138
16,11,28,0.000000,0.000000,0.000000,0.000000,0.000000,0.000000,0.000000,0.000000,0.000000,0.000000,-0.482270,0.600749,-0.737589,0.434686,141
16,11,28.5,0.000000,0.000000,0.000000,0.000000,0.000000,0.000000,0.000000,0.000000,0.000000,0.000000,-0.485294,0.619882,-0.705882,0.482122,102
16,11,29,0.000000,0.000000,0.000000,0.000000,0.000000,0.000000,0.000000,0.000000,0.000000,0.000000,-0.675676,0.696616,-0.702703,0.497200,111
16,11,29.5,0.000000,0.000000,0.000000,0.000000,0.000000,0.000000,0.000000,0.000000,0.000000,0.000000,-0.625000,0.625000,-0.781250,0.358398,64
16,11,30,0.000000,0.000000,0.000000,0.000000,0.000000,0.000000,0.000000,0.000000,0.000000,0.000000,-0.660000,0.574400,-0.880000,0.185600,50
16,11,30.5,0.000000,0.000000,0.000000,0.000000,0.000000,0.000000,0.000000,0.000000,0.000000,0.000000,-0.392157,0.503076,-0.745098,0.386005,51
16,11,31,0.000000,0.000000,0.000000,0.000000,0.000000,0.000000,0.000000,0.000000,0.000000,0.000000,-0.784091,0.606792,-0.727273,0.380165,44
16,11,31.5,0.000000,0.000000,0.000000,0.000000,0.000000,0.000000,0.000000,0.000000,0.000000,0.000000,-0.383333,0.678056,-0.433333,0.778889,30
16,11,32,0.000000,0.000000,0.000000,0.000000,0.000000,0.000000,0.000000,0.000000,0.000000,0.000000,-0.431818,0.574897,-0.681818,0.489669,22
16,11,32.5,0.000000,0.000000,0.000000,0.000000,0.000000,0.000000,0.000000,0.000000,0.000000,0.000000,-0.312500,0.516927,-0.625000,0.567708,24
16,11,33,0.000000,0.000000,0.000000,0.000000,0.000000,0.000000,0.000000,0.000000,0.000000,0.000000,-0.588235,0.595156,-0.882353,0.221453,17
16,11,33.5,0.000000,0.000000,0.000000,0.000000,0.000000,0.000000,0.000000,0.000000,0.000000,0.000000,-0.583333,0.868056,-0.333333,0.888889,6
16,11,34,0.000000,0.000000,0.000000,0.000000,0.000000,0.000000,0.000000,0.000000,0.000000,0.000000,-0.366667,0.482222,-0.866667,0.248889,15
16,11,34.5,0.000000,0.000000,0.000000,0.000000,0.000000,0.000000,0.000000,0.000000,0.000000,0.000000,-0.500000,0.500000,-1.000000,0.000000,3
16,11,35,0.000000,0.000000,0.000000,0.000000,0.000000,0.000000,0.000000,0.000000,0.000000,0.000000,-0.300000,0.360000,-1.000000,0.000000,5
16,11,35.5,0.000000,0.000000,0.000000,0.000000,0.000000,0.000000,0.000000,0.000000,0.000000,0.000000,-0.375000,0.421875,-1.000000,0.000000,4
16,11,36,0.000000,0.000000,0.000000,0.000000,0.000000,0.000000,0.000000,0.000000,0.000000,0.000000,-1.125000,0.421875,-1.000000,0.000000,4
16,11,36.5,0.000000,0.000000,0.000000,0.000000,0.000000,0.000000,0.000000,0.000000,0.000000,0.000000,-1.500000,0.000000,-1.000000,0.000000,1
16,11,37,0.000000,0.000000,0.000000,0.000000,0.000000,0.000000,0.000000,0.000000,0.000000,0.000000,-1.500000,0.000000,-1.000000,0.000000,2
16,11,38,0.000000,0.000000,0.000000,0.000000,0.000000,0.000000,0.000000,0.000000,0.000000,0.000000,0.000000,0.000000,-1.000000,0.000000,1
16,11,38.5,0.000000,0.000000,0.000000,0.000000,0.000000,0.000000,0.000000,0.000000,0.000000,0.000000,0.000000,0.000000,-1.000000,0.000000,1
16,11,41,0.000000,0.000000,0.000000,0.000000,0.000000,0.000000,0.000000,0.000000,0.000000,0.000000,-1.500000,0.000000,-1.000000,0.000000,1
16,11,44,0.000000,0.000000,0.000000,0.000000,0.000000,0.000000,0.000000,0.000000,0.000000,0.000000,-1.500000,0.000000,-1.000000,0.000000,1
16,11,45,0.000000,0.000000,0.000000,0.000000,0.000000,0.000000,0.000000,0.000000,0.000000,0.000000,0.000000,0.000000,-1.000000,0.000000,1
17,11,-41,0.000000,0.000000,0.000000,0.000000,0.000000,0.000000,0.000000,0.000000,0.000000,0.000000,-1.500000,0.000000,-1.000000,0.000000,2
17,11,-39.5,0.000000,0.000000,0.000000,0.000000,0.000000,0.000000,0.000000,0.000000,0.000000,0.000000,0.000000,0.000000,-1.000000,0.000000,1
17,11,-38,0.000000,0.000000,0.000000,0.000000,0.000000,0.000000,0.000000,0.000000,0.000000,0.000000,-1.500000,0.000000,-1.000000,0.000000,1
17,11,-37.5,0.000000,0.000000,0.000000,0.000000,0.000000,0.000000,0.000000,0.000000,0.000000,0.000000,-0.666667,0.388889,-0.666667,0.222222,3
17,11,-37,0.000000,0.000000,0.000000,0.000000,0.000000,0.000000,0.000000,0.000000,0.000000,0.000000,-1.500000,0.000000,-1.000000,0.000000,1
17,11,-36.5,0.000000,0.000000,0.000000,0.000000,0.000000,0.000000,0.000000,0.000000,0.000000,0.000000,-1.500000,0.000000,-1.000000,0.000000,2
17,11,-36,0.000000,0.000000,0.000000,0.000000,0.000000,0.000000,0.000000,0.000000,0.000000,0.000000,0.000000,0.000000,-1.000000,0.000000,1
17,11,-35.5,0.000000,0.000000,0.000000,0.000000,0.000000,0.000000,0.000000,0.000000,0.000000,0.000000,-1.500000,0.000000,-1.000000,0.000000,6
17,11,-35,0.000000,0.000000,0.000000,0.000000,0.000000,0.000000,0.000000,0.000000,0.000000,0.000000,0.000000,0.000000,-1.000000,0.000000,2
17,11,-34.5,0.000000,0.000000,0.000000,0.000000,0.000000,0.000000,0.000000,0.000000,0.000000,0.000000,-1.300000,0.160000,-0.800000,0.160000,5
17,11,-34,0.000000,0.000000,0.000000,0.000000,0.000000,0.000000,0.000000,0.000000,0.000000,0.000000,-1.000000,0.541667,-0.750000,0.354167,12
17,11,-33.5,0.000000,0.000000,0.000000,0.000000,0.000000,0.000000,0.000000,0.000000,0.000000,0.000000,-0.888889,0.487654,-0.888889,0.098765,9
17,11,-33,0.000000,0.000000,0.000000,0.000000,0.000000,0.000000,0.000000,0.000000,0.000000,0.000000,-1.071429,0.530612,-0.571429,0.530612,7
17,11,-32.5,0.000000,0.000000,0.000000,0.000000,0.000000,0.000000,0.000000,0.000000,0.000000,0.000000,-1.133333,0.415556,-0.733333,0.328889,15
17,11,-32,0.000000,0.000000,0.000000,0.000000,0.000000,0.000000,0.000000,0.000000,0.000000,0.000000,-0.891304,0.629490,-0.652174,0.487713,23
17,11,-31.5,0.000000,0.000000,0.000000,0.000000,0.000000,0.000000,0.000000,0.000000,0.000000,0.000000,-0.785714,0.789796,-0.542857,0.705306,35
17,11,-31,0.000000,0.000000,0.000000,0.000000,0.000000,0.000000,0.000000,0.000000,0.000000,0.000000,-0.787879,0.667126,-0.606061,0.541781,33
17,11,-30.5,0.000000,0.000000,0.000000,0.000000,0.000000,0.000000,0.000000,0.000000,0.000000,0.000000,-0.762500,0.737344,-0.450000,0.697500,40
17,11,-30,0.000000,0.000000,0.000000,0.000000,0.000000,0.000000,0.000000,0.000000,0.000000,0.000000,-0.883721,0.684154,-0.627907,0.559221,43
17,11,-29.5,0.000000,0.000000,0.000000,0.000000,0.000000,0.000000,0.000000,0.000000,0.000000,0.000000,-0.902597,0.643110,-0.636364,0.517119,77
17,11,-29,0.000000,0.000000,0.000000,0.000000,0.000000,0.000000,0.000000,0.000000,0.000000,0.000000,-0.973404,0.592378,-0.648936,0.483137,94
17,11,-28.5,0.000000,0.000000,0.000000,0.000000,0.000000,0.000000,0.000000,0.000000,0.000000,0.000000,-0.866667,0.591746,-0.666667,0.431746,105
17,11,-28,0.000000,0.000000,0.000000,0.000000,0.000000,0.000000,0.000000,0.000000,0.000000,0.000000,-0.818182,0.689669,-0.645455,0.537934,110
17,11,-27.5,0.000000,0.000000,0.000000,0.000000,0.000000,0.000000,0.000000,0.000000,0.000000,0.000000,-0.808271,0.694443,-0.578947,0.589632,133
17,11,-27,0.000000,0.000000,0.000000,0.000000,0.000000,0.000000,0.000000,0.000000,0.000000,0.000000,-0.957921,0.605903,-0.658416,0.482330,202
17,11,-26.5,0.000000,0.000000,0.000000,0.000000,0.000000,0.000000,0.000000,0.000000,0.000000,0.000000,-0.778000,0.685716,-0.608000,0.558336,250
17,11,-26,0.000000,0.000000,0.000000,0.000000,0.000000,0.000000,0.000000,0.000000,0.000000,0.000000,-0.911290,0.635948,-0.661290,0.492803,186
17,11,-25.5,0.000000,0.000000,0.000000,0.000000,0.000000,0.000000,0.000000,0.000000,0.000000,0.000000,-0.847015,0.682441,-0.641791,0.538353,402
17,11,-25,0.000000,0.000000,0.000000,0.000000,0.000000,0.000000,0.000000,0.000000,0.000000,0.000000,-0.954832,0.597225,-0.716387,0.421664,476
17,11,-24.5,0.000000,0.000000,0.000000,0.000000,0.000000,0.000000,0.000000,0.000000,0.000000,0.000000,-0.849257,0.653497,-0.632696,0.516893,471
17,11,-24,0.000000,0.000000,0.000000,0.000000,0.000000,0.000000,0.000000,0.000000,0.000000,0.000000,-0.875205,0.656840,-0.648604,0.513631,609
17,11,-23.5,0.000000,0.000000,0.000000,0.000000,0.000000,0.000000,0.000000,0.000000,0.000000,0.000000,-0.805891,0.671159,-0.625378,0.533374,662
17,11,-23,0.000000,0.000000,0.000000,0.000000,0.000000,0.000000,0.000000,0.000000,0.000000,0.000000,-0.915409,0.629428,-0.701509,0.452929,928
17,11,-22.5,0.000000,0.000000,0.000000,0.000000,0.000000,0.000000,0.000000,0.000000,0.000000,0.000000,-0.834270,0.654181,-0.654494,0.497667,1068
17,11,-22,0.000000,0.000000,0.000000,0.000000,0.000000,0.000000,0.000000,0.000000,0.000000,0.000000,-0.847270,0.672066,-0.633959,0.534103,1172
17,11,-21.5,0.000000,0.000000,0.000000,0.000000,0.000000,0.000000,0.000000,0.000000,0.000000,0.000000,-0.821571,0.666898,-0.649134,0.512712,1502
17,11,-21,0.000000,0.000000,0.000000,0.000000,0.000000,0.000000,0.000000,0.000000,0.000000,0.000000,-0.859002,0.649588,-0.640456,0.509014,1844
17,11,-20.5,0.000000,0.000000,0.000000,0.000000,0.000000,0.000000,0.000000,0.000000,0.000000,0.000000,-0.838179,0.661254,-0.639180,0.517569,2098
17,11,-20,0.000000,0.000000,0.000000,0.000000,0.000000,0.000000,0.000000,0.000000,0.000000,0.000000,-0.831939,0.666698,-0.641975,0.519767,2511
17,11,-19.5,0.000000,0.000000,0.000000,0.000000,0.000000,0.000000,0.000000,0.000000,0.000000,0.000000,-0.823988,0.671989,-0.638023,0.526902,3014
17,11,-19,0.000000,0.000000,0.000000,0.000000,0.000000,0.000000,0.000000,0.000000,0.000000,0.000000,-0.812414,0.671321,-0.635288,0.526770,3633
17,11,-18.5,0.000000,0.000000,0.000000,0.000000,0.000000,0.000000,0.000000,0.000000,0.000000,0.000000,-0.794542,0.678427,-0.628072,0.537473,4232
17,11,-18,0.000000,0.000000,0.000000,0.000000,0.000000,0.000000,0.000000,0.000000,0.000000,0.000000,-0.820951,0.672248,-0.637510,0.527119,5236
17,11,-17.5,0.000000,0.000000,0.000000,0.000000,0.000000,0.000000,0.000000,0.000000,0.000000,0.000000,-0.819680,0.656705,-0.660129,0.493355,6067
17,11,-17,0.000000,0.000000,0.000000,0.000000,0.000000,0.000000,0.000000,0.000000,0.000000,0.000000,-0.806698,0.674464,-0.643992,0.522449,6733
17,11,-16.5,0.000000,0.000000,0.000000,0.000000,0.000000,0.000000,0.000000,0.000000,0.000000,0.000000,-0.800092,0.674109,-0.634500,0.528777,8684
17,11,-16,0.000000,0.000000,0.000000,0.000000,0.000000,0.000000,0.000000,0.000000,0.000000,0.000000,-0.801294,0.672974,-0.646682,0.518248,8890
17,11,-15.5,0.000000,0.000000,0.000000,0.000000,0.000000,0.000000,0.000000,0.000000,0.000000,0.000000,-0.798130,0.672192,-0.634286,0.526832,11334
17,11,-15,0.000000,0.000000,0.000000,0.000000,0.000000,0.000000,0.000000,0.000000,0.000000,0.000000,-0.790289,0.673404,-0.642415,0.521038,13099
17,11,-14.5,0.000000,0.000000,0.000000,0.000000,0.000000,0.000000,0.000000,0.000000,0.000000,0.000000,-0.781439,0.679405,-0.637162,0.530499,14687
17,11,-14,0.000000,0.000000,0.000000,0.000000,0.000000,0.000000,0.000000,0.000000,0.000000,0.000000,-0.779513,0.673576,-0.645520,0.518011,18348
17,11,-13.5,0.000000,0.000000,0.000000,0.000000,0.000000,0.000000,0.000000,0.000000,0.000000,0.000000,-0.776261,0.676526,-0.645389,0.520883,20115
17,11,-13,0.000000,0.000000,0.000000,0.000000,0.000000,0.000000,0.000000,0.000000,0.000000,0.000000,-0.775801,0.675288,-0.641331,0.522813,24195
17,11,-12.5,0.000000,0.000000,0.000000,0.000000,0.000000,0.000000,0.000000,0.000000,0.000000,0.000000,-0.769949,0.676169,-0.639156,0.525125,27383
17,11,-12,0.000000,0.000000,0.000000,0.000000,0.000000,0.000000,0.000000,0.000000,0.000000,0.000000,-0.767796,0.676330,-0.640281,0.524328,32353
17,11,-11.5,0.000000,0.000000,0.000000,0.000000,0.000000,0.000000,0.000000,0.000000,0.000000,0.000000,-0.765053,0.676796,-0.643427,0.522238,37451
17,11,-11,0.000000,0.000000,0.000000,0.000000,0.000000,0.000000,0.000000,0.000000,0.000000,0.000000,-0.753111,0.681253,-0.634726,0.533249,42349
17,11,-10.5,0.000000,0.000000,0.000000,0.000000,0.000000,0.000000,0.000000,0.000000,0.000000,0.000000,-0.749129,0.681435,-0.632042,0.535480,51658
17,11,-10,0.000000,0.000000,0.000000,0.000000,0.000000,0.000000,0.000000,0.000000,0.000000,0.000000,-0.746953,0.680793,-0.636693,0.531270,58262
17,11,-9.5,0.000000,0.000000,0.000000,0.000000,0.000000,0.000000,0.000000,0.000000,0.000000,0.000000,-0.738539,0.682168,-0.633840,0.534966,64633
17,11,-9,0.000000,0.000000,0.000000,0.000000,0.000000,0.000000,0.000000,0.000000,0.000000,0.000000,-0.739739,0.680361,-0.635869,0.531572,78285
17,11,-8.5,0.000000,0.000000,0.000000,0.000000,0.000000,0.000000,0.000000,0.000000,0.000000,0.000000,-0.733557,0.679390,-0.637215,0.529725,88259
17,11,-8,0.000000,0.000000,0.000000,0.000000,0.000000,0.000000,0.000000,0.000000,0.000000,0.000000,-0.727682,0.681444,-0.632798,0.535408,103774
17,11,-7.5,0.000000,0.000000,0.000000,0.000000,0.000000,0.000000,0.000000,0.000000,0.000000,0.000000,-0.728609,0.679378,-0.640195,0.527583,119009
17,11,-7,0.000000,0.000000,0.000000,0.000000,0.000000,0.000000,0.000000,0.000000,0.000000,0.000000,-0.723849,0.682990,-0.633135,0.536881,137988
17,11,-6.5,0.000000,0.000000,0.000000,0.000000,0.000000,0.000000,0.000000,0.000000,0.000000,0.000000,-0.719543,0.681192,-0.635173,0.533761,160062
17,11,-6,0.000000,0.000000,0.000000,0.000000,0.000000,0.000000,0.000000,0.000000,0.000000,0.000000,-0.718413,0.681002,-0.638269,0.531247,183277
17,11,-5.5,0.000000,0.000000,0.000000,0.000000,0.000000,0.000000,0.000000,0.000000,0.000000,0.000000,-0.713367,0.682256,-0.634879,0.535466,218232
17,11,-5,0.000000,0.000000,0.000000,0.000000,0.000000,0.000000,0.000000,0.000000,0.000000,0.000000,-0.707189,0.681486,-0.632201,0.537241,250645
17,11,-4.5,0.000000,0.000000,0.000000,0.000000,0.000000,0.000000,0.000000,0.000000,0.000000,0.000000,-0.701243,0.681350,-0.633415,0.536720,288986
17,11,-4,0.000000,0.000000,0.000000,0.000000,0.000000,0.000000,0.000000,0.000000,0.000000,0.000000,-0.700002,0.682905,-0.631723,0.539692,341346
17,11,-3.5,0.000000,0.000000,0.000000,0.000000,0.000000,0.000000,0.000000,0.000000,0.000000,0.000000,-0.697479,0.682244,-0.634415,0.537228,395519
17,11,-3,0.000000,0.000000,0.000000,0.000000,0.000000,0.000000,0.000000,0.000000,0.000000,0.000000,-0.693249,0.680318,-0.635454,0.534964,464493
17,11,-2.5,0.000000,0.000000,0.000000,0.000000,0.000000,0.000000,0.000000,0.000000,0.000000,0.000000,-0.690639,0.680037,-0.636645,0.534067,546881
17,11,-2,0.000000,0.000000,0.000000,0.000000,0.000000,0.000000,0.000000,0.000000,0.000000,0.000000,-0.685648,0.680455,-0.634887,0.536458,638517
17,11,-1.5,0.000000,0.000000,0.000000,0.000000,0.000000,0.000000,0.000000,0.000000,0.000000,0.000000,-0.682067,0.680237,-0.634469,0.537036,764256
17,11,-1,0.000000,0.000000,0.000000,0.000000,0.000000,0.000000,0.000000,0.000000,0.000000,0.000000,-0.679851,0.679775,-0.635589,0.536017,880528
17,11,-0.5,0.000000,0.000000,0.000000,0.000000,0.000000,0.000000,0.000000,0.000000,0.000000,0.000000,-0.674025,0.680466,-0.633123,0.539455,1014308
17,11,0,0.000000,0.000000,0.000000,0.000000,0.000000,0.000000,0.000000,0.000000,0.000000,0.000000,-0.673784,0.678915,-0.636844,0.535075,1345392
17,11,0.5,0.000000,0.000000,0.000000,0.000000,0.000000,0.000000,0.000000,0.000000,0.000000,0.000000,-0.652006,0.683038,-0.618794,0.556632,990511
17,11,1,0.000000,0.000000,0.000000,0.000000,0.000000,0.000000,0.000000,0.000000,0.000000,0.000000,-0.654827,0.680623,-0.626419,0.547990,795128
17,11,1.5,0.000000,0.000000,0.000000,0.000000,0.000000,0.000000,0.000000,0.000000,0.000000,0.000000,-0.650827,0.679876,-0.626296,0.548113,693827
17,11,2,0.000000,0.000000,0.000000,0.000000,0.000000,0.000000,0.000000,0.000000,0.000000,0.000000,-0.645984,0.680280,-0.625072,0.550420,579783
17,11,2.5,0.000000,0.000000,0.000000,0.000000,0.000000,0.000000,0.000000,0.000000,0.000000,0.000000,-0.645972,0.680140,-0.626359,0.549315,496153
17,11,3,0.000000,0.000000,0.000000,0.000000,0.000000,0.000000,0.000000,0.000000,0.000000,0.000000,-0.643496,0.677955,-0.629332,0.545405,422988
17,11,3.5,0.000000,0.000000,0.000000,0.000000,0.000000,0.000000,0.000000,0.000000,0.000000,0.000000,-0.635848,0.678383,-0.626053,0.549998,359920
17,11,4,0.000000,0.000000,0.000000,0.000000,0.000000,0.000000,0.000000,0.000000,0.000000,0.000000,-0.635192,0.678042,-0.626731,0.549297,313428
17,11,4.5,0.000000,0.000000,0.000000,0.000000,0.000000,0.000000,0.000000,0.000000,0.000000,0.000000,-0.632941,0.676761,-0.627769,0.547754,264825
17,11,5,0.000000,0.000000,0.000000,0.000000,0.000000,0.000000,0.000000,0.000000,0.000000,0.000000,-0.625313,0.676689,-0.624899,0.551687,229162
17,11,5.5,0.000000,0.000000,0.000000,0.000000,0.000000,0.000000,0.000000,0.000000,0.000000,0.000000,-0.623732,0.676146,-0.627419,0.549645,199892
17,11,6,0.000000,0.000000,0.000000,0.000000,0.000000,0.000000,0.000000,0.000000,0.000000,0.000000,-0.618139,0.675941,-0.625874,0.552047,168454
17,11,6.5,0.000000,0.000000,0.000000,0.000000,0.000000,0.000000,0.000000,0.000000,0.000000,0.000000,-0.615829,0.674411,-0.625340,0.551533,147830
17,11,7,0.000000,0.000000,0.000000,0.000000,0.000000,0.000000,0.000000,0.000000,0.000000,0.000000,-0.615399,0.672225,-0.631426,0.544857,126973
17,11,7.5,0.000000,0.000000,0.000000,0.000000,0.000000,0.000000,0.000000,0.000000,0.000000,0.000000,-0.611039,0.672301,-0.633457,0.544572,108732
17,11,8,0.000000,0.000000,0.000000,0.000000,0.000000,0.000000,0.000000,0.000000,0.000000,0.000000,-0.601403,0.673101,-0.624666,0.554808,94553
17,11,8.5,0.000000,0.000000,0.000000,0.000000,0.000000,0.000000,0.000000,0.000000,0.000000,0.000000,-0.605227,0.669238,-0.632472,0.543912,81153
17,11,9,0.000000,0.000000,0.000000,0.000000,0.000000,0.000000,0.000000,0.000000,0.000000,0.000000,-0.601889,0.670163,-0.631232,0.546762,72010
17,11,9.5,0.000000,0.000000,0.000000,0.000000,0.000000,0.000000,0.000000,0.000000,0.000000,0.000000,-0.595680,0.669511,-0.629554,0.549264,59396
17,11,10,0.000000,0.000000,0.000000,0.000000,0.000000,0.000000,0.000000,0.000000,0.000000,0.000000,-0.590604,0.667956,-0.627396,0.550935,53789
17,11,10.5,0.000000,0.000000,0.000000,0.000000,0.000000,0.000000,0.000000,0.000000,0.000000,0.000000,-0.591312,0.666615,-0.627591,0.549222,47480
17,11,11,0.000000,0.000000,0.000000,0.000000,0.000000,0.000000,0.000000,0.000000,0.000000,0.000000,-0.584476,0.663987,-0.635283,0.542942,39384
17,11,11.5,0.000000,0.000000,0.000000,0.000000,0.000000,0.000000,0.000000,0.000000,0.000000,0.000000,-0.584532,0.664397,-0.632339,0.545593,34608
17,11,12,0.000000,0.000000,0.000000,0.000000,0.000000,0.000000,0.000000,0.000000,0.000000,0.000000,-0.582590,0.662610,-0.634324,0.542931,29816
17,11,12.5,0.000000,0.000000,0.000000,0.000000,0.000000,0.000000,0.000000,0.000000,0.000000,0.000000,-0.577592,0.660802,-0.632924,0.543895,25112
17,11,13,0.000000,0.000000,0.000000,0.000000,0.000000,0.000000,0.000000,0.000000,0.000000,0.000000,-0.571888,0.661820,-0.630379,0.548856,22542
17,11,13.5,0.000000,0.000000,0.000000,0.000000,0.000000,0.000000,0.000000,0.000000,0.000000,0.000000,-0.565568,0.664756,-0.621911,0.560453,18210
17,11,14,0.000000,0.000000,0.000000,0.000000,0.000000,0.000000,0.000000,0.000000,0.000000,0.000000,-0.566659,0.660227,-0.630309,0.549206,16952
17,11,14.5,0.000000,0.000000,0.000000,0.000000,0.000000,0.000000,0.000000,0.000000,0.000000,0.000000,-0.563237,0.660174,-0.627891,0.552253,13402
17,11,15,0.000000,0.000000,0.000000,0.000000,0.000000,0.000000,0.000000,0.000000,0.000000,0.000000,-0.547154,0.655096,-0.625522,0.555226,11982
17,11,15.5,0.000000,0.000000,0.000000,0.000000,0.000000,0.000000,0.000000,0.000000,0.000000,0.000000,-0.542137,0.653910,-0.627860,0.554339,10359
17,11,16,0.000000,0.000000,0.000000,0.000000,0.000000,0.000000,0.000000,0.000000,0.000000,0.000000,-0.547202,0.653980,-0.635852,0.546225,8167
17,11,16.5,0.000000,0.000000,0.000000,0.000000,0.000000,0.000000,0.000000,0.000000,0.000000,0.000000,-0.571154,0.648424,-0.653208,0.517833,8074
17,11,17,0.000000,0.000000,0.000000,0.000000,0.000000,0.000000,0.000000,0.000000,0.000000,0.000000,-0.545874,0.647562,-0.639052,0.537868,6289
17,11,17.5,0.000000,0.000000,0.000000,0.000000,0.000000,0.000000,0.000000,0.000000,0.000000,0.000000,-0.532714,0.653739,-0.633357,0.553989,5594
17,11,18,0.000000,0.000000,0.000000,0.000000,0.000000,0.000000,0.000000,0.000000,0.000000,0.000000,-0.536229,0.639800,-0.655925,0.520724,4996
17,11,18.5,0.000000,0.000000,0.000000,0.000000,0.000000,0.000000,0.000000,0.000000,0.000000,0.000000,-0.527982,0.641848,-0.641428,0.537924,3949
17,11,19,0.000000,0.000000,0.000000,0.000000,0.000000,0.000000,0.000000,0.000000,0.000000,0.000000,-0.511915,0.640414,-0.633716,0.549861,3399
17,11,19.5,0.000000,0.000000,0.000000,0.000000,0.000000,0.000000,0.000000,0.000000,0.000000,0.000000,-0.544299,0.642555,-0.643428,0.530082,2754
17,11,20,0.000000,0.000000,0.000000,0.000000,0.000000,0.000000,0.000000,0.000000,0.000000,0.000000,-0.525463,0.648026,-0.637205,0.548515,2376
17,11,20.5,0.000000,0.000000,0.000000,0.000000,0.000000,0.000000,0.000000,0.000000,0.000000,0.000000,-0.543082,0.640313,-0.663457,0.512182,1973
17,11,21,0.000000,0.000000,0.000000,0.000000,0.000000,0.000000,0.000000,0.000000,0.000000,0.000000,-0.498847,0.622836,-0.635525,0.537285,1734
17,11,21.5,0.000000,0.000000,0.000000,0.000000,0.000000,0.000000,0.000000,0.000000,0.000000,0.000000,-0.506639,0.624869,-0.636618,0.534620,1431
17,11,22,0.000000,0.000000,0.000000,0.000000,0.000000,0.000000,0.000000,0.000000,0.000000,0.000000,-0.504025,0.627220,-0.627907,0.544910,1118
17,11,22.5,0.000000,0.000000,0.000000,0.000000,0.000000,0.000000,0.000000,0.000000,0.000000,0.000000,-0.508256,0.635123,-0.630547,0.548747,969
17,11,23,0.000000,0.000000,0.000000,0.000000,0.000000,0.000000,0.000000,0.000000,0.000000,0.000000,-0.519565,0.649074,-0.635870,0.553279,920
17,11,23.5,0.000000,0.000000,0.000000,0.000000,0.000000,0.000000,0.000000,0.000000,0.000000,0.000000,-0.488515,0.635014,-0.656968,0.537765,653
17,11,24,0.000000,0.000000,0.000000,0.000000,0.000000,0.000000,0.000000,0.000000,0.000000,0.000000,-0.505291,0.628720,-0.666667,0.514991,567
17,11,24.5,0.000000,0.000000,0.000000,0.000000,0.000000,0.000000,0.000000,0.000000,0.000000,0.000000,-0.506158,0.626194,-0.674877,0.505132,406
17,11,25,0.000000,0.000000,0.000000,0.000000,0.000000,0.000000,0.000000,0.000000,0.000000,0.000000,-0.523864,0.628408,-0.661364,0.510325,440
17,11,25.5,0.000000,0.000000,0.000000,0.000000,0.000000,0.000000,0.000000,0.000000,0.000000,0.000000,-0.475362,0.598668,-0.666667,0.500483,345
17,11,26,0.000000,0.000000,0.000000,0.000000,0.000000,0.000000,0.000000,0.000000,0.000000,0.000000,-0.575676,0.664543,-0.659459,0.527275,185
17,11,26.5,0.000000,0.000000,0.000000,0.000000,0.000000,0.000000,0.000000,0.000000,0.000000,0.000000,-0.376866,0.593047,-0.593284,0.614433,268
17,11,27,0.000000,0.000000,0.000000,0.000000,0.000000,0.000000,0.000000,0.000000,0.000000,0.000000,-0.480556,0.664900,-0.572222,0.633673,180
17,11,27.5,0.000000,0.000000,0.000000,0.000000,0.000000,0.000000,0.000000,0.000000,0.000000,0.000000,-0.504167,0.668733,-0.566667,0.628889,120
17,11,28,0.000000,0.000000,0.000000,0.000000,0.000000,0.000000,0.000000,0.000000,0.000000,0.000000,-0.484694,0.609460,-0.704082,0.473657,98
17,11,28.5,0.000000,0.000000,0.000000,0.000000,0.000000,0.000000,0.000000,0.000000,0.000000,0.000000,-0.545455,0.621671,-0.757576,0.405877,99
17,11,29,0.000000,0.000000,0.000000,0.000000,0.000000,0.000000,0.000000,0.000000,0.000000,0.000000,-0.384615,0.557199,-0.692308,0.495069,78
17,11,29.5,0.000000,0.000000,0.000000,0.000000,0.000000,0.000000,0.000000,0.000000,0.000000,0.000000,-0.328947,0.543109,-0.578947,0.612188,38
17,11,30,0.000000,0.000000,0.000000,0.000000,0.000000,0.000000,0.000000,0.000000,0.000000,0.000000,-0.434211,0.646988,-0.526316,0.670360,38
17,11,30.5,0.000000,0.000000,0.000000,0.000000,0.000000,0.000000,0.000000,0.000000,0.000000,0.000000,-0.453488,0.625744,-0.651163,0.552731,43
17,11,31,0.000000,0.000000,0.000000,0.000000,0.000000,0.000000,0.000000,0.000000,0.000000,0.000000,-0.310345,0.593341,-0.482759,0.732461,29
17,11,31.5,0.000000,0.000000,0.000000,0.000000,0.000000,0.000000,0.000000,0.000000,0.000000,0.000000,-0.265625,0.484131,-0.562500,0.621094,32
17,11,32,0.000000,0.000000,0.000000,0.000000,0.000000,0.000000,0.000000,0.000000,0.000000,0.000000,-0.413043,0.557656,-0.695652,0.472590,23
17,11,32.5,0.000000,0.000000,0.000000,0.000000,0.000000,0.000000,0.000000,0.000000,0.000000,0.000000,-0.100000,0.540000,-0.200000,0.960000,10
17,11,33,0.000000,0.000000,0.000000,0.000000,0.000000,0.000000,0.000000,0.000000,0.000000,0.000000,-0.307692,0.674556,-0.384615,0.852071,13
17,11,33.5,0.000000,0.000000,0.000000,0.000000,0.000000,0.000000,0.000000,0.000000,0.000000,0.000000,-0.916667,0.701389,-0.666667,0.555556,6
17,11,34,0.000000,0.000000,0.000000,0.000000,0.000000,0.000000,0.000000,0.000000,0.000000,0.000000,-0.321429,0.414541,-0.785714,0.311224,14
17,11,34.5,0.000000,0.000000,0.000000,0.000000,0.000000,0.000000,0.000000,0.000000,0.000000,0.000000,-0.500000,0.785714,-0.428571,0.816327,7
17,11,35,0.000000,0.000000,0.000000,0.000000,0.000000,0.000000,0.000000,0.000000,0.000000,0.000000,0.000000,0.000000,-1.000000,0.000000,3
17,11,35.5,0.000000,0.000000,0.000000,0.000000,0.000000,0.000000,0.000000,0.000000,0.000000,0.000000,0.333333,0.055556,0.333333,0.888889,3
17,11,36,0.000000,0.000000,0.000000,0.000000,0.000000,0.000000,0.000000,0.000000,0.000000,0.000000,-0.833333,0.888889,-0.333333,0.888889,3
17,11,36.5,0.000000,0.000000,0.000000,0.000000,0.000000,0.000000,0.000000,0.000000,0.000000,0.000000,0.000000,0.000000,-1.000000,0.000000,2
17,11,37,0.000000,0.000000,0.000000,0.000000,0.000000,0.000000,0.000000,0.000000,0.000000,0.000000,0.000000,0.000000,-1.000000,0.000000,2
17,11,37.5,0.000000,0.000000,0.000000,0.000000,0.000000,0.000000,0.000000,0.000000,0.000000,0.000000,-1.500000,0.000000,-1.000000,0.000000,1
17,11,38,0.000000,0.000000,0.000000,0.000000,0.000000,0.000000,0.000000,0.000000,0.000000,0.000000,0.000000,0.000000,-1.000000,0.000000,1
17,11,38.5,0.000000,0.000000,0.000000,0.000000,0.000000,0.000000,0.000000,0.000000,0.000000,0.000000,-0.250000,0.062500,-0.500000,0.250000,2
17,11,39.5,0.000000,0.000000,0.000000,0.000000,0.000000,0.000000,0.000000,0.000000,0.000000,0.000000,-1.500000,0.000000,-1.000000,0.000000,1
18,11,-45.5,0.000000,0.000000,0.000000,0.000000,0.000000,0.000000,0.000000,0.000000,0.000000,0.000000,-1.500000,0.000000,-1.000000,0.000000,1
18,11,-38.5,0.000000,0.000000,0.000000,0.000000,0.000000,0.000000,0.000000,0.000000,0.000000,0.000000,0.000000,0.000000,-1.000000,0.000000,1
18,11,-37,0.000000,0.000000,0.000000,0.000000,0.000000,0.000000,0.000000,0.000000,0.000000,0.000000,0.500000,0.000000,1.000000,0.000000,1
18,11,-36.5,0.000000,0.000000,0.000000,0.000000,0.000000,0.000000,0.000000,0.000000,0.000000,0.000000,-1.500000,0.000000,-1.000000,0.000000,2
18,11,-36,0.000000,0.000000,0.000000,0.000000,0.000000,0.000000,0.000000,0.000000,0.000000,0.000000,-0.375000,0.859375,0.125000,0.859375,8
18,11,-35.5,0.000000,0.000000,0.000000,0.000000,0.000000,0.000000,0.000000,0.000000,0.000000,0.000000,-0.500000,1.000000,0.000000,1.000000,2
18,11,-35,0.000000,0.000000,0.000000,0.000000,0.000000,0.000000,0.000000,0.000000,0.000000,0.000000,-1.000000,0.250000,-0.500000,0.250000,4
18,11,-34.5,0.000000,0.000000,0.000000,0.000000,0.000000,0.000000,0.000000,0.000000,0.000000,0.000000,-0.166667,0.055556,-0.666667,0.222222,3
18,11,-34,0.000000,0.000000,0.000000,0.000000,0.000000,0.000000,0.000000,0.000000,0.000000,0.000000,-0.800000,0.760000,-0.600000,0.640000,10
18,11,-33.5,0.000000,0.000000,0.000000,0.000000,0.000000,0.000000,0.000000,0.000000,0.000000,0.000000,-0.500000,0.857143,0.000000,0.857143,7
18,11,-33,0.000000,0.000000,0.000000,0.000000,0.000000,0.000000,0.000000,0.000000,0.000000,0.000000,-1.000000,0.642857,-0.714286,0.489796,14
18,11,-32.5,0.000000,0.000000,0.000000,0.000000,0.000000,0.000000,0.000000,0.000000,0.000000,0.000000,-0.821429,0.557398,-0.428571,0.530612,14
18,11,-32,0.000000,0.000000,0.000000,0.000000,0.000000,0.000000,0.000000,0.000000,0.000000,0.000000,-0.789474,0.560942,-0.368421,0.548476,19
18,11,-31.5,0.000000,0.000000,0.000000,0.000000,0.000000,0.000000,0.000000,0.000000,0.000000,0.000000,-0.630435,0.613422,-0.260870,0.627599,23
18,11,-31,0.000000,0.000000,0.000000,0.000000,0.000000,0.000000,0.000000,0.000000,0.000000,0.000000,-0.629032,0.596254,-0.322581,0.605619,31
18,11,-30.5,0.000000,0.000000,0.000000,0.000000,0.000000,0.000000,0.000000,0.000000,0.000000,0.000000,-0.656250,0.709961,-0.312500,0.714844,48
18,11,-30,0.000000,0.000000,0.000000,0.000000,0.000000,0.000000,0.000000,0.000000,0.000000,0.000000,-0.688889,0.569877,-0.488889,0.516543,45
18,11,-29.5,0.000000,0.000000,0.000000,0.000000,0.000000,0.000000,0.000000,0.000000,0.000000,0.000000,-0.529412,0.504037,-0.352941,0.542099,51
18,11,-29,0.000000,0.000000,0.000000,0.000000,0.000000,0.000000,0.000000,0.000000,0.000000,0.000000,-0.611111,0.661265,-0.402778,0.657215,72
18,11,-28.5,0.000000,0.000000,0.000000,0.000000,0.000000,0.000000,0.000000,0.000000,0.000000,0.000000,-0.781553,0.605194,-0.660194,0.437930,103
18,11,-28,0.000000,0.000000,0.000000,0.000000,0.000000,0.000000,0.000000,0.000000,0.000000,0.000000,-0.558140,0.653597,-0.325581,0.684694,129
18,11,-27.5,0.000000,0.000000,0.000000,0.000000,0.000000,0.000000,0.000000,0.000000,0.000000,0.000000,-0.576613,0.564695,-0.354839,0.583767,124
18,11,-27,0.000000,0.000000,0.000000,0.000000,0.000000,0.000000,0.000000,0.000000,0.000000,0.000000,-0.536082,0.643028,-0.345361,0.679695,194
18,11,-26.5,0.000000,0.000000,0.000000,0.000000,0.000000,0.000000,0.000000,0.000000,0.000000,0.000000,-0.680435,0.685922,-0.421739,0.661267,230
18,11,-26,0.000000,0.000000,0.000000,0.000000,0.000000,0.000000,0.000000,0.000000,0.000000,0.000000,-0.645604,0.666986,-0.351648,0.667552,182
18,11,-25.5,0.000000,0.000000,0.000000,0.000000,0.000000,0.000000,0.000000,0.000000,0.000000,0.000000,-0.626741,0.642015,-0.431755,0.624173,359
18,11,-25,0.000000,0.000000,0.000000,0.000000,0.000000,0.000000,0.000000,0.000000,0.000000,0.000000,-0.645749,0.645761,-0.443320,0.619257,494
18,11,-24.5,0.000000,0.000000,0.000000,0.000000,0.000000,0.000000,0.000000,0.000000,0.000000,0.000000,-0.689655,0.596790,-0.441379,0.563805,435
18,11,-24,0.000000,0.000000,0.000000,0.000000,0.000000,0.000000,0.000000,0.000000,0.000000,0.000000,-0.606239,0.656504,-0.419899,0.648306,593
18,11,-23.5,0.000000,0.000000,0.000000,0.000000,0.000000,0.000000,0.000000,0.000000,0.000000,0.000000,-0.648743,0.651409,-0.427374,0.630200,716
18,11,-23,0.000000,0.000000,0.000000,0.000000,0.000000,0.000000,0.000000,0.000000,0.000000,0.000000,-0.645386,0.642221,-0.404506,0.629293,932
18,11,-22.5,0.000000,0.000000,0.000000,0.000000,0.000000,0.000000,0.000000,0.000000,0.000000,0.000000,-0.601478,0.673446,-0.426601,0.664317,1015
18,11,-22,0.000000,0.000000,0.000000,0.000000,0.000000,0.000000,0.000000,0.000000,0.000000,0.000000,-0.571368,0.669479,-0.405983,0.677058,1170
18,11,-21.5,0.000000,0.000000,0.000000,0.000000,0.000000,0.000000,0.000000,0.000000,0.000000,0.000000,-0.625164,0.649144,-0.433814,0.630941,1526
18,11,-21,0.000000,0.000000,0.000000,0.000000,0.000000,0.000000,0.000000,0.000000,0.000000,0.000000,-0.636078,0.649007,-0.446541,0.623357,1749
18,11,-20.5,0.000000,0.000000,0.000000,0.000000,0.000000,0.000000,0.000000,0.000000,0.000000,0.000000,-0.633394,0.666994,-0.459571,0.636671,2189
18,11,-20,0.000000,0.000000,0.000000,0.000000,0.000000,0.000000,0.000000,0.000000,0.000000,0.000000,-0.612016,0.661179,-0.422403,0.650496,2455
18,11,-19.5,0.000000,0.000000,0.000000,0.000000,0.000000,0.000000,0.000000,0.000000,0.000000,0.000000,-0.617637,0.647198,-0.443520,0.627267,2886
18,11,-19,0.000000,0.000000,0.000000,0.000000,0.000000,0.000000,0.000000,0.000000,0.000000,0.000000,-0.620208,0.644230,-0.470975,0.612246,3652
18,11,-18.5,0.000000,0.000000,0.000000,0.000000,0.000000,0.000000,0.000000,0.000000,0.000000,0.000000,-0.595712,0.659922,-0.417345,0.655722,4174
18,11,-18,0.000000,0.000000,0.000000,0.000000,0.000000,0.000000,0.000000,0.000000,0.000000,0.000000,-0.595757,0.656848,-0.422733,0.650803,5138
18,11,-17.5,0.000000,0.000000,0.000000,0.000000,0.000000,0.000000,0.000000,0.000000,0.000000,0.000000,-0.593075,0.652984,-0.432534,0.644291,5877
18,11,-17,0.000000,0.000000,0.000000,0.000000,0.000000,0.000000,0.000000,0.000000,0.000000,0.000000,-0.590211,0.659989,-0.427232,0.654110,6507
18,11,-16.5,0.000000,0.000000,0.000000,0.000000,0.000000,0.000000,0.000000,0.000000,0.000000,0.000000,-0.587601,0.654575,-0.439692,0.644965,8299
18,11,-16,0.000000,0.000000,0.000000,0.000000,0.000000,0.000000,0.000000,0.000000,0.000000,0.000000,-0.582478,0.650687,-0.430355,0.646223,8572
18,11,-15.5,0.000000,0.000000,0.000000,0.000000,0.000000,0.000000,0.000000,0.000000,0.000000,0.000000,-0.585275,0.652304,-0.432581,0.646102,11117
18,11,-15,0.000000,0.000000,0.000000,0.000000,0.000000,0.000000,0.000000,0.000000,0.000000,0.000000,-0.584512,0.650896,-0.431500,0.645340,12584
18,11,-14.5,0.000000,0.000000,0.000000,0.000000,0.000000,0.000000,0.000000,0.000000,0.000000,0.000000,-0.574699,0.652500,-0.434215,0.649295,14023
18,11,-14,0.000000,0.000000,0.000000,0.000000,0.000000,0.000000,0.000000,0.000000,0.000000,0.000000,-0.561047,0.651068,-0.434286,0.652810,17675
18,11,-13.5,0.000000,0.000000,0.000000,0.000000,0.000000,0.000000,0.000000,0.000000,0.000000,0.000000,-0.579650,0.655109,-0.438664,0.648534,19165
18,11,-13,0.000000,0.000000,0.000000,0.000000,0.000000,0.000000,0.000000,0.000000,0.000000,0.000000,-0.557799,0.652223,-0.434388,0.655165,23357
18,11,-12.5,0.000000,0.000000,0.000000,0.000000,0.000000,0.000000,0.000000,0.000000,0.000000,0.000000,-0.569086,0.650303,-0.439351,0.647179,26134
18,11,-12,0.000000,0.000000,0.000000,0.000000,0.000000,0.000000,0.000000,0.000000,0.000000,0.000000,-0.564003,0.653062,-0.434161,0.653742,31053
18,11,-11.5,0.000000,0.000000,0.000000,0.000000,0.000000,0.000000,0.000000,0.000000,0.000000,0.000000,-0.559213,0.650461,-0.439963,0.650775,35803
18,11,-11,0.000000,0.000000,0.000000,0.000000,0.000000,0.000000,0.000000,0.000000,0.000000,0.000000,-0.554200,0.650907,-0.440259,0.653047,40692
18,11,-10.5,0.000000,0.000000,0.000000,0.000000,0.000000,0.000000,0.000000,0.000000,0.000000,0.000000,-0.552186,0.652678,-0.436022,0.657205,49142
18,11,-10,0.000000,0.000000,0.000000,0.000000,0.000000,0.000000,0.000000,0.000000,0.000000,0.000000,-0.547079,0.649599,-0.436536,0.655980,56394
18,11,-9.5,0.000000,0.000000,0.000000,0.000000,0.000000,0.000000,0.000000,0.000000,0.000000,0.000000,-0.547644,0.647148,-0.438099,0.652715,61897
18,11,-9,0.000000,0.000000,0.000000,0.000000,0.000000,0.000000,0.000000,0.000000,0.000000,0.000000,-0.548136,0.646976,-0.442046,0.650843,75017
18,11,-8.5,0.000000,0.000000,0.000000,0.000000,0.000000,0.000000,0.000000,0.000000,0.000000,0.000000,-0.543313,0.649690,-0.441839,0.655607,84051
18,11,-8,0.000000,0.000000,0.000000,0.000000,0.000000,0.000000,0.000000,0.000000,0.000000,0.000000,-0.536293,0.645897,-0.442654,0.654452,99274
18,11,-7.5,0.000000,0.000000,0.000000,0.000000,0.000000,0.000000,0.000000,0.000000,0.000000,0.000000,-0.533744,0.643651,-0.445634,0.652145,113710
18,11,-7,0.000000,0.000000,0.000000,0.000000,0.000000,0.000000,0.000000,0.000000,0.000000,0.000000,-0.530450,0.643107,-0.443975,0.653683,131807
18,11,-6.5,0.000000,0.000000,0.000000,0.000000,0.000000,0.000000,0.000000,0.000000,0.000000,0.000000,-0.528549,0.644123,-0.445170,0.655072,153593
18,11,-6,0.000000,0.000000,0.000000,0.000000,0.000000,0.000000,0.000000,0.000000,0.000000,0.000000,-0.526485,0.642827,-0.443862,0.655203,175230
18,11,-5.5,0.000000,0.000000,0.000000,0.000000,0.000000,0.000000,0.000000,0.000000,0.000000,0.000000,-0.521130,0.643440,-0.444197,0.658109,208563
18,11,-5,0.000000,0.000000,0.000000,0.000000,0.000000,0.000000,0.000000,0.000000,0.000000,0.000000,-0.520552,0.642489,-0.447841,0.655995,239996
18,11,-4.5,0.000000,0.000000,0.000000,0.000000,0.000000,0.000000,0.000000,0.000000,0.000000,0.000000,-0.515932,0.640862,-0.443040,0.658385,277079
18,11,-4,0.000000,0.000000,0.000000,0.000000,0.000000,0.000000,0.000000,0.000000,0.000000,0.000000,-0.516226,0.639822,-0.451594,0.653832,327223
18,11,-3.5,0.000000,0.000000,0.000000,0.000000,0.000000,0.000000,0.000000,0.000000,0.000000,0.000000,-0.508985,0.638495,-0.448015,0.657374,380349
18,11,-3,0.000000,0.000000,0.000000,0.000000,0.000000,0.000000,0.000000,0.000000,0.000000,0.000000,-0.507634,0.637933,-0.449949,0.656695,447991
18,11,-2.5,0.000000,0.000000,0.000000,0.000000,0.000000,0.000000,0.000000,0.000000,0.000000,0.000000,-0.506726,0.637612,-0.451174,0.656323,524977
18,11,-2,0.000000,0.000000,0.000000,0.000000,0.000000,0.000000,0.000000,0.000000,0.000000,0.000000,-0.500649,0.635332,-0.451033,0.657093,614343
18,11,-1.5,0.000000,0.000000,0.000000,0.000000,0.000000,0.000000,0.000000,0.000000,0.000000,0.000000,-0.499319,0.633964,-0.453063,0.655570,737504
18,11,-1,0.000000,0.000000,0.000000,0.000000,0.000000,0.000000,0.000000,0.000000,0.000000,0.000000,-0.496405,0.633754,-0.453450,0.656672,844034
18,11,-0.5,0.000000,0.000000,0.000000,0.000000,0.000000,0.000000,0.000000,0.000000,0.000000,0.000000,-0.494880,0.632142,-0.454668,0.655339,1186419
18,11,0,0.000000,0.000000,0.000000,0.000000,0.000000,0.000000,0.000000,0.000000,0.000000,0.000000,-0.488194,0.635010,-0.452550,0.662526,1010581
18,11,0.5,0.000000,0.000000,0.000000,0.000000,0.000000,0.000000,0.000000,0.000000,0.000000,0.000000,-0.486316,0.632957,-0.454348,0.660728,818799
18,11,1,0.000000,0.000000,0.000000,0.000000,0.000000,0.000000,0.000000,0.000000,0.000000,0.000000,-0.484307,0.632406,-0.455166,0.660906,690019
18,11,1.5,0.000000,0.000000,0.000000,0.000000,0.000000,0.000000,0.000000,0.000000,0.000000,0.000000,-0.480376,0.631191,-0.455297,0.661742,601682
18,11,2,0.000000,0.000000,0.000000,0.000000,0.000000,0.000000,0.000000,0.000000,0.000000,0.000000,-0.476465,0.629378,-0.456397,0.661600,503428
18,11,2.5,0.000000,0.000000,0.000000,0.000000,0.000000,0.000000,0.000000,0.000000,0.000000,0.000000,-0.474907,0.629727,-0.454515,0.663576,431262
18,11,3,0.000000,0.000000,0.000000,0.000000,0.000000,0.000000,0.000000,0.000000,0.000000,0.000000,-0.476418,0.628940,-0.459421,0.659930,367606
18,11,3.5,0.000000,0.000000,0.000000,0.000000,0.000000,0.000000,0.000000,0.000000,0.000000,0.000000,-0.471095,0.626812,-0.460236,0.660401,313198
18,11,4,0.000000,0.000000,0.000000,0.000000,0.000000,0.000000,0.000000,0.000000,0.000000,0.000000,-0.465103,0.625014,-0.458691,0.662629,271669
18,11,4.5,0.000000,0.000000,0.000000,0.000000,0.000000,0.000000,0.000000,0.000000,0.000000,0.000000,-0.466190,0.623933,-0.466330,0.657683,230935
18,11,5,0.000000,0.000000,0.000000,0.000000,0.000000,0.000000,0.000000,0.000000,0.000000,0.000000,-0.462864,0.625361,-0.461557,0.663051,199349
18,11,5.5,0.000000,0.000000,0.000000,0.000000,0.000000,0.000000,0.000000,0.000000,0.000000,0.000000,-0.460592,0.622075,-0.463957,0.660054,173656
18,11,6,0.000000,0.000000,0.000000,0.000000,0.000000,0.000000,0.000000,0.000000,0.000000,0.000000,-0.462045,0.621820,-0.470789,0.655990,146779
18,11,6.5,0.000000,0.000000,0.000000,0.000000,0.000000,0.000000,0.000000,0.000000,0.000000,0.000000,-0.452202,0.620025,-0.463470,0.663139,128457
18,11,7,0.000000,0.000000,0.000000,0.000000,0.000000,0.000000,0.000000,0.000000,0.000000,0.000000,-0.454410,0.619969,-0.467994,0.659821,111604
18,11,7.5,0.000000,0.000000,0.000000,0.000000,0.000000,0.000000,0.000000,0.000000,0.000000,0.000000,-0.450401,0.618677,-0.468310,0.660777,94589
18,11,8,0.000000,0.000000,0.000000,0.000000,0.000000,0.000000,0.000000,0.000000,0.000000,0.000000,-0.448471,0.615492,-0.469322,0.658310,83235
18,11,8.5,0.000000,0.000000,0.000000,0.000000,0.000000,0.000000,0.000000,0.000000,0.000000,0.000000,-0.442463,0.613983,-0.473252,0.658721,70155
18,11,9,0.000000,0.000000,0.000000,0.000000,0.000000,0.000000,0.000000,0.000000,0.000000,0.000000,-0.445859,0.614668,-0.472798,0.657531,62919
18,11,9.5,0.000000,0.000000,0.000000,0.000000,0.000000,0.000000,0.000000,0.000000,0.000000,0.000000,-0.440161,0.612586,-0.476076,0.657476,52332
18,11,10,0.000000,0.000000,0.000000,0.000000,0.000000,0.000000,0.000000,0.000000,0.000000,0.000000,-0.432390,0.609335,-0.475060,0.659560,46672
18,11,10.5,0.000000,0.000000,0.000000,0.000000,0.000000,0.000000,0.000000,0.000000,0.000000,0.000000,-0.436857,0.611682,-0.480043,0.656821,41113
18,11,11,0.000000,0.000000,0.000000,0.000000,0.000000,0.000000,0.000000,0.000000,0.000000,0.000000,-0.433364,0.608046,-0.476778,0.656876,34471
18,11,11.5,0.000000,0.000000,0.000000,0.000000,0.000000,0.000000,0.000000,0.000000,0.000000,0.000000,-0.436247,0.611000,-0.482179,0.655533,29740
18,11,12,0.000000,0.000000,0.000000,0.000000,0.000000,0.000000,0.000000,0.000000,0.000000,0.000000,-0.418564,0.602476,-0.473696,0.662286,26137
18,11,12.5,0.000000,0.000000,0.000000,0.000000,0.000000,0.000000,0.000000,0.000000,0.000000,0.000000,-0.425959,0.603305,-0.488123,0.651605,21765
18,11,13,0.000000,0.000000,0.000000,0.000000,0.000000,0.000000,0.000000,0.000000,0.000000,0.000000,-0.423116,0.603013,-0.482198,0.655950,19913
18,11,13.5,0.000000,0.000000,0.000000,0.000000,0.000000,0.000000,0.000000,0.000000,0.000000,0.000000,-0.407116,0.602280,-0.470331,0.671304,15993
18,11,14,0.000000,0.000000,0.000000,0.000000,0.000000,0.000000,0.000000,0.000000,0.000000,0.000000,-0.423261,0.602598,-0.490487,0.651523,14875
18,11,14.5,0.000000,0.000000,0.000000,0.000000,0.000000,0.000000,0.000000,0.000000,0.000000,0.000000,-0.406889,0.593484,-0.490028,0.653596,11583
18,11,15,0.000000,0.000000,0.000000,0.000000,0.000000,0.000000,0.000000,0.000000,0.000000,0.000000,-0.401991,0.596377,-0.476416,0.666223,10346
18,11,15.5,0.000000,0.000000,0.000000,0.000000,0.000000,0.000000,0.000000,0.000000,0.000000,0.000000,-0.408260,0.595495,-0.483807,0.657615,9140
18,11,16,0.000000,0.000000,0.000000,0.000000,0.000000,0.000000,0.000000,0.000000,0.000000,0.000000,-0.407781,0.590069,-0.495385,0.646969,7043
18,11,16.5,0.000000,0.000000,0.000000,0.000000,0.000000,0.000000,0.000000,0.000000,0.000000,0.000000,-0.417676,0.601113,-0.495371,0.651346,7021
18,11,17,0.000000,0.000000,0.000000,0.000000,0.000000,0.000000,0.000000,0.000000,0.000000,0.000000,-0.404875,0.586259,-0.501369,0.642184,5477
18,11,17.5,0.000000,0.000000,0.000000,0.000000,0.000000,0.000000,0.000000,0.000000,0.000000,0.000000,-0.402030,0.595621,-0.482394,0.662697,4828
18,11,18,0.000000,0.000000,0.000000,0.000000,0.000000,0.000000,0.000000,0.000000,0.000000,0.000000,-0.409554,0.584463,-0.507749,0.633933,4323
18,11,18.5,0.000000,0.000000,0.000000,0.000000,0.000000,0.000000,0.000000,0.000000,0.000000,0.000000,-0.427137,0.594089,-0.533850,0.617758,3486
18,11,19,0.000000,0.000000,0.000000,0.000000,0.000000,0.000000,0.000000,0.000000,0.000000,0.000000,-0.374871,0.580642,-0.497074,0.660318,2905
18,11,19.5,0.000000,0.000000,0.000000,0.000000,0.000000,0.000000,0.000000,0.000000,0.000000,0.000000,-0.390693,0.580368,-0.514719,0.639394,2310
18,11,20,0.000000,0.000000,0.000000,0.000000,0.000000,0.000000,0.000000,0.000000,0.000000,0.000000,-0.422189,0.594216,-0.534119,0.620952,2037
18,11,20.5,0.000000,0.000000,0.000000,0.000000,0.000000,0.000000,0.000000,0.000000,0.000000,0.000000,-0.385067,0.566349,-0.533557,0.619120,1788
18,11,21,0.000000,0.000000,0.000000,0.000000,0.000000,0.000000,0.000000,0.000000,0.000000,0.000000,-0.377232,0.574054,-0.507653,0.646625,1568
18,11,21.5,0.000000,0.000000,0.000000,0.000000,0.000000,0.000000,0.000000,0.000000,0.000000,0.000000,-0.370649,0.580776,-0.517405,0.653178,1264
18,11,22,0.000000,0.000000,0.000000,0.000000,0.000000,0.000000,0.000000,0.000000,0.000000,0.000000,-0.395036,0.548186,-0.569804,0.571911,967
18,11,22.5,0.000000,0.000000,0.000000,0.000000,0.000000,0.000000,0.000000,0.000000,0.000000,0.000000,-0.389878,0.574080,-0.517241,0.632350,899
18,11,23,0.000000,0.000000,0.000000,0.000000,0.000000,0.000000,0.000000,0.000000,0.000000,0.000000,-0.398773,0.581471,-0.504294,0.640166,815
18,11,23.5,0.000000,0.000000,0.000000,0.000000,0.000000,0.000000,0.000000,0.000000,0.000000,0.000000,-0.463993,0.607541,-0.553191,0.597416,611
18,11,24,0.000000,0.000000,0.000000,0.000000,0.000000,0.000000,0.000000,0.000000,0.000000,0.000000,-0.311594,0.538002,-0.482402,0.676191,483
18,11,24.5,0.000000,0.000000,0.000000,0.000000,0.000000,0.000000,0.000000,0.000000,0.000000,0.000000,-0.300872,0.495959,-0.537791,0.614851,344
18,11,25,0.000000,0.000000,0.000000,0.000000,0.000000,0.000000,0.000000,0.000000,0.000000,0.000000,-0.392758,0.575546,-0.523677,0.628269,359
18,11,25.5,0.000000,0.000000,0.000000,0.000000,0.000000,0.000000,0.000000,0.000000,0.000000,0.000000,-0.380546,0.552284,-0.556314,0.594952,293
18,11,26,0.000000,0.000000,0.000000,0.000000,0.000000,0.000000,0.000000,0.000000,0.000000,0.000000,-0.308917,0.539920,-0.477707,0.682624,157
18,11,26.5,0.000000,0.000000,0.000000,0.000000,0.000000,0.000000,0.000000,0.000000,0.000000,0.000000,-0.290179,0.520707,-0.500000,0.669643,224
18,11,27,0.000000,0.000000,0.000000,0.000000,0.000000,0.000000,0.000000,0.000000,0.000000,0.000000,-0.350490,0.559755,-0.549020,0.629950,204
18,11,27.5,0.000000,0.000000,0.000000,0.000000,0.000000,0.000000,0.000000,0.000000,0.000000,0.000000,-0.372549,0.591599,-0.519608,0.661380,102
18,11,28,0.000000,0.000000,0.000000,0.000000,0.000000,0.000000,0.000000,0.000000,0.000000,0.000000,-0.357143,0.577806,-0.553571,0.639987,112
18,11,28.5,0.000000,0.000000,0.000000,0.000000,0.000000,0.000000,0.000000,0.000000,0.000000,0.000000,-0.356164,0.551229,-0.575342,0.600488,73
18,11,29,0.000000,0.000000,0.000000,0.000000,0.000000,0.000000,0.000000,0.000000,0.000000,0.000000,-0.433673,0.549172,-0.561224,0.552374,98
18,11,29.5,0.000000,0.000000,0.000000,0.000000,0.000000,0.000000,0.000000,0.000000,0.000000,0.000000,-0.180000,0.437600,-0.520000,0.689600,50
18,11,30,0.000000,0.000000,0.000000,0.000000,0.000000,0.000000,0.000000,0.000000,0.000000,0.000000,-0.275000,0.511875,-0.450000,0.697500,40
18,11,30.5,0.000000,0.000000,0.000000,0.000000,0.000000,0.000000,0.000000,0.000000,0.000000,0.000000,-0.423077,0.712032,-0.384615,0.800789,39
18,11,31,0.000000,0.000000,0.000000,0.000000,0.000000,0.000000,0.000000,0.000000,0.000000,0.000000,-0.500000,0.677419,-0.580645,0.630593,31
18,11,31.5,0.000000,0.000000,0.000000,0.000000,0.000000,0.000000,0.000000,0.000000,0.000000,0.000000,-0.303571,0.452487,-0.607143,0.524235,28
18,11,32,0.000000,0.000000,0.000000,0.000000,0.000000,0.000000,0.000000,0.000000,0.000000,0.000000,-0.142857,0.372449,-0.500000,0.678571,14
18,11,32.5,0.000000,0.000000,0.000000,0.000000,0.000000,0.000000,0.000000,0.000000,0.000000,0.000000,-0.250000,0.593750,-0.312500,0.839844,16
18,11,33,0.000000,0.000000,0.000000,0.000000,0.000000,0.000000,0.000000,0.000000,0.000000,0.000000,-0.266667,0.428889,-0.666667,0.488889,15
18,11,33.5,0.000000,0.000000,0.000000,0.000000,0.000000,0.000000,0.000000,0.000000,0.000000,0.000000,-0.187500,0.371094,-0.250000,0.687500,8
18,11,34,0.000000,0.000000,0.000000,0.000000,0.000000,0.000000,0.000000,0.000000,0.000000,0.000000,-0.312500,0.496094,-0.750000,0.437500,8
18,11,34.5,0.000000,0.000000,0.000000,0.000000,0.000000,0.000000,0.000000,0.000000,0.000000,0.000000,-0.750000,0.562500,-1.000000,0.000000,2
18,11,35,0.000000,0.000000,0.000000,0.000000,0.000000,0.000000,0.000000,0.000000,0.000000,0.000000,-0.500000,0.500000,-1.000000,0.000000,3
18,11,35.5,0.000000,0.000000,0.000000,0.000000,0.000000,0.000000,0.000000,0.000000,0.000000,0.000000,-0.500000,0.000000,0.000000,0.000000,1
18,11,36,0.000000,0.000000,0.000000,0.000000,0.000000,0.000000,0.000000,0.000000,0.000000,0.000000,-0.250000,0.062500,-0.500000,0.250000,2
18,11,36.5,0.000000,0.000000,0.000000,0.000000,0.000000,0.000000,0.000000,0.000000,0.000000,0.000000,0.166667,0.055556,-0.333333,0.888889,3
18,11,37,0.000000,0.000000,0.000000,0.000000,0.000000,0.000000,0.000000,0.000000,0.000000,0.000000,0.000000,0.000000,-1.000000,0.000000,2
18,11,38,0.000000,0.000000,0.000000,0.000000,0.000000,0.000000,0.000000,0.000000,0.000000,0.000000,-0.500000,0.500000,-1.000000,0.000000,3
18,11,39,0.000000,0.000000,0.000000,0.000000,0.000000,0.000000,0.000000,0.000000,0.000000,0.000000,0.166667,0.055556,-0.333333,0.888889,3
18,11,40,0.000000,0.000000,0.000000,0.000000,0.000000,0.000000,0.000000,0.000000,0.000000,0.000000,0.500000,0.000000,1.000000,0.000000,1
18,11,41.5,0.000000,0.000000,0.000000,0.000000,0.000000,0.000000,0.000000,0.000000,0.000000,0.000000,-1.500000,0.000000,-1.000000,0.000000,1
19,11,-39,0.000000,0.000000,0.000000,0.000000,0.000000,0.000000,0.000000,0.000000,0.000000,0.000000,-1.166667,0.222222,-0.666667,0.222222,3
19,11,-38,0.000000,0.000000,0.000000,0.000000,0.000000,0.000000,0.000000,0.000000,0.000000,0.000000,-1.000000,0.250000,-0.500000,0.250000,2
19,11,-36.5,0.000000,0.000000,0.000000,0.000000,0.000000,0.000000,0.000000,0.000000,0.000000,0.000000,-1.500000,0.000000,-1.000000,0.000000,1
19,11,-36,0.000000,0.000000,0.000000,0.000000,0.000000,0.000000,0.000000,0.000000,0.000000,0.000000,-0.333333,0.722222,-0.333333,0.888889,3
19,11,-35.5,0.000000,0.000000,0.000000,0.000000,0.000000,0.000000,0.000000,0.000000,0.000000,0.000000,-0.625000,0.796875,-0.500000,0.750000,4
19,11,-35,0.000000,0.000000,0.000000,0.000000,0.000000,0.000000,0.000000,0.000000,0.000000,0.000000,-0.500000,0.800000,-0.000000,0.800000,5
19,11,-34.5,0.000000,0.000000,0.000000,0.000000,0.000000,0.000000,0.000000,0.000000,0.000000,0.000000,-0.166667,0.888889,0.333333,0.888889,3
19,11,-34,0.000000,0.000000,0.000000,0.000000,0.000000,0.000000,0.000000,0.000000,0.000000,0.000000,-0.375000,0.796875,-0.250000,0.937500,8
19,11,-33.5,0.000000,0.000000,0.000000,0.000000,0.000000,0.000000,0.000000,0.000000,0.000000,0.000000,-0.250000,0.687500,0.250000,0.687500,4
19,11,-33,0.000000,0.000000,0.000000,0.000000,0.000000,0.000000,0.000000,0.000000,0.000000,0.000000,-0.700000,0.760000,-0.200000,0.760000,10
19,11,-32.5,0.000000,0.000000,0.000000,0.000000,0.000000,0.000000,0.000000,0.000000,0.000000,0.000000,-0.500000,0.861111,-0.166667,0.916667,18
19,11,-32,0.000000,0.000000,0.000000,0.000000,0.000000,0.000000,0.000000,0.000000,0.000000,0.000000,-0.078947,0.533241,0.263158,0.720222,19
19,11,-31.5,0.000000,0.000000,0.000000,0.000000,0.000000,0.000000,0.000000,0.000000,0.000000,0.000000,0.000000,0.250000,-0.045455,0.770661,22
19,11,-31,0.000000,0.000000,0.000000,0.000000,0.000000,0.000000,0.000000,0.000000,0.000000,0.000000,-0.092593,0.630316,0.074074,0.957476,27
19,11,-30.5,0.000000,0.000000,0.000000,0.000000,0.000000,0.000000,0.000000,0.000000,0.000000,0.000000,-0.161765,0.716479,0.117647,0.927336,34
19,11,-30,0.000000,0.000000,0.000000,0.000000,0.000000,0.000000,0.000000,0.000000,0.000000,0.000000,-0.606061,0.708448,-0.242424,0.729109,33
19,11,-29.5,0.000000,0.000000,0.000000,0.000000,0.000000,0.000000,0.000000,0.000000,0.000000,0.000000,-0.339286,0.661671,-0.107143,0.809949,56
19,11,-29,0.000000,0.000000,0.000000,0.000000,0.000000,0.000000,0.000000,0.000000,0.000000,0.000000,-0.344595,0.722471,-0.027027,0.837107,74
19,11,-28.5,0.000000,0.000000,0.000000,0.000000,0.000000,0.000000,0.000000,0.000000,0.000000,0.000000,-0.215116,0.549655,-0.011628,0.778935,86
19,11,-28,0.000000,0.000000,0.000000,0.000000,0.000000,0.000000,0.000000,0.000000,0.000000,0.000000,-0.295652,0.660416,-0.043478,0.824197,115
19,11,-27.5,0.000000,0.000000,0.000000,0.000000,0.000000,0.000000,0.000000,0.000000,0.000000,0.000000,-0.226852,0.599001,-0.101852,0.850737,108
19,11,-27,0.000000,0.000000,0.000000,0.000000,0.000000,0.000000,0.000000,0.000000,0.000000,0.000000,-0.292793,0.634993,-0.103604,0.822600,222
19,11,-26.5,0.000000,0.000000,0.000000,0.000000,0.000000,0.000000,0.000000,0.000000,0.000000,0.000000,-0.205882,0.603691,-0.011765,0.842999,255
19,11,-26,0.000000,0.000000,0.000000,0.000000,0.000000,0.000000,0.000000,0.000000,0.000000,0.000000,-0.353093,0.688470,-0.061856,0.810607,194
19,11,-25.5,0.000000,0.000000,0.000000,0.000000,0.000000,0.000000,0.000000,0.000000,0.000000,0.000000,-0.224044,0.606908,-0.035519,0.837536,366
19,11,-25,0.000000,0.000000,0.000000,0.000000,0.000000,0.000000,0.000000,0.000000,0.000000,0.000000,-0.337209,0.652146,-0.141649,0.810802,473
19,11,-24.5,0.000000,0.000000,0.000000,0.000000,0.000000,0.000000,0.000000,0.000000,0.000000,0.000000,-0.286571,0.633105,-0.074341,0.817015,417
19,11,-24,0.000000,0.000000,0.000000,0.000000,0.000000,0.000000,0.000000,0.000000,0.000000,0.000000,-0.303957,0.591963,-0.111511,0.771738,556
19,11,-23.5,0.000000,0.000000,0.000000,0.000000,0.000000,0.000000,0.000000,0.000000,0.000000,0.000000,-0.285823,0.606948,-0.062500,0.787252,656
19,11,-23,0.000000,0.000000,0.000000,0.000000,0.000000,0.000000,0.000000,0.000000,0.000000,0.000000,-0.341899,0.646792,-0.165363,0.806175,895
19,11,-22.5,0.000000,0.000000,0.000000,0.000000,0.000000,0.000000,0.000000,0.000000,0.000000,0.000000,-0.286735,0.637171,-0.080612,0.823094,980
19,11,-22,0.000000,0.000000,0.000000,0.000000,0.000000,0.000000,0.000000,0.000000,0.000000,0.000000,-0.310098,0.647360,-0.087578,0.814493,1119
19,11,-21.5,0.000000,0.000000,0.000000,0.000000,0.000000,0.000000,0.000000,0.000000,0.000000,0.000000,-0.322200,0.628341,-0.135560,0.798257,1527
19,11,-21,0.000000,0.000000,0.000000,0.000000,0.000000,0.000000,0.000000,0.000000,0.000000,0.000000,-0.274203,0.635827,-0.075942,0.831914,1725
19,11,-20.5,0.000000,0.000000,0.000000,0.000000,0.000000,0.000000,0.000000,0.000000,0.000000,0.000000,-0.300490,0.632990,-0.101961,0.813133,2040
19,11,-20,0.000000,0.000000,0.000000,0.000000,0.000000,0.000000,0.000000,0.000000,0.000000,0.000000,-0.293222,0.630559,-0.108537,0.819194,2331
19,11,-19.5,0.000000,0.000000,0.000000,0.000000,0.000000,0.000000,0.000000,0.000000,0.000000,0.000000,-0.272528,0.609238,-0.104706,0.816107,2741
19,11,-19,0.000000,0.000000,0.000000,0.000000,0.000000,0.000000,0.000000,0.000000,0.000000,0.000000,-0.267223,0.599684,-0.084977,0.805525,3295
19,11,-18.5,0.000000,0.000000,0.000000,0.000000,0.000000,0.000000,0.000000,0.000000,0.000000,0.000000,-0.279616,0.617192,-0.092953,0.813790,3959
19,11,-18,0.000000,0.000000,0.000000,0.000000,0.000000,0.000000,0.000000,0.000000,0.000000,0.000000,-0.262010,0.603030,-0.109608,0.821454,4954
19,11,-17.5,0.000000,0.000000,0.000000,0.000000,0.000000,0.000000,0.000000,0.000000,0.000000,0.000000,-0.261264,0.612903,-0.084365,0.824331,5571
19,11,-17,0.000000,0.000000,0.000000,0.000000,0.000000,0.000000,0.000000,0.000000,0.000000,0.000000,-0.270732,0.603293,-0.111488,0.813805,6198
19,11,-16.5,0.000000,0.000000,0.000000,0.000000,0.000000,0.000000,0.000000,0.000000,0.000000,0.000000,-0.266199,0.609417,-0.095097,0.819486,8118
19,11,-16,0.000000,0.000000,0.000000,0.000000,0.000000,0.000000,0.000000,0.000000,0.000000,0.000000,-0.260393,0.596789,-0.101336,0.814403,8082
19,11,-15.5,0.000000,0.000000,0.000000,0.000000,0.000000,0.000000,0.000000,0.000000,0.000000,0.000000,-0.260334,0.598176,-0.115704,0.819914,10354
19,11,-15,0.000000,0.000000,0.000000,0.000000,0.000000,0.000000,0.000000,0.000000,0.000000,0.000000,-0.262903,0.604199,-0.116855,0.823735,11955
19,11,-14.5,0.000000,0.000000,0.000000,0.000000,0.000000,0.000000,0.000000,0.000000,0.000000,0.000000,-0.261210,0.602129,-0.117643,0.823526,13269
19,11,-14,0.000000,0.000000,0.000000,0.000000,0.000000,0.000000,0.000000,0.000000,0.000000,0.000000,-0.262151,0.601643,-0.119375,0.822577,16645
19,11,-13.5,0.000000,0.000000,0.000000,0.000000,0.000000,0.000000,0.000000,0.000000,0.000000,0.000000,-0.252569,0.594475,-0.121911,0.825505,18292
19,11,-13,0.000000,0.000000,0.000000,0.000000,0.000000,0.000000,0.000000,0.000000,0.000000,0.000000,-0.253339,0.589154,-0.125294,0.820275,22539
19,11,-12.5,0.000000,0.000000,0.000000,0.000000,0.000000,0.000000,0.000000,0.000000,0.000000,0.000000,-0.241774,0.582625,-0.126368,0.825634,25133
19,11,-12,0.000000,0.000000,0.000000,0.000000,0.000000,0.000000,0.000000,0.000000,0.000000,0.000000,-0.250737,0.591115,-0.123133,0.824284,29529
19,11,-11.5,0.000000,0.000000,0.000000,0.000000,0.000000,0.000000,0.000000,0.000000,0.000000,0.000000,-0.247918,0.587732,-0.126107,0.824469,34217
19,11,-11,0.000000,0.000000,0.000000,0.000000,0.000000,0.000000,0.000000,0.000000,0.000000,0.000000,-0.248989,0.586979,-0.136091,0.825016,38827
19,11,-10.5,0.000000,0.000000,0.000000,0.000000,0.000000,0.000000,0.000000,0.000000,0.000000,0.000000,-0.248547,0.584451,-0.129397,0.821360,46987
19,11,-10,0.000000,0.000000,0.000000,0.000000,0.000000,0.000000,0.000000,0.000000,0.000000,0.000000,-0.242132,0.582205,-0.129045,0.825505,53826
19,11,-9.5,0.000000,0.000000,0.000000,0.000000,0.000000,0.000000,0.000000,0.000000,0.000000,0.000000,-0.239457,0.576139,-0.135488,0.823681,59090
19,11,-9,0.000000,0.000000,0.000000,0.000000,0.000000,0.000000,0.000000,0.000000,0.000000,0.000000,-0.237958,0.575943,-0.133900,0.824651,71643
19,11,-8.5,0.000000,0.000000,0.000000,0.000000,0.000000,0.000000,0.000000,0.000000,0.000000,0.000000,-0.234430,0.572537,-0.136278,0.825417,79866
19,11,-8,0.000000,0.000000,0.000000,0.000000,0.000000,0.000000,0.000000,0.000000,0.000000,0.000000,-0.233948,0.570874,-0.139909,0.825063,94476
19,11,-7.5,0.000000,0.000000,0.000000,0.000000,0.000000,0.000000,0.000000,0.000000,0.000000,0.000000,-0.236733,0.574115,-0.142878,0.826083,108050
19,11,-7,0.000000,0.000000,0.000000,0.000000,0.000000,0.000000,0.000000,0.000000,0.000000,0.000000,-0.232800,0.568033,-0.145286,0.824564,126179
19,11,-6.5,0.000000,0.000000,0.000000,0.000000,0.000000,0.000000,0.000000,0.000000,0.000000,0.000000,-0.227552,0.566576,-0.143048,0.828090,147160
19,11,-6,0.000000,0.000000,0.000000,0.000000,0.000000,0.000000,0.000000,0.000000,0.000000,0.000000,-0.231776,0.566883,-0.152456,0.825925,168167
19,11,-5.5,0.000000,0.000000,0.000000,0.000000,0.000000,0.000000,0.000000,0.000000,0.000000,0.000000,-0.227996,0.562170,-0.151928,0.825040,198120
19,11,-5,0.000000,0.000000,0.000000,0.000000,0.000000,0.000000,0.000000,0.000000,0.000000,0.000000,-0.226074,0.560442,-0.154160,0.825755,228529
19,11,-4.5,0.000000,0.000000,0.000000,0.000000,0.000000,0.000000,0.000000,0.000000,0.000000,0.000000,-0.224653,0.558421,-0.157637,0.825879,265229
19,11,-4,0.000000,0.000000,0.000000,0.000000,0.000000,0.000000,0.000000,0.000000,0.000000,0.000000,-0.224709,0.558257,-0.159748,0.826042,314151
19,11,-3.5,0.000000,0.000000,0.000000,0.000000,0.000000,0.000000,0.000000,0.000000,0.000000,0.000000,-0.221029,0.554689,-0.160710,0.826526,363959
19,11,-3,0.000000,0.000000,0.000000,0.000000,0.000000,0.000000,0.000000,0.000000,0.000000,0.000000,-0.219157,0.552033,-0.162452,0.826162,428140
19,11,-2.5,0.000000,0.000000,0.000000,0.000000,0.000000,0.000000,0.000000,0.000000,0.000000,0.000000,-0.217573,0.550308,-0.164140,0.826414,506471
19,11,-2,0.000000,0.000000,0.000000,0.000000,0.000000,0.000000,0.000000,0.000000,0.000000,0.000000,-0.215960,0.548775,-0.165674,0.826863,591089
19,11,-1.5,0.000000,0.000000,0.000000,0.000000,0.000000,0.000000,0.000000,0.000000,0.000000,0.000000,-0.215999,0.547030,-0.170974,0.825942,708451
19,11,-1,0.000000,0.000000,0.000000,0.000000,0.000000,0.000000,0.000000,0.000000,0.000000,0.000000,-0.215097,0.545283,-0.173665,0.825578,802147
19,11,-0.5,0.000000,0.000000,0.000000,0.000000,0.000000,0.000000,0.000000,0.000000,0.000000,0.000000,-0.213437,0.543071,-0.174624,0.825289,1081804
19,11,0,0.000000,0.000000,0.000000,0.000000,0.000000,0.000000,0.000000,0.000000,0.000000,0.000000,-0.212946,0.542022,-0.178858,0.825387,898029
19,11,0.5,0.000000,0.000000,0.000000,0.000000,0.000000,0.000000,0.000000,0.000000,0.000000,0.000000,-0.210732,0.539888,-0.179066,0.825666,712446
19,11,1,0.000000,0.000000,0.000000,0.000000,0.000000,0.000000,0.000000,0.000000,0.000000,0.000000,-0.208512,0.536759,-0.181292,0.825248,597291
19,11,1.5,0.000000,0.000000,0.000000,0.000000,0.000000,0.000000,0.000000,0.000000,0.000000,0.000000,-0.207929,0.535860,-0.183789,0.825317,522658
19,11,2,0.000000,0.000000,0.000000,0.000000,0.000000,0.000000,0.000000,0.000000,0.000000,0.000000,-0.207673,0.534784,-0.186966,0.824929,436593
19,11,2.5,0.000000,0.000000,0.000000,0.000000,0.000000,0.000000,0.000000,0.000000,0.000000,0.000000,-0.203555,0.531931,-0.185497,0.826372,373218
19,11,3,0.000000,0.000000,0.000000,0.000000,0.000000,0.000000,0.000000,0.000000,0.000000,0.000000,-0.204749,0.530795,-0.193141,0.824860,319720
19,11,3.5,0.000000,0.000000,0.000000,0.000000,0.000000,0.000000,0.000000,0.000000,0.000000,0.000000,-0.202671,0.530293,-0.189206,0.826167,271904
19,11,4,0.000000,0.000000,0.000000,0.000000,0.000000,0.000000,0.000000,0.000000,0.000000,0.000000,-0.198952,0.525309,-0.191914,0.825589,236851
19,11,4.5,0.000000,0.000000,0.000000,0.000000,0.000000,0.000000,0.000000,0.000000,0.000000,0.000000,-0.197925,0.523616,-0.195989,0.825485,200884
19,11,5,0.000000,0.000000,0.000000,0.000000,0.000000,0.000000,0.000000,0.000000,0.000000,0.000000,-0.201788,0.523945,-0.203365,0.822307,173073
19,11,5.5,0.000000,0.000000,0.000000,0.000000,0.000000,0.000000,0.000000,0.000000,0.000000,0.000000,-0.198268,0.523430,-0.199809,0.825319,150864
19,11,6,0.000000,0.000000,0.000000,0.000000,0.000000,0.000000,0.000000,0.000000,0.000000,0.000000,-0.197679,0.518415,-0.208103,0.821719,127735
19,11,6.5,0.000000,0.000000,0.000000,0.000000,0.000000,0.000000,0.000000,0.000000,0.000000,0.000000,-0.190930,0.512594,-0.207525,0.823349,111360
19,11,7,0.000000,0.000000,0.000000,0.000000,0.000000,0.000000,0.000000,0.000000,0.000000,0.000000,-0.194600,0.516420,-0.210592,0.823336,96580
19,11,7.5,0.000000,0.000000,0.000000,0.000000,0.000000,0.000000,0.000000,0.000000,0.000000,0.000000,-0.187083,0.508863,-0.209797,0.824122,83185
19,11,8,0.000000,0.000000,0.000000,0.000000,0.000000,0.000000,0.000000,0.000000,0.000000,0.000000,-0.191274,0.510189,-0.217982,0.821339,72561
19,11,8.5,0.000000,0.000000,0.000000,0.000000,0.000000,0.000000,0.000000,0.000000,0.000000,0.000000,-0.192750,0.508095,-0.223337,0.817911,60926
19,11,9,0.000000,0.000000,0.000000,0.000000,0.000000,0.000000,0.000000,0.000000,0.000000,0.000000,-0.189959,0.510071,-0.221046,0.822878,54717
19,11,9.5,0.000000,0.000000,0.000000,0.000000,0.000000,0.000000,0.000000,0.000000,0.000000,0.000000,-0.184602,0.500664,-0.226580,0.819791,45154
19,11,10,0.000000,0.000000,0.000000,0.000000,0.000000,0.000000,0.000000,0.000000,0.000000,0.000000,-0.191574,0.507533,-0.226531,0.818822,40851
19,11,10.5,0.000000,0.000000,0.000000,0.000000,0.000000,0.000000,0.000000,0.000000,0.000000,0.000000,-0.184404,0.501930,-0.222855,0.821092,35669
19,11,11,0.000000,0.000000,0.000000,0.000000,0.000000,0.000000,0.000000,0.000000,0.000000,0.000000,-0.179424,0.497011,-0.222930,0.821835,29525
19,11,11.5,0.000000,0.000000,0.000000,0.000000,0.000000,0.000000,0.000000,0.000000,0.000000,0.000000,-0.184238,0.498623,-0.231921,0.818384,26246
19,11,12,0.000000,0.000000,0.000000,0.000000,0.000000,0.000000,0.000000,0.000000,0.000000,0.000000,-0.180722,0.498017,-0.227641,0.821595,22720
19,11,12.5,0.000000,0.000000,0.000000,0.000000,0.000000,0.000000,0.000000,0.000000,0.000000,0.000000,-0.175710,0.486463,-0.236084,0.816078,19222
19,11,13,0.000000,0.000000,0.000000,0.000000,0.000000,0.000000,0.000000,0.000000,0.000000,0.000000,-0.186815,0.493719,-0.258631,0.810822,17148
19,11,13.5,0.000000,0.000000,0.000000,0.000000,0.000000,0.000000,0.000000,0.000000,0.000000,0.000000,-0.169362,0.488086,-0.226831,0.824690,13790
19,11,14,0.000000,0.000000,0.000000,0.000000,0.000000,0.000000,0.000000,0.000000,0.000000,0.000000,-0.184679,0.495091,-0.244787,0.814651,12852
19,11,14.5,0.000000,0.000000,0.000000,0.000000,0.000000,0.000000,0.000000,0.000000,0.000000,0.000000,-0.188372,0.498319,-0.243025,0.813697,10036
19,11,15,0.000000,0.000000,0.000000,0.000000,0.000000,0.000000,0.000000,0.000000,0.000000,0.000000,-0.176597,0.484396,-0.253050,0.813178,9097
19,11,15.5,0.000000,0.000000,0.000000,0.000000,0.000000,0.000000,0.000000,0.000000,0.000000,0.000000,-0.172796,0.481633,-0.269843,0.814405,7723
19,11,16,0.000000,0.000000,0.000000,0.000000,0.000000,0.000000,0.000000,0.000000,0.000000,0.000000,-0.156048,0.466415,-0.255323,0.819165,6200
19,11,16.5,0.000000,0.000000,0.000000,0.000000,0.000000,0.000000,0.000000,0.000000,0.000000,0.000000,-0.161994,0.468657,-0.266921,0.814121,6028
19,11,17,0.000000,0.000000,0.000000,0.000000,0.000000,0.000000,0.000000,0.000000,0.000000,0.000000,-0.180564,0.485644,-0.270953,0.809462,4713
19,11,17.5,0.000000,0.000000,0.000000,0.000000,0.000000,0.000000,0.000000,0.000000,0.000000,0.000000,-0.169308,0.480249,-0.257982,0.817389,4291
19,11,18,0.000000,0.000000,0.000000,0.000000,0.000000,0.000000,0.000000,0.000000,0.000000,0.000000,-0.166578,0.463963,-0.276203,0.803658,3740
19,11,18.5,0.000000,0.000000,0.000000,0.000000,0.000000,0.000000,0.000000,0.000000,0.000000,0.000000,-0.152574,0.451905,-0.258690,0.808748,2992
19,11,19,0.000000,0.000000,0.000000,0.000000,0.000000,0.000000,0.000000,0.000000,0.000000,0.000000,-0.148855,0.432945,-0.279229,0.793466,2489
19,11,19.5,0.000000,0.000000,0.000000,0.000000,0.000000,0.000000,0.000000,0.000000,0.000000,0.000000,-0.157895,0.472414,-0.253984,0.822986,2071
19,11,20,0.000000,0.000000,0.000000,0.000000,0.000000,0.000000,0.000000,0.000000,0.000000,0.000000,-0.200328,0.477110,-0.323481,0.773849,1827
19,11,20.5,0.000000,0.000000,0.000000,0.000000,0.000000,0.000000,0.000000,0.000000,0.000000,0.000000,-0.173971,0.467742,-0.297477,0.797298,1506
19,11,21,0.000000,0.000000,0.000000,0.000000,0.000000,0.000000,0.000000,0.000000,0.000000,0.000000,-0.185703,0.474061,-0.334887,0.785286,1287
19,11,21.5,0.000000,0.000000,0.000000,0.000000,0.000000,0.000000,0.000000,0.000000,0.000000,0.000000,-0.176909,0.472428,-0.288641,0.799368,1074
19,11,22,0.000000,0.000000,0.000000,0.000000,0.000000,0.000000,0.000000,0.000000,0.000000,0.000000,-0.142683,0.453422,-0.231707,0.821921,820
19,11,22.5,0.000000,0.000000,0.000000,0.000000,0.000000,0.000000,0.000000,0.000000,0.000000,0.000000,-0.126344,0.411457,-0.287634,0.798987,744
19,11,23,0.000000,0.000000,0.000000,0.000000,0.000000,0.000000,0.000000,0.000000,0.000000,0.000000,-0.147265,0.466392,-0.238429,0.829547,713
19,11,23.5,0.000000,0.000000,0.000000,0.000000,0.000000,0.000000,0.000000,0.000000,0.000000,0.000000,-0.190196,0.462845,-0.360784,0.763952,510
19,11,24,0.000000,0.000000,0.000000,0.000000,0.000000,0.000000,0.000000,0.000000,0.000000,0.000000,-0.064767,0.375339,-0.248705,0.844882,386
19,11,24.5,0.000000,0.000000,0.000000,0.000000,0.000000,0.000000,0.000000,0.000000,0.000000,0.000000,-0.179012,0.438634,-0.354938,0.753648,324
19,11,25,0.000000,0.000000,0.000000,0.000000,0.000000,0.000000,0.000000,0.000000,0.000000,0.000000,-0.163205,0.414017,-0.406528,0.733845,337
19,11,25.5,0.000000,0.000000,0.000000,0.000000,0.000000,0.000000,0.000000,0.000000,0.000000,0.000000,-0.097046,0.372439,-0.324895,0.793178,237
19,11,26,0.000000,0.000000,0.000000,0.000000,0.000000,0.000000,0.000000,0.000000,0.000000,0.000000,-0.194444,0.486497,-0.298611,0.792776,144
19,11,26.5,0.000000,0.000000,0.000000,0.000000,0.000000,0.000000,0.000000,0.000000,0.000000,0.000000,-0.150838,0.443728,-0.296089,0.800599,179
19,11,27,0.000000,0.000000,0.000000,0.000000,0.000000,0.000000,0.000000,0.000000,0.000000,0.000000,-0.093750,0.361003,-0.291667,0.789931,144
19,11,27.5,0.000000,0.000000,0.000000,0.000000,0.000000,0.000000,0.000000,0.000000,0.000000,0.000000,-0.336538,0.598280,-0.413462,0.742511,104
19,11,28,0.000000,0.000000,0.000000,0.000000,0.000000,0.000000,0.000000,0.000000,0.000000,0.000000,-0.050000,0.305833,-0.266667,0.795556,90
19,11,28.5,0.000000,0.000000,0.000000,0.000000,0.000000,0.000000,0.000000,0.000000,0.000000,0.000000,-0.237288,0.511491,-0.474576,0.723930,59
19,11,29,0.000000,0.000000,0.000000,0.000000,0.000000,0.000000,0.000000,0.000000,0.000000,0.000000,-0.139535,0.410763,-0.232558,0.783126,43
19,11,29.5,0.000000,0.000000,0.000000,0.000000,0.000000,0.000000,0.000000,0.000000,0.000000,0.000000,0.011364,0.266916,-0.204545,0.844525,44
19,11,30,0.000000,0.000000,0.000000,0.000000,0.000000,0.000000,0.000000,0.000000,0.000000,0.000000,-0.100000,0.340000,-0.371429,0.747755,35
19,11,30.5,0.000000,0.000000,0.000000,0.000000,0.000000,0.000000,0.000000,0.000000,0.000000,0.000000,-0.044118,0.314230,-0.205882,0.810554,34
19,11,31,0.000000,0.000000,0.000000,0.000000,0.000000,0.000000,0.000000,0.000000,0.000000,0.000000,-0.407407,0.685871,-0.296296,0.801097,27
19,11,31.5,0.000000,0.000000,0.000000,0.000000,0.000000,0.000000,0.000000,0.000000,0.000000,0.000000,0.000000,0.214286,-0.571429,0.673469,14
19,11,32,0.000000,0.000000,0.000000,0.000000,0.000000,0.000000,0.000000,0.000000,0.000000,0.000000,0.058824,0.261246,-0.058824,0.878893,17
19,11,32.5,0.000000,0.000000,0.000000,0.000000,0.000000,0.000000,0.000000,0.000000,0.000000,0.000000,0.058824,0.231834,-0.235294,0.885813,17
19,11,33,0.000000,0.000000,0.000000,0.000000,0.000000,0.000000,0.000000,0.000000,0.000000,0.000000,-0.800000,0.760000,-0.600000,0.640000,5
19,11,33.5,0.000000,0.000000,0.000000,0.000000,0.000000,0.000000,0.000000,0.000000,0.000000,0.000000,-0.125000,0.296875,-0.750000,0.437500,8
19,11,34,0.000000,0.000000,0.000000,0.000000,0.000000,0.000000,0.000000,0.000000,0.000000,0.000000,-0.500000,0.700000,-0.600000,0.640000,5
19,11,34.5,0.000000,0.000000,0.000000,0.000000,0.000000,0.000000,0.000000,0.000000,0.000000,0.000000,0.000000,0.000000,-1.000000,0.000000,3
19,11,35,0.000000,0.000000,0.000000,0.000000,0.000000,0.000000,0.000000,0.000000,0.000000,0.000000,-0.166667,0.888889,0.333333,0.888889,3
19,11,35.5,0.000000,0.000000,0.000000,0.000000,0.000000,0.000000,0.000000,0.000000,0.000000,0.000000,0.250000,0.062500,0.000000,1.000000,2
19,11,36,0.000000,0.000000,0.000000,0.000000,0.000000,0.000000,0.000000,0.000000,0.000000,0.000000,0.000000,0.000000,-1.000000,0.000000,1
19,11,37.5,0.000000,0.000000,0.000000,0.000000,0.000000,0.000000,0.000000,0.000000,0.000000,0.000000,0.000000,0.000000,-1.000000,0.000000,1
19,11,38,0.000000,0.000000,0.000000,0.000000,0.000000,0.000000,0.000000,0.000000,0.000000,0.000000,0.500000,0.000000,1.000000,0.000000,1
19,11,39,0.000000,0.000000,0.000000,0.000000,0.000000,0.000000,0.000000,0.000000,0.000000,0.000000,-1.500000,0.000000,-1.000000,0.000000,1
19,11,40,0.000000,0.000000,0.000000,0.000000,0.000000,0.000000,0.000000,0.000000,0.000000,0.000000,0.000000,0.000000,-1.000000,0.000000,1
20,11,-45.5,0.000000,0.000000,0.000000,0.000000,0.000000,0.000000,0.000000,0.000000,0.000000,0.000000,0.500000,0.000000,1.000000,0.000000,1
20,11,-39.5,0.000000,0.000000,0.000000,0.000000,0.000000,0.000000,0.000000,0.000000,0.000000,0.000000,-0.500000,0.000000,0.000000,0.000000,1
20,11,-39,0.000000,0.000000,0.000000,0.000000,0.000000,0.000000,0.000000,0.000000,0.000000,0.000000,-1.500000,0.000000,-1.000000,0.000000,1
20,11,-38.5,0.000000,0.000000,0.000000,0.000000,0.000000,0.000000,0.000000,0.000000,0.000000,0.000000,0.000000,0.250000,0.500000,0.250000,2
20,11,-38,0.000000,0.000000,0.000000,0.000000,0.000000,0.000000,0.000000,0.000000,0.000000,0.000000,0.300000,0.160000,0.800000,0.160000,5
20,11,-37.5,0.000000,0.000000,0.000000,0.000000,0.000000,0.000000,0.000000,0.000000,0.000000,0.000000,0.500000,0.000000,1.000000,0.000000,4
20,11,-37,0.000000,0.000000,0.000000,0.000000,0.000000,0.000000,0.000000,0.000000,0.000000,0.000000,-0.500000,1.000000,0.000000,1.000000,2
20,11,-36.5,0.000000,0.000000,0.000000,0.000000,0.000000,0.000000,0.000000,0.000000,0.000000,0.000000,0.000000,0.166667,0.000000,0.666667,3
20,11,-36,0.000000,0.000000,0.000000,0.000000,0.000000,0.000000,0.000000,0.000000,0.000000,0.000000,0.125000,0.171875,0.250000,0.687500,4
20,11,-35.5,0.000000,0.000000,0.000000,0.000000,0.000000,0.000000,0.000000,0.000000,0.000000,0.000000,-0.250000,0.145833,0.000000,0.333333,6
20,11,-35,0.000000,0.000000,0.000000,0.000000,0.000000,0.000000,0.000000,0.000000,0.000000,0.000000,-0.100000,0.606667,0.200000,0.826667,15
20,11,-34.5,0.000000,0.000000,0.000000,0.000000,0.000000,0.000000,0.000000,0.000000,0.000000,0.000000,-0.090909,0.605372,0.409091,0.605372,22
20,11,-34,0.000000,0.000000,0.000000,0.000000,0.000000,0.000000,0.000000,0.000000,0.000000,0.000000,0.000000,0.366667,0.400000,0.506667,15
20,11,-33.5,0.000000,0.000000,0.000000,0.000000,0.000000,0.000000,0.000000,0.000000,0.000000,0.000000,-0.153846,0.668639,0.230769,0.792899,13
20,11,-33,0.000000,0.000000,0.000000,0.000000,0.000000,0.000000,0.000000,0.000000,0.000000,0.000000,0.103448,0.316885,0.241379,0.803805,29
20,11,-32.5,0.000000,0.000000,0.000000,0.000000,0.000000,0.000000,0.000000,0.000000,0.000000,0.000000,0.083333,0.180556,0.208333,0.664931,24
20,11,-32,0.000000,0.000000,0.000000,0.000000,0.000000,0.000000,0.000000,0.000000,0.000000,0.000000,0.097222,0.358603,0.305556,0.767747,36
20,11,-31.5,0.000000,0.000000,0.000000,0.000000,0.000000,0.000000,0.000000,0.000000,0.000000,0.000000,-0.130000,0.548100,0.100000,0.810000,50
20,11,-31,0.000000,0.000000,0.000000,0.000000,0.000000,0.000000,0.000000,0.000000,0.000000,0.000000,-0.085106,0.450204,0.127660,0.749660,47
20,11,-30.5,0.000000,0.000000,0.000000,0.000000,0.000000,0.000000,0.000000,0.000000,0.000000,0.000000,-0.093333,0.557956,0.226667,0.761956,75
20,11,-30,0.000000,0.000000,0.000000,0.000000,0.000000,0.000000,0.000000,0.000000,0.000000,0.000000,0.140000,0.310400,0.320000,0.777600,75
20,11,-29.5,0.000000,0.000000,0.000000,0.000000,0.000000,0.000000,0.000000,0.000000,0.000000,0.000000,0.163866,0.332392,0.411765,0.729609,119
20,11,-29,0.000000,0.000000,0.000000,0.000000,0.000000,0.000000,0.000000,0.000000,0.000000,0.000000,0.050676,0.380878,0.297297,0.722425,148
20,11,-28.5,0.000000,0.000000,0.000000,0.000000,0.000000,0.000000,0.000000,0.000000,0.000000,0.000000,0.008721,0.469401,0.220930,0.823283,172
20,11,-28,0.000000,0.000000,0.000000,0.000000,0.000000,0.000000,0.000000,0.000000,0.000000,0.000000,0.054545,0.401570,0.281818,0.766033,220
20,11,-27.5,0.000000,0.000000,0.000000,0.000000,0.000000,0.000000,0.000000,0.000000,0.000000,0.000000,-0.020089,0.460534,0.245536,0.747748,224
20,11,-27,0.000000,0.000000,0.000000,0.000000,0.000000,0.000000,0.000000,0.000000,0.000000,0.000000,0.058981,0.410730,0.321716,0.738322,373
20,11,-26.5,0.000000,0.000000,0.000000,0.000000,0.000000,0.000000,0.000000,0.000000,0.000000,0.000000,0.020335,0.436787,0.265550,0.764411,418
20,11,-26,0.000000,0.000000,0.000000,0.000000,0.000000,0.000000,0.000000,0.000000,0.000000,0.000000,0.080547,0.416764,0.379939,0.709750,329
20,11,-25.5,0.000000,0.000000,0.000000,0.000000,0.000000,0.000000,0.000000,0.000000,0.000000,0.000000,0.042336,0.404777,0.272993,0.759052,685
20,11,-25,0.000000,0.000000,0.000000,0.000000,0.000000,0.000000,0.000000,0.000000,0.000000,0.000000,0.064380,0.384243,0.297232,0.747995,831
20,11,-24.5,0.000000,0.000000,0.000000,0.000000,0.000000,0.000000,0.000000,0.000000,0.000000,0.000000,0.080688,0.350632,0.302910,0.734965,756
20,11,-24,0.000000,0.000000,0.000000,0.000000,0.000000,0.000000,0.000000,0.000000,0.000000,0.000000,0.041667,0.410123,0.249084,0.787774,1092
20,11,-23.5,0.000000,0.000000,0.000000,0.000000,0.000000,0.000000,0.000000,0.000000,0.000000,0.000000,0.067546,0.365741,0.282174,0.750913,1251
20,11,-23,0.000000,0.000000,0.000000,0.000000,0.000000,0.000000,0.000000,0.000000,0.000000,0.000000,0.059240,0.375884,0.247166,0.783580,1764
20,11,-22.5,0.000000,0.000000,0.000000,0.000000,0.000000,0.000000,0.000000,0.000000,0.000000,0.000000,0.066048,0.381555,0.287664,0.758407,1832
20,11,-22,0.000000,0.000000,0.000000,0.000000,0.000000,0.000000,0.000000,0.000000,0.000000,0.000000,0.050839,0.383027,0.265228,0.758911,2085
20,11,-21.5,0.000000,0.000000,0.000000,0.000000,0.000000,0.000000,0.000000,0.000000,0.000000,0.000000,0.052007,0.374394,0.250365,0.767244,2740
20,11,-21,0.000000,0.000000,0.000000,0.000000,0.000000,0.000000,0.000000,0.000000,0.000000,0.000000,0.040686,0.384559,0.224143,0.784931,3355
20,11,-20.5,0.000000,0.000000,0.000000,0.000000,0.000000,0.000000,0.000000,0.000000,0.000000,0.000000,0.051233,0.373274,0.224961,0.789659,3894
20,11,-20,0.000000,0.000000,0.000000,0.000000,0.000000,0.000000,0.000000,0.000000,0.000000,0.000000,0.048129,0.386040,0.231289,0.791411,4436
20,11,-19.5,0.000000,0.000000,0.000000,0.000000,0.000000,0.000000,0.000000,0.000000,0.000000,0.000000,0.063976,0.361519,0.247193,0.776875,5166
20,11,-19,0.000000,0.000000,0.000000,0.000000,0.000000,0.000000,0.000000,0.000000,0.000000,0.000000,0.043067,0.391884,0.221823,0.798223,6397
20,11,-18.5,0.000000,0.000000,0.000000,0.000000,0.000000,0.000000,0.000000,0.000000,0.000000,0.000000,0.045436,0.380374,0.209208,0.802220,7428
20,11,-18,0.000000,0.000000,0.000000,0.000000,0.000000,0.000000,0.000000,0.000000,0.000000,0.000000,0.052700,0.368605,0.219654,0.792357,9260
20,11,-17.5,0.000000,0.000000,0.000000,0.000000,0.000000,0.000000,0.000000,0.000000,0.000000,0.000000,0.055592,0.360912,0.215645,0.793065,10559
20,11,-17,0.000000,0.000000,0.000000,0.000000,0.000000,0.000000,0.000000,0.000000,0.000000,0.000000,0.051045,0.371238,0.202638,0.808030,11676
20,11,-16.5,0.000000,0.000000,0.000000,0.000000,0.000000,0.000000,0.000000,0.000000,0.000000,0.000000,0.052963,0.367176,0.209160,0.801097,14869
20,11,-16,0.000000,0.000000,0.000000,0.000000,0.000000,0.000000,0.000000,0.000000,0.000000,0.000000,0.054412,0.362672,0.223837,0.785229,15346
20,11,-15.5,0.000000,0.000000,0.000000,0.000000,0.000000,0.000000,0.000000,0.000000,0.000000,0.000000,0.056760,0.361986,0.210984,0.800342,19556
20,11,-15,0.000000,0.000000,0.000000,0.000000,0.000000,0.000000,0.000000,0.000000,0.000000,0.000000,0.059295,0.353461,0.201244,0.804798,22346
20,11,-14.5,0.000000,0.000000,0.000000,0.000000,0.000000,0.000000,0.000000,0.000000,0.000000,0.000000,0.055591,0.352948,0.192015,0.806546,25373
20,11,-14,0.000000,0.000000,0.000000,0.000000,0.000000,0.000000,0.000000,0.000000,0.000000,0.000000,0.062928,0.352018,0.208043,0.803068,31806
20,11,-13.5,0.000000,0.000000,0.000000,0.000000,0.000000,0.000000,0.000000,0.000000,0.000000,0.000000,0.059370,0.350944,0.199809,0.803695,34563
20,11,-13,0.000000,0.000000,0.000000,0.000000,0.000000,0.000000,0.000000,0.000000,0.000000,0.000000,0.061716,0.348476,0.195250,0.809112,42274
20,11,-12.5,0.000000,0.000000,0.000000,0.000000,0.000000,0.000000,0.000000,0.000000,0.000000,0.000000,0.061209,0.346264,0.193637,0.807510,47150
20,11,-12,0.000000,0.000000,0.000000,0.000000,0.000000,0.000000,0.000000,0.000000,0.000000,0.000000,0.062871,0.343898,0.191426,0.809799,55797
20,11,-11.5,0.000000,0.000000,0.000000,0.000000,0.000000,0.000000,0.000000,0.000000,0.000000,0.000000,0.057241,0.350101,0.184594,0.812867,64054
20,11,-11,0.000000,0.000000,0.000000,0.000000,0.000000,0.000000,0.000000,0.000000,0.000000,0.000000,0.061835,0.340103,0.179595,0.814628,73081
20,11,-10.5,0.000000,0.000000,0.000000,0.000000,0.000000,0.000000,0.000000,0.000000,0.000000,0.000000,0.064533,0.336641,0.178705,0.816317,88621
20,11,-10,0.000000,0.000000,0.000000,0.000000,0.000000,0.000000,0.000000,0.000000,0.000000,0.000000,0.063677,0.333189,0.171858,0.817295,101136
20,11,-9.5,0.000000,0.000000,0.000000,0.000000,0.000000,0.000000,0.000000,0.000000,0.000000,0.000000,0.065721,0.333323,0.173144,0.819672,111647
20,11,-9,0.000000,0.000000,0.000000,0.000000,0.000000,0.000000,0.000000,0.000000,0.000000,0.000000,0.066989,0.330487,0.171629,0.820188,134581
20,11,-8.5,0.000000,0.000000,0.000000,0.000000,0.000000,0.000000,0.000000,0.000000,0.000000,0.000000,0.066181,0.329112,0.165718,0.822441,151842
20,11,-8,0.000000,0.000000,0.000000,0.000000,0.000000,0.000000,0.000000,0.000000,0.000000,0.000000,0.065038,0.330669,0.163941,0.823609,178625
20,11,-7.5,0.000000,0.000000,0.000000,0.000000,0.000000,0.000000,0.000000,0.000000,0.000000,0.000000,0.065413,0.329135,0.159710,0.826172,204752
20,11,-7,0.000000,0.000000,0.000000,0.000000,0.000000,0.000000,0.000000,0.000000,0.000000,0.000000,0.066146,0.326100,0.157290,0.826308,239729
20,11,-6.5,0.000000,0.000000,0.000000,0.000000,0.000000,0.000000,0.000000,0.000000,0.000000,0.000000,0.066459,0.324282,0.153497,0.828078,277674
20,11,-6,0.000000,0.000000,0.000000,0.000000,0.000000,0.000000,0.000000,0.000000,0.000000,0.000000,0.067128,0.320475,0.150345,0.827897,318475
20,11,-5.5,0.000000,0.000000,0.000000,0.000000,0.000000,0.000000,0.000000,0.000000,0.000000,0.000000,0.067906,0.317722,0.146364,0.829587,378596
20,11,-5,0.000000,0.000000,0.000000,0.000000,0.000000,0.000000,0.000000,0.000000,0.000000,0.000000,0.067238,0.318801,0.142769,0.832412,436060
20,11,-4.5,0.000000,0.000000,0.000000,0.000000,0.000000,0.000000,0.000000,0.000000,0.000000,0.000000,0.068368,0.316574,0.142834,0.831982,504957
20,11,-4,0.000000,0.000000,0.000000,0.000000,0.000000,0.000000,0.000000,0.000000,0.000000,0.000000,0.067949,0.314147,0.134585,0.835282,598631
20,11,-3.5,0.000000,0.000000,0.000000,0.000000,0.000000,0.000000,0.000000,0.000000,0.000000,0.000000,0.068349,0.312639,0.132510,0.836021,696545
20,11,-3,0.000000,0.000000,0.000000,0.000000,0.000000,0.000000,0.000000,0.000000,0.000000,0.000000,0.067926,0.311522,0.128781,0.837050,820058
20,11,-2.5,0.000000,0.000000,0.000000,0.000000,0.000000,0.000000,0.000000,0.000000,0.000000,0.000000,0.069574,0.308187,0.127130,0.837662,968413
20,11,-2,0.000000,0.000000,0.000000,0.000000,0.000000,0.000000,0.000000,0.000000,0.000000,0.000000,0.069775,0.306772,0.122249,0.840233,1136228
20,11,-1.5,0.000000,0.000000,0.000000,0.000000,0.000000,0.000000,0.000000,0.000000,0.000000,0.000000,0.070421,0.304916,0.120063,0.841060,1352227
20,11,-1,0.000000,0.000000,0.000000,0.000000,0.000000,0.000000,0.000000,0.000000,0.000000,0.000000,0.070008,0.303242,0.115187,0.842294,1499565
20,11,-0.5,0.000000,0.000000,0.000000,0.000000,0.000000,0.000000,0.000000,0.000000,0.000000,0.000000,0.070764,0.301140,0.112946,0.843064,1980010
20,11,0,0.000000,0.000000,0.000000,0.000000,0.000000,0.000000,0.000000,0.000000,0.000000,0.000000,0.071123,0.299324,0.109021,0.844671,1494720
20,11,0.5,0.000000,0.000000,0.000000,0.000000,0.000000,0.000000,0.000000,0.000000,0.000000,0.000000,0.071072,0.297927,0.105819,0.845480,1191521
20,11,1,0.000000,0.000000,0.000000,0.000000,0.000000,0.000000,0.000000,0.000000,0.000000,0.000000,0.070465,0.297138,0.102078,0.846341,998115
20,11,1.5,0.000000,0.000000,0.000000,0.000000,0.000000,0.000000,0.000000,0.000000,0.000000,0.000000,0.073328,0.292729,0.100673,0.847626,873396
20,11,2,0.000000,0.000000,0.000000,0.000000,0.000000,0.000000,0.000000,0.000000,0.000000,0.000000,0.071916,0.292688,0.095280,0.849016,728002
20,11,2.5,0.000000,0.000000,0.000000,0.000000,0.000000,0.000000,0.000000,0.000000,0.000000,0.000000,0.071836,0.291110,0.091577,0.849850,623969
20,11,3,0.000000,0.000000,0.000000,0.000000,0.000000,0.000000,0.000000,0.000000,0.000000,0.000000,0.073750,0.287505,0.089663,0.850699,536946
20,11,3.5,0.000000,0.000000,0.000000,0.000000,0.000000,0.000000,0.000000,0.000000,0.000000,0.000000,0.072500,0.286849,0.084962,0.851156,456026
20,11,4,0.000000,0.000000,0.000000,0.000000,0.000000,0.000000,0.000000,0.000000,0.000000,0.000000,0.072976,0.286201,0.083095,0.852538,396871
20,11,4.5,0.000000,0.000000,0.000000,0.000000,0.000000,0.000000,0.000000,0.000000,0.000000,0.000000,0.073308,0.283567,0.076594,0.854740,335209
20,11,5,0.000000,0.000000,0.000000,0.000000,0.000000,0.000000,0.000000,0.000000,0.000000,0.000000,0.071984,0.282742,0.075213,0.852635,291240
20,11,5.5,0.000000,0.000000,0.000000,0.000000,0.000000,0.000000,0.000000,0.000000,0.000000,0.000000,0.074189,0.278406,0.069246,0.855775,254500
20,11,6,0.000000,0.000000,0.000000,0.000000,0.000000,0.000000,0.000000,0.000000,0.000000,0.000000,0.071744,0.279015,0.062567,0.856579,214779
20,11,6.5,0.000000,0.000000,0.000000,0.000000,0.000000,0.000000,0.000000,0.000000,0.000000,0.000000,0.074435,0.276840,0.066325,0.856471,187365
20,11,7,0.000000,0.000000,0.000000,0.000000,0.000000,0.000000,0.000000,0.000000,0.000000,0.000000,0.075385,0.273151,0.063093,0.856384,162745
20,11,7.5,0.000000,0.000000,0.000000,0.000000,0.000000,0.000000,0.000000,0.000000,0.000000,0.000000,0.075248,0.270771,0.055766,0.858312,137771
20,11,8,0.000000,0.000000,0.000000,0.000000,0.000000,0.000000,0.000000,0.000000,0.000000,0.000000,0.076342,0.270649,0.053411,0.861431,121585
20,11,8.5,0.000000,0.000000,0.000000,0.000000,0.000000,0.000000,0.000000,0.000000,0.000000,0.000000,0.076362,0.269463,0.054887,0.859382,102721
20,11,9,0.000000,0.000000,0.000000,0.000000,0.000000,0.000000,0.000000,0.000000,0.000000,0.000000,0.076045,0.266529,0.048224,0.859941,91946
20,11,9.5,0.000000,0.000000,0.000000,0.000000,0.000000,0.000000,0.000000,0.000000,0.000000,0.000000,0.076440,0.265674,0.045765,0.861200,76171
20,11,10,0.000000,0.000000,0.000000,0.000000,0.000000,0.000000,0.000000,0.000000,0.000000,0.000000,0.078693,0.263194,0.045906,0.862365,68901
20,11,10.5,0.000000,0.000000,0.000000,0.000000,0.000000,0.000000,0.000000,0.000000,0.000000,0.000000,0.076886,0.262410,0.033543,0.865754,60967
20,11,11,0.000000,0.000000,0.000000,0.000000,0.000000,0.000000,0.000000,0.000000,0.000000,0.000000,0.075662,0.260676,0.033820,0.861839,49556
20,11,11.5,0.000000,0.000000,0.000000,0.000000,0.000000,0.000000,0.000000,0.000000,0.000000,0.000000,0.073884,0.261197,0.028714,0.862301,43602
20,11,12,0.000000,0.000000,0.000000,0.000000,0.000000,0.000000,0.000000,0.000000,0.000000,0.000000,0.074575,0.259216,0.022318,0.864983,37727
20,11,12.5,0.000000,0.000000,0.000000,0.000000,0.000000,0.000000,0.000000,0.000000,0.000000,0.000000,0.073618,0.255977,0.017412,0.862814,31874
20,11,13,0.000000,0.000000,0.000000,0.000000,0.000000,0.000000,0.000000,0.000000,0.000000,0.000000,0.074680,0.255767,0.014870,0.865708,28649
20,11,13.5,0.000000,0.000000,0.000000,0.000000,0.000000,0.000000,0.000000,0.000000,0.000000,0.000000,0.078226,0.250457,0.015896,0.865714,23151
20,11,14,0.000000,0.000000,0.000000,0.000000,0.000000,0.000000,0.000000,0.000000,0.000000,0.000000,0.076836,0.245222,0.003249,0.864744,21546
20,11,14.5,0.000000,0.000000,0.000000,0.000000,0.000000,0.000000,0.000000,0.000000,0.000000,0.000000,0.078146,0.248631,0.010305,0.866699,16885
20,11,15,0.000000,0.000000,0.000000,0.000000,0.000000,0.000000,0.000000,0.000000,0.000000,0.000000,0.078803,0.242354,-0.002003,0.867767,14974
20,11,15.5,0.000000,0.000000,0.000000,0.000000,0.000000,0.000000,0.000000,0.000000,0.000000,0.000000,0.079867,0.246470,0.007796,0.868690,13341
20,11,16,0.000000,0.000000,0.000000,0.000000,0.000000,0.000000,0.000000,0.000000,0.000000,0.000000,0.077461,0.232770,-0.021922,0.865442,10218
20,11,16.5,0.000000,0.000000,0.000000,0.000000,0.000000,0.000000,0.000000,0.000000,0.000000,0.000000,0.073083,0.249059,-0.004276,0.866145,10057
20,11,17,0.000000,0.000000,0.000000,0.000000,0.000000,0.000000,0.000000,0.000000,0.000000,0.000000,0.080850,0.232937,-0.013443,0.867289,7885
20,11,17.5,0.000000,0.000000,0.000000,0.000000,0.000000,0.000000,0.000000,0.000000,0.000000,0.000000,0.070825,0.238933,-0.034374,0.866192,6982
20,11,18,0.000000,0.000000,0.000000,0.000000,0.000000,0.000000,0.000000,0.000000,0.000000,0.000000,0.074007,0.240256,-0.026584,0.869329,6094
20,11,18.5,0.000000,0.000000,0.000000,0.000000,0.000000,0.000000,0.000000,0.000000,0.000000,0.000000,0.076861,0.236772,-0.018503,0.866880,4918
20,11,19,0.000000,0.000000,0.000000,0.000000,0.000000,0.000000,0.000000,0.000000,0.000000,0.000000,0.080634,0.225350,-0.030504,0.867123,4229
20,11,19.5,0.000000,0.000000,0.000000,0.000000,0.000000,0.000000,0.000000,0.000000,0.000000,0.000000,0.069545,0.244633,-0.040909,0.872569,3300
20,11,20,0.000000,0.000000,0.000000,0.000000,0.000000,0.000000,0.000000,0.000000,0.000000,0.000000,0.070059,0.242042,-0.029627,0.865975,2869
20,11,20.5,0.000000,0.000000,0.000000,0.000000,0.000000,0.000000,0.000000,0.000000,0.000000,0.000000,0.062882,0.247267,-0.025641,0.857706,2457
20,11,21,0.000000,0.000000,0.000000,0.000000,0.000000,0.000000,0.000000,0.000000,0.000000,0.000000,0.074040,0.231035,-0.038848,0.865493,2188
20,11,21.5,0.000000,0.000000,0.000000,0.000000,0.000000,0.000000,0.000000,0.000000,0.000000,0.000000,0.064110,0.239164,-0.066972,0.868440,1747
20,11,22,0.000000,0.000000,0.000000,0.000000,0.000000,0.000000,0.000000,0.000000,0.000000,0.000000,0.065507,0.230165,-0.060696,0.859380,1351
20,11,22.5,0.000000,0.000000,0.000000,0.000000,0.000000,0.000000,0.000000,0.000000,0.000000,0.000000,0.090112,0.217159,-0.027113,0.873268,1254
20,11,23,0.000000,0.000000,0.000000,0.000000,0.000000,0.000000,0.000000,0.000000,0.000000,0.000000,0.071612,0.240798,-0.060034,0.879758,1166
20,11,23.5,0.000000,0.000000,0.000000,0.000000,0.000000,0.000000,0.000000,0.000000,0.000000,0.000000,0.069357,0.210826,-0.090794,0.856826,793
20,11,24,0.000000,0.000000,0.000000,0.000000,0.000000,0.000000,0.000000,0.000000,0.000000,0.000000,0.079330,0.214595,-0.066958,0.868879,687
20,11,24.5,0.000000,0.000000,0.000000,0.000000,0.000000,0.000000,0.000000,0.000000,0.000000,0.000000,0.091463,0.220293,-0.073171,0.897085,492
20,11,25,0.000000,0.000000,0.000000,0.000000,0.000000,0.000000,0.000000,0.000000,0.000000,0.000000,0.033019,0.228627,-0.177358,0.836468,530
20,11,25.5,0.000000,0.000000,0.000000,0.000000,0.000000,0.000000,0.000000,0.000000,0.000000,0.000000,0.095070,0.213379,-0.077465,0.897755,426
20,11,26,0.000000,0.000000,0.000000,0.000000,0.000000,0.000000,0.000000,0.000000,0.000000,0.000000,0.065022,0.160570,-0.215247,0.823624,223
20,11,26.5,0.000000,0.000000,0.000000,0.000000,0.000000,0.000000,0.000000,0.000000,0.000000,0.000000,0.077821,0.190442,-0.070039,0.843344,257
20,11,27,0.000000,0.000000,0.000000,0.000000,0.000000,0.000000,0.000000,0.000000,0.000000,0.000000,0.055066,0.235955,-0.145374,0.873139,227
20,11,27.5,0.000000,0.000000,0.000000,0.000000,0.000000,0.000000,0.000000,0.000000,0.000000,0.000000,0.061688,0.208857,-0.129870,0.853264,154
20,11,28,0.000000,0.000000,0.000000,0.000000,0.000000,0.000000,0.000000,0.000000,0.000000,0.000000,0.088652,0.263417,-0.049645,0.926613,141
20,11,28.5,0.000000,0.000000,0.000000,0.000000,0.000000,0.000000,0.000000,0.000000,0.000000,0.000000,0.084112,0.161149,-0.130841,0.842694,107
20,11,29,0.000000,0.000000,0.000000,0.000000,0.000000,0.000000,0.000000,0.000000,0.000000,0.000000,0.020202,0.257168,-0.040404,0.806448,99
20,11,29.5,0.000000,0.000000,0.000000,0.000000,0.000000,0.000000,0.000000,0.000000,0.000000,0.000000,0.076923,0.240237,-0.184615,0.919763,65
20,11,30,0.000000,0.000000,0.000000,0.000000,0.000000,0.000000,0.000000,0.000000,0.000000,0.000000,-0.059524,0.311933,-0.309524,0.785147,42
20,11,30.5,0.000000,0.000000,0.000000,0.000000,0.000000,0.000000,0.000000,0.000000,0.000000,0.000000,0.069767,0.111412,-0.232558,0.783126,43
20,11,31,0.000000,0.000000,0.000000,0.000000,0.000000,0.000000,0.000000,0.000000,0.000000,0.000000,0.140000,0.130400,0.040000,0.838400,25
20,11,31.5,0.000000,0.000000,0.000000,0.000000,0.000000,0.000000,0.000000,0.000000,0.000000,0.000000,0.090909,0.143251,0.000000,0.787879,33
20,11,32,0.000000,0.000000,0.000000,0.000000,0.000000,0.000000,0.000000,0.000000,0.000000,0.000000,0.022727,0.215393,-0.227273,0.811983,22
20,11,32.5,0.000000,0.000000,0.000000,0.000000,0.000000,0.000000,0.000000,0.000000,0.000000,0.000000,0.018519,0.453361,-0.037037,0.998628,27
20,11,33,0.000000,0.000000,0.000000,0.000000,0.000000,0.000000,0.000000,0.000000,0.000000,0.000000,0.117647,0.103806,-0.176471,0.851211,17
20,11,33.5,0.000000,0.000000,0.000000,0.000000,0.000000,0.000000,0.000000,0.000000,0.000000,0.000000,-0.250000,0.262500,-0.500000,0.450000,10
20,11,34,0.000000,0.000000,0.000000,0.000000,0.000000,0.000000,0.000000,0.000000,0.000000,0.000000,0.000000,0.166667,0.000000,0.666667,3
20,11,34.5,0.000000,0.000000,0.000000,0.000000,0.000000,0.000000,0.000000,0.000000,0.000000,0.000000,0.166667,0.055556,-0.333333,0.888889,3
20,11,35,0.000000,0.000000,0.000000,0.000000,0.000000,0.000000,0.000000,0.000000,0.000000,0.000000,0.000000,0.050000,-0.700000,0.410000,10
20,11,35.5,0.000000,0.000000,0.000000,0.000000,0.000000,0.000000,0.000000,0.000000,0.000000,0.000000,0.500000,0.000000,1.000000,0.000000,1
20,11,36,0.000000,0.000000,0.000000,0.000000,0.000000,0.000000,0.000000,0.000000,0.000000,0.000000,0.000000,0.000000,-1.000000,0.000000,1
20,11,36.5,0.000000,0.000000,0.000000,0.000000,0.000000,0.000000,0.000000,0.000000,0.000000,0.000000,0.000000,0.000000,-1.000000,0.000000,1
20,11,37,0.000000,0.000000,0.000000,0.000000,0.000000,0.000000,0.000000,0.000000,0.000000,0.000000,0.000000,0.000000,-1.000000,0.000000,2
20,11,38,0.000000,0.000000,0.000000,0.000000,0.000000,0.000000,0.000000,0.000000,0.000000,0.000000,0.000000,0.000000,-1.000000,0.000000,1
20,11,40,0.000000,0.000000,0.000000,0.000000,0.000000,0.000000,0.000000,0.000000,0.000000,0.000000,-0.500000,0.000000,0.000000,0.000000,1
21,11,-41.5,0.000000,0.000000,0.000000,0.000000,0.000000,0.000000,0.000000,0.000000,0.000000,0.000000,1.000000,0.000000,0.000000,0.000000,1
21,11,-37,0.000000,0.000000,0.000000,0.000000,0.000000,0.000000,0.000000,0.000000,0.000000,0.000000,1.000000,0.000000,1.500000,0.000000,1
21,11,-36.5,0.000000,0.000000,0.000000,0.000000,0.000000,0.000000,0.000000,0.000000,0.000000,0.000000,1.000000,0.000000,1.500000,0.000000,3
21,11,-36,0.000000,0.000000,0.000000,0.000000,0.000000,0.000000,0.000000,0.000000,0.000000,0.000000,1.000000,0.000000,1.125000,0.421875,4
21,11,-35.5,0.000000,0.000000,0.000000,0.000000,0.000000,0.000000,0.000000,0.000000,0.000000,0.000000,1.000000,0.000000,1.500000,0.000000,3
21,11,-35,0.000000,0.000000,0.000000,0.000000,0.000000,0.000000,0.000000,0.000000,0.000000,0.000000,1.000000,0.000000,0.900000,0.540000,5
21,11,-34.5,0.000000,0.000000,0.000000,0.000000,0.000000,0.000000,0.000000,0.000000,0.000000,0.000000,1.000000,0.000000,1.500000,0.000000,2
21,11,-34,0.000000,0.000000,0.000000,0.000000,0.000000,0.000000,0.000000,0.000000,0.000000,0.000000,1.000000,0.000000,1.500000,0.000000,4
21,11,-33.5,0.000000,0.000000,0.000000,0.000000,0.000000,0.000000,0.000000,0.000000,0.000000,0.000000,1.000000,0.000000,0.857143,0.551020,7
21,11,-33,0.000000,0.000000,0.000000,0.000000,0.000000,0.000000,0.000000,0.000000,0.000000,0.000000,1.000000,0.000000,1.500000,0.000000,10
21,11,-32.5,0.000000,0.000000,0.000000,0.000000,0.000000,0.000000,0.000000,0.000000,0.000000,0.000000,1.000000,0.000000,1.285714,0.275510,14
21,11,-32,0.000000,0.000000,0.000000,0.000000,0.000000,0.000000,0.000000,0.000000,0.000000,0.000000,1.000000,0.000000,1.363636,0.185950,11
21,11,-31.5,0.000000,0.000000,0.000000,0.000000,0.000000,0.000000,0.000000,0.000000,0.000000,0.000000,1.000000,0.000000,1.200000,0.360000,15
21,11,-31,0.000000,0.000000,0.000000,0.000000,0.000000,0.000000,0.000000,0.000000,0.000000,0.000000,1.000000,0.000000,1.357143,0.193878,21
21,11,-30.5,0.000000,0.000000,0.000000,0.000000,0.000000,0.000000,0.000000,0.000000,0.000000,0.000000,1.000000,0.000000,1.227273,0.334711,22
21,11,-30,0.000000,0.000000,0.000000,0.000000,0.000000,0.000000,0.000000,0.000000,0.000000,0.000000,1.000000,0.000000,1.312500,0.246094,40
21,11,-29.5,0.000000,0.000000,0.000000,0.000000,0.000000,0.000000,0.000000,0.000000,0.000000,0.000000,1.000000,0.000000,1.396552,0.144471,58
21,11,-29,0.000000,0.000000,0.000000,0.000000,0.000000,0.000000,0.000000,0.000000,0.000000,0.000000,1.000000,0.000000,1.194915,0.364550,59
21,11,-28.5,0.000000,0.000000,0.000000,0.000000,0.000000,0.000000,0.000000,0.000000,0.000000,0.000000,1.000000,0.000000,1.242188,0.320251,64
21,11,-28,0.000000,0.000000,0.000000,0.000000,0.000000,0.000000,0.000000,0.000000,0.000000,0.000000,1.000000,0.000000,1.256250,0.306211,80
21,11,-27.5,0.000000,0.000000,0.000000,0.000000,0.000000,0.000000,0.000000,0.000000,0.000000,0.000000,1.000000,0.000000,1.196629,0.363022,89
21,11,-27,0.000000,0.000000,0.000000,0.000000,0.000000,0.000000,0.000000,0.000000,0.000000,0.000000,1.000000,0.000000,1.254545,0.307934,165
21,11,-26.5,0.000000,0.000000,0.000000,0.000000,0.000000,0.000000,0.000000,0.000000,0.000000,0.000000,1.000000,0.000000,1.303571,0.256059,168
21,11,-26,0.000000,0.000000,0.000000,0.000000,0.000000,0.000000,0.000000,0.000000,0.000000,0.000000,1.000000,0.000000,1.336134,0.218946,119
21,11,-25.5,0.000000,0.000000,0.000000,0.000000,0.000000,0.000000,0.000000,0.000000,0.000000,0.000000,1.000000,0.000000,1.221429,0.340255,280
21,11,-25,0.000000,0.000000,0.000000,0.000000,0.000000,0.000000,0.000000,0.000000,0.000000,0.000000,1.000000,0.000000,1.167665,0.388056,334
21,11,-24.5,0.000000,0.000000,0.000000,0.000000,0.000000,0.000000,0.000000,0.000000,0.000000,0.000000,1.000000,0.000000,1.200965,0.359131,311
21,11,-24,0.000000,0.000000,0.000000,0.000000,0.000000,0.000000,0.000000,0.000000,0.000000,0.000000,1.000000,0.000000,1.180693,0.377003,404
21,11,-23.5,0.000000,0.000000,0.000000,0.000000,0.000000,0.000000,0.000000,0.000000,0.000000,0.000000,1.000000,0.000000,1.220792,0.340855,505
21,11,-23,0.000000,0.000000,0.000000,0.000000,0.000000,0.000000,0.000000,0.000000,0.000000,0.000000,1.000000,0.000000,1.173820,0.382877,699
21,11,-22.5,0.000000,0.000000,0.000000,0.000000,0.000000,0.000000,0.000000,0.000000,0.000000,0.000000,1.000000,0.000000,1.205021,0.355456,717
21,11,-22,0.000000,0.000000,0.000000,0.000000,0.000000,0.000000,0.000000,0.000000,0.000000,0.000000,1.000000,0.000000,1.184211,0.373961,779
21,11,-21.5,0.000000,0.000000,0.000000,0.000000,0.000000,0.000000,0.000000,0.000000,0.000000,0.000000,1.000000,0.000000,1.159420,0.394875,1035
21,11,-21,0.000000,0.000000,0.000000,0.000000,0.000000,0.000000,0.000000,0.000000,0.000000,0.000000,1.000000,0.000000,1.189011,0.369769,1365
21,11,-20.5,0.000000,0.000000,0.000000,0.000000,0.000000,0.000000,0.000000,0.000000,0.000000,0.000000,1.000000,0.000000,1.178239,0.379111,1613
21,11,-20,0.000000,0.000000,0.000000,0.000000,0.000000,0.000000,0.000000,0.000000,0.000000,0.000000,1.000000,0.000000,1.170415,0.385751,1734
21,11,-19.5,0.000000,0.000000,0.000000,0.000000,0.000000,0.000000,0.000000,0.000000,0.000000,0.000000,1.000000,0.000000,1.219951,0.341646,2030
21,11,-19,0.000000,0.000000,0.000000,0.000000,0.000000,0.000000,0.000000,0.000000,0.000000,0.000000,1.000000,0.000000,1.174609,0.382207,2623
21,11,-18.5,0.000000,0.000000,0.000000,0.000000,0.000000,0.000000,0.000000,0.000000,0.000000,0.000000,1.000000,0.000000,1.173575,0.383084,2895
21,11,-18,0.000000,0.000000,0.000000,0.000000,0.000000,0.000000,0.000000,0.000000,0.000000,0.000000,1.000000,0.000000,1.182737,0.375239,3858
21,11,-17.5,0.000000,0.000000,0.000000,0.000000,0.000000,0.000000,0.000000,0.000000,0.000000,0.000000,1.000000,0.000000,1.148471,0.403721,4186
21,11,-17,0.000000,0.000000,0.000000,0.000000,0.000000,0.000000,0.000000,0.000000,0.000000,0.000000,1.000000,0.000000,1.148875,0.403399,4665
21,11,-16.5,0.000000,0.000000,0.000000,0.000000,0.000000,0.000000,0.000000,0.000000,0.000000,0.000000,1.000000,0.000000,1.152144,0.400780,5899
21,11,-16,0.000000,0.000000,0.000000,0.000000,0.000000,0.000000,0.000000,0.000000,0.000000,0.000000,1.000000,0.000000,1.148931,0.403354,6174
21,11,-15.5,0.000000,0.000000,0.000000,0.000000,0.000000,0.000000,0.000000,0.000000,0.000000,0.000000,1.000000,0.000000,1.146335,0.405418,7927
21,11,-15,0.000000,0.000000,0.000000,0.000000,0.000000,0.000000,0.000000,0.000000,0.000000,0.000000,1.000000,0.000000,1.142999,0.408052,9063
21,11,-14.5,0.000000,0.000000,0.000000,0.000000,0.000000,0.000000,0.000000,0.000000,0.000000,0.000000,1.000000,0.000000,1.148484,0.403710,10028
21,11,-14,0.000000,0.000000,0.000000,0.000000,0.000000,0.000000,0.000000,0.000000,0.000000,0.000000,1.000000,0.000000,1.143984,0.407277,12682
21,11,-13.5,0.000000,0.000000,0.000000,0.000000,0.000000,0.000000,0.000000,0.000000,0.000000,0.000000,1.000000,0.000000,1.135658,0.413768,13652
21,11,-13,0.000000,0.000000,0.000000,0.000000,0.000000,0.000000,0.000000,0.000000,0.000000,0.000000,1.000000,0.000000,1.127873,0.419712,16966
21,11,-12.5,0.000000,0.000000,0.000000,0.000000,0.000000,0.000000,0.000000,0.000000,0.000000,0.000000,1.000000,0.000000,1.132268,0.416371,18678
21,11,-12,0.000000,0.000000,0.000000,0.000000,0.000000,0.000000,0.000000,0.000000,0.000000,0.000000,1.000000,0.000000,1.118922,0.426396,22397
21,11,-11.5,0.000000,0.000000,0.000000,0.000000,0.000000,0.000000,0.000000,0.000000,0.000000,0.000000,1.000000,0.000000,1.116881,0.427899,25864
21,11,-11,0.000000,0.000000,0.000000,0.000000,0.000000,0.000000,0.000000,0.000000,0.000000,0.000000,1.000000,0.000000,1.113589,0.430303,29444
21,11,-10.5,0.000000,0.000000,0.000000,0.000000,0.000000,0.000000,0.000000,0.000000,0.000000,0.000000,1.000000,0.000000,1.114205,0.429855,35467
21,11,-10,0.000000,0.000000,0.000000,0.000000,0.000000,0.000000,0.000000,0.000000,0.000000,0.000000,1.000000,0.000000,1.107316,0.434825,40036
21,11,-9.5,0.000000,0.000000,0.000000,0.000000,0.000000,0.000000,0.000000,0.000000,0.000000,0.000000,1.000000,0.000000,1.107132,0.434957,44660
21,11,-9,0.000000,0.000000,0.000000,0.000000,0.000000,0.000000,0.000000,0.000000,0.000000,0.000000,1.000000,0.000000,1.099473,0.440369,54075
21,11,-8.5,0.000000,0.000000,0.000000,0.000000,0.000000,0.000000,0.000000,0.000000,0.000000,0.000000,1.000000,0.000000,1.104024,0.437167,60246
21,11,-8,0.000000,0.000000,0.000000,0.000000,0.000000,0.000000,0.000000,0.000000,0.000000,0.000000,1.000000,0.000000,1.089057,0.447540,71050
21,11,-7.5,0.000000,0.000000,0.000000,0.000000,0.000000,0.000000,0.000000,0.000000,0.000000,0.000000,1.000000,0.000000,1.092443,0.445233,81526
21,11,-7,0.000000,0.000000,0.000000,0.000000,0.000000,0.000000,0.000000,0.000000,0.000000,0.000000,1.000000,0.000000,1.088369,0.448006,95452
21,11,-6.5,0.000000,0.000000,0.000000,0.000000,0.000000,0.000000,0.000000,0.000000,0.000000,0.000000,1.000000,0.000000,1.085993,0.449609,110538
21,11,-6,0.000000,0.000000,0.000000,0.000000,0.000000,0.000000,0.000000,0.000000,0.000000,0.000000,1.000000,0.000000,1.078110,0.454844,126296
21,11,-5.5,0.000000,0.000000,0.000000,0.000000,0.000000,0.000000,0.000000,0.000000,0.000000,0.000000,1.000000,0.000000,1.075690,0.456426,150806
21,11,-5,0.000000,0.000000,0.000000,0.000000,0.000000,0.000000,0.000000,0.000000,0.000000,0.000000,1.000000,0.000000,1.073098,0.458107,173896
21,11,-4.5,0.000000,0.000000,0.000000,0.000000,0.000000,0.000000,0.000000,0.000000,0.000000,0.000000,1.000000,0.000000,1.070303,0.459906,199742
21,11,-4,0.000000,0.000000,0.000000,0.000000,0.000000,0.000000,0.000000,0.000000,0.000000,0.000000,1.000000,0.000000,1.064936,0.463315,237048
21,11,-3.5,0.000000,0.000000,0.000000,0.000000,0.000000,0.000000,0.000000,0.000000,0.000000,0.000000,1.000000,0.000000,1.062525,0.464828,275412
21,11,-3,0.000000,0.000000,0.000000,0.000000,0.000000,0.000000,0.000000,0.000000,0.000000,0.000000,1.000000,0.000000,1.060477,0.466104,322741
21,11,-2.5,0.000000,0.000000,0.000000,0.000000,0.000000,0.000000,0.000000,0.000000,0.000000,0.000000,1.000000,0.000000,1.055724,0.469033,381081
21,11,-2,0.000000,0.000000,0.000000,0.000000,0.000000,0.000000,0.000000,0.000000,0.000000,0.000000,1.000000,0.000000,1.048098,0.473638,445321
21,11,-1.5,0.000000,0.000000,0.000000,0.000000,0.000000,0.000000,0.000000,0.000000,0.000000,0.000000,1.000000,0.000000,1.045857,0.474969,534875
21,11,-1,0.000000,0.000000,0.000000,0.000000,0.000000,0.000000,0.000000,0.000000,0.000000,0.000000,1.000000,0.000000,1.042952,0.476679,608457
21,11,-0.5,0.000000,0.000000,0.000000,0.000000,0.000000,0.000000,0.000000,0.000000,0.000000,0.000000,1.000000,0.000000,1.039210,0.478858,882135
21,11,0,0.000000,0.000000,0.000000,0.000000,0.000000,0.000000,0.000000,0.000000,0.000000,0.000000,1.000000,0.000000,1.037784,0.479680,669414
21,11,0.5,0.000000,0.000000,0.000000,0.000000,0.000000,0.000000,0.000000,0.000000,0.000000,0.000000,1.000000,0.000000,1.033128,0.482338,561164
21,11,1,0.000000,0.000000,0.000000,0.000000,0.000000,0.000000,0.000000,0.000000,0.000000,0.000000,1.000000,0.000000,1.030985,0.483547,470953
21,11,1.5,0.000000,0.000000,0.000000,0.000000,0.000000,0.000000,0.000000,0.000000,0.000000,0.000000,1.000000,0.000000,1.025483,0.486609,410954
21,11,2,0.000000,0.000000,0.000000,0.000000,0.000000,0.000000,0.000000,0.000000,0.000000,0.000000,1.000000,0.000000,1.020715,0.489213,343825
21,11,2.5,0.000000,0.000000,0.000000,0.000000,0.000000,0.000000,0.000000,0.000000,0.000000,0.000000,1.000000,0.000000,1.021131,0.488988,293379
21,11,3,0.000000,0.000000,0.000000,0.000000,0.000000,0.000000,0.000000,0.000000,0.000000,0.000000,1.000000,0.000000,1.015521,0.491999,251791
21,11,3.5,0.000000,0.000000,0.000000,0.000000,0.000000,0.000000,0.000000,0.000000,0.000000,0.000000,1.000000,0.000000,1.010860,0.494452,215190
21,11,4,0.000000,0.000000,0.000000,0.000000,0.000000,0.000000,0.000000,0.000000,0.000000,0.000000,1.000000,0.000000,1.003523,0.498226,186347
21,11,4.5,0.000000,0.000000,0.000000,0.000000,0.000000,0.000000,0.000000,0.000000,0.000000,0.000000,1.000000,0.000000,1.002978,0.498502,156995
21,11,5,0.000000,0.000000,0.000000,0.000000,0.000000,0.000000,0.000000,0.000000,0.000000,0.000000,1.000000,0.000000,1.001143,0.499427,136515
21,11,5.5,0.000000,0.000000,0.000000,0.000000,0.000000,0.000000,0.000000,0.000000,0.000000,0.000000,1.000000,0.000000,0.999217,0.500391,119384
21,11,6,0.000000,0.000000,0.000000,0.000000,0.000000,0.000000,0.000000,0.000000,0.000000,0.000000,1.000000,0.000000,0.988782,0.505483,100466
21,11,6.5,0.000000,0.000000,0.000000,0.000000,0.000000,0.000000,0.000000,0.000000,0.000000,0.000000,1.000000,0.000000,0.988935,0.505410,88383
21,11,7,0.000000,0.000000,0.000000,0.000000,0.000000,0.000000,0.000000,0.000000,0.000000,0.000000,1.000000,0.000000,0.989186,0.505290,76105
21,11,7.5,0.000000,0.000000,0.000000,0.000000,0.000000,0.000000,0.000000,0.000000,0.000000,0.000000,1.000000,0.000000,0.984139,0.507679,64971
21,11,8,0.000000,0.000000,0.000000,0.000000,0.000000,0.000000,0.000000,0.000000,0.000000,0.000000,1.000000,0.000000,0.979654,0.509759,57308
21,11,8.5,0.000000,0.000000,0.000000,0.000000,0.000000,0.000000,0.000000,0.000000,0.000000,0.000000,1.000000,0.000000,0.968296,0.514847,48306
21,11,9,0.000000,0.000000,0.000000,0.000000,0.000000,0.000000,0.000000,0.000000,0.000000,0.000000,1.000000,0.000000,0.965768,0.515944,43088
21,11,9.5,0.000000,0.000000,0.000000,0.000000,0.000000,0.000000,0.000000,0.000000,0.000000,0.000000,1.000000,0.000000,0.965237,0.516173,36030
21,11,10,0.000000,0.000000,0.000000,0.000000,0.000000,0.000000,0.000000,0.000000,0.000000,0.000000,1.000000,0.000000,0.959543,0.518592,32034
21,11,10.5,0.000000,0.000000,0.000000,0.000000,0.000000,0.000000,0.000000,0.000000,0.000000,0.000000,1.000000,0.000000,0.952890,0.521336,28009
21,11,11,0.000000,0.000000,0.000000,0.000000,0.000000,0.000000,0.000000,0.000000,0.000000,0.000000,1.000000,0.000000,0.956638,0.519801,23523
21,11,11.5,0.000000,0.000000,0.000000,0.000000,0.000000,0.000000,0.000000,0.000000,0.000000,0.000000,1.000000,0.000000,0.950530,0.522288,20578
21,11,12,0.000000,0.000000,0.000000,0.000000,0.000000,0.000000,0.000000,0.000000,0.000000,0.000000,1.000000,0.000000,0.939672,0.526525,17869
21,11,12.5,0.000000,0.000000,0.000000,0.000000,0.000000,0.000000,0.000000,0.000000,0.000000,0.000000,1.000000,0.000000,0.943058,0.525228,15112
21,11,13,0.000000,0.000000,0.000000,0.000000,0.000000,0.000000,0.000000,0.000000,0.000000,0.000000,1.000000,0.000000,0.946299,0.523967,13361
21,11,13.5,0.000000,0.000000,0.000000,0.000000,0.000000,0.000000,0.000000,0.000000,0.000000,0.000000,1.000000,0.000000,0.938669,0.526904,11071
21,11,14,0.000000,0.000000,0.000000,0.000000,0.000000,0.000000,0.000000,0.000000,0.000000,0.000000,1.000000,0.000000,0.916347,0.534829,10167
21,11,14.5,0.000000,0.000000,0.000000,0.000000,0.000000,0.000000,0.000000,0.000000,0.000000,0.000000,1.000000,0.000000,0.924288,0.532124,7905
21,11,15,0.000000,0.000000,0.000000,0.000000,0.000000,0.000000,0.000000,0.000000,0.000000,0.000000,1.000000,0.000000,0.920305,0.533496,7077
21,11,15.5,0.000000,0.000000,0.000000,0.000000,0.000000,0.000000,0.000000,0.000000,0.000000,0.000000,1.000000,0.000000,0.914122,0.535564,6288
21,11,16,0.000000,0.000000,0.000000,0.000000,0.000000,0.000000,0.000000,0.000000,0.000000,0.000000,1.000000,0.000000,0.916564,0.534757,4854
21,11,16.5,0.000000,0.000000,0.000000,0.000000,0.000000,0.000000,0.000000,0.000000,0.000000,0.000000,1.000000,0.000000,0.906580,0.537983,4742
21,11,17,0.000000,0.000000,0.000000,0.000000,0.000000,0.000000,0.000000,0.000000,0.000000,0.000000,1.000000,0.000000,0.897970,0.540605,3695
21,11,17.5,0.000000,0.000000,0.000000,0.000000,0.000000,0.000000,0.000000,0.000000,0.000000,0.000000,1.000000,0.000000,0.901713,0.539483,3327
21,11,18,0.000000,0.000000,0.000000,0.000000,0.000000,0.000000,0.000000,0.000000,0.000000,0.000000,1.000000,0.000000,0.882628,0.544910,2884
21,11,18.5,0.000000,0.000000,0.000000,0.000000,0.000000,0.000000,0.000000,0.000000,0.000000,0.000000,1.000000,0.000000,0.867218,0.548760,2297
21,11,19,0.000000,0.000000,0.000000,0.000000,0.000000,0.000000,0.000000,0.000000,0.000000,0.000000,1.000000,0.000000,0.886224,0.543943,1960
21,11,19.5,0.000000,0.000000,0.000000,0.000000,0.000000,0.000000,0.000000,0.000000,0.000000,0.000000,1.000000,0.000000,0.864171,0.549465,1616
21,11,20,0.000000,0.000000,0.000000,0.000000,0.000000,0.000000,0.000000,0.000000,0.000000,0.000000,1.000000,0.000000,0.871804,0.547664,1447
21,11,20.5,0.000000,0.000000,0.000000,0.000000,0.000000,0.000000,0.000000,0.000000,0.000000,0.000000,1.000000,0.000000,0.864078,0.549486,1236
21,11,21,0.000000,0.000000,0.000000,0.000000,0.000000,0.000000,0.000000,0.000000,0.000000,0.000000,1.000000,0.000000,0.840580,0.554295,1035
21,11,21.5,0.000000,0.000000,0.000000,0.000000,0.000000,0.000000,0.000000,0.000000,0.000000,0.000000,1.000000,0.000000,0.826212,0.556692,866
21,11,22,0.000000,0.000000,0.000000,0.000000,0.000000,0.000000,0.000000,0.000000,0.000000,0.000000,1.000000,0.000000,0.869181,0.548296,623
21,11,22.5,0.000000,0.000000,0.000000,0.000000,0.000000,0.000000,0.000000,0.000000,0.000000,0.000000,1.000000,0.000000,0.918060,0.534256,598
21,11,23,0.000000,0.000000,0.000000,0.000000,0.000000,0.000000,0.000000,0.000000,0.000000,0.000000,1.000000,0.000000,0.868902,0.548362,492
21,11,23.5,0.000000,0.000000,0.000000,0.000000,0.000000,0.000000,0.000000,0.000000,0.000000,0.000000,1.000000,0.000000,0.892405,0.542221,395
21,11,24,0.000000,0.000000,0.000000,0.000000,0.000000,0.000000,0.000000,0.000000,0.000000,0.000000,1.000000,0.000000,0.857143,0.551020,350
21,11,24.5,0.000000,0.000000,0.000000,0.000000,0.000000,0.000000,0.000000,0.000000,0.000000,0.000000,1.000000,0.000000,0.821121,0.557442,232
21,11,25,0.000000,0.000000,0.000000,0.000000,0.000000,0.000000,0.000000,0.000000,0.000000,0.000000,1.000000,0.000000,0.835714,0.555153,280
21,11,25.5,0.000000,0.000000,0.000000,0.000000,0.000000,0.000000,0.000000,0.000000,0.000000,0.000000,1.000000,0.000000,0.753807,0.562486,197
21,11,26,0.000000,0.000000,0.000000,0.000000,0.000000,0.000000,0.000000,0.000000,0.000000,0.000000,1.000000,0.000000,1.025000,0.486875,120
21,11,26.5,0.000000,0.000000,0.000000,0.000000,0.000000,0.000000,0.000000,0.000000,0.000000,0.000000,1.000000,0.000000,0.828671,0.556311,143
21,11,27,0.000000,0.000000,0.000000,0.000000,0.000000,0.000000,0.000000,0.000000,0.000000,0.000000,1.000000,0.000000,0.680556,0.557677,108
21,11,27.5,0.000000,0.000000,0.000000,0.000000,0.000000,0.000000,0.000000,0.000000,0.000000,0.000000,1.000000,0.000000,0.923077,0.532544,65
21,11,28,0.000000,0.000000,0.000000,0.000000,0.000000,0.000000,0.000000,0.000000,0.000000,0.000000,1.000000,0.000000,0.895161,0.541428,62
21,11,28.5,0.000000,0.000000,0.000000,0.000000,0.000000,0.000000,0.000000,0.000000,0.000000,0.000000,1.000000,0.000000,0.657895,0.554017,57
21,11,29,0.000000,0.000000,0.000000,0.000000,0.000000,0.000000,0.000000,0.000000,0.000000,0.000000,1.000000,0.000000,0.928571,0.530612,63
21,11,29.5,0.000000,0.000000,0.000000,0.000000,0.000000,0.000000,0.000000,0.000000,0.000000,0.000000,1.000000,0.000000,0.923077,0.532544,39
21,11,30,0.000000,0.000000,0.000000,0.000000,0.000000,0.000000,0.000000,0.000000,0.000000,0.000000,1.000000,0.000000,0.794118,0.560554,34
21,11,30.5,0.000000,0.000000,0.000000,0.000000,0.000000,0.000000,0.000000,0.000000,0.000000,0.000000,1.000000,0.000000,0.978261,0.510397,23
21,11,31,0.000000,0.000000,0.000000,0.000000,0.000000,0.000000,0.000000,0.000000,0.000000,0.000000,1.000000,0.000000,0.750000,0.562500,20
21,11,31.5,0.000000,0.000000,0.000000,0.000000,0.000000,0.000000,0.000000,0.000000,0.000000,0.000000,1.000000,0.000000,0.473684,0.486150,19
21,11,32,0.000000,0.000000,0.000000,0.000000,0.000000,0.000000,0.000000,0.000000,0.000000,0.000000,1.000000,0.000000,0.666667,0.555556,9
21,11,32.5,0.000000,0.000000,0.000000,0.000000,0.000000,0.000000,0.000000,0.000000,0.000000,0.000000,1.000000,0.000000,0.150000,0.202500,10
21,11,33,0.000000,0.000000,0.000000,0.000000,0.000000,0.000000,0.000000,0.000000,0.000000,0.000000,1.000000,0.000000,0.600000,0.540000,5
21,11,33.5,0.000000,0.000000,0.000000,0.000000,0.000000,0.000000,0.000000,0.000000,0.000000,0.000000,1.000000,0.000000,0.375000,0.421875,4
21,11,34,0.000000,0.000000,0.000000,0.000000,0.000000,0.000000,0.000000,0.000000,0.000000,0.000000,1.000000,0.000000,0.900000,0.540000,5
21,11,34.5,0.000000,0.000000,0.000000,0.000000,0.000000,0.000000,0.000000,0.000000,0.000000,0.000000,1.000000,0.000000,0.000000,0.000000,1
21,11,35,0.000000,0.000000,0.000000,0.000000,0.000000,0.000000,0.000000,0.000000,0.000000,0.000000,1.000000,0.000000,0.000000,0.000000,1
21,11,36,0.000000,0.000000,0.000000,0.000000,0.000000,0.000000,0.000000,0.000000,0.000000,0.000000,1.000000,0.000000,0.000000,0.000000,1
21,11,36.5,0.000000,0.000000,0.000000,0.000000,0.000000,0.000000,0.000000,0.000000,0.000000,0.000000,1.000000,0.000000,0.000000,0.000000,1
21,11,37.5,0.000000,0.000000,0.000000,0.000000,0.000000,0.000000,0.000000,0.000000,0.000000,0.000000,1.000000,0.000000,1.500000,0.000000,1
21,11,38,0.000000,0.000000,0.000000,0.000000,0.000000,0.000000,0.000000,0.000000,0.000000,0.000000,1.000000,0.000000,0.000000,0.000000,1
21,11,40.5,0.000000,0.000000,0.000000,0.000000,0.000000,0.000000,0.000000,0.000000,0.000000,0.000000,1.000000,0.000000,0.000000,0.000000,1
