UserValue,DealerValue,TrueCount,Hit EV,Hit Variance,Stand EV,Stand Variance,Double EV,Double Variance,Split EV,Split Variance,Surrender EV,Surrender Variance,Insurance Accept EV,Insurance Accept Variance,Insurance Decline EV,Insurance Decline Variance,Hands Played
12,2,-42,-1.000000,0.000000,-1.000000,0.000000,0.000000,0.000000,0.000000,0.000000,0.000000,0.000000,0.000000,0.000000,0.000000,0.000000,1
12,2,-40.5,1.000000,0.000000,-1.000000,0.000000,0.000000,0.000000,0.000000,0.000000,0.000000,0.000000,0.000000,0.000000,0.000000,0.000000,1
12,2,-40,0.000000,0.000000,-1.000000,0.000000,0.000000,0.000000,0.000000,0.000000,0.000000,0.000000,0.000000,0.000000,0.000000,0.000000,1
12,2,-39,-1.000000,0.000000,1.000000,0.000000,0.000000,0.000000,0.000000,0.000000,0.000000,0.000000,0.000000,0.000000,0.000000,0.000000,1
12,2,-38,-0.333333,0.888889,-0.333333,0.888889,0.000000,0.000000,0.000000,0.000000,0.000000,0.000000,0.000000,0.000000,0.000000,0.000000,3
12,2,-37.5,0.000000,1.000000,-1.000000,0.000000,0.000000,0.000000,0.000000,0.000000,0.000000,0.000000,0.000000,0.000000,0.000000,0.000000,4
12,2,-37,-1.000000,0.000000,-1.000000,0.000000,0.000000,0.000000,0.000000,0.000000,0.000000,0.000000,0.000000,0.000000,0.000000,0.000000,1
12,2,-36.5,0.166667,0.805556,-0.333333,0.888889,0.000000,0.000000,0.000000,0.000000,0.000000,0.000000,0.000000,0.000000,0.000000,0.000000,6
12,2,-36,-0.200000,0.560000,-0.200000,0.960000,0.000000,0.000000,0.000000,0.000000,0.000000,0.000000,0.000000,0.000000,0.000000,0.000000,5
12,2,-35.5,0.250000,0.687500,-1.000000,0.000000,0.000000,0.000000,0.000000,0.000000,0.000000,0.000000,0.000000,0.000000,0.000000,0.000000,4
12,2,-35,1.000000,0.000000,-0.333333,0.888889,0.000000,0.000000,0.000000,0.000000,0.000000,0.000000,0.000000,0.000000,0.000000,0.000000,3
12,2,-34.5,-0.181818,0.694215,-0.272727,0.925620,0.000000,0.000000,0.000000,0.000000,0.000000,0.000000,0.000000,0.000000,0.000000,0.000000,11
12,2,-34,-0.125000,0.859375,-0.000000,1.000000,0.000000,0.000000,0.000000,0.000000,0.000000,0.000000,0.000000,0.000000,0.000000,0.000000,8
12,2,-33.5,-0.400000,0.640000,-0.600000,0.640000,0.000000,0.000000,0.000000,0.000000,0.000000,0.000000,0.000000,0.000000,0.000000,0.000000,5
12,2,-33,-0.333333,0.888889,-0.200000,0.960000,0.000000,0.000000,0.000000,0.000000,0.000000,0.000000,0.000000,0.000000,0.000000,0.000000,15
12,2,-32.5,0.142857,0.979592,-0.333333,0.888889,0.000000,0.000000,0.000000,0.000000,0.000000,0.000000,0.000000,0.000000,0.000000,0.000000,21
12,2,-32,-0.380952,0.807256,-0.428571,0.816327,0.000000,0.000000,0.000000,0.000000,0.000000,0.000000,0.000000,0.000000,0.000000,0.000000,21
12,2,-31.5,-0.346154,0.764793,-0.461538,0.786982,0.000000,0.000000,0.000000,0.000000,0.000000,0.000000,0.000000,0.000000,0.000000,0.000000,26
12,2,-31,-0.366667,0.832222,-0.533333,0.715556,0.000000,0.000000,0.000000,0.000000,0.000000,0.000000,0.000000,0.000000,0.000000,0.000000,30
12,2,-30.5,-0.413793,0.759810,-0.482759,0.766944,0.000000,0.000000,0.000000,0.000000,0.000000,0.000000,0.000000,0.000000,0.000000,0.000000,58
12,2,-30,-0.204082,0.937943,-0.632653,0.599750,0.000000,0.000000,0.000000,0.000000,0.000000,0.000000,0.000000,0.000000,0.000000,0.000000,49
12,2,-29.5,-0.287671,0.807656,-0.479452,0.770126,0.000000,0.000000,0.000000,0.000000,0.000000,0.000000,0.000000,0.000000,0.000000,0.000000,73
12,2,-29,-0.205128,0.915187,-0.589744,0.652202,0.000000,0.000000,0.000000,0.000000,0.000000,0.000000,0.000000,0.000000,0.000000,0.000000,117
12,2,-28.5,-0.163636,0.882314,-0.272727,0.925620,0.000000,0.000000,0.000000,0.000000,0.000000,0.000000,0.000000,0.000000,0.000000,0.000000,110
12,2,-28,-0.288591,0.876447,-0.530201,0.718887,0.000000,0.000000,0.000000,0.000000,0.000000,0.000000,0.000000,0.000000,0.000000,0.000000,149
12,2,-27.5,-0.193548,0.904475,-0.483871,0.765869,0.000000,0.000000,0.000000,0.000000,0.000000,0.000000,0.000000,0.000000,0.000000,0.000000,155
12,2,-27,-0.213389,0.887519,-0.506276,0.743684,0.000000,0.000000,0.000000,0.000000,0.000000,0.000000,0.000000,0.000000,0.000000,0.000000,239
12,2,-26.5,-0.233010,0.890690,-0.475728,0.773683,0.000000,0.000000,0.000000,0.000000,0.000000,0.000000,0.000000,0.000000,0.000000,0.000000,309
12,2,-26,-0.203791,0.882640,-0.374408,0.859819,0.000000,0.000000,0.000000,0.000000,0.000000,0.000000,0.000000,0.000000,0.000000,0.000000,211
12,2,-25.5,-0.288056,0.856134,-0.466042,0.782805,0.000000,0.000000,0.000000,0.000000,0.000000,0.000000,0.000000,0.000000,0.000000,0.000000,427
12,2,-25,-0.236499,0.888202,-0.422719,0.821309,0.000000,0.000000,0.000000,0.000000,0.000000,0.000000,0.000000,0.000000,0.000000,0.000000,537
12,2,-24.5,-0.292419,0.856730,-0.519856,0.729750,0.000000,0.000000,0.000000,0.000000,0.000000,0.000000,0.000000,0.000000,0.000000,0.000000,554
12,2,-24,-0.230769,0.884067,-0.464387,0.784344,0.000000,0.000000,0.000000,0.000000,0.000000,0.000000,0.000000,0.000000,0.000000,0.000000,702
12,2,-23.5,-0.244873,0.877311,-0.462002,0.786554,0.000000,0.000000,0.000000,0.000000,0.000000,0.000000,0.000000,0.000000,0.000000,0.000000,829
12,2,-23,-0.274725,0.865354,-0.470837,0.778313,0.000000,0.000000,0.000000,0.000000,0.000000,0.000000,0.000000,0.000000,0.000000,0.000000,1183
12,2,-22.5,-0.229280,0.870746,-0.426801,0.817841,0.000000,0.000000,0.000000,0.000000,0.000000,0.000000,0.000000,0.000000,0.000000,0.000000,1291
12,2,-22,-0.248439,0.869576,-0.457321,0.790857,0.000000,0.000000,0.000000,0.000000,0.000000,0.000000,0.000000,0.000000,0.000000,0.000000,1441
12,2,-21.5,-0.268369,0.870657,-0.423658,0.820514,0.000000,0.000000,0.000000,0.000000,0.000000,0.000000,0.000000,0.000000,0.000000,0.000000,1919
12,2,-21,-0.291648,0.858666,-0.452434,0.795303,0.000000,0.000000,0.000000,0.000000,0.000000,0.000000,0.000000,0.000000,0.000000,0.000000,2239
12,2,-20.5,-0.238150,0.886327,-0.416667,0.826389,0.000000,0.000000,0.000000,0.000000,0.000000,0.000000,0.000000,0.000000,0.000000,0.000000,2616
12,2,-20,-0.260699,0.868985,-0.448546,0.798806,0.000000,0.000000,0.000000,0.000000,0.000000,0.000000,0.000000,0.000000,0.000000,0.000000,3061
12,2,-19.5,-0.243128,0.872597,-0.417965,0.825305,0.000000,0.000000,0.000000,0.000000,0.000000,0.000000,0.000000,0.000000,0.000000,0.000000,3529
12,2,-19,-0.245249,0.877702,-0.414710,0.828015,0.000000,0.000000,0.000000,0.000000,0.000000,0.000000,0.000000,0.000000,0.000000,0.000000,4473
12,2,-18.5,-0.260749,0.871578,-0.415891,0.827035,0.000000,0.000000,0.000000,0.000000,0.000000,0.000000,0.000000,0.000000,0.000000,0.000000,5047
12,2,-18,-0.238316,0.881506,-0.441308,0.805247,0.000000,0.000000,0.000000,0.000000,0.000000,0.000000,0.000000,0.000000,0.000000,0.000000,6483
12,2,-17.5,-0.248094,0.876903,-0.406046,0.835127,0.000000,0.000000,0.000000,0.000000,0.000000,0.000000,0.000000,0.000000,0.000000,0.000000,7344
12,2,-17,-0.231013,0.885339,-0.412698,0.829680,0.000000,0.000000,0.000000,0.000000,0.000000,0.000000,0.000000,0.000000,0.000000,0.000000,8190
12,2,-16.5,-0.236408,0.882677,-0.398474,0.841219,0.000000,0.000000,0.000000,0.000000,0.000000,0.000000,0.000000,0.000000,0.000000,0.000000,10613
12,2,-16,-0.248118,0.879598,-0.402791,0.837760,0.000000,0.000000,0.000000,0.000000,0.000000,0.000000,0.000000,0.000000,0.000000,0.000000,10894
12,2,-15.5,-0.255865,0.875710,-0.397957,0.841630,0.000000,0.000000,0.000000,0.000000,0.000000,0.000000,0.000000,0.000000,0.000000,0.000000,14195
12,2,-15,-0.244523,0.877093,-0.398311,0.841348,0.000000,0.000000,0.000000,0.000000,0.000000,0.000000,0.000000,0.000000,0.000000,0.000000,15749
12,2,-14.5,-0.251216,0.879205,-0.378464,0.856765,0.000000,0.000000,0.000000,0.000000,0.000000,0.000000,0.000000,0.000000,0.000000,0.000000,17682
12,2,-14,-0.245287,0.878271,-0.385244,0.851587,0.000000,0.000000,0.000000,0.000000,0.000000,0.000000,0.000000,0.000000,0.000000,0.000000,22757
12,2,-13.5,-0.238503,0.885500,-0.382952,0.853348,0.000000,0.000000,0.000000,0.000000,0.000000,0.000000,0.000000,0.000000,0.000000,0.000000,24507
12,2,-13,-0.245600,0.880717,-0.374631,0.859651,0.000000,0.000000,0.000000,0.000000,0.000000,0.000000,0.000000,0.000000,0.000000,0.000000,30171
12,2,-12.5,-0.244036,0.884281,-0.367375,0.865036,0.000000,0.000000,0.000000,0.000000,0.000000,0.000000,0.000000,0.000000,0.000000,0.000000,33704
12,2,-12,-0.242887,0.883797,-0.367140,0.865208,0.000000,0.000000,0.000000,0.000000,0.000000,0.000000,0.000000,0.000000,0.000000,0.000000,39854
12,2,-11.5,-0.249946,0.879955,-0.365352,0.866518,0.000000,0.000000,0.000000,0.000000,0.000000,0.000000,0.000000,0.000000,0.000000,0.000000,45890
12,2,-11,-0.250029,0.881027,-0.355763,0.873433,0.000000,0.000000,0.000000,0.000000,0.000000,0.000000,0.000000,0.000000,0.000000,0.000000,52074
12,2,-10.5,-0.249629,0.880807,-0.374041,0.860093,0.000000,0.000000,0.000000,0.000000,0.000000,0.000000,0.000000,0.000000,0.000000,0.000000,63346
12,2,-10,-0.243103,0.884960,-0.359157,0.871006,0.000000,0.000000,0.000000,0.000000,0.000000,0.000000,0.000000,0.000000,0.000000,0.000000,72130
12,2,-9.5,-0.245300,0.884802,-0.357991,0.871842,0.000000,0.000000,0.000000,0.000000,0.000000,0.000000,0.000000,0.000000,0.000000,0.000000,80326
12,2,-9,-0.245730,0.885065,-0.354173,0.874562,0.000000,0.000000,0.000000,0.000000,0.000000,0.000000,0.000000,0.000000,0.000000,0.000000,96899
12,2,-8.5,-0.243980,0.885483,-0.348958,0.878228,0.000000,0.000000,0.000000,0.000000,0.000000,0.000000,0.000000,0.000000,0.000000,0.000000,108546
12,2,-8,-0.247708,0.884140,-0.349553,0.877813,0.000000,0.000000,0.000000,0.000000,0.000000,0.000000,0.000000,0.000000,0.000000,0.000000,127832
12,2,-7.5,-0.246337,0.884451,-0.342731,0.882536,0.000000,0.000000,0.000000,0.000000,0.000000,0.000000,0.000000,0.000000,0.000000,0.000000,145642
12,2,-7,-0.246607,0.885647,-0.334718,0.887964,0.000000,0.000000,0.000000,0.000000,0.000000,0.000000,0.000000,0.000000,0.000000,0.000000,170944
12,2,-6.5,-0.247816,0.885086,-0.334699,0.887977,0.000000,0.000000,0.000000,0.000000,0.000000,0.000000,0.000000,0.000000,0.000000,0.000000,197715
12,2,-6,-0.246980,0.886985,-0.331007,0.890434,0.000000,0.000000,0.000000,0.000000,0.000000,0.000000,0.000000,0.000000,0.000000,0.000000,226107
12,2,-5.5,-0.247348,0.886171,-0.325568,0.894006,0.000000,0.000000,0.000000,0.000000,0.000000,0.000000,0.000000,0.000000,0.000000,0.000000,268104
12,2,-5,-0.248729,0.886330,-0.323630,0.895264,0.000000,0.000000,0.000000,0.000000,0.000000,0.000000,0.000000,0.000000,0.000000,0.000000,307234
12,2,-4.5,-0.251247,0.884561,-0.320311,0.897401,0.000000,0.000000,0.000000,0.000000,0.000000,0.000000,0.000000,0.000000,0.000000,0.000000,355336
12,2,-4,-0.249250,0.886137,-0.317185,0.899394,0.000000,0.000000,0.000000,0.000000,0.000000,0.000000,0.000000,0.000000,0.000000,0.000000,420313
12,2,-3.5,-0.250315,0.885952,-0.313391,0.901786,0.000000,0.000000,0.000000,0.000000,0.000000,0.000000,0.000000,0.000000,0.000000,0.000000,484354
12,2,-3,-0.248584,0.887107,-0.309689,0.904093,0.000000,0.000000,0.000000,0.000000,0.000000,0.000000,0.000000,0.000000,0.000000,0.000000,569856
12,2,-2.5,-0.251657,0.885712,-0.305841,0.906461,0.000000,0.000000,0.000000,0.000000,0.000000,0.000000,0.000000,0.000000,0.000000,0.000000,670094
12,2,-2,-0.250576,0.887166,-0.305075,0.906930,0.000000,0.000000,0.000000,0.000000,0.000000,0.000000,0.000000,0.000000,0.000000,0.000000,784723
12,2,-1.5,-0.252315,0.886518,-0.300096,0.909942,0.000000,0.000000,0.000000,0.000000,0.000000,0.000000,0.000000,0.000000,0.000000,0.000000,933228
12,2,-1,-0.251909,0.886769,-0.296890,0.911857,0.000000,0.000000,0.000000,0.000000,0.000000,0.000000,0.000000,0.000000,0.000000,0.000000,1078542
12,2,-0.5,-0.253507,0.886116,-0.291285,0.915153,0.000000,0.000000,0.000000,0.000000,0.000000,0.000000,0.000000,0.000000,0.000000,0.000000,1274732
12,2,0,-0.252785,0.886779,-0.287454,0.917370,0.000000,0.000000,0.000000,0.000000,0.000000,0.000000,0.000000,0.000000,0.000000,0.000000,1710006
12,2,0.5,-0.253317,0.887095,-0.284508,0.919055,0.000000,0.000000,0.000000,0.000000,0.000000,0.000000,0.000000,0.000000,0.000000,0.000000,1473314
12,2,1,-0.254702,0.886345,-0.281436,0.920794,0.000000,0.000000,0.000000,0.000000,0.000000,0.000000,0.000000,0.000000,0.000000,0.000000,1228136
12,2,1.5,-0.254297,0.887430,-0.279317,0.921982,0.000000,0.000000,0.000000,0.000000,0.000000,0.000000,0.000000,0.000000,0.000000,0.000000,1054403
12,2,2,-0.254364,0.887574,-0.274314,0.924752,0.000000,0.000000,0.000000,0.000000,0.000000,0.000000,0.000000,0.000000,0.000000,0.000000,885118
12,2,2.5,-0.254815,0.887520,-0.270376,0.926897,0.000000,0.000000,0.000000,0.000000,0.000000,0.000000,0.000000,0.000000,0.000000,0.000000,756031
12,2,3,-0.255190,0.887476,-0.267142,0.928635,0.000000,0.000000,0.000000,0.000000,0.000000,0.000000,0.000000,0.000000,0.000000,0.000000,642861
12,2,3.5,-0.255306,0.887583,-0.265411,0.929557,0.000000,0.000000,0.000000,0.000000,0.000000,0.000000,0.000000,0.000000,0.000000,0.000000,546126
12,2,4,-0.253394,0.889031,-0.261263,0.931742,0.000000,0.000000,0.000000,0.000000,0.000000,0.000000,0.000000,0.000000,0.000000,0.000000,471827
12,2,4.5,-0.258586,0.886622,-0.256098,0.934414,0.000000,0.000000,0.000000,0.000000,0.000000,0.000000,0.000000,0.000000,0.000000,0.000000,398375
12,2,5,-0.258792,0.887113,-0.253663,0.935655,0.000000,0.000000,0.000000,0.000000,0.000000,0.000000,0.000000,0.000000,0.000000,0.000000,345865
12,2,5.5,-0.257109,0.888569,-0.248735,0.938131,0.000000,0.000000,0.000000,0.000000,0.000000,0.000000,0.000000,0.000000,0.000000,0.000000,301417
12,2,6,-0.257805,0.888051,-0.243604,0.940657,0.000000,0.000000,0.000000,0.000000,0.000000,0.000000,0.000000,0.000000,0.000000,0.000000,253420
12,2,6.5,-0.256409,0.889229,-0.243053,0.940925,0.000000,0.000000,0.000000,0.000000,0.000000,0.000000,0.000000,0.000000,0.000000,0.000000,221474
12,2,7,-0.260672,0.887054,-0.238821,0.942965,0.000000,0.000000,0.000000,0.000000,0.000000,0.000000,0.000000,0.000000,0.000000,0.000000,190373
12,2,7.5,-0.255700,0.890212,-0.235412,0.944581,0.000000,0.000000,0.000000,0.000000,0.000000,0.000000,0.000000,0.000000,0.000000,0.000000,163199
12,2,8,-0.259888,0.888343,-0.231752,0.946291,0.000000,0.000000,0.000000,0.000000,0.000000,0.000000,0.000000,0.000000,0.000000,0.000000,142946
12,2,8.5,-0.261517,0.888565,-0.227018,0.948463,0.000000,0.000000,0.000000,0.000000,0.000000,0.000000,0.000000,0.000000,0.000000,0.000000,121017
12,2,9,-0.262576,0.887798,-0.228027,0.948004,0.000000,0.000000,0.000000,0.000000,0.000000,0.000000,0.000000,0.000000,0.000000,0.000000,107268
12,2,9.5,-0.263765,0.887276,-0.212457,0.954862,0.000000,0.000000,0.000000,0.000000,0.000000,0.000000,0.000000,0.000000,0.000000,0.000000,89265
12,2,10,-0.263104,0.887186,-0.217274,0.952792,0.000000,0.000000,0.000000,0.000000,0.000000,0.000000,0.000000,0.000000,0.000000,0.000000,81234
12,2,10.5,-0.261163,0.889006,-0.210917,0.955514,0.000000,0.000000,0.000000,0.000000,0.000000,0.000000,0.000000,0.000000,0.000000,0.000000,70791
12,2,11,-0.260194,0.889323,-0.214080,0.954170,0.000000,0.000000,0.000000,0.000000,0.000000,0.000000,0.000000,0.000000,0.000000,0.000000,58637
12,2,11.5,-0.265104,0.886823,-0.207157,0.957086,0.000000,0.000000,0.000000,0.000000,0.000000,0.000000,0.000000,0.000000,0.000000,0.000000,51029
12,2,12,-0.261624,0.889630,-0.202671,0.958925,0.000000,0.000000,0.000000,0.000000,0.000000,0.000000,0.000000,0.000000,0.000000,0.000000,44629
12,2,12.5,-0.273150,0.883261,-0.202302,0.959074,0.000000,0.000000,0.000000,0.000000,0.000000,0.000000,0.000000,0.000000,0.000000,0.000000,37884
12,2,13,-0.267937,0.885172,-0.177424,0.968521,0.000000,0.000000,0.000000,0.000000,0.000000,0.000000,0.000000,0.000000,0.000000,0.000000,33575
12,2,13.5,-0.272717,0.884549,-0.193216,0.962668,0.000000,0.000000,0.000000,0.000000,0.000000,0.000000,0.000000,0.000000,0.000000,0.000000,27534
12,2,14,-0.267993,0.885869,-0.187255,0.964936,0.000000,0.000000,0.000000,0.000000,0.000000,0.000000,0.000000,0.000000,0.000000,0.000000,24982
12,2,14.5,-0.279570,0.883012,-0.174632,0.969504,0.000000,0.000000,0.000000,0.000000,0.000000,0.000000,0.000000,0.000000,0.000000,0.000000,20088
12,2,15,-0.275496,0.884682,-0.179493,0.967782,0.000000,0.000000,0.000000,0.000000,0.000000,0.000000,0.000000,0.000000,0.000000,0.000000,18062
12,2,15.5,-0.276450,0.882883,-0.159798,0.974464,0.000000,0.000000,0.000000,0.000000,0.000000,0.000000,0.000000,0.000000,0.000000,0.000000,15482
12,2,16,-0.270502,0.886512,-0.162479,0.973601,0.000000,0.000000,0.000000,0.000000,0.000000,0.000000,0.000000,0.000000,0.000000,0.000000,12377
12,2,16.5,-0.288162,0.873122,-0.171284,0.970662,0.000000,0.000000,0.000000,0.000000,0.000000,0.000000,0.000000,0.000000,0.000000,0.000000,12021
12,2,17,-0.288608,0.879264,-0.169707,0.971199,0.000000,0.000000,0.000000,0.000000,0.000000,0.000000,0.000000,0.000000,0.000000,0.000000,9428
12,2,17.5,-0.273762,0.884806,-0.129782,0.983157,0.000000,0.000000,0.000000,0.000000,0.000000,0.000000,0.000000,0.000000,0.000000,0.000000,8522
12,2,18,-0.289082,0.879044,-0.145218,0.978912,0.000000,0.000000,0.000000,0.000000,0.000000,0.000000,0.000000,0.000000,0.000000,0.000000,7382
12,2,18.5,-0.259775,0.895766,-0.166303,0.972343,0.000000,0.000000,0.000000,0.000000,0.000000,0.000000,0.000000,0.000000,0.000000,0.000000,5959
12,2,19,-0.279544,0.883958,-0.134474,0.981917,0.000000,0.000000,0.000000,0.000000,0.000000,0.000000,0.000000,0.000000,0.000000,0.000000,4908
12,2,19.5,-0.311535,0.866991,-0.114382,0.986917,0.000000,0.000000,0.000000,0.000000,0.000000,0.000000,0.000000,0.000000,0.000000,0.000000,4144
12,2,20,-0.299585,0.873181,-0.136929,0.981250,0.000000,0.000000,0.000000,0.000000,0.000000,0.000000,0.000000,0.000000,0.000000,0.000000,3615
12,2,20.5,-0.302513,0.872726,-0.152062,0.976877,0.000000,0.000000,0.000000,0.000000,0.000000,0.000000,0.000000,0.000000,0.000000,0.000000,3104
12,2,21,-0.287259,0.885822,-0.137452,0.981107,0.000000,0.000000,0.000000,0.000000,0.000000,0.000000,0.000000,0.000000,0.000000,0.000000,2590
12,2,21.5,-0.301406,0.875763,-0.122144,0.985081,0.000000,0.000000,0.000000,0.000000,0.000000,0.000000,0.000000,0.000000,0.000000,0.000000,2276
12,2,22,-0.317421,0.866386,-0.068816,0.995264,0.000000,0.000000,0.000000,0.000000,0.000000,0.000000,0.000000,0.000000,0.000000,0.000000,1613
12,2,22.5,-0.275273,0.889389,-0.114754,0.986831,0.000000,0.000000,0.000000,0.000000,0.000000,0.000000,0.000000,0.000000,0.000000,0.000000,1464
12,2,23,-0.290909,0.883204,-0.075524,0.994296,0.000000,0.000000,0.000000,0.000000,0.000000,0.000000,0.000000,0.000000,0.000000,0.000000,1430
12,2,23.5,-0.243000,0.903951,-0.106000,0.988764,0.000000,0.000000,0.000000,0.000000,0.000000,0.000000,0.000000,0.000000,0.000000,0.000000,1000
12,2,24,-0.260674,0.889352,-0.137079,0.981209,0.000000,0.000000,0.000000,0.000000,0.000000,0.000000,0.000000,0.000000,0.000000,0.000000,890
12,2,24.5,-0.334898,0.861239,-0.117371,0.986224,0.000000,0.000000,0.000000,0.000000,0.000000,0.000000,0.000000,0.000000,0.000000,0.000000,639
12,2,25,-0.286344,0.876891,-0.098385,0.990320,0.000000,0.000000,0.000000,0.000000,0.000000,0.000000,0.000000,0.000000,0.000000,0.000000,681
12,2,25.5,-0.240150,0.910433,-0.061914,0.996167,0.000000,0.000000,0.000000,0.000000,0.000000,0.000000,0.000000,0.000000,0.000000,0.000000,533
12,2,26,-0.259136,0.909593,-0.116279,0.986479,0.000000,0.000000,0.000000,0.000000,0.000000,0.000000,0.000000,0.000000,0.000000,0.000000,301
12,2,26.5,-0.293296,0.894424,-0.145251,0.978902,0.000000,0.000000,0.000000,0.000000,0.000000,0.000000,0.000000,0.000000,0.000000,0.000000,358
12,2,27,-0.350554,0.840212,-0.018450,0.999660,0.000000,0.000000,0.000000,0.000000,0.000000,0.000000,0.000000,0.000000,0.000000,0.000000,271
12,2,27.5,-0.293478,0.870392,0.010870,0.999882,0.000000,0.000000,0.000000,0.000000,0.000000,0.000000,0.000000,0.000000,0.000000,0.000000,184
12,2,28,-0.312500,0.881510,-0.114583,0.986871,0.000000,0.000000,0.000000,0.000000,0.000000,0.000000,0.000000,0.000000,0.000000,0.000000,192
12,2,28.5,-0.251969,0.897142,0.055118,0.996962,0.000000,0.000000,0.000000,0.000000,0.000000,0.000000,0.000000,0.000000,0.000000,0.000000,127
12,2,29,-0.195804,0.926696,-0.076923,0.994083,0.000000,0.000000,0.000000,0.000000,0.000000,0.000000,0.000000,0.000000,0.000000,0.000000,143
12,2,29.5,-0.198020,0.911283,-0.148515,0.977943,0.000000,0.000000,0.000000,0.000000,0.000000,0.000000,0.000000,0.000000,0.000000,0.000000,101
12,2,30,-0.530303,0.703627,-0.151515,0.977043,0.000000,0.000000,0.000000,0.000000,0.000000,0.000000,0.000000,0.000000,0.000000,0.000000,66
12,2,30.5,-0.294118,0.884083,-0.117647,0.986159,0.000000,0.000000,0.000000,0.000000,0.000000,0.000000,0.000000,0.000000,0.000000,0.000000,68
12,2,31,-0.368421,0.794090,0.017544,0.999692,0.000000,0.000000,0.000000,0.000000,0.000000,0.000000,0.000000,0.000000,0.000000,0.000000,57
12,2,31.5,-0.306122,0.906289,-0.224490,0.949604,0.000000,0.000000,0.000000,0.000000,0.000000,0.000000,0.000000,0.000000,0.000000,0.000000,49
12,2,32,-0.250000,0.854167,-0.333333,0.888889,0.000000,0.000000,0.000000,0.000000,0.000000,0.000000,0.000000,0.000000,0.000000,0.000000,24
12,2,32.5,-0.555556,0.691358,-0.111111,0.987654,0.000000,0.000000,0.000000,0.000000,0.000000,0.000000,0.000000,0.000000,0.000000,0.000000,18
12,2,33,-0.444444,0.802469,0.000000,1.000000,0.000000,0.000000,0.000000,0.000000,0.000000,0.000000,0.000000,0.000000,0.000000,0.000000,18
12,2,33.5,-0.352941,0.816609,-0.058824,0.996540,0.000000,0.000000,0.000000,0.000000,0.000000,0.000000,0.000000,0.000000,0.000000,0.000000,17
12,2,34,-0.294118,0.913495,0.176471,0.968858,0.000000,0.000000,0.000000,0.000000,0.000000,0.000000,0.000000,0.000000,0.000000,0.000000,17
12,2,34.5,-0.230769,0.946746,-0.076923,0.994083,0.000000,0.000000,0.000000,0.000000,0.000000,0.000000,0.000000,0.000000,0.000000,0.000000,13
12,2,35,0.250000,0.937500,-0.250000,0.937500,0.000000,0.000000,0.000000,0.000000,0.000000,0.000000,0.000000,0.000000,0.000000,0.000000,8
12,2,35.5,0.142857,0.979592,-0.428571,0.816327,0.000000,0.000000,0.000000,0.000000,0.000000,0.000000,0.000000,0.000000,0.000000,0.000000,7
12,2,36,-0.333333,0.888889,0.333333,0.888889,0.000000,0.000000,0.000000,0.000000,0.000000,0.000000,0.000000,0.000000,0.000000,0.000000,3
12,2,36.5,-0.125000,0.859375,-0.250000,0.937500,0.000000,0.000000,0.000000,0.000000,0.000000,0.000000,0.000000,0.000000,0.000000,0.000000,8
12,2,37,1.000000,0.000000,-1.000000,0.000000,0.000000,0.000000,0.000000,0.000000,0.000000,0.000000,0.000000,0.000000,0.000000,0.000000,2
12,2,37.5,0.000000,1.000000,1.000000,0.000000,0.000000,0.000000,0.000000,0.000000,0.000000,0.000000,0.000000,0.000000,0.000000,0.000000,2
12,2,38,-1.000000,0.000000,1.000000,0.000000,0.000000,0.000000,0.000000,0.000000,0.000000,0.000000,0.000000,0.000000,0.000000,0.000000,1
12,2,40,1.000000,0.000000,-1.000000,0.000000,0.000000,0.000000,0.000000,0.000000,0.000000,0.000000,0.000000,0.000000,0.000000,0.000000,1
12,2,41,1.000000,0.000000,1.000000,0.000000,0.000000,0.000000,0.000000,0.000000,0.000000,0.000000,0.000000,0.000000,0.000000,0.000000,1
12,3,-45,-1.000000,0.000000,-1.000000,0.000000,0.000000,0.000000,0.000000,0.000000,0.000000,0.000000,0.000000,0.000000,0.000000,0.000000,1
12,3,-37.5,-0.500000,0.750000,-0.500000,0.750000,0.000000,0.000000,0.000000,0.000000,0.000000,0.000000,0.000000,0.000000,0.000000,0.000000,4
12,3,-37,-1.000000,0.000000,-1.000000,0.000000,0.000000,0.000000,0.000000,0.000000,0.000000,0.000000,0.000000,0.000000,0.000000,0.000000,2
12,3,-36.5,-0.000000,1.000000,-0.500000,0.750000,0.000000,0.000000,0.000000,0.000000,0.000000,0.000000,0.000000,0.000000,0.000000,0.000000,4
12,3,-36,0.200000,0.960000,-0.600000,0.640000,0.000000,0.000000,0.000000,0.000000,0.000000,0.000000,0.000000,0.000000,0.000000,0.000000,5
12,3,-35.5,-0.400000,0.640000,0.200000,0.960000,0.000000,0.000000,0.000000,0.000000,0.000000,0.000000,0.000000,0.000000,0.000000,0.000000,5
12,3,-35,-0.500000,0.583333,-0.666667,0.555556,0.000000,0.000000,0.000000,0.000000,0.000000,0.000000,0.000000,0.000000,0.000000,0.000000,6
12,3,-34.5,-1.000000,0.000000,-0.333333,0.888889,0.000000,0.000000,0.000000,0.000000,0.000000,0.000000,0.000000,0.000000,0.000000,0.000000,3
12,3,-34,-0.363636,0.776860,-0.454545,0.793388,0.000000,0.000000,0.000000,0.000000,0.000000,0.000000,0.000000,0.000000,0.000000,0.000000,11
12,3,-33.5,0.125000,0.859375,-1.000000,0.000000,0.000000,0.000000,0.000000,0.000000,0.000000,0.000000,0.000000,0.000000,0.000000,0.000000,8
12,3,-33,-0.181818,0.876033,-0.636364,0.595041,0.000000,0.000000,0.000000,0.000000,0.000000,0.000000,0.000000,0.000000,0.000000,0.000000,11
12,3,-32.5,-0.434783,0.767486,-0.304348,0.907372,0.000000,0.000000,0.000000,0.000000,0.000000,0.000000,0.000000,0.000000,0.000000,0.000000,23
12,3,-32,-0.384615,0.775148,-0.307692,0.905325,0.000000,0.000000,0.000000,0.000000,0.000000,0.000000,0.000000,0.000000,0.000000,0.000000,26
12,3,-31.5,-0.171429,0.884898,-0.371429,0.862041,0.000000,0.000000,0.000000,0.000000,0.000000,0.000000,0.000000,0.000000,0.000000,0.000000,35
12,3,-31,-0.514286,0.706939,-0.485714,0.764082,0.000000,0.000000,0.000000,0.000000,0.000000,0.000000,0.000000,0.000000,0.000000,0.000000,35
12,3,-30.5,-0.127660,0.877320,-0.489362,0.760525,0.000000,0.000000,0.000000,0.000000,0.000000,0.000000,0.000000,0.000000,0.000000,0.000000,47
12,3,-30,-0.203704,0.939986,-0.333333,0.888889,0.000000,0.000000,0.000000,0.000000,0.000000,0.000000,0.000000,0.000000,0.000000,0.000000,54
12,3,-29.5,-0.191176,0.860510,-0.558824,0.687716,0.000000,0.000000,0.000000,0.000000,0.000000,0.000000,0.000000,0.000000,0.000000,0.000000,68
12,3,-29,-0.213675,0.868873,-0.572650,0.672072,0.000000,0.000000,0.000000,0.000000,0.000000,0.000000,0.000000,0.000000,0.000000,0.000000,117
12,3,-28.5,-0.233333,0.878889,-0.483333,0.766389,0.000000,0.000000,0.000000,0.000000,0.000000,0.000000,0.000000,0.000000,0.000000,0.000000,120
12,3,-28,-0.302817,0.830837,-0.338028,0.885737,0.000000,0.000000,0.000000,0.000000,0.000000,0.000000,0.000000,0.000000,0.000000,0.000000,142
12,3,-27.5,-0.285714,0.850044,-0.490683,0.759230,0.000000,0.000000,0.000000,0.000000,0.000000,0.000000,0.000000,0.000000,0.000000,0.000000,161
12,3,-27,-0.295455,0.814222,-0.401515,0.838786,0.000000,0.000000,0.000000,0.000000,0.000000,0.000000,0.000000,0.000000,0.000000,0.000000,264
12,3,-26.5,-0.246006,0.881973,-0.335463,0.887464,0.000000,0.000000,0.000000,0.000000,0.000000,0.000000,0.000000,0.000000,0.000000,0.000000,313
12,3,-26,-0.268000,0.852176,-0.488000,0.761856,0.000000,0.000000,0.000000,0.000000,0.000000,0.000000,0.000000,0.000000,0.000000,0.000000,250
12,3,-25.5,-0.197802,0.888347,-0.459341,0.789006,0.000000,0.000000,0.000000,0.000000,0.000000,0.000000,0.000000,0.000000,0.000000,0.000000,455
12,3,-25,-0.287719,0.822481,-0.477193,0.772287,0.000000,0.000000,0.000000,0.000000,0.000000,0.000000,0.000000,0.000000,0.000000,0.000000,570
12,3,-24.5,-0.278626,0.857482,-0.461832,0.786711,0.000000,0.000000,0.000000,0.000000,0.000000,0.000000,0.000000,0.000000,0.000000,0.000000,524
12,3,-24,-0.205683,0.896801,-0.493911,0.756052,0.000000,0.000000,0.000000,0.000000,0.000000,0.000000,0.000000,0.000000,0.000000,0.000000,739
12,3,-23.5,-0.237705,0.872068,-0.466042,0.782805,0.000000,0.000000,0.000000,0.000000,0.000000,0.000000,0.000000,0.000000,0.000000,0.000000,854
12,3,-23,-0.244156,0.871990,-0.445887,0.801184,0.000000,0.000000,0.000000,0.000000,0.000000,0.000000,0.000000,0.000000,0.000000,0.000000,1155
12,3,-22.5,-0.267194,0.862995,-0.430830,0.814385,0.000000,0.000000,0.000000,0.000000,0.000000,0.000000,0.000000,0.000000,0.000000,0.000000,1265
12,3,-22,-0.235043,0.876379,-0.413105,0.829344,0.000000,0.000000,0.000000,0.000000,0.000000,0.000000,0.000000,0.000000,0.000000,0.000000,1404
12,3,-21.5,-0.255719,0.868517,-0.409253,0.832512,0.000000,0.000000,0.000000,0.000000,0.000000,0.000000,0.000000,0.000000,0.000000,0.000000,1967
12,3,-21,-0.280283,0.863970,-0.446508,0.800631,0.000000,0.000000,0.000000,0.000000,0.000000,0.000000,0.000000,0.000000,0.000000,0.000000,2262
12,3,-20.5,-0.253962,0.866447,-0.439245,0.807064,0.000000,0.000000,0.000000,0.000000,0.000000,0.000000,0.000000,0.000000,0.000000,0.000000,2650
12,3,-20,-0.252768,0.876001,-0.411579,0.830603,0.000000,0.000000,0.000000,0.000000,0.000000,0.000000,0.000000,0.000000,0.000000,0.000000,3161
12,3,-19.5,-0.233002,0.892919,-0.409066,0.832665,0.000000,0.000000,0.000000,0.000000,0.000000,0.000000,0.000000,0.000000,0.000000,0.000000,3618
12,3,-19,-0.264466,0.871764,-0.392628,0.845844,0.000000,0.000000,0.000000,0.000000,0.000000,0.000000,0.000000,0.000000,0.000000,0.000000,4666
12,3,-18.5,-0.224526,0.891501,-0.410131,0.831793,0.000000,0.000000,0.000000,0.000000,0.000000,0.000000,0.000000,0.000000,0.000000,0.000000,5113
12,3,-18,-0.257841,0.872478,-0.389606,0.848207,0.000000,0.000000,0.000000,0.000000,0.000000,0.000000,0.000000,0.000000,0.000000,0.000000,6504
12,3,-17.5,-0.231589,0.889312,-0.395198,0.843818,0.000000,0.000000,0.000000,0.000000,0.000000,0.000000,0.000000,0.000000,0.000000,0.000000,7414
12,3,-17,-0.234096,0.882669,-0.414940,0.827825,0.000000,0.000000,0.000000,0.000000,0.000000,0.000000,0.000000,0.000000,0.000000,0.000000,8300
12,3,-16.5,-0.248037,0.878923,-0.383508,0.852922,0.000000,0.000000,0.000000,0.000000,0.000000,0.000000,0.000000,0.000000,0.000000,0.000000,10696
12,3,-16,-0.244517,0.878473,-0.394530,0.844346,0.000000,0.000000,0.000000,0.000000,0.000000,0.000000,0.000000,0.000000,0.000000,0.000000,11079
12,3,-15.5,-0.235233,0.881068,-0.382836,0.853436,0.000000,0.000000,0.000000,0.000000,0.000000,0.000000,0.000000,0.000000,0.000000,0.000000,14356
12,3,-15,-0.236449,0.885196,-0.374244,0.859942,0.000000,0.000000,0.000000,0.000000,0.000000,0.000000,0.000000,0.000000,0.000000,0.000000,16198
12,3,-14.5,-0.243693,0.881453,-0.371378,0.862078,0.000000,0.000000,0.000000,0.000000,0.000000,0.000000,0.000000,0.000000,0.000000,0.000000,18154
12,3,-14,-0.237865,0.884271,-0.366771,0.865479,0.000000,0.000000,0.000000,0.000000,0.000000,0.000000,0.000000,0.000000,0.000000,0.000000,22908
12,3,-13.5,-0.240465,0.883337,-0.366183,0.865910,0.000000,0.000000,0.000000,0.000000,0.000000,0.000000,0.000000,0.000000,0.000000,0.000000,24881
12,3,-13,-0.240230,0.885860,-0.366890,0.865392,0.000000,0.000000,0.000000,0.000000,0.000000,0.000000,0.000000,0.000000,0.000000,0.000000,31012
12,3,-12.5,-0.239030,0.886658,-0.361510,0.869311,0.000000,0.000000,0.000000,0.000000,0.000000,0.000000,0.000000,0.000000,0.000000,0.000000,34071
12,3,-12,-0.240688,0.885883,-0.351214,0.876649,0.000000,0.000000,0.000000,0.000000,0.000000,0.000000,0.000000,0.000000,0.000000,0.000000,40081
12,3,-11.5,-0.231049,0.889591,-0.357770,0.872001,0.000000,0.000000,0.000000,0.000000,0.000000,0.000000,0.000000,0.000000,0.000000,0.000000,46488
12,3,-11,-0.238367,0.887435,-0.348981,0.878212,0.000000,0.000000,0.000000,0.000000,0.000000,0.000000,0.000000,0.000000,0.000000,0.000000,53510
12,3,-10.5,-0.225848,0.893898,-0.344795,0.881117,0.000000,0.000000,0.000000,0.000000,0.000000,0.000000,0.000000,0.000000,0.000000,0.000000,65088
12,3,-10,-0.237785,0.888160,-0.342636,0.882601,0.000000,0.000000,0.000000,0.000000,0.000000,0.000000,0.000000,0.000000,0.000000,0.000000,73457
12,3,-9.5,-0.236149,0.890103,-0.332721,0.889297,0.000000,0.000000,0.000000,0.000000,0.000000,0.000000,0.000000,0.000000,0.000000,0.000000,81618
12,3,-9,-0.235584,0.889534,-0.323274,0.895494,0.000000,0.000000,0.000000,0.000000,0.000000,0.000000,0.000000,0.000000,0.000000,0.000000,98279
12,3,-8.5,-0.236952,0.889782,-0.323258,0.895504,0.000000,0.000000,0.000000,0.000000,0.000000,0.000000,0.000000,0.000000,0.000000,0.000000,110630
12,3,-8,-0.232323,0.892446,-0.320529,0.897261,0.000000,0.000000,0.000000,0.000000,0.000000,0.000000,0.000000,0.000000,0.000000,0.000000,130478
12,3,-7.5,-0.238032,0.889898,-0.319451,0.897951,0.000000,0.000000,0.000000,0.000000,0.000000,0.000000,0.000000,0.000000,0.000000,0.000000,148627
12,3,-7,-0.230018,0.893835,-0.311920,0.902706,0.000000,0.000000,0.000000,0.000000,0.000000,0.000000,0.000000,0.000000,0.000000,0.000000,173782
12,3,-6.5,-0.232871,0.893492,-0.306602,0.905995,0.000000,0.000000,0.000000,0.000000,0.000000,0.000000,0.000000,0.000000,0.000000,0.000000,201287
12,3,-6,-0.236368,0.891270,-0.303594,0.907831,0.000000,0.000000,0.000000,0.000000,0.000000,0.000000,0.000000,0.000000,0.000000,0.000000,230268
12,3,-5.5,-0.233406,0.894145,-0.298015,0.911187,0.000000,0.000000,0.000000,0.000000,0.000000,0.000000,0.000000,0.000000,0.000000,0.000000,272983
12,3,-5,-0.231769,0.894439,-0.291602,0.914968,0.000000,0.000000,0.000000,0.000000,0.000000,0.000000,0.000000,0.000000,0.000000,0.000000,313420
12,3,-4.5,-0.231051,0.896204,-0.290067,0.915861,0.000000,0.000000,0.000000,0.000000,0.000000,0.000000,0.000000,0.000000,0.000000,0.000000,363327
12,3,-4,-0.231447,0.895606,-0.285868,0.918280,0.000000,0.000000,0.000000,0.000000,0.000000,0.000000,0.000000,0.000000,0.000000,0.000000,428478
12,3,-3.5,-0.232510,0.895861,-0.278667,0.922345,0.000000,0.000000,0.000000,0.000000,0.000000,0.000000,0.000000,0.000000,0.000000,0.000000,495225
12,3,-3,-0.231343,0.896424,-0.276308,0.923654,0.000000,0.000000,0.000000,0.000000,0.000000,0.000000,0.000000,0.000000,0.000000,0.000000,581341
12,3,-2.5,-0.233721,0.895550,-0.271446,0.926317,0.000000,0.000000,0.000000,0.000000,0.000000,0.000000,0.000000,0.000000,0.000000,0.000000,681308
12,3,-2,-0.233397,0.895396,-0.267011,0.928705,0.000000,0.000000,0.000000,0.000000,0.000000,0.000000,0.000000,0.000000,0.000000,0.000000,796811
12,3,-1.5,-0.232388,0.896719,-0.261132,0.931810,0.000000,0.000000,0.000000,0.000000,0.000000,0.000000,0.000000,0.000000,0.000000,0.000000,949801
12,3,-1,-0.233901,0.896469,-0.258666,0.933092,0.000000,0.000000,0.000000,0.000000,0.000000,0.000000,0.000000,0.000000,0.000000,0.000000,1096961
12,3,-0.5,-0.234516,0.896624,-0.252447,0.936271,0.000000,0.000000,0.000000,0.000000,0.000000,0.000000,0.000000,0.000000,0.000000,0.000000,1298382
12,3,0,-0.233131,0.897293,-0.248812,0.938093,0.000000,0.000000,0.000000,0.000000,0.000000,0.000000,0.000000,0.000000,0.000000,0.000000,1742785
12,3,0.5,-0.232632,0.898172,-0.242381,0.941252,0.000000,0.000000,0.000000,0.000000,0.000000,0.000000,0.000000,0.000000,0.000000,0.000000,1496997
12,3,1,-0.233325,0.897768,-0.238583,0.943078,0.000000,0.000000,0.000000,0.000000,0.000000,0.000000,0.000000,0.000000,0.000000,0.000000,1248096
12,3,1.5,-0.232136,0.898658,-0.235570,0.944507,0.000000,0.000000,0.000000,0.000000,0.000000,0.000000,0.000000,0.000000,0.000000,0.000000,1070806
12,3,2,-0.233314,0.899054,-0.229902,0.947145,0.000000,0.000000,0.000000,0.000000,0.000000,0.000000,0.000000,0.000000,0.000000,0.000000,900420
12,3,2.5,-0.231879,0.899674,-0.225988,0.948929,0.000000,0.000000,0.000000,0.000000,0.000000,0.000000,0.000000,0.000000,0.000000,0.000000,767110
12,3,3,-0.232268,0.899591,-0.222159,0.950645,0.000000,0.000000,0.000000,0.000000,0.000000,0.000000,0.000000,0.000000,0.000000,0.000000,653000
12,3,3.5,-0.232006,0.900321,-0.218032,0.952462,0.000000,0.000000,0.000000,0.000000,0.000000,0.000000,0.000000,0.000000,0.000000,0.000000,553542
12,3,4,-0.231539,0.900679,-0.212421,0.954877,0.000000,0.000000,0.000000,0.000000,0.000000,0.000000,0.000000,0.000000,0.000000,0.000000,479975
12,3,4.5,-0.232564,0.900937,-0.206116,0.957516,0.000000,0.000000,0.000000,0.000000,0.000000,0.000000,0.000000,0.000000,0.000000,0.000000,406301
12,3,5,-0.232420,0.901260,-0.203859,0.958442,0.000000,0.000000,0.000000,0.000000,0.000000,0.000000,0.000000,0.000000,0.000000,0.000000,350375
12,3,5.5,-0.234384,0.900261,-0.197291,0.961076,0.000000,0.000000,0.000000,0.000000,0.000000,0.000000,0.000000,0.000000,0.000000,0.000000,305311
12,3,6,-0.231282,0.902275,-0.195882,0.961630,0.000000,0.000000,0.000000,0.000000,0.000000,0.000000,0.000000,0.000000,0.000000,0.000000,256047
12,3,6.5,-0.232300,0.902563,-0.188853,0.964335,0.000000,0.000000,0.000000,0.000000,0.000000,0.000000,0.000000,0.000000,0.000000,0.000000,224275
12,3,7,-0.233539,0.901743,-0.183238,0.966424,0.000000,0.000000,0.000000,0.000000,0.000000,0.000000,0.000000,0.000000,0.000000,0.000000,194135
12,3,7.5,-0.230189,0.903084,-0.177796,0.968389,0.000000,0.000000,0.000000,0.000000,0.000000,0.000000,0.000000,0.000000,0.000000,0.000000,165881
12,3,8,-0.231710,0.903118,-0.174010,0.969720,0.000000,0.000000,0.000000,0.000000,0.000000,0.000000,0.000000,0.000000,0.000000,0.000000,145164
12,3,8.5,-0.230449,0.904224,-0.169988,0.971104,0.000000,0.000000,0.000000,0.000000,0.000000,0.000000,0.000000,0.000000,0.000000,0.000000,123203
12,3,9,-0.232751,0.903816,-0.165076,0.972750,0.000000,0.000000,0.000000,0.000000,0.000000,0.000000,0.000000,0.000000,0.000000,0.000000,109804
12,3,9.5,-0.237426,0.901408,-0.164443,0.972959,0.000000,0.000000,0.000000,0.000000,0.000000,0.000000,0.000000,0.000000,0.000000,0.000000,90761
12,3,10,-0.231902,0.905335,-0.152289,0.976808,0.000000,0.000000,0.000000,0.000000,0.000000,0.000000,0.000000,0.000000,0.000000,0.000000,81030
12,3,10.5,-0.231053,0.904425,-0.147103,0.978361,0.000000,0.000000,0.000000,0.000000,0.000000,0.000000,0.000000,0.000000,0.000000,0.000000,72269
12,3,11,-0.241167,0.902176,-0.141300,0.980034,0.000000,0.000000,0.000000,0.000000,0.000000,0.000000,0.000000,0.000000,0.000000,0.000000,59830
12,3,11.5,-0.234765,0.903175,-0.138161,0.980912,0.000000,0.000000,0.000000,0.000000,0.000000,0.000000,0.000000,0.000000,0.000000,0.000000,51954
12,3,12,-0.223021,0.908096,-0.139024,0.980672,0.000000,0.000000,0.000000,0.000000,0.000000,0.000000,0.000000,0.000000,0.000000,0.000000,44942
12,3,12.5,-0.233448,0.907526,-0.128293,0.983541,0.000000,0.000000,0.000000,0.000000,0.000000,0.000000,0.000000,0.000000,0.000000,0.000000,38077
12,3,13,-0.227337,0.908258,-0.115175,0.986735,0.000000,0.000000,0.000000,0.000000,0.000000,0.000000,0.000000,0.000000,0.000000,0.000000,34174
12,3,13.5,-0.236578,0.905688,-0.110547,0.987779,0.000000,0.000000,0.000000,0.000000,0.000000,0.000000,0.000000,0.000000,0.000000,0.000000,28350
12,3,14,-0.232587,0.906700,-0.111955,0.987466,0.000000,0.000000,0.000000,0.000000,0.000000,0.000000,0.000000,0.000000,0.000000,0.000000,25814
12,3,14.5,-0.241346,0.902190,-0.111510,0.987566,0.000000,0.000000,0.000000,0.000000,0.000000,0.000000,0.000000,0.000000,0.000000,0.000000,20626
12,3,15,-0.238778,0.906637,-0.104007,0.989183,0.000000,0.000000,0.000000,0.000000,0.000000,0.000000,0.000000,0.000000,0.000000,0.000000,18268
12,3,15.5,-0.231021,0.908393,-0.094941,0.990986,0.000000,0.000000,0.000000,0.000000,0.000000,0.000000,0.000000,0.000000,0.000000,0.000000,16189
12,3,16,-0.245793,0.902501,-0.106149,0.988732,0.000000,0.000000,0.000000,0.000000,0.000000,0.000000,0.000000,0.000000,0.000000,0.000000,12539
12,3,16.5,-0.233544,0.909708,-0.097114,0.990569,0.000000,0.000000,0.000000,0.000000,0.000000,0.000000,0.000000,0.000000,0.000000,0.000000,12336
12,3,17,-0.241786,0.906577,-0.062342,0.996113,0.000000,0.000000,0.000000,0.000000,0.000000,0.000000,0.000000,0.000000,0.000000,0.000000,9496
12,3,17.5,-0.215399,0.915105,-0.071091,0.994946,0.000000,0.000000,0.000000,0.000000,0.000000,0.000000,0.000000,0.000000,0.000000,0.000000,8468
12,3,18,-0.233355,0.906457,-0.061629,0.996202,0.000000,0.000000,0.000000,0.000000,0.000000,0.000000,0.000000,0.000000,0.000000,0.000000,7675
12,3,18.5,-0.240643,0.902508,-0.064260,0.995871,0.000000,0.000000,0.000000,0.000000,0.000000,0.000000,0.000000,0.000000,0.000000,0.000000,6038
12,3,19,-0.232726,0.907874,-0.078588,0.993824,0.000000,0.000000,0.000000,0.000000,0.000000,0.000000,0.000000,0.000000,0.000000,0.000000,5268
12,3,19.5,-0.247196,0.902864,-0.043188,0.998135,0.000000,0.000000,0.000000,0.000000,0.000000,0.000000,0.000000,0.000000,0.000000,0.000000,4191
12,3,20,-0.256886,0.903656,-0.065767,0.995675,0.000000,0.000000,0.000000,0.000000,0.000000,0.000000,0.000000,0.000000,0.000000,0.000000,3558
12,3,20.5,-0.254269,0.905619,-0.033523,0.998876,0.000000,0.000000,0.000000,0.000000,0.000000,0.000000,0.000000,0.000000,0.000000,0.000000,3162
12,3,21,-0.266593,0.892592,-0.035224,0.998759,0.000000,0.000000,0.000000,0.000000,0.000000,0.000000,0.000000,0.000000,0.000000,0.000000,2697
12,3,21.5,-0.250227,0.897877,-0.031789,0.998989,0.000000,0.000000,0.000000,0.000000,0.000000,0.000000,0.000000,0.000000,0.000000,0.000000,2202
12,3,22,-0.231707,0.925580,-0.025610,0.999344,0.000000,0.000000,0.000000,0.000000,0.000000,0.000000,0.000000,0.000000,0.000000,0.000000,1640
12,3,22.5,-0.275538,0.898541,-0.009409,0.999911,0.000000,0.000000,0.000000,0.000000,0.000000,0.000000,0.000000,0.000000,0.000000,0.000000,1488
12,3,23,-0.253912,0.899256,-0.000000,1.000000,0.000000,0.000000,0.000000,0.000000,0.000000,0.000000,0.000000,0.000000,0.000000,0.000000,1406
12,3,23.5,-0.232581,0.916465,-0.016683,0.999722,0.000000,0.000000,0.000000,0.000000,0.000000,0.000000,0.000000,0.000000,0.000000,0.000000,1019
12,3,24,-0.264064,0.896975,0.042480,0.998195,0.000000,0.000000,0.000000,0.000000,0.000000,0.000000,0.000000,0.000000,0.000000,0.000000,871
12,3,24.5,-0.309668,0.881447,-0.030211,0.999087,0.000000,0.000000,0.000000,0.000000,0.000000,0.000000,0.000000,0.000000,0.000000,0.000000,662
12,3,25,-0.180912,0.934507,0.056980,0.996753,0.000000,0.000000,0.000000,0.000000,0.000000,0.000000,0.000000,0.000000,0.000000,0.000000,702
12,3,25.5,-0.252129,0.904063,0.001704,0.999997,0.000000,0.000000,0.000000,0.000000,0.000000,0.000000,0.000000,0.000000,0.000000,0.000000,587
12,3,26,-0.174051,0.934896,0.018987,0.999639,0.000000,0.000000,0.000000,0.000000,0.000000,0.000000,0.000000,0.000000,0.000000,0.000000,316
12,3,26.5,-0.274788,0.890497,0.059490,0.996461,0.000000,0.000000,0.000000,0.000000,0.000000,0.000000,0.000000,0.000000,0.000000,0.000000,353
12,3,27,-0.282313,0.889687,0.013605,0.999815,0.000000,0.000000,0.000000,0.000000,0.000000,0.000000,0.000000,0.000000,0.000000,0.000000,294
12,3,27.5,-0.317597,0.886257,-0.047210,0.997771,0.000000,0.000000,0.000000,0.000000,0.000000,0.000000,0.000000,0.000000,0.000000,0.000000,233
12,3,28,-0.345550,0.833475,-0.005236,0.999973,0.000000,0.000000,0.000000,0.000000,0.000000,0.000000,0.000000,0.000000,0.000000,0.000000,191
12,3,28.5,-0.206107,0.926986,0.114504,0.986889,0.000000,0.000000,0.000000,0.000000,0.000000,0.000000,0.000000,0.000000,0.000000,0.000000,131
12,3,29,-0.360294,0.848129,0.147059,0.978374,0.000000,0.000000,0.000000,0.000000,0.000000,0.000000,0.000000,0.000000,0.000000,0.000000,136
12,3,29.5,-0.262626,0.900724,-0.010101,0.999898,0.000000,0.000000,0.000000,0.000000,0.000000,0.000000,0.000000,0.000000,0.000000,0.000000,99
12,3,30,-0.236111,0.930363,0.027778,0.999228,0.000000,0.000000,0.000000,0.000000,0.000000,0.000000,0.000000,0.000000,0.000000,0.000000,72
12,3,30.5,-0.292308,0.822249,-0.138462,0.980828,0.000000,0.000000,0.000000,0.000000,0.000000,0.000000,0.000000,0.000000,0.000000,0.000000,65
12,3,31,-0.156863,0.955786,0.019608,0.999616,0.000000,0.000000,0.000000,0.000000,0.000000,0.000000,0.000000,0.000000,0.000000,0.000000,51
12,3,31.5,-0.322581,0.863684,0.161290,0.973985,0.000000,0.000000,0.000000,0.000000,0.000000,0.000000,0.000000,0.000000,0.000000,0.000000,31
12,3,32,-0.296296,0.875171,0.111111,0.987654,0.000000,0.000000,0.000000,0.000000,0.000000,0.000000,0.000000,0.000000,0.000000,0.000000,27
12,3,32.5,0.074074,0.883402,-0.407407,0.834019,0.000000,0.000000,0.000000,0.000000,0.000000,0.000000,0.000000,0.000000,0.000000,0.000000,27
12,3,33,-0.181818,0.966942,0.272727,0.925620,0.000000,0.000000,0.000000,0.000000,0.000000,0.000000,0.000000,0.000000,0.000000,0.000000,22
12,3,33.5,-0.142857,0.979592,-0.142857,0.979592,0.000000,0.000000,0.000000,0.000000,0.000000,0.000000,0.000000,0.000000,0.000000,0.000000,14
12,3,34,-0.181818,0.876033,0.090909,0.991736,0.000000,0.000000,0.000000,0.000000,0.000000,0.000000,0.000000,0.000000,0.000000,0.000000,11
12,3,34.5,-0.142857,0.979592,0.285714,0.918367,0.000000,0.000000,0.000000,0.000000,0.000000,0.000000,0.000000,0.000000,0.000000,0.000000,14
12,3,35,-0.200000,0.960000,0.400000,0.840000,0.000000,0.000000,0.000000,0.000000,0.000000,0.000000,0.000000,0.000000,0.000000,0.000000,10
12,3,35.5,-0.333333,0.888889,0.333333,0.888889,0.000000,0.000000,0.000000,0.000000,0.000000,0.000000,0.000000,0.000000,0.000000,0.000000,3
12,3,36,0.000000,1.000000,0.000000,1.000000,0.000000,0.000000,0.000000,0.000000,0.000000,0.000000,0.000000,0.000000,0.000000,0.000000,2
12,3,36.5,-0.500000,0.750000,1.000000,0.000000,0.000000,0.000000,0.000000,0.000000,0.000000,0.000000,0.000000,0.000000,0.000000,0.000000,4
12,3,37,0.333333,0.888889,1.000000,0.000000,0.000000,0.000000,0.000000,0.000000,0.000000,0.000000,0.000000,0.000000,0.000000,0.000000,3
12,3,37.5,-1.000000,0.000000,0.000000,1.000000,0.000000,0.000000,0.000000,0.000000,0.000000,0.000000,0.000000,0.000000,0.000000,0.000000,2
12,3,38,-1.000000,0.000000,0.000000,1.000000,0.000000,0.000000,0.000000,0.000000,0.000000,0.000000,0.000000,0.000000,0.000000,0.000000,2
12,3,38.5,0.000000,1.000000,1.000000,0.000000,0.000000,0.000000,0.000000,0.000000,0.000000,0.000000,0.000000,0.000000,0.000000,0.000000,2
12,3,39,-1.000000,0.000000,1.000000,0.000000,0.000000,0.000000,0.000000,0.000000,0.000000,0.000000,0.000000,0.000000,0.000000,0.000000,2
12,3,39.5,1.000000,0.000000,-1.000000,0.000000,0.000000,0.000000,0.000000,0.000000,0.000000,0.000000,0.000000,0.000000,0.000000,0.000000,1
12,3,40,-1.000000,0.000000,1.000000,0.000000,0.000000,0.000000,0.000000,0.000000,0.000000,0.000000,0.000000,0.000000,0.000000,0.000000,2
12,3,40.5,-1.000000,0.000000,1.000000,0.000000,0.000000,0.000000,0.000000,0.000000,0.000000,0.000000,0.000000,0.000000,0.000000,0.000000,1
12,3,41.5,1.000000,0.000000,-1.000000,0.000000,0.000000,0.000000,0.000000,0.000000,0.000000,0.000000,0.000000,0.000000,0.000000,0.000000,1
13,2,-43,-1.000000,0.000000,-1.000000,0.000000,0.000000,0.000000,0.000000,0.000000,0.000000,0.000000,0.000000,0.000000,0.000000,0.000000,1
13,2,-41,-1.000000,0.000000,-1.000000,0.000000,0.000000,0.000000,0.000000,0.000000,0.000000,0.000000,0.000000,0.000000,0.000000,0.000000,1
13,2,-38.5,-1.000000,0.000000,-1.000000,0.000000,0.000000,0.000000,0.000000,0.000000,0.000000,0.000000,0.000000,0.000000,0.000000,0.000000,1
13,2,-38,-0.500000,0.250000,1.000000,0.000000,0.000000,0.000000,0.000000,0.000000,0.000000,0.000000,0.000000,0.000000,0.000000,0.000000,2
13,2,-37,0.500000,0.250000,-1.000000,0.000000,0.000000,0.000000,0.000000,0.000000,0.000000,0.000000,0.000000,0.000000,0.000000,0.000000,2
13,2,-36,-0.500000,0.583333,-0.666667,0.555556,0.000000,0.000000,0.000000,0.000000,0.000000,0.000000,0.000000,0.000000,0.000000,0.000000,6
13,2,-35.5,-0.250000,0.687500,-0.500000,0.750000,0.000000,0.000000,0.000000,0.000000,0.000000,0.000000,0.000000,0.000000,0.000000,0.000000,4
13,2,-35,-0.200000,0.960000,-0.600000,0.640000,0.000000,0.000000,0.000000,0.000000,0.000000,0.000000,0.000000,0.000000,0.000000,0.000000,5
13,2,-34.5,-0.500000,0.750000,-0.250000,0.937500,0.000000,0.000000,0.000000,0.000000,0.000000,0.000000,0.000000,0.000000,0.000000,0.000000,8
13,2,-34,-0.750000,0.437500,-0.250000,0.937500,0.000000,0.000000,0.000000,0.000000,0.000000,0.000000,0.000000,0.000000,0.000000,0.000000,8
13,2,-33.5,-0.166667,0.805556,-0.666667,0.555556,0.000000,0.000000,0.000000,0.000000,0.000000,0.000000,0.000000,0.000000,0.000000,0.000000,12
13,2,-33,-0.166667,0.972222,0.166667,0.972222,0.000000,0.000000,0.000000,0.000000,0.000000,0.000000,0.000000,0.000000,0.000000,0.000000,12
13,2,-32.5,-0.153846,0.899408,-0.538462,0.710059,0.000000,0.000000,0.000000,0.000000,0.000000,0.000000,0.000000,0.000000,0.000000,0.000000,13
13,2,-32,-0.076923,0.917160,-0.384615,0.852071,0.000000,0.000000,0.000000,0.000000,0.000000,0.000000,0.000000,0.000000,0.000000,0.000000,26
13,2,-31.5,-0.000000,0.900000,-0.500000,0.750000,0.000000,0.000000,0.000000,0.000000,0.000000,0.000000,0.000000,0.000000,0.000000,0.000000,20
13,2,-31,-0.000000,0.926829,-0.219512,0.951814,0.000000,0.000000,0.000000,0.000000,0.000000,0.000000,0.000000,0.000000,0.000000,0.000000,41
13,2,-30.5,-0.436364,0.755041,-0.563636,0.682314,0.000000,0.000000,0.000000,0.000000,0.000000,0.000000,0.000000,0.000000,0.000000,0.000000,55
13,2,-30,-0.259259,0.895748,-0.370370,0.862826,0.000000,0.000000,0.000000,0.000000,0.000000,0.000000,0.000000,0.000000,0.000000,0.000000,54
13,2,-29.5,-0.014706,0.838019,-0.500000,0.750000,0.000000,0.000000,0.000000,0.000000,0.000000,0.000000,0.000000,0.000000,0.000000,0.000000,68
13,2,-29,-0.244898,0.878800,-0.530612,0.718451,0.000000,0.000000,0.000000,0.000000,0.000000,0.000000,0.000000,0.000000,0.000000,0.000000,98
13,2,-28.5,-0.244898,0.899209,-0.510204,0.739692,0.000000,0.000000,0.000000,0.000000,0.000000,0.000000,0.000000,0.000000,0.000000,0.000000,98
13,2,-28,-0.196721,0.895727,-0.409836,0.832034,0.000000,0.000000,0.000000,0.000000,0.000000,0.000000,0.000000,0.000000,0.000000,0.000000,122
13,2,-27.5,-0.302817,0.873091,-0.394366,0.844475,0.000000,0.000000,0.000000,0.000000,0.000000,0.000000,0.000000,0.000000,0.000000,0.000000,142
13,2,-27,-0.175824,0.877511,-0.465201,0.783588,0.000000,0.000000,0.000000,0.000000,0.000000,0.000000,0.000000,0.000000,0.000000,0.000000,273
13,2,-26.5,-0.229773,0.876007,-0.566343,0.679256,0.000000,0.000000,0.000000,0.000000,0.000000,0.000000,0.000000,0.000000,0.000000,0.000000,309
13,2,-26,-0.258065,0.845845,-0.539171,0.709295,0.000000,0.000000,0.000000,0.000000,0.000000,0.000000,0.000000,0.000000,0.000000,0.000000,217
13,2,-25.5,-0.185941,0.890596,-0.455782,0.792262,0.000000,0.000000,0.000000,0.000000,0.000000,0.000000,0.000000,0.000000,0.000000,0.000000,441
13,2,-25,-0.209524,0.889433,-0.466667,0.782222,0.000000,0.000000,0.000000,0.000000,0.000000,0.000000,0.000000,0.000000,0.000000,0.000000,525
13,2,-24.5,-0.245902,0.882155,-0.516393,0.733338,0.000000,0.000000,0.000000,0.000000,0.000000,0.000000,0.000000,0.000000,0.000000,0.000000,488
13,2,-24,-0.246066,0.880796,-0.444921,0.802045,0.000000,0.000000,0.000000,0.000000,0.000000,0.000000,0.000000,0.000000,0.000000,0.000000,699
13,2,-23.5,-0.244922,0.877886,-0.397849,0.841716,0.000000,0.000000,0.000000,0.000000,0.000000,0.000000,0.000000,0.000000,0.000000,0.000000,837
13,2,-23,-0.254314,0.883553,-0.476839,0.772624,0.000000,0.000000,0.000000,0.000000,0.000000,0.000000,0.000000,0.000000,0.000000,0.000000,1101
13,2,-22.5,-0.268557,0.860321,-0.409508,0.832303,0.000000,0.000000,0.000000,0.000000,0.000000,0.000000,0.000000,0.000000,0.000000,0.000000,1199
13,2,-22,-0.260936,0.855934,-0.424405,0.819880,0.000000,0.000000,0.000000,0.000000,0.000000,0.000000,0.000000,0.000000,0.000000,0.000000,1303
13,2,-21.5,-0.227519,0.875646,-0.434453,0.811251,0.000000,0.000000,0.000000,0.000000,0.000000,0.000000,0.000000,0.000000,0.000000,0.000000,1846
13,2,-21,-0.246735,0.866827,-0.430970,0.814265,0.000000,0.000000,0.000000,0.000000,0.000000,0.000000,0.000000,0.000000,0.000000,0.000000,2144
13,2,-20.5,-0.251166,0.863821,-0.403577,0.837126,0.000000,0.000000,0.000000,0.000000,0.000000,0.000000,0.000000,0.000000,0.000000,0.000000,2572
13,2,-20,-0.274210,0.858586,-0.421631,0.822228,0.000000,0.000000,0.000000,0.000000,0.000000,0.000000,0.000000,0.000000,0.000000,0.000000,3005
13,2,-19.5,-0.281054,0.850970,-0.409758,0.832099,0.000000,0.000000,0.000000,0.000000,0.000000,0.000000,0.000000,0.000000,0.000000,0.000000,3341
13,2,-19,-0.237654,0.875857,-0.409782,0.832079,0.000000,0.000000,0.000000,0.000000,0.000000,0.000000,0.000000,0.000000,0.000000,0.000000,4212
13,2,-18.5,-0.269697,0.864839,-0.429091,0.815881,0.000000,0.000000,0.000000,0.000000,0.000000,0.000000,0.000000,0.000000,0.000000,0.000000,4950
13,2,-18,-0.247465,0.871211,-0.391887,0.846424,0.000000,0.000000,0.000000,0.000000,0.000000,0.000000,0.000000,0.000000,0.000000,0.000000,6114
13,2,-17.5,-0.238761,0.878296,-0.392795,0.845712,0.000000,0.000000,0.000000,0.000000,0.000000,0.000000,0.000000,0.000000,0.000000,0.000000,6940
13,2,-17,-0.261014,0.870194,-0.404674,0.836239,0.000000,0.000000,0.000000,0.000000,0.000000,0.000000,0.000000,0.000000,0.000000,0.000000,7831
13,2,-16.5,-0.263798,0.863051,-0.410485,0.831502,0.000000,0.000000,0.000000,0.000000,0.000000,0.000000,0.000000,0.000000,0.000000,0.000000,10110
13,2,-16,-0.251063,0.871254,-0.420564,0.823126,0.000000,0.000000,0.000000,0.000000,0.000000,0.000000,0.000000,0.000000,0.000000,0.000000,10348
13,2,-15.5,-0.253534,0.870969,-0.400365,0.839708,0.000000,0.000000,0.000000,0.000000,0.000000,0.000000,0.000000,0.000000,0.000000,0.000000,13158
13,2,-15,-0.256806,0.867820,-0.400262,0.839791,0.000000,0.000000,0.000000,0.000000,0.000000,0.000000,0.000000,0.000000,0.000000,0.000000,15280
13,2,-14.5,-0.253675,0.870537,-0.385809,0.851152,0.000000,0.000000,0.000000,0.000000,0.000000,0.000000,0.000000,0.000000,0.000000,0.000000,17278
13,2,-14,-0.264674,0.868635,-0.390988,0.847129,0.000000,0.000000,0.000000,0.000000,0.000000,0.000000,0.000000,0.000000,0.000000,0.000000,21415
13,2,-13.5,-0.264204,0.867173,-0.376275,0.858417,0.000000,0.000000,0.000000,0.000000,0.000000,0.000000,0.000000,0.000000,0.000000,0.000000,23039
13,2,-13,-0.257512,0.873693,-0.374190,0.859982,0.000000,0.000000,0.000000,0.000000,0.000000,0.000000,0.000000,0.000000,0.000000,0.000000,28686
13,2,-12.5,-0.256959,0.871926,-0.379727,0.855808,0.000000,0.000000,0.000000,0.000000,0.000000,0.000000,0.000000,0.000000,0.000000,0.000000,32476
13,2,-12,-0.267922,0.868258,-0.369840,0.863218,0.000000,0.000000,0.000000,0.000000,0.000000,0.000000,0.000000,0.000000,0.000000,0.000000,38276
13,2,-11.5,-0.269484,0.865998,-0.366049,0.866008,0.000000,0.000000,0.000000,0.000000,0.000000,0.000000,0.000000,0.000000,0.000000,0.000000,44281
13,2,-11,-0.277340,0.863765,-0.368052,0.864538,0.000000,0.000000,0.000000,0.000000,0.000000,0.000000,0.000000,0.000000,0.000000,0.000000,50137
13,2,-10.5,-0.272246,0.867823,-0.366708,0.865525,0.000000,0.000000,0.000000,0.000000,0.000000,0.000000,0.000000,0.000000,0.000000,0.000000,60765
13,2,-10,-0.274528,0.866895,-0.352230,0.875934,0.000000,0.000000,0.000000,0.000000,0.000000,0.000000,0.000000,0.000000,0.000000,0.000000,69432
13,2,-9.5,-0.279205,0.864890,-0.355429,0.873670,0.000000,0.000000,0.000000,0.000000,0.000000,0.000000,0.000000,0.000000,0.000000,0.000000,76879
13,2,-9,-0.274066,0.867897,-0.348571,0.878498,0.000000,0.000000,0.000000,0.000000,0.000000,0.000000,0.000000,0.000000,0.000000,0.000000,92839
13,2,-8.5,-0.282531,0.861804,-0.345709,0.880486,0.000000,0.000000,0.000000,0.000000,0.000000,0.000000,0.000000,0.000000,0.000000,0.000000,103217
13,2,-8,-0.282585,0.863795,-0.339344,0.884846,0.000000,0.000000,0.000000,0.000000,0.000000,0.000000,0.000000,0.000000,0.000000,0.000000,122678
13,2,-7.5,-0.283296,0.864513,-0.341156,0.883613,0.000000,0.000000,0.000000,0.000000,0.000000,0.000000,0.000000,0.000000,0.000000,0.000000,140701
13,2,-7,-0.286437,0.861866,-0.338292,0.885558,0.000000,0.000000,0.000000,0.000000,0.000000,0.000000,0.000000,0.000000,0.000000,0.000000,164420
13,2,-6.5,-0.287981,0.861548,-0.335282,0.887586,0.000000,0.000000,0.000000,0.000000,0.000000,0.000000,0.000000,0.000000,0.000000,0.000000,189575
13,2,-6,-0.286592,0.863763,-0.330494,0.890773,0.000000,0.000000,0.000000,0.000000,0.000000,0.000000,0.000000,0.000000,0.000000,0.000000,216276
13,2,-5.5,-0.288687,0.862562,-0.329601,0.891363,0.000000,0.000000,0.000000,0.000000,0.000000,0.000000,0.000000,0.000000,0.000000,0.000000,257587
13,2,-5,-0.289283,0.862537,-0.327786,0.892556,0.000000,0.000000,0.000000,0.000000,0.000000,0.000000,0.000000,0.000000,0.000000,0.000000,295510
13,2,-4.5,-0.290601,0.861686,-0.320962,0.896983,0.000000,0.000000,0.000000,0.000000,0.000000,0.000000,0.000000,0.000000,0.000000,0.000000,341981
13,2,-4,-0.291197,0.861954,-0.317037,0.899488,0.000000,0.000000,0.000000,0.000000,0.000000,0.000000,0.000000,0.000000,0.000000,0.000000,404221
13,2,-3.5,-0.296406,0.859347,-0.313443,0.901753,0.000000,0.000000,0.000000,0.000000,0.000000,0.000000,0.000000,0.000000,0.000000,0.000000,466397
13,2,-3,-0.296552,0.859857,-0.309056,0.904485,0.000000,0.000000,0.000000,0.000000,0.000000,0.000000,0.000000,0.000000,0.000000,0.000000,547914
13,2,-2.5,-0.300187,0.857565,-0.307529,0.905426,0.000000,0.000000,0.000000,0.000000,0.000000,0.000000,0.000000,0.000000,0.000000,0.000000,642762
13,2,-2,-0.302920,0.856711,-0.304724,0.907143,0.000000,0.000000,0.000000,0.000000,0.000000,0.000000,0.000000,0.000000,0.000000,0.000000,750413
13,2,-1.5,-0.301597,0.857845,-0.298492,0.910903,0.000000,0.000000,0.000000,0.000000,0.000000,0.000000,0.000000,0.000000,0.000000,0.000000,894769
13,2,-1,-0.305294,0.856123,-0.296672,0.911986,0.000000,0.000000,0.000000,0.000000,0.000000,0.000000,0.000000,0.000000,0.000000,0.000000,1032272
13,2,-0.5,-0.307444,0.855452,-0.291236,0.915182,0.000000,0.000000,0.000000,0.000000,0.000000,0.000000,0.000000,0.000000,0.000000,0.000000,1221577
13,2,-0,-0.307759,0.855318,-0.287337,0.917437,0.000000,0.000000,0.000000,0.000000,0.000000,0.000000,0.000000,0.000000,0.000000,0.000000,1608662
13,2,0.5,-0.310740,0.854071,-0.281897,0.920534,0.000000,0.000000,0.000000,0.000000,0.000000,0.000000,0.000000,0.000000,0.000000,0.000000,1468957
13,2,1,-0.311234,0.854542,-0.281681,0.920656,0.000000,0.000000,0.000000,0.000000,0.000000,0.000000,0.000000,0.000000,0.000000,0.000000,1142851
13,2,1.5,-0.313143,0.853621,-0.276586,0.923500,0.000000,0.000000,0.000000,0.000000,0.000000,0.000000,0.000000,0.000000,0.000000,0.000000,1002270
13,2,2,-0.315361,0.852294,-0.273187,0.925369,0.000000,0.000000,0.000000,0.000000,0.000000,0.000000,0.000000,0.000000,0.000000,0.000000,838290
13,2,2.5,-0.315713,0.852608,-0.269147,0.927560,0.000000,0.000000,0.000000,0.000000,0.000000,0.000000,0.000000,0.000000,0.000000,0.000000,715906
13,2,3,-0.319372,0.850453,-0.264888,0.929834,0.000000,0.000000,0.000000,0.000000,0.000000,0.000000,0.000000,0.000000,0.000000,0.000000,608729
13,2,3.5,-0.321770,0.850157,-0.265856,0.929321,0.000000,0.000000,0.000000,0.000000,0.000000,0.000000,0.000000,0.000000,0.000000,0.000000,518168
13,2,4,-0.320617,0.850519,-0.261812,0.931455,0.000000,0.000000,0.000000,0.000000,0.000000,0.000000,0.000000,0.000000,0.000000,0.000000,447241
13,2,4.5,-0.324284,0.848659,-0.260108,0.932344,0.000000,0.000000,0.000000,0.000000,0.000000,0.000000,0.000000,0.000000,0.000000,0.000000,377539
13,2,5,-0.323763,0.849456,-0.255652,0.934642,0.000000,0.000000,0.000000,0.000000,0.000000,0.000000,0.000000,0.000000,0.000000,0.000000,326412
13,2,5.5,-0.330866,0.845666,-0.248277,0.938358,0.000000,0.000000,0.000000,0.000000,0.000000,0.000000,0.000000,0.000000,0.000000,0.000000,283828
13,2,6,-0.333865,0.843693,-0.244712,0.940116,0.000000,0.000000,0.000000,0.000000,0.000000,0.000000,0.000000,0.000000,0.000000,0.000000,240025
13,2,6.5,-0.333489,0.844082,-0.239514,0.942633,0.000000,0.000000,0.000000,0.000000,0.000000,0.000000,0.000000,0.000000,0.000000,0.000000,210184
13,2,7,-0.330884,0.846108,-0.236202,0.944208,0.000000,0.000000,0.000000,0.000000,0.000000,0.000000,0.000000,0.000000,0.000000,0.000000,180574
13,2,7.5,-0.334844,0.844673,-0.232485,0.945951,0.000000,0.000000,0.000000,0.000000,0.000000,0.000000,0.000000,0.000000,0.000000,0.000000,154212
13,2,8,-0.343447,0.838615,-0.227310,0.948330,0.000000,0.000000,0.000000,0.000000,0.000000,0.000000,0.000000,0.000000,0.000000,0.000000,135555
13,2,8.5,-0.338789,0.843449,-0.228058,0.947990,0.000000,0.000000,0.000000,0.000000,0.000000,0.000000,0.000000,0.000000,0.000000,0.000000,114620
13,2,9,-0.340808,0.841475,-0.222597,0.950451,0.000000,0.000000,0.000000,0.000000,0.000000,0.000000,0.000000,0.000000,0.000000,0.000000,102562
13,2,9.5,-0.344552,0.839200,-0.217900,0.952520,0.000000,0.000000,0.000000,0.000000,0.000000,0.000000,0.000000,0.000000,0.000000,0.000000,85186
13,2,10,-0.354730,0.832930,-0.214707,0.953901,0.000000,0.000000,0.000000,0.000000,0.000000,0.000000,0.000000,0.000000,0.000000,0.000000,76509
13,2,10.5,-0.350277,0.835798,-0.211027,0.955468,0.000000,0.000000,0.000000,0.000000,0.000000,0.000000,0.000000,0.000000,0.000000,0.000000,67361
13,2,11,-0.346768,0.838728,-0.207012,0.957146,0.000000,0.000000,0.000000,0.000000,0.000000,0.000000,0.000000,0.000000,0.000000,0.000000,55504
13,2,11.5,-0.354969,0.834646,-0.202688,0.958917,0.000000,0.000000,0.000000,0.000000,0.000000,0.000000,0.000000,0.000000,0.000000,0.000000,48207
13,2,12,-0.350677,0.837919,-0.194158,0.962303,0.000000,0.000000,0.000000,0.000000,0.000000,0.000000,0.000000,0.000000,0.000000,0.000000,42244
13,2,12.5,-0.355417,0.833640,-0.197728,0.960904,0.000000,0.000000,0.000000,0.000000,0.000000,0.000000,0.000000,0.000000,0.000000,0.000000,36090
13,2,13,-0.353133,0.838902,-0.198253,0.960696,0.000000,0.000000,0.000000,0.000000,0.000000,0.000000,0.000000,0.000000,0.000000,0.000000,31818
13,2,13.5,-0.360951,0.829558,-0.182706,0.966618,0.000000,0.000000,0.000000,0.000000,0.000000,0.000000,0.000000,0.000000,0.000000,0.000000,25998
13,2,14,-0.364295,0.830021,-0.183299,0.966401,0.000000,0.000000,0.000000,0.000000,0.000000,0.000000,0.000000,0.000000,0.000000,0.000000,24310
13,2,14.5,-0.366277,0.826796,-0.172107,0.970379,0.000000,0.000000,0.000000,0.000000,0.000000,0.000000,0.000000,0.000000,0.000000,0.000000,18901
13,2,15,-0.366690,0.829128,-0.173714,0.969823,0.000000,0.000000,0.000000,0.000000,0.000000,0.000000,0.000000,0.000000,0.000000,0.000000,17028
13,2,15.5,-0.364364,0.830743,-0.171041,0.970745,0.000000,0.000000,0.000000,0.000000,0.000000,0.000000,0.000000,0.000000,0.000000,0.000000,15125
13,2,16,-0.374630,0.823833,-0.155221,0.975907,0.000000,0.000000,0.000000,0.000000,0.000000,0.000000,0.000000,0.000000,0.000000,0.000000,11809
13,2,16.5,-0.363605,0.833076,-0.156264,0.975582,0.000000,0.000000,0.000000,0.000000,0.000000,0.000000,0.000000,0.000000,0.000000,0.000000,11551
13,2,17,-0.376869,0.824100,-0.147259,0.978315,0.000000,0.000000,0.000000,0.000000,0.000000,0.000000,0.000000,0.000000,0.000000,0.000000,8828
13,2,17.5,-0.363070,0.827064,-0.163718,0.973196,0.000000,0.000000,0.000000,0.000000,0.000000,0.000000,0.000000,0.000000,0.000000,0.000000,8026
13,2,18,-0.382404,0.818373,-0.144178,0.979213,0.000000,0.000000,0.000000,0.000000,0.000000,0.000000,0.000000,0.000000,0.000000,0.000000,6922
13,2,18.5,-0.387902,0.811726,-0.126780,0.983927,0.000000,0.000000,0.000000,0.000000,0.000000,0.000000,0.000000,0.000000,0.000000,0.000000,5687
13,2,19,-0.383817,0.811605,-0.166390,0.972314,0.000000,0.000000,0.000000,0.000000,0.000000,0.000000,0.000000,0.000000,0.000000,0.000000,4820
13,2,19.5,-0.404322,0.806844,-0.130435,0.982987,0.000000,0.000000,0.000000,0.000000,0.000000,0.000000,0.000000,0.000000,0.000000,0.000000,3841
13,2,20,-0.414190,0.791454,-0.112796,0.987277,0.000000,0.000000,0.000000,0.000000,0.000000,0.000000,0.000000,0.000000,0.000000,0.000000,3298
13,2,20.5,-0.387362,0.819248,-0.115316,0.986702,0.000000,0.000000,0.000000,0.000000,0.000000,0.000000,0.000000,0.000000,0.000000,0.000000,2801
13,2,21,-0.414133,0.795626,-0.107642,0.988413,0.000000,0.000000,0.000000,0.000000,0.000000,0.000000,0.000000,0.000000,0.000000,0.000000,2434
13,2,21.5,-0.364598,0.833965,-0.091494,0.991629,0.000000,0.000000,0.000000,0.000000,0.000000,0.000000,0.000000,0.000000,0.000000,0.000000,2175
13,2,22,-0.447625,0.766450,-0.128172,0.983572,0.000000,0.000000,0.000000,0.000000,0.000000,0.000000,0.000000,0.000000,0.000000,0.000000,1537
13,2,22.5,-0.372478,0.836044,-0.131124,0.982807,0.000000,0.000000,0.000000,0.000000,0.000000,0.000000,0.000000,0.000000,0.000000,0.000000,1388
13,2,23,-0.392509,0.821217,-0.075655,0.994276,0.000000,0.000000,0.000000,0.000000,0.000000,0.000000,0.000000,0.000000,0.000000,0.000000,1335
13,2,23.5,-0.433673,0.786417,-0.116327,0.986468,0.000000,0.000000,0.000000,0.000000,0.000000,0.000000,0.000000,0.000000,0.000000,0.000000,980
13,2,24,-0.415051,0.799226,-0.055872,0.996878,0.000000,0.000000,0.000000,0.000000,0.000000,0.000000,0.000000,0.000000,0.000000,0.000000,877
13,2,24.5,-0.395455,0.802707,-0.021212,0.999550,0.000000,0.000000,0.000000,0.000000,0.000000,0.000000,0.000000,0.000000,0.000000,0.000000,660
13,2,25,-0.385906,0.814164,-0.100671,0.989865,0.000000,0.000000,0.000000,0.000000,0.000000,0.000000,0.000000,0.000000,0.000000,0.000000,596
13,2,25.5,-0.430189,0.769655,-0.037736,0.998576,0.000000,0.000000,0.000000,0.000000,0.000000,0.000000,0.000000,0.000000,0.000000,0.000000,530
13,2,26,-0.453488,0.759465,-0.100775,0.989844,0.000000,0.000000,0.000000,0.000000,0.000000,0.000000,0.000000,0.000000,0.000000,0.000000,258
13,2,26.5,-0.435159,0.781819,-0.106628,0.988630,0.000000,0.000000,0.000000,0.000000,0.000000,0.000000,0.000000,0.000000,0.000000,0.000000,347
13,2,27,-0.414894,0.817225,-0.070922,0.994970,0.000000,0.000000,0.000000,0.000000,0.000000,0.000000,0.000000,0.000000,0.000000,0.000000,282
13,2,27.5,-0.431818,0.790806,-0.147727,0.978177,0.000000,0.000000,0.000000,0.000000,0.000000,0.000000,0.000000,0.000000,0.000000,0.000000,176
13,2,28,-0.472826,0.738392,-0.065217,0.995747,0.000000,0.000000,0.000000,0.000000,0.000000,0.000000,0.000000,0.000000,0.000000,0.000000,184
13,2,28.5,-0.511628,0.714981,0.007752,0.999940,0.000000,0.000000,0.000000,0.000000,0.000000,0.000000,0.000000,0.000000,0.000000,0.000000,129
13,2,29,-0.456897,0.782625,-0.137931,0.980975,0.000000,0.000000,0.000000,0.000000,0.000000,0.000000,0.000000,0.000000,0.000000,0.000000,116
13,2,29.5,-0.488372,0.738237,0.023256,0.999459,0.000000,0.000000,0.000000,0.000000,0.000000,0.000000,0.000000,0.000000,0.000000,0.000000,86
13,2,30,-0.285714,0.902494,-0.015873,0.999748,0.000000,0.000000,0.000000,0.000000,0.000000,0.000000,0.000000,0.000000,0.000000,0.000000,63
13,2,30.5,-0.438596,0.772545,0.087719,0.992305,0.000000,0.000000,0.000000,0.000000,0.000000,0.000000,0.000000,0.000000,0.000000,0.000000,57
13,2,31,-0.272727,0.925620,-0.090909,0.991736,0.000000,0.000000,0.000000,0.000000,0.000000,0.000000,0.000000,0.000000,0.000000,0.000000,33
13,2,31.5,-0.550000,0.647500,-0.150000,0.977500,0.000000,0.000000,0.000000,0.000000,0.000000,0.000000,0.000000,0.000000,0.000000,0.000000,40
13,2,32,-0.571429,0.673469,0.142857,0.979592,0.000000,0.000000,0.000000,0.000000,0.000000,0.000000,0.000000,0.000000,0.000000,0.000000,28
13,2,32.5,-0.291667,0.873264,0.000000,1.000000,0.000000,0.000000,0.000000,0.000000,0.000000,0.000000,0.000000,0.000000,0.000000,0.000000,24
13,2,33,-0.458333,0.748264,0.166667,0.972222,0.000000,0.000000,0.000000,0.000000,0.000000,0.000000,0.000000,0.000000,0.000000,0.000000,24
13,2,33.5,-0.333333,0.888889,-0.066667,0.995556,0.000000,0.000000,0.000000,0.000000,0.000000,0.000000,0.000000,0.000000,0.000000,0.000000,15
13,2,34,-1.000000,0.000000,-0.200000,0.960000,0.000000,0.000000,0.000000,0.000000,0.000000,0.000000,0.000000,0.000000,0.000000,0.000000,5
13,2,34.5,-0.428571,0.816327,0.142857,0.979592,0.000000,0.000000,0.000000,0.000000,0.000000,0.000000,0.000000,0.000000,0.000000,0.000000,7
13,2,35,-0.600000,0.640000,0.200000,0.960000,0.000000,0.000000,0.000000,0.000000,0.000000,0.000000,0.000000,0.000000,0.000000,0.000000,10
13,2,35.5,-0.666667,0.444444,0.555556,0.691358,0.000000,0.000000,0.000000,0.000000,0.000000,0.000000,0.000000,0.000000,0.000000,0.000000,9
13,2,36,0.000000,1.000000,0.500000,0.750000,0.000000,0.000000,0.000000,0.000000,0.000000,0.000000,0.000000,0.000000,0.000000,0.000000,4
13,2,36.5,0.333333,0.888889,-0.333333,0.888889,0.000000,0.000000,0.000000,0.000000,0.000000,0.000000,0.000000,0.000000,0.000000,0.000000,3
13,2,37,0.000000,1.000000,0.000000,1.000000,0.000000,0.000000,0.000000,0.000000,0.000000,0.000000,0.000000,0.000000,0.000000,0.000000,2
13,2,37.5,-1.000000,0.000000,1.000000,0.000000,0.000000,0.000000,0.000000,0.000000,0.000000,0.000000,0.000000,0.000000,0.000000,0.000000,1
13,2,38,-0.500000,0.750000,0.000000,1.000000,0.000000,0.000000,0.000000,0.000000,0.000000,0.000000,0.000000,0.000000,0.000000,0.000000,4
13,2,38.5,1.000000,0.000000,-1.000000,0.000000,0.000000,0.000000,0.000000,0.000000,0.000000,0.000000,0.000000,0.000000,0.000000,0.000000,1
13,2,39,-1.000000,0.000000,1.000000,0.000000,0.000000,0.000000,0.000000,0.000000,0.000000,0.000000,0.000000,0.000000,0.000000,0.000000,1
13,2,48,-1.000000,0.000000,1.000000,0.000000,0.000000,0.000000,0.000000,0.000000,0.000000,0.000000,0.000000,0.000000,0.000000,0.000000,1
13,3,-41.5,1.000000,0.000000,-1.000000,0.000000,0.000000,0.000000,0.000000,0.000000,0.000000,0.000000,0.000000,0.000000,0.000000,0.000000,1
13,3,-41,1.000000,0.000000,-1.000000,0.000000,0.000000,0.000000,0.000000,0.000000,0.000000,0.000000,0.000000,0.000000,0.000000,0.000000,1
13,3,-40.5,0.000000,1.000000,0.000000,1.000000,0.000000,0.000000,0.000000,0.000000,0.000000,0.000000,0.000000,0.000000,0.000000,0.000000,2
13,3,-39,-1.000000,0.000000,0.000000,1.000000,0.000000,0.000000,0.000000,0.000000,0.000000,0.000000,0.000000,0.000000,0.000000,0.000000,2
13,3,-38.5,1.000000,0.000000,-1.000000,0.000000,0.000000,0.000000,0.000000,0.000000,0.000000,0.000000,0.000000,0.000000,0.000000,0.000000,1
13,3,-38,1.000000,0.000000,-1.000000,0.000000,0.000000,0.000000,0.000000,0.000000,0.000000,0.000000,0.000000,0.000000,0.000000,0.000000,1
13,3,-37.5,0.000000,1.000000,0.000000,1.000000,0.000000,0.000000,0.000000,0.000000,0.000000,0.000000,0.000000,0.000000,0.000000,0.000000,2
13,3,-37,0.200000,0.960000,-1.000000,0.000000,0.000000,0.000000,0.000000,0.000000,0.000000,0.000000,0.000000,0.000000,0.000000,0.000000,5
13,3,-36.5,0.000000,1.000000,-1.000000,0.000000,0.000000,0.000000,0.000000,0.000000,0.000000,0.000000,0.000000,0.000000,0.000000,0.000000,2
13,3,-36,-1.000000,0.000000,1.000000,0.000000,0.000000,0.000000,0.000000,0.000000,0.000000,0.000000,0.000000,0.000000,0.000000,0.000000,1
13,3,-35.5,0.333333,0.888889,-1.000000,0.000000,0.000000,0.000000,0.000000,0.000000,0.000000,0.000000,0.000000,0.000000,0.000000,0.000000,3
13,3,-35,-0.333333,0.888889,-0.666667,0.555556,0.000000,0.000000,0.000000,0.000000,0.000000,0.000000,0.000000,0.000000,0.000000,0.000000,6
13,3,-34.5,-0.125000,0.859375,-0.750000,0.437500,0.000000,0.000000,0.000000,0.000000,0.000000,0.000000,0.000000,0.000000,0.000000,0.000000,8
13,3,-34,-0.428571,0.530612,-0.428571,0.816327,0.000000,0.000000,0.000000,0.000000,0.000000,0.000000,0.000000,0.000000,0.000000,0.000000,14
13,3,-33.5,0.000000,1.000000,-0.400000,0.840000,0.000000,0.000000,0.000000,0.000000,0.000000,0.000000,0.000000,0.000000,0.000000,0.000000,10
13,3,-33,0.142857,0.979592,-0.714286,0.489796,0.000000,0.000000,0.000000,0.000000,0.000000,0.000000,0.000000,0.000000,0.000000,0.000000,7
13,3,-32.5,-0.055556,0.941358,-0.555556,0.691358,0.000000,0.000000,0.000000,0.000000,0.000000,0.000000,0.000000,0.000000,0.000000,0.000000,18
13,3,-32,-0.458333,0.748264,-0.416667,0.826389,0.000000,0.000000,0.000000,0.000000,0.000000,0.000000,0.000000,0.000000,0.000000,0.000000,24
13,3,-31.5,-0.387097,0.753382,-0.741935,0.449532,0.000000,0.000000,0.000000,0.000000,0.000000,0.000000,0.000000,0.000000,0.000000,0.000000,31
13,3,-31,-0.131579,0.956371,-0.421053,0.822715,0.000000,0.000000,0.000000,0.000000,0.000000,0.000000,0.000000,0.000000,0.000000,0.000000,38
13,3,-30.5,-0.047619,0.902494,-0.571429,0.673469,0.000000,0.000000,0.000000,0.000000,0.000000,0.000000,0.000000,0.000000,0.000000,0.000000,42
13,3,-30,-0.205882,0.898789,-0.647059,0.581315,0.000000,0.000000,0.000000,0.000000,0.000000,0.000000,0.000000,0.000000,0.000000,0.000000,68
13,3,-29.5,-0.281250,0.827148,-0.375000,0.859375,0.000000,0.000000,0.000000,0.000000,0.000000,0.000000,0.000000,0.000000,0.000000,0.000000,64
13,3,-29,-0.372549,0.782776,-0.333333,0.888889,0.000000,0.000000,0.000000,0.000000,0.000000,0.000000,0.000000,0.000000,0.000000,0.000000,102
13,3,-28.5,-0.291262,0.866623,-0.359223,0.870959,0.000000,0.000000,0.000000,0.000000,0.000000,0.000000,0.000000,0.000000,0.000000,0.000000,103
13,3,-28,-0.338235,0.782656,-0.455882,0.792171,0.000000,0.000000,0.000000,0.000000,0.000000,0.000000,0.000000,0.000000,0.000000,0.000000,136
13,3,-27.5,-0.235772,0.863111,-0.349593,0.877784,0.000000,0.000000,0.000000,0.000000,0.000000,0.000000,0.000000,0.000000,0.000000,0.000000,123
13,3,-27,-0.256809,0.852337,-0.424125,0.820118,0.000000,0.000000,0.000000,0.000000,0.000000,0.000000,0.000000,0.000000,0.000000,0.000000,257
13,3,-26.5,-0.276119,0.849131,-0.432836,0.812653,0.000000,0.000000,0.000000,0.000000,0.000000,0.000000,0.000000,0.000000,0.000000,0.000000,268
13,3,-26,-0.254054,0.870592,-0.600000,0.640000,0.000000,0.000000,0.000000,0.000000,0.000000,0.000000,0.000000,0.000000,0.000000,0.000000,185
13,3,-25.5,-0.270833,0.868779,-0.518519,0.731139,0.000000,0.000000,0.000000,0.000000,0.000000,0.000000,0.000000,0.000000,0.000000,0.000000,432
13,3,-25,-0.301616,0.835419,-0.447038,0.800157,0.000000,0.000000,0.000000,0.000000,0.000000,0.000000,0.000000,0.000000,0.000000,0.000000,557
13,3,-24.5,-0.241525,0.886581,-0.394068,0.844711,0.000000,0.000000,0.000000,0.000000,0.000000,0.000000,0.000000,0.000000,0.000000,0.000000,472
13,3,-24,-0.220390,0.861473,-0.430285,0.814855,0.000000,0.000000,0.000000,0.000000,0.000000,0.000000,0.000000,0.000000,0.000000,0.000000,667
13,3,-23.5,-0.210250,0.873009,-0.400788,0.839369,0.000000,0.000000,0.000000,0.000000,0.000000,0.000000,0.000000,0.000000,0.000000,0.000000,761
13,3,-23,-0.242224,0.871582,-0.459001,0.789318,0.000000,0.000000,0.000000,0.000000,0.000000,0.000000,0.000000,0.000000,0.000000,0.000000,1061
13,3,-22.5,-0.263419,0.864550,-0.403799,0.836947,0.000000,0.000000,0.000000,0.000000,0.000000,0.000000,0.000000,0.000000,0.000000,0.000000,1211
13,3,-22,-0.218081,0.881069,-0.454401,0.793519,0.000000,0.000000,0.000000,0.000000,0.000000,0.000000,0.000000,0.000000,0.000000,0.000000,1261
13,3,-21.5,-0.261628,0.859458,-0.415116,0.827678,0.000000,0.000000,0.000000,0.000000,0.000000,0.000000,0.000000,0.000000,0.000000,0.000000,1720
13,3,-21,-0.262935,0.864543,-0.413923,0.828668,0.000000,0.000000,0.000000,0.000000,0.000000,0.000000,0.000000,0.000000,0.000000,0.000000,2126
13,3,-20.5,-0.254347,0.873035,-0.427416,0.817315,0.000000,0.000000,0.000000,0.000000,0.000000,0.000000,0.000000,0.000000,0.000000,0.000000,2473
13,3,-20,-0.241427,0.876593,-0.428472,0.816411,0.000000,0.000000,0.000000,0.000000,0.000000,0.000000,0.000000,0.000000,0.000000,0.000000,2887
13,3,-19.5,-0.191898,0.901342,-0.434663,0.811068,0.000000,0.000000,0.000000,0.000000,0.000000,0.000000,0.000000,0.000000,0.000000,0.000000,3283
13,3,-19,-0.240332,0.876286,-0.409253,0.832512,0.000000,0.000000,0.000000,0.000000,0.000000,0.000000,0.000000,0.000000,0.000000,0.000000,4215
13,3,-18.5,-0.254561,0.870937,-0.433250,0.812294,0.000000,0.000000,0.000000,0.000000,0.000000,0.000000,0.000000,0.000000,0.000000,0.000000,4824
13,3,-18,-0.220222,0.890096,-0.389973,0.847921,0.000000,0.000000,0.000000,0.000000,0.000000,0.000000,0.000000,0.000000,0.000000,0.000000,5944
13,3,-17.5,-0.247989,0.876650,-0.412487,0.829854,0.000000,0.000000,0.000000,0.000000,0.000000,0.000000,0.000000,0.000000,0.000000,0.000000,6839
13,3,-17,-0.245533,0.873633,-0.378875,0.856453,0.000000,0.000000,0.000000,0.000000,0.000000,0.000000,0.000000,0.000000,0.000000,0.000000,7612
13,3,-16.5,-0.243795,0.878513,-0.393436,0.845208,0.000000,0.000000,0.000000,0.000000,0.000000,0.000000,0.000000,0.000000,0.000000,0.000000,9750
13,3,-16,-0.262473,0.868398,-0.412739,0.829646,0.000000,0.000000,0.000000,0.000000,0.000000,0.000000,0.000000,0.000000,0.000000,0.000000,10142
13,3,-15.5,-0.241299,0.877615,-0.382076,0.854018,0.000000,0.000000,0.000000,0.000000,0.000000,0.000000,0.000000,0.000000,0.000000,0.000000,12843
13,3,-15,-0.246070,0.877241,-0.364280,0.867300,0.000000,0.000000,0.000000,0.000000,0.000000,0.000000,0.000000,0.000000,0.000000,0.000000,14821
13,3,-14.5,-0.247286,0.878893,-0.372509,0.861237,0.000000,0.000000,0.000000,0.000000,0.000000,0.000000,0.000000,0.000000,0.000000,0.000000,16762
13,3,-14,-0.250668,0.876909,-0.379488,0.855989,0.000000,0.000000,0.000000,0.000000,0.000000,0.000000,0.000000,0.000000,0.000000,0.000000,20944
13,3,-13.5,-0.266737,0.867477,-0.363246,0.868052,0.000000,0.000000,0.000000,0.000000,0.000000,0.000000,0.000000,0.000000,0.000000,0.000000,22599
13,3,-13,-0.257114,0.873319,-0.356228,0.873102,0.000000,0.000000,0.000000,0.000000,0.000000,0.000000,0.000000,0.000000,0.000000,0.000000,27867
13,3,-12.5,-0.257868,0.873274,-0.356272,0.873070,0.000000,0.000000,0.000000,0.000000,0.000000,0.000000,0.000000,0.000000,0.000000,0.000000,31330
13,3,-12,-0.257849,0.873782,-0.352366,0.875838,0.000000,0.000000,0.000000,0.000000,0.000000,0.000000,0.000000,0.000000,0.000000,0.000000,37200
13,3,-11.5,-0.259160,0.878098,-0.355785,0.873417,0.000000,0.000000,0.000000,0.000000,0.000000,0.000000,0.000000,0.000000,0.000000,0.000000,42877
13,3,-11,-0.266482,0.871885,-0.343574,0.881957,0.000000,0.000000,0.000000,0.000000,0.000000,0.000000,0.000000,0.000000,0.000000,0.000000,48825
13,3,-10.5,-0.262984,0.873275,-0.343595,0.881943,0.000000,0.000000,0.000000,0.000000,0.000000,0.000000,0.000000,0.000000,0.000000,0.000000,59186
13,3,-10,-0.262597,0.875498,-0.334387,0.888185,0.000000,0.000000,0.000000,0.000000,0.000000,0.000000,0.000000,0.000000,0.000000,0.000000,67712
13,3,-9.5,-0.268511,0.871368,-0.338139,0.885662,0.000000,0.000000,0.000000,0.000000,0.000000,0.000000,0.000000,0.000000,0.000000,0.000000,74079
13,3,-9,-0.266933,0.873661,-0.333923,0.888495,0.000000,0.000000,0.000000,0.000000,0.000000,0.000000,0.000000,0.000000,0.000000,0.000000,90386
13,3,-8.5,-0.267710,0.871371,-0.323994,0.895028,0.000000,0.000000,0.000000,0.000000,0.000000,0.000000,0.000000,0.000000,0.000000,0.000000,100579
13,3,-8,-0.271451,0.870790,-0.318746,0.898401,0.000000,0.000000,0.000000,0.000000,0.000000,0.000000,0.000000,0.000000,0.000000,0.000000,120055
13,3,-7.5,-0.274095,0.870391,-0.313409,0.901775,0.000000,0.000000,0.000000,0.000000,0.000000,0.000000,0.000000,0.000000,0.000000,0.000000,136212
13,3,-7,-0.268899,0.873690,-0.320554,0.897245,0.000000,0.000000,0.000000,0.000000,0.000000,0.000000,0.000000,0.000000,0.000000,0.000000,159212
13,3,-6.5,-0.273197,0.871933,-0.305913,0.906417,0.000000,0.000000,0.000000,0.000000,0.000000,0.000000,0.000000,0.000000,0.000000,0.000000,184219
13,3,-6,-0.274998,0.871337,-0.301240,0.909255,0.000000,0.000000,0.000000,0.000000,0.000000,0.000000,0.000000,0.000000,0.000000,0.000000,210467
13,3,-5.5,-0.272487,0.873131,-0.300093,0.909944,0.000000,0.000000,0.000000,0.000000,0.000000,0.000000,0.000000,0.000000,0.000000,0.000000,250416
13,3,-5,-0.277377,0.871219,-0.294083,0.913515,0.000000,0.000000,0.000000,0.000000,0.000000,0.000000,0.000000,0.000000,0.000000,0.000000,287385
13,3,-4.5,-0.279943,0.869144,-0.288587,0.916718,0.000000,0.000000,0.000000,0.000000,0.000000,0.000000,0.000000,0.000000,0.000000,0.000000,332496
13,3,-4,-0.279988,0.869762,-0.286609,0.917855,0.000000,0.000000,0.000000,0.000000,0.000000,0.000000,0.000000,0.000000,0.000000,0.000000,392231
13,3,-3.5,-0.280140,0.870788,-0.280420,0.921365,0.000000,0.000000,0.000000,0.000000,0.000000,0.000000,0.000000,0.000000,0.000000,0.000000,453131
13,3,-3,-0.279298,0.871839,-0.278019,0.922705,0.000000,0.000000,0.000000,0.000000,0.000000,0.000000,0.000000,0.000000,0.000000,0.000000,531604
13,3,-2.5,-0.284933,0.869175,-0.272999,0.925472,0.000000,0.000000,0.000000,0.000000,0.000000,0.000000,0.000000,0.000000,0.000000,0.000000,624863
13,3,-2,-0.283833,0.869872,-0.267710,0.928332,0.000000,0.000000,0.000000,0.000000,0.000000,0.000000,0.000000,0.000000,0.000000,0.000000,728812
13,3,-1.5,-0.287008,0.868615,-0.262601,0.931041,0.000000,0.000000,0.000000,0.000000,0.000000,0.000000,0.000000,0.000000,0.000000,0.000000,871634
13,3,-1,-0.289625,0.867687,-0.258130,0.933369,0.000000,0.000000,0.000000,0.000000,0.000000,0.000000,0.000000,0.000000,0.000000,0.000000,1004869
13,3,-0.5,-0.289926,0.867446,-0.253444,0.935766,0.000000,0.000000,0.000000,0.000000,0.000000,0.000000,0.000000,0.000000,0.000000,0.000000,1188187
13,3,0,-0.291328,0.867456,-0.248846,0.938076,0.000000,0.000000,0.000000,0.000000,0.000000,0.000000,0.000000,0.000000,0.000000,0.000000,1561723
13,3,0.5,-0.291723,0.867852,-0.244193,0.940370,0.000000,0.000000,0.000000,0.000000,0.000000,0.000000,0.000000,0.000000,0.000000,0.000000,1436351
13,3,1,-0.292903,0.867554,-0.237569,0.943561,0.000000,0.000000,0.000000,0.000000,0.000000,0.000000,0.000000,0.000000,0.000000,0.000000,1113934
13,3,1.5,-0.295664,0.866302,-0.235437,0.944569,0.000000,0.000000,0.000000,0.000000,0.000000,0.000000,0.000000,0.000000,0.000000,0.000000,978447
13,3,2,-0.297174,0.865586,-0.230867,0.946700,0.000000,0.000000,0.000000,0.000000,0.000000,0.000000,0.000000,0.000000,0.000000,0.000000,817409
13,3,2.5,-0.297714,0.866020,-0.227321,0.948325,0.000000,0.000000,0.000000,0.000000,0.000000,0.000000,0.000000,0.000000,0.000000,0.000000,699879
13,3,3,-0.298904,0.866252,-0.224671,0.949523,0.000000,0.000000,0.000000,0.000000,0.000000,0.000000,0.000000,0.000000,0.000000,0.000000,594620
13,3,3.5,-0.300775,0.864658,-0.217912,0.952514,0.000000,0.000000,0.000000,0.000000,0.000000,0.000000,0.000000,0.000000,0.000000,0.000000,503869
13,3,4,-0.301290,0.864539,-0.210130,0.955845,0.000000,0.000000,0.000000,0.000000,0.000000,0.000000,0.000000,0.000000,0.000000,0.000000,435730
13,3,4.5,-0.303978,0.863920,-0.208907,0.956358,0.000000,0.000000,0.000000,0.000000,0.000000,0.000000,0.000000,0.000000,0.000000,0.000000,369231
13,3,5,-0.303927,0.864134,-0.201908,0.959233,0.000000,0.000000,0.000000,0.000000,0.000000,0.000000,0.000000,0.000000,0.000000,0.000000,317991
13,3,5.5,-0.307811,0.862128,-0.197343,0.961056,0.000000,0.000000,0.000000,0.000000,0.000000,0.000000,0.000000,0.000000,0.000000,0.000000,277618
13,3,6,-0.308682,0.862272,-0.190354,0.963765,0.000000,0.000000,0.000000,0.000000,0.000000,0.000000,0.000000,0.000000,0.000000,0.000000,234332
13,3,6.5,-0.309175,0.862305,-0.186102,0.965366,0.000000,0.000000,0.000000,0.000000,0.000000,0.000000,0.000000,0.000000,0.000000,0.000000,204033
13,3,7,-0.312324,0.860792,-0.186406,0.965253,0.000000,0.000000,0.000000,0.000000,0.000000,0.000000,0.000000,0.000000,0.000000,0.000000,176346
13,3,7.5,-0.310483,0.863074,-0.181490,0.967062,0.000000,0.000000,0.000000,0.000000,0.000000,0.000000,0.000000,0.000000,0.000000,0.000000,150791
13,3,8,-0.309322,0.864014,-0.176143,0.968974,0.000000,0.000000,0.000000,0.000000,0.000000,0.000000,0.000000,0.000000,0.000000,0.000000,132438
13,3,8.5,-0.319812,0.857317,-0.171519,0.970581,0.000000,0.000000,0.000000,0.000000,0.000000,0.000000,0.000000,0.000000,0.000000,0.000000,111947
13,3,9,-0.310685,0.864306,-0.164960,0.972788,0.000000,0.000000,0.000000,0.000000,0.000000,0.000000,0.000000,0.000000,0.000000,0.000000,100079
13,3,9.5,-0.312093,0.862726,-0.164179,0.973045,0.000000,0.000000,0.000000,0.000000,0.000000,0.000000,0.000000,0.000000,0.000000,0.000000,82690
13,3,10,-0.315708,0.863713,-0.153936,0.976304,0.000000,0.000000,0.000000,0.000000,0.000000,0.000000,0.000000,0.000000,0.000000,0.000000,74531
13,3,10.5,-0.325919,0.855853,-0.147590,0.978217,0.000000,0.000000,0.000000,0.000000,0.000000,0.000000,0.000000,0.000000,0.000000,0.000000,65553
13,3,11,-0.325668,0.857153,-0.137813,0.981008,0.000000,0.000000,0.000000,0.000000,0.000000,0.000000,0.000000,0.000000,0.000000,0.000000,54095
13,3,11.5,-0.328070,0.853728,-0.137331,0.981140,0.000000,0.000000,0.000000,0.000000,0.000000,0.000000,0.000000,0.000000,0.000000,0.000000,46996
13,3,12,-0.324922,0.858301,-0.130591,0.982946,0.000000,0.000000,0.000000,0.000000,0.000000,0.000000,0.000000,0.000000,0.000000,0.000000,41136
13,3,12.5,-0.329948,0.853935,-0.123638,0.984714,0.000000,0.000000,0.000000,0.000000,0.000000,0.000000,0.000000,0.000000,0.000000,0.000000,35054
13,3,13,-0.341233,0.848108,-0.116832,0.986350,0.000000,0.000000,0.000000,0.000000,0.000000,0.000000,0.000000,0.000000,0.000000,0.000000,31310
13,3,13.5,-0.335660,0.853223,-0.116725,0.986375,0.000000,0.000000,0.000000,0.000000,0.000000,0.000000,0.000000,0.000000,0.000000,0.000000,25213
13,3,14,-0.323867,0.858669,-0.120103,0.985575,0.000000,0.000000,0.000000,0.000000,0.000000,0.000000,0.000000,0.000000,0.000000,0.000000,23380
13,3,14.5,-0.341864,0.849860,-0.108445,0.988240,0.000000,0.000000,0.000000,0.000000,0.000000,0.000000,0.000000,0.000000,0.000000,0.000000,18756
13,3,15,-0.336525,0.850935,-0.094090,0.991147,0.000000,0.000000,0.000000,0.000000,0.000000,0.000000,0.000000,0.000000,0.000000,0.000000,16920
13,3,15.5,-0.340310,0.850906,-0.091271,0.991670,0.000000,0.000000,0.000000,0.000000,0.000000,0.000000,0.000000,0.000000,0.000000,0.000000,14572
13,3,16,-0.334748,0.853569,-0.085289,0.992726,0.000000,0.000000,0.000000,0.000000,0.000000,0.000000,0.000000,0.000000,0.000000,0.000000,11549
13,3,16.5,-0.329922,0.861346,-0.077476,0.993998,0.000000,0.000000,0.000000,0.000000,0.000000,0.000000,0.000000,0.000000,0.000000,0.000000,11139
13,3,17,-0.349436,0.845016,-0.057567,0.996686,0.000000,0.000000,0.000000,0.000000,0.000000,0.000000,0.000000,0.000000,0.000000,0.000000,8425
13,3,17.5,-0.346482,0.848264,-0.091309,0.991663,0.000000,0.000000,0.000000,0.000000,0.000000,0.000000,0.000000,0.000000,0.000000,0.000000,7732
13,3,18,-0.360504,0.837783,-0.070811,0.994986,0.000000,0.000000,0.000000,0.000000,0.000000,0.000000,0.000000,0.000000,0.000000,0.000000,6821
13,3,18.5,-0.349935,0.843234,-0.079875,0.993620,0.000000,0.000000,0.000000,0.000000,0.000000,0.000000,0.000000,0.000000,0.000000,0.000000,5421
13,3,19,-0.363773,0.839521,-0.048560,0.997642,0.000000,0.000000,0.000000,0.000000,0.000000,0.000000,0.000000,0.000000,0.000000,0.000000,4654
13,3,19.5,-0.363565,0.834435,-0.041535,0.998275,0.000000,0.000000,0.000000,0.000000,0.000000,0.000000,0.000000,0.000000,0.000000,0.000000,3804
13,3,20,-0.346995,0.850147,-0.067395,0.995458,0.000000,0.000000,0.000000,0.000000,0.000000,0.000000,0.000000,0.000000,0.000000,0.000000,3294
13,3,20.5,-0.343231,0.852500,-0.019441,0.999622,0.000000,0.000000,0.000000,0.000000,0.000000,0.000000,0.000000,0.000000,0.000000,0.000000,2829
13,3,21,-0.362960,0.842216,-0.026871,0.999278,0.000000,0.000000,0.000000,0.000000,0.000000,0.000000,0.000000,0.000000,0.000000,0.000000,2419
13,3,21.5,-0.346633,0.852913,-0.030424,0.999074,0.000000,0.000000,0.000000,0.000000,0.000000,0.000000,0.000000,0.000000,0.000000,0.000000,2005
13,3,22,-0.372903,0.833846,-0.002581,0.999993,0.000000,0.000000,0.000000,0.000000,0.000000,0.000000,0.000000,0.000000,0.000000,0.000000,1550
13,3,22.5,-0.343306,0.852223,-0.020194,0.999592,0.000000,0.000000,0.000000,0.000000,0.000000,0.000000,0.000000,0.000000,0.000000,0.000000,1337
13,3,23,-0.346656,0.850621,-0.006918,0.999952,0.000000,0.000000,0.000000,0.000000,0.000000,0.000000,0.000000,0.000000,0.000000,0.000000,1301
13,3,23.5,-0.410311,0.806940,0.039742,0.998421,0.000000,0.000000,0.000000,0.000000,0.000000,0.000000,0.000000,0.000000,0.000000,0.000000,931
13,3,24,-0.355556,0.836543,0.041975,0.998238,0.000000,0.000000,0.000000,0.000000,0.000000,0.000000,0.000000,0.000000,0.000000,0.000000,810
13,3,24.5,-0.392027,0.819737,0.126246,0.984062,0.000000,0.000000,0.000000,0.000000,0.000000,0.000000,0.000000,0.000000,0.000000,0.000000,602
13,3,25,-0.354369,0.837206,0.067961,0.995381,0.000000,0.000000,0.000000,0.000000,0.000000,0.000000,0.000000,0.000000,0.000000,0.000000,618
13,3,25.5,-0.298450,0.879920,-0.042636,0.998182,0.000000,0.000000,0.000000,0.000000,0.000000,0.000000,0.000000,0.000000,0.000000,0.000000,516
13,3,26,-0.483146,0.751589,0.116105,0.986520,0.000000,0.000000,0.000000,0.000000,0.000000,0.000000,0.000000,0.000000,0.000000,0.000000,267
13,3,26.5,-0.408955,0.808875,0.038806,0.998494,0.000000,0.000000,0.000000,0.000000,0.000000,0.000000,0.000000,0.000000,0.000000,0.000000,335
13,3,27,-0.372414,0.833722,0.006897,0.999952,0.000000,0.000000,0.000000,0.000000,0.000000,0.000000,0.000000,0.000000,0.000000,0.000000,290
13,3,27.5,-0.481013,0.743310,-0.037975,0.998558,0.000000,0.000000,0.000000,0.000000,0.000000,0.000000,0.000000,0.000000,0.000000,0.000000,158
13,3,28,-0.371795,0.836128,-0.000000,1.000000,0.000000,0.000000,0.000000,0.000000,0.000000,0.000000,0.000000,0.000000,0.000000,0.000000,156
13,3,28.5,-0.445378,0.768025,0.025210,0.999364,0.000000,0.000000,0.000000,0.000000,0.000000,0.000000,0.000000,0.000000,0.000000,0.000000,119
13,3,29,-0.307692,0.879684,0.162393,0.973628,0.000000,0.000000,0.000000,0.000000,0.000000,0.000000,0.000000,0.000000,0.000000,0.000000,117
13,3,29.5,-0.268293,0.903629,0.121951,0.985128,0.000000,0.000000,0.000000,0.000000,0.000000,0.000000,0.000000,0.000000,0.000000,0.000000,82
13,3,30,-0.349206,0.862182,0.269841,0.927186,0.000000,0.000000,0.000000,0.000000,0.000000,0.000000,0.000000,0.000000,0.000000,0.000000,63
13,3,30.5,-0.450000,0.780833,-0.133333,0.982222,0.000000,0.000000,0.000000,0.000000,0.000000,0.000000,0.000000,0.000000,0.000000,0.000000,60
13,3,31,-0.324324,0.867787,0.243243,0.940833,0.000000,0.000000,0.000000,0.000000,0.000000,0.000000,0.000000,0.000000,0.000000,0.000000,37
13,3,31.5,-0.407407,0.834019,0.111111,0.987654,0.000000,0.000000,0.000000,0.000000,0.000000,0.000000,0.000000,0.000000,0.000000,0.000000,27
13,3,32,-0.217391,0.952741,0.217391,0.952741,0.000000,0.000000,0.000000,0.000000,0.000000,0.000000,0.000000,0.000000,0.000000,0.000000,23
13,3,32.5,-0.684211,0.531856,0.052632,0.997230,0.000000,0.000000,0.000000,0.000000,0.000000,0.000000,0.000000,0.000000,0.000000,0.000000,19
13,3,33,-0.454545,0.793388,0.090909,0.991736,0.000000,0.000000,0.000000,0.000000,0.000000,0.000000,0.000000,0.000000,0.000000,0.000000,11
13,3,33.5,-0.235294,0.885813,-0.058824,0.996540,0.000000,0.000000,0.000000,0.000000,0.000000,0.000000,0.000000,0.000000,0.000000,0.000000,17
13,3,34,-0.538462,0.710059,0.230769,0.946746,0.000000,0.000000,0.000000,0.000000,0.000000,0.000000,0.000000,0.000000,0.000000,0.000000,13
13,3,34.5,-0.400000,0.640000,0.600000,0.640000,0.000000,0.000000,0.000000,0.000000,0.000000,0.000000,0.000000,0.000000,0.000000,0.000000,5
13,3,35,-0.428571,0.816327,0.428571,0.816327,0.000000,0.000000,0.000000,0.000000,0.000000,0.000000,0.000000,0.000000,0.000000,0.000000,7
13,3,35.5,-0.111111,0.987654,0.555556,0.691358,0.000000,0.000000,0.000000,0.000000,0.000000,0.000000,0.000000,0.000000,0.000000,0.000000,9
13,3,36,-0.666667,0.555556,0.000000,1.000000,0.000000,0.000000,0.000000,0.000000,0.000000,0.000000,0.000000,0.000000,0.000000,0.000000,6
13,3,36.5,-1.000000,0.000000,-0.333333,0.888889,0.000000,0.000000,0.000000,0.000000,0.000000,0.000000,0.000000,0.000000,0.000000,0.000000,3
13,3,37,0.333333,0.888889,0.333333,0.888889,0.000000,0.000000,0.000000,0.000000,0.000000,0.000000,0.000000,0.000000,0.000000,0.000000,3
13,3,37.5,-0.500000,0.750000,-0.000000,1.000000,0.000000,0.000000,0.000000,0.000000,0.000000,0.000000,0.000000,0.000000,0.000000,0.000000,4
13,3,38,1.000000,0.000000,1.000000,0.000000,0.000000,0.000000,0.000000,0.000000,0.000000,0.000000,0.000000,0.000000,0.000000,0.000000,1
13,3,39,0.000000,1.000000,0.000000,1.000000,0.000000,0.000000,0.000000,0.000000,0.000000,0.000000,0.000000,0.000000,0.000000,0.000000,2
13,3,40.5,1.000000,0.000000,1.000000,0.000000,0.000000,0.000000,0.000000,0.000000,0.000000,0.000000,0.000000,0.000000,0.000000,0.000000,1
13,3,41,-1.000000,0.000000,-1.000000,0.000000,0.000000,0.000000,0.000000,0.000000,0.000000,0.000000,0.000000,0.000000,0.000000,0.000000,1
15,10,-42,-1.000000,0.000000,-1.000000,0.000000,0.000000,0.000000,0.000000,0.000000,0.000000,0.000000,0.000000,0.000000,0.000000,0.000000,1
15,10,-41,-1.000000,0.000000,1.000000,0.000000,0.000000,0.000000,0.000000,0.000000,0.000000,0.000000,0.000000,0.000000,0.000000,0.000000,1
15,10,-40,1.000000,0.000000,-1.000000,0.000000,0.000000,0.000000,0.000000,0.000000,0.000000,0.000000,0.000000,0.000000,0.000000,0.000000,1
15,10,-39.5,-1.000000,0.000000,0.000000,1.000000,0.000000,0.000000,0.000000,0.000000,0.000000,0.000000,0.000000,0.000000,0.000000,0.000000,2
15,10,-39,-1.000000,0.000000,-1.000000,0.000000,0.000000,0.000000,0.000000,0.000000,0.000000,0.000000,0.000000,0.000000,0.000000,0.000000,2
15,10,-38.5,-1.000000,0.000000,0.000000,1.000000,0.000000,0.000000,0.000000,0.000000,0.000000,0.000000,0.000000,0.000000,0.000000,0.000000,2
15,10,-38,-0.428571,0.816327,-0.714286,0.489796,0.000000,0.000000,0.000000,0.000000,0.000000,0.000000,0.000000,0.000000,0.000000,0.000000,7
15,10,-37.5,-0.250000,0.687500,-0.500000,0.750000,0.000000,0.000000,0.000000,0.000000,0.000000,0.000000,0.000000,0.000000,0.000000,0.000000,4
15,10,-37,-0.500000,0.750000,-0.750000,0.437500,0.000000,0.000000,0.000000,0.000000,0.000000,0.000000,0.000000,0.000000,0.000000,0.000000,8
15,10,-36.5,-0.428571,0.816327,-0.714286,0.489796,0.000000,0.000000,0.000000,0.000000,0.000000,0.000000,0.000000,0.000000,0.000000,0.000000,7
15,10,-36,-0.000000,1.000000,-0.666667,0.555556,0.000000,0.000000,0.000000,0.000000,0.000000,0.000000,0.000000,0.000000,0.000000,0.000000,6
15,10,-35.5,-0.285714,0.775510,-0.142857,0.979592,0.000000,0.000000,0.000000,0.000000,0.000000,0.000000,0.000000,0.000000,0.000000,0.000000,7
15,10,-35,0.071429,0.923469,-0.714286,0.489796,0.000000,0.000000,0.000000,0.000000,0.000000,0.000000,0.000000,0.000000,0.000000,0.000000,14
15,10,-34.5,-0.411765,0.712803,-0.176471,0.968858,0.000000,0.000000,0.000000,0.000000,0.000000,0.000000,0.000000,0.000000,0.000000,0.000000,17
15,10,-34,-0.171429,0.942041,-0.714286,0.489796,0.000000,0.000000,0.000000,0.000000,0.000000,0.000000,0.000000,0.000000,0.000000,0.000000,35
15,10,-33.5,-0.063830,0.910819,-0.702128,0.507017,0.000000,0.000000,0.000000,0.000000,0.000000,0.000000,0.000000,0.000000,0.000000,0.000000,47
15,10,-33,-0.407407,0.759945,-0.370370,0.862826,0.000000,0.000000,0.000000,0.000000,0.000000,0.000000,0.000000,0.000000,0.000000,0.000000,54
15,10,-32.5,-0.163636,0.936860,-0.672727,0.547438,0.000000,0.000000,0.000000,0.000000,0.000000,0.000000,0.000000,0.000000,0.000000,0.000000,55
15,10,-32,-0.215190,0.877744,-0.544304,0.703733,0.000000,0.000000,0.000000,0.000000,0.000000,0.000000,0.000000,0.000000,0.000000,0.000000,79
15,10,-31.5,-0.120879,0.897476,-0.538462,0.710059,0.000000,0.000000,0.000000,0.000000,0.000000,0.000000,0.000000,0.000000,0.000000,0.000000,91
15,10,-31,-0.284553,0.805209,-0.544715,0.703285,0.000000,0.000000,0.000000,0.000000,0.000000,0.000000,0.000000,0.000000,0.000000,0.000000,123
15,10,-30.5,-0.252809,0.840582,-0.460674,0.787779,0.000000,0.000000,0.000000,0.000000,0.000000,0.000000,0.000000,0.000000,0.000000,0.000000,178
15,10,-30,-0.163636,0.876253,-0.575758,0.668503,0.000000,0.000000,0.000000,0.000000,0.000000,0.000000,0.000000,0.000000,0.000000,0.000000,165
15,10,-29.5,-0.277533,0.808438,-0.656388,0.569155,0.000000,0.000000,0.000000,0.000000,0.000000,0.000000,0.000000,0.000000,0.000000,0.000000,227
15,10,-29,-0.323864,0.798521,-0.562500,0.683594,0.000000,0.000000,0.000000,0.000000,0.000000,0.000000,0.000000,0.000000,0.000000,0.000000,352
15,10,-28.5,-0.223118,0.840003,-0.612903,0.624350,0.000000,0.000000,0.000000,0.000000,0.000000,0.000000,0.000000,0.000000,0.000000,0.000000,372
15,10,-28,-0.319915,0.819264,-0.474576,0.774777,0.000000,0.000000,0.000000,0.000000,0.000000,0.000000,0.000000,0.000000,0.000000,0.000000,472
15,10,-27.5,-0.221996,0.861105,-0.523422,0.726030,0.000000,0.000000,0.000000,0.000000,0.000000,0.000000,0.000000,0.000000,0.000000,0.000000,491
15,10,-27,-0.271739,0.830747,-0.531401,0.717613,0.000000,0.000000,0.000000,0.000000,0.000000,0.000000,0.000000,0.000000,0.000000,0.000000,828
15,10,-26.5,-0.308478,0.815975,-0.550562,0.696882,0.000000,0.000000,0.000000,0.000000,0.000000,0.000000,0.000000,0.000000,0.000000,0.000000,979
15,10,-26,-0.280212,0.825863,-0.537849,0.710719,0.000000,0.000000,0.000000,0.000000,0.000000,0.000000,0.000000,0.000000,0.000000,0.000000,753
15,10,-25.5,-0.252717,0.853253,-0.544837,0.703153,0.000000,0.000000,0.000000,0.000000,0.000000,0.000000,0.000000,0.000000,0.000000,0.000000,1472
15,10,-25,-0.296092,0.832527,-0.528894,0.720271,0.000000,0.000000,0.000000,0.000000,0.000000,0.000000,0.000000,0.000000,0.000000,0.000000,1817
15,10,-24.5,-0.315493,0.822154,-0.497465,0.752529,0.000000,0.000000,0.000000,0.000000,0.000000,0.000000,0.000000,0.000000,0.000000,0.000000,1775
15,10,-24,-0.317602,0.811119,-0.512755,0.737082,0.000000,0.000000,0.000000,0.000000,0.000000,0.000000,0.000000,0.000000,0.000000,0.000000,2352
15,10,-23.5,-0.297366,0.830739,-0.516459,0.733270,0.000000,0.000000,0.000000,0.000000,0.000000,0.000000,0.000000,0.000000,0.000000,0.000000,2734
15,10,-23,-0.334113,0.810105,-0.521581,0.727953,0.000000,0.000000,0.000000,0.000000,0.000000,0.000000,0.000000,0.000000,0.000000,0.000000,3846
15,10,-22.5,-0.292008,0.830235,-0.527684,0.721549,0.000000,0.000000,0.000000,0.000000,0.000000,0.000000,0.000000,0.000000,0.000000,0.000000,4154
15,10,-22,-0.334009,0.808087,-0.507990,0.741946,0.000000,0.000000,0.000000,0.000000,0.000000,0.000000,0.000000,0.000000,0.000000,0.000000,4443
15,10,-21.5,-0.327598,0.816803,-0.512619,0.737222,0.000000,0.000000,0.000000,0.000000,0.000000,0.000000,0.000000,0.000000,0.000000,0.000000,6102
15,10,-21,-0.323345,0.820605,-0.533659,0.715209,0.000000,0.000000,0.000000,0.000000,0.000000,0.000000,0.000000,0.000000,0.000000,0.000000,7175
15,10,-20.5,-0.326555,0.810364,-0.516434,0.733296,0.000000,0.000000,0.000000,0.000000,0.000000,0.000000,0.000000,0.000000,0.000000,0.000000,8458
15,10,-20,-0.325574,0.815669,-0.520696,0.728875,0.000000,0.000000,0.000000,0.000000,0.000000,0.000000,0.000000,0.000000,0.000000,0.000000,9881
15,10,-19.5,-0.340987,0.805558,-0.531680,0.717316,0.000000,0.000000,0.000000,0.000000,0.000000,0.000000,0.000000,0.000000,0.000000,0.000000,11411
15,10,-19,-0.334554,0.812538,-0.520663,0.728910,0.000000,0.000000,0.000000,0.000000,0.000000,0.000000,0.000000,0.000000,0.000000,0.000000,14470
15,10,-18.5,-0.344603,0.803128,-0.512316,0.737532,0.000000,0.000000,0.000000,0.000000,0.000000,0.000000,0.000000,0.000000,0.000000,0.000000,16564
15,10,-18,-0.350770,0.800105,-0.523476,0.725973,0.000000,0.000000,0.000000,0.000000,0.000000,0.000000,0.000000,0.000000,0.000000,0.000000,20532
15,10,-17.5,-0.351761,0.797277,-0.529123,0.720029,0.000000,0.000000,0.000000,0.000000,0.000000,0.000000,0.000000,0.000000,0.000000,0.000000,23624
15,10,-17,-0.356560,0.794000,-0.523701,0.725737,0.000000,0.000000,0.000000,0.000000,0.000000,0.000000,0.000000,0.000000,0.000000,0.000000,26349
15,10,-16.5,-0.362939,0.793550,-0.514403,0.735389,0.000000,0.000000,0.000000,0.000000,0.000000,0.000000,0.000000,0.000000,0.000000,0.000000,33777
15,10,-16,-0.366245,0.788664,-0.529924,0.719181,0.000000,0.000000,0.000000,0.000000,0.000000,0.000000,0.000000,0.000000,0.000000,0.000000,34922
15,10,-15.5,-0.375079,0.784934,-0.519382,0.730242,0.000000,0.000000,0.000000,0.000000,0.000000,0.000000,0.000000,0.000000,0.000000,0.000000,44164
15,10,-15,-0.379677,0.779718,-0.521330,0.728215,0.000000,0.000000,0.000000,0.000000,0.000000,0.000000,0.000000,0.000000,0.000000,0.000000,51125
15,10,-14.5,-0.380760,0.777518,-0.530497,0.718573,0.000000,0.000000,0.000000,0.000000,0.000000,0.000000,0.000000,0.000000,0.000000,0.000000,57120
15,10,-14,-0.387143,0.774947,-0.522510,0.726983,0.000000,0.000000,0.000000,0.000000,0.000000,0.000000,0.000000,0.000000,0.000000,0.000000,71901
15,10,-13.5,-0.391002,0.772873,-0.523426,0.726025,0.000000,0.000000,0.000000,0.000000,0.000000,0.000000,0.000000,0.000000,0.000000,0.000000,78309
15,10,-13,-0.395575,0.770945,-0.521524,0.728012,0.000000,0.000000,0.000000,0.000000,0.000000,0.000000,0.000000,0.000000,0.000000,0.000000,95102
15,10,-12.5,-0.398021,0.767970,-0.523478,0.725971,0.000000,0.000000,0.000000,0.000000,0.000000,0.000000,0.000000,0.000000,0.000000,0.000000,106929
15,10,-12,-0.405316,0.762709,-0.523296,0.726162,0.000000,0.000000,0.000000,0.000000,0.000000,0.000000,0.000000,0.000000,0.000000,0.000000,125818
15,10,-11.5,-0.405482,0.763692,-0.525623,0.723720,0.000000,0.000000,0.000000,0.000000,0.000000,0.000000,0.000000,0.000000,0.000000,0.000000,145121
15,10,-11,-0.413223,0.757592,-0.519759,0.729851,0.000000,0.000000,0.000000,0.000000,0.000000,0.000000,0.000000,0.000000,0.000000,0.000000,166508
15,10,-10.5,-0.415242,0.756410,-0.524160,0.725256,0.000000,0.000000,0.000000,0.000000,0.000000,0.000000,0.000000,0.000000,0.000000,0.000000,202152
15,10,-10,-0.422292,0.749768,-0.526231,0.723081,0.000000,0.000000,0.000000,0.000000,0.000000,0.000000,0.000000,0.000000,0.000000,0.000000,230163
15,10,-9.5,-0.427141,0.745981,-0.528263,0.720938,0.000000,0.000000,0.000000,0.000000,0.000000,0.000000,0.000000,0.000000,0.000000,0.000000,254396
15,10,-9,-0.428446,0.747211,-0.526838,0.722442,0.000000,0.000000,0.000000,0.000000,0.000000,0.000000,0.000000,0.000000,0.000000,0.000000,307586
15,10,-8.5,-0.433474,0.741387,-0.528172,0.721034,0.000000,0.000000,0.000000,0.000000,0.000000,0.000000,0.000000,0.000000,0.000000,0.000000,344473
15,10,-8,-0.439205,0.737553,-0.528297,0.720902,0.000000,0.000000,0.000000,0.000000,0.000000,0.000000,0.000000,0.000000,0.000000,0.000000,406311
15,10,-7.5,-0.440946,0.736111,-0.527713,0.721519,0.000000,0.000000,0.000000,0.000000,0.000000,0.000000,0.000000,0.000000,0.000000,0.000000,466991
15,10,-7,-0.447317,0.730707,-0.527512,0.721731,0.000000,0.000000,0.000000,0.000000,0.000000,0.000000,0.000000,0.000000,0.000000,0.000000,545161
15,10,-6.5,-0.450189,0.728475,-0.529041,0.720115,0.000000,0.000000,0.000000,0.000000,0.000000,0.000000,0.000000,0.000000,0.000000,0.000000,630790
15,10,-6,-0.456252,0.724069,-0.530258,0.718827,0.000000,0.000000,0.000000,0.000000,0.000000,0.000000,0.000000,0.000000,0.000000,0.000000,724593
15,10,-5.5,-0.458247,0.721977,-0.530486,0.718585,0.000000,0.000000,0.000000,0.000000,0.000000,0.000000,0.000000,0.000000,0.000000,0.000000,857422
15,10,-5,-0.463957,0.717268,-0.532168,0.716797,0.000000,0.000000,0.000000,0.000000,0.000000,0.000000,0.000000,0.000000,0.000000,0.000000,987398
15,10,-4.5,-0.468443,0.713932,-0.533397,0.715487,0.000000,0.000000,0.000000,0.000000,0.000000,0.000000,0.000000,0.000000,0.000000,0.000000,1144044
15,10,-4,-0.472112,0.710367,-0.531639,0.717360,0.000000,0.000000,0.000000,0.000000,0.000000,0.000000,0.000000,0.000000,0.000000,0.000000,1353631
15,10,-3.5,-0.476856,0.706327,-0.533639,0.715229,0.000000,0.000000,0.000000,0.000000,0.000000,0.000000,0.000000,0.000000,0.000000,0.000000,1569763
15,10,-3,-0.480730,0.703176,-0.534241,0.714587,0.000000,0.000000,0.000000,0.000000,0.000000,0.000000,0.000000,0.000000,0.000000,0.000000,1846662
15,10,-2.5,-0.485579,0.698926,-0.533946,0.714902,0.000000,0.000000,0.000000,0.000000,0.000000,0.000000,0.000000,0.000000,0.000000,0.000000,2177927
15,10,-2,-0.488655,0.696111,-0.536302,0.712381,0.000000,0.000000,0.000000,0.000000,0.000000,0.000000,0.000000,0.000000,0.000000,0.000000,2550270
15,10,-1.5,-0.493536,0.691895,-0.536834,0.711809,0.000000,0.000000,0.000000,0.000000,0.000000,0.000000,0.000000,0.000000,0.000000,0.000000,3057972
15,10,-1,-0.496998,0.688862,-0.537765,0.710809,0.000000,0.000000,0.000000,0.000000,0.000000,0.000000,0.000000,0.000000,0.000000,0.000000,3502140
15,10,-0.5,-0.501960,0.684388,-0.539074,0.709400,0.000000,0.000000,0.000000,0.000000,0.000000,0.000000,0.000000,0.000000,0.000000,0.000000,4719587
15,10,0,-0.504798,0.681585,-0.539005,0.709474,0.000000,0.000000,0.000000,0.000000,0.000000,0.000000,0.000000,0.000000,0.000000,0.000000,4361216
15,10,0.5,-0.510101,0.679073,-0.539431,0.709015,0.000000,0.000000,0.000000,0.000000,0.000000,0.000000,0.000000,0.000000,0.000000,0.000000,3337977
15,10,1,-0.512776,0.678866,-0.540982,0.707338,0.000000,0.000000,0.000000,0.000000,0.000000,0.000000,0.000000,0.000000,0.000000,0.000000,2802327
15,10,1.5,-0.517753,0.674144,-0.540945,0.707379,0.000000,0.000000,0.000000,0.000000,0.000000,0.000000,0.000000,0.000000,0.000000,0.000000,2444913
15,10,2,-0.522276,0.669801,-0.542793,0.705375,0.000000,0.000000,0.000000,0.000000,0.000000,0.000000,0.000000,0.000000,0.000000,0.000000,2039844
15,10,2.5,-0.527174,0.665255,-0.543831,0.704248,0.000000,0.000000,0.000000,0.000000,0.000000,0.000000,0.000000,0.000000,0.000000,0.000000,1746041
15,10,3,-0.529450,0.663124,-0.543768,0.704316,0.000000,0.000000,0.000000,0.000000,0.000000,0.000000,0.000000,0.000000,0.000000,0.000000,1487718
15,10,3.5,-0.532628,0.659703,-0.544974,0.703004,0.000000,0.000000,0.000000,0.000000,0.000000,0.000000,0.000000,0.000000,0.000000,0.000000,1268234
15,10,4,-0.538486,0.654390,-0.544651,0.703355,0.000000,0.000000,0.000000,0.000000,0.000000,0.000000,0.000000,0.000000,0.000000,0.000000,1103123
15,10,4.5,-0.542373,0.650048,-0.546899,0.700902,0.000000,0.000000,0.000000,0.000000,0.000000,0.000000,0.000000,0.000000,0.000000,0.000000,931527
15,10,5,-0.545397,0.647499,-0.547394,0.700360,0.000000,0.000000,0.000000,0.000000,0.000000,0.000000,0.000000,0.000000,0.000000,0.000000,807073
15,10,5.5,-0.550952,0.641846,-0.549363,0.698200,0.000000,0.000000,0.000000,0.000000,0.000000,0.000000,0.000000,0.000000,0.000000,0.000000,703697
15,10,6,-0.554400,0.638019,-0.549790,0.697731,0.000000,0.000000,0.000000,0.000000,0.000000,0.000000,0.000000,0.000000,0.000000,0.000000,593025
15,10,6.5,-0.559098,0.633259,-0.550628,0.696809,0.000000,0.000000,0.000000,0.000000,0.000000,0.000000,0.000000,0.000000,0.000000,0.000000,518746
15,10,7,-0.559498,0.632909,-0.554378,0.692665,0.000000,0.000000,0.000000,0.000000,0.000000,0.000000,0.000000,0.000000,0.000000,0.000000,447231
15,10,7.5,-0.566817,0.625513,-0.553356,0.693797,0.000000,0.000000,0.000000,0.000000,0.000000,0.000000,0.000000,0.000000,0.000000,0.000000,383254
15,10,8,-0.571621,0.620740,-0.555015,0.691958,0.000000,0.000000,0.000000,0.000000,0.000000,0.000000,0.000000,0.000000,0.000000,0.000000,335180
15,10,8.5,-0.575775,0.615884,-0.559107,0.687399,0.000000,0.000000,0.000000,0.000000,0.000000,0.000000,0.000000,0.000000,0.000000,0.000000,283543
15,10,9,-0.580107,0.611912,-0.554587,0.692433,0.000000,0.000000,0.000000,0.000000,0.000000,0.000000,0.000000,0.000000,0.000000,0.000000,253648
15,10,9.5,-0.581248,0.610493,-0.557722,0.688946,0.000000,0.000000,0.000000,0.000000,0.000000,0.000000,0.000000,0.000000,0.000000,0.000000,210153
15,10,10,-0.585715,0.606395,-0.559898,0.686514,0.000000,0.000000,0.000000,0.000000,0.000000,0.000000,0.000000,0.000000,0.000000,0.000000,189838
15,10,10.5,-0.587421,0.603720,-0.563190,0.682817,0.000000,0.000000,0.000000,0.000000,0.000000,0.000000,0.000000,0.000000,0.000000,0.000000,166315
15,10,11,-0.596817,0.592481,-0.561222,0.685029,0.000000,0.000000,0.000000,0.000000,0.000000,0.000000,0.000000,0.000000,0.000000,0.000000,137409
15,10,11.5,-0.599514,0.589753,-0.562646,0.683429,0.000000,0.000000,0.000000,0.000000,0.000000,0.000000,0.000000,0.000000,0.000000,0.000000,119752
15,10,12,-0.599946,0.589333,-0.564814,0.680985,0.000000,0.000000,0.000000,0.000000,0.000000,0.000000,0.000000,0.000000,0.000000,0.000000,104236
15,10,12.5,-0.608326,0.579651,-0.567886,0.677505,0.000000,0.000000,0.000000,0.000000,0.000000,0.000000,0.000000,0.000000,0.000000,0.000000,87514
15,10,13,-0.612275,0.575156,-0.571573,0.673304,0.000000,0.000000,0.000000,0.000000,0.000000,0.000000,0.000000,0.000000,0.000000,0.000000,79038
15,10,13.5,-0.615951,0.572443,-0.573244,0.671392,0.000000,0.000000,0.000000,0.000000,0.000000,0.000000,0.000000,0.000000,0.000000,0.000000,63432
15,10,14,-0.617447,0.569416,-0.572320,0.672450,0.000000,0.000000,0.000000,0.000000,0.000000,0.000000,0.000000,0.000000,0.000000,0.000000,59278
15,10,14.5,-0.622964,0.563662,-0.576326,0.667848,0.000000,0.000000,0.000000,0.000000,0.000000,0.000000,0.000000,0.000000,0.000000,0.000000,47022
15,10,15,-0.619275,0.569504,-0.573235,0.671402,0.000000,0.000000,0.000000,0.000000,0.000000,0.000000,0.000000,0.000000,0.000000,0.000000,41920
15,10,15.5,-0.629493,0.555454,-0.572168,0.672624,0.000000,0.000000,0.000000,0.000000,0.000000,0.000000,0.000000,0.000000,0.000000,0.000000,36720
15,10,16,-0.629393,0.555836,-0.573289,0.671339,0.000000,0.000000,0.000000,0.000000,0.000000,0.000000,0.000000,0.000000,0.000000,0.000000,28483
15,10,16.5,-0.637720,0.544877,-0.585185,0.657558,0.000000,0.000000,0.000000,0.000000,0.000000,0.000000,0.000000,0.000000,0.000000,0.000000,27810
15,10,17,-0.638421,0.544518,-0.578719,0.665084,0.000000,0.000000,0.000000,0.000000,0.000000,0.000000,0.000000,0.000000,0.000000,0.000000,21691
15,10,17.5,-0.636125,0.550873,-0.580928,0.662522,0.000000,0.000000,0.000000,0.000000,0.000000,0.000000,0.000000,0.000000,0.000000,0.000000,19023
15,10,18,-0.652072,0.532012,-0.578652,0.665162,0.000000,0.000000,0.000000,0.000000,0.000000,0.000000,0.000000,0.000000,0.000000,0.000000,17107
15,10,18.5,-0.653184,0.527059,-0.597004,0.643587,0.000000,0.000000,0.000000,0.000000,0.000000,0.000000,0.000000,0.000000,0.000000,0.000000,13350
15,10,19,-0.654057,0.528217,-0.582707,0.660452,0.000000,0.000000,0.000000,0.000000,0.000000,0.000000,0.000000,0.000000,0.000000,0.000000,11843
15,10,19.5,-0.650701,0.532514,-0.586873,0.655580,0.000000,0.000000,0.000000,0.000000,0.000000,0.000000,0.000000,0.000000,0.000000,0.000000,9416
15,10,20,-0.663637,0.513288,-0.596218,0.644525,0.000000,0.000000,0.000000,0.000000,0.000000,0.000000,0.000000,0.000000,0.000000,0.000000,8143
15,10,20.5,-0.666290,0.514927,-0.588975,0.653108,0.000000,0.000000,0.000000,0.000000,0.000000,0.000000,0.000000,0.000000,0.000000,0.000000,7075
15,10,21,-0.667602,0.510406,-0.612807,0.624467,0.000000,0.000000,0.000000,0.000000,0.000000,0.000000,0.000000,0.000000,0.000000,0.000000,6059
15,10,21.5,-0.684052,0.487168,-0.622231,0.612828,0.000000,0.000000,0.000000,0.000000,0.000000,0.000000,0.000000,0.000000,0.000000,0.000000,4966
15,10,22,-0.670503,0.507331,-0.614026,0.622972,0.000000,0.000000,0.000000,0.000000,0.000000,0.000000,0.000000,0.000000,0.000000,0.000000,3736
15,10,22.5,-0.669464,0.516757,-0.602637,0.636829,0.000000,0.000000,0.000000,0.000000,0.000000,0.000000,0.000000,0.000000,0.000000,0.000000,3337
15,10,23,-0.672846,0.504352,-0.636423,0.594966,0.000000,0.000000,0.000000,0.000000,0.000000,0.000000,0.000000,0.000000,0.000000,0.000000,3075
15,10,23.5,-0.681616,0.496767,-0.603020,0.636367,0.000000,0.000000,0.000000,0.000000,0.000000,0.000000,0.000000,0.000000,0.000000,0.000000,2252
15,10,24,-0.714730,0.438331,-0.614108,0.622872,0.000000,0.000000,0.000000,0.000000,0.000000,0.000000,0.000000,0.000000,0.000000,0.000000,1928
15,10,24.5,-0.685091,0.493560,-0.636364,0.595041,0.000000,0.000000,0.000000,0.000000,0.000000,0.000000,0.000000,0.000000,0.000000,0.000000,1375
15,10,25,-0.683136,0.494459,-0.665349,0.557311,0.000000,0.000000,0.000000,0.000000,0.000000,0.000000,0.000000,0.000000,0.000000,0.000000,1518
15,10,25.5,-0.731648,0.427987,-0.621533,0.613696,0.000000,0.000000,0.000000,0.000000,0.000000,0.000000,0.000000,0.000000,0.000000,0.000000,1226
15,10,26,-0.719243,0.454298,-0.608833,0.629323,0.000000,0.000000,0.000000,0.000000,0.000000,0.000000,0.000000,0.000000,0.000000,0.000000,634
15,10,26.5,-0.695954,0.475186,-0.657803,0.567295,0.000000,0.000000,0.000000,0.000000,0.000000,0.000000,0.000000,0.000000,0.000000,0.000000,865
15,10,27,-0.714286,0.441676,-0.615038,0.621729,0.000000,0.000000,0.000000,0.000000,0.000000,0.000000,0.000000,0.000000,0.000000,0.000000,665
15,10,27.5,-0.709273,0.466856,-0.639098,0.591554,0.000000,0.000000,0.000000,0.000000,0.000000,0.000000,0.000000,0.000000,0.000000,0.000000,399
15,10,28,-0.750617,0.389660,-0.629630,0.603567,0.000000,0.000000,0.000000,0.000000,0.000000,0.000000,0.000000,0.000000,0.000000,0.000000,405
15,10,28.5,-0.641379,0.547253,-0.737931,0.455458,0.000000,0.000000,0.000000,0.000000,0.000000,0.000000,0.000000,0.000000,0.000000,0.000000,290
15,10,29,-0.751634,0.395831,-0.620915,0.614465,0.000000,0.000000,0.000000,0.000000,0.000000,0.000000,0.000000,0.000000,0.000000,0.000000,306
15,10,29.5,-0.796954,0.334407,-0.705584,0.502152,0.000000,0.000000,0.000000,0.000000,0.000000,0.000000,0.000000,0.000000,0.000000,0.000000,197
15,10,30,-0.826347,0.287210,-0.556886,0.689878,0.000000,0.000000,0.000000,0.000000,0.000000,0.000000,0.000000,0.000000,0.000000,0.000000,167
15,10,30.5,-0.824561,0.285011,-0.614035,0.622961,0.000000,0.000000,0.000000,0.000000,0.000000,0.000000,0.000000,0.000000,0.000000,0.000000,114
15,10,31,-0.797980,0.302622,-0.595960,0.644832,0.000000,0.000000,0.000000,0.000000,0.000000,0.000000,0.000000,0.000000,0.000000,0.000000,99
15,10,31.5,-0.636364,0.549587,-0.659091,0.565599,0.000000,0.000000,0.000000,0.000000,0.000000,0.000000,0.000000,0.000000,0.000000,0.000000,88
15,10,32,-0.779221,0.353854,-0.714286,0.489796,0.000000,0.000000,0.000000,0.000000,0.000000,0.000000,0.000000,0.000000,0.000000,0.000000,77
15,10,32.5,-0.789474,0.324100,-0.631579,0.601108,0.000000,0.000000,0.000000,0.000000,0.000000,0.000000,0.000000,0.000000,0.000000,0.000000,38
15,10,33,-0.738095,0.431406,-0.714286,0.489796,0.000000,0.000000,0.000000,0.000000,0.000000,0.000000,0.000000,0.000000,0.000000,0.000000,42
15,10,33.5,-0.545455,0.672176,-0.575758,0.668503,0.000000,0.000000,0.000000,0.000000,0.000000,0.000000,0.000000,0.000000,0.000000,0.000000,33
15,10,34,-0.709677,0.399584,-0.548387,0.699272,0.000000,0.000000,0.000000,0.000000,0.000000,0.000000,0.000000,0.000000,0.000000,0.000000,31
15,10,34.5,-0.631579,0.548476,-0.684211,0.531856,0.000000,0.000000,0.000000,0.000000,0.000000,0.000000,0.000000,0.000000,0.000000,0.000000,19
15,10,35,-1.000000,0.000000,-0.777778,0.395062,0.000000,0.000000,0.000000,0.000000,0.000000,0.000000,0.000000,0.000000,0.000000,0.000000,9
15,10,35.5,-1.000000,0.000000,-0.250000,0.937500,0.000000,0.000000,0.000000,0.000000,0.000000,0.000000,0.000000,0.000000,0.000000,0.000000,8
15,10,36,-1.000000,0.000000,-0.333333,0.888889,0.000000,0.000000,0.000000,0.000000,0.000000,0.000000,0.000000,0.000000,0.000000,0.000000,9
15,10,36.5,-0.727273,0.380165,-1.000000,0.000000,0.000000,0.000000,0.000000,0.000000,0.000000,0.000000,0.000000,0.000000,0.000000,0.000000,11
15,10,37,-0.750000,0.187500,-0.750000,0.437500,0.000000,0.000000,0.000000,0.000000,0.000000,0.000000,0.000000,0.000000,0.000000,0.000000,8
15,10,37.5,-0.600000,0.640000,-1.000000,0.000000,0.000000,0.000000,0.000000,0.000000,0.000000,0.000000,0.000000,0.000000,0.000000,0.000000,5
15,10,38,-1.000000,0.000000,-1.000000,0.000000,0.000000,0.000000,0.000000,0.000000,0.000000,0.000000,0.000000,0.000000,0.000000,0.000000,1
15,10,38.5,-1.000000,0.000000,-1.000000,0.000000,0.000000,0.000000,0.000000,0.000000,0.000000,0.000000,0.000000,0.000000,0.000000,0.000000,1
15,10,39,-0.500000,0.583333,-0.000000,1.000000,0.000000,0.000000,0.000000,0.000000,0.000000,0.000000,0.000000,0.000000,0.000000,0.000000,6
15,10,39.5,-1.000000,0.000000,-1.000000,0.000000,0.000000,0.000000,0.000000,0.000000,0.000000,0.000000,0.000000,0.000000,0.000000,0.000000,1
15,10,40,-1.000000,0.000000,1.000000,0.000000,0.000000,0.000000,0.000000,0.000000,0.000000,0.000000,0.000000,0.000000,0.000000,0.000000,1
15,10,40.5,-1.000000,0.000000,-1.000000,0.000000,0.000000,0.000000,0.000000,0.000000,0.000000,0.000000,0.000000,0.000000,0.000000,0.000000,1
15,10,41,-1.000000,0.000000,-1.000000,0.000000,0.000000,0.000000,0.000000,0.000000,0.000000,0.000000,0.000000,0.000000,0.000000,0.000000,1
16,10,-40.5,-1.000000,0.000000,1.000000,0.000000,0.000000,0.000000,0.000000,0.000000,0.000000,0.000000,0.000000,0.000000,0.000000,0.000000,1
16,10,-40,-1.000000,0.000000,-1.000000,0.000000,0.000000,0.000000,0.000000,0.000000,0.000000,0.000000,0.000000,0.000000,0.000000,0.000000,1
16,10,-39,-1.000000,0.000000,0.000000,1.000000,0.000000,0.000000,0.000000,0.000000,0.000000,0.000000,0.000000,0.000000,0.000000,0.000000,2
16,10,-38.5,0.000000,1.000000,-1.000000,0.000000,0.000000,0.000000,0.000000,0.000000,0.000000,0.000000,0.000000,0.000000,0.000000,0.000000,2
16,10,-38,-0.000000,1.000000,-1.000000,0.000000,0.000000,0.000000,0.000000,0.000000,0.000000,0.000000,0.000000,0.000000,0.000000,0.000000,4
16,10,-37.5,-0.444444,0.691358,-0.777778,0.395062,0.000000,0.000000,0.000000,0.000000,0.000000,0.000000,0.000000,0.000000,0.000000,0.000000,9
16,10,-37,-0.142857,0.979592,-0.428571,0.816327,0.000000,0.000000,0.000000,0.000000,0.000000,0.000000,0.000000,0.000000,0.000000,0.000000,7
16,10,-36.5,-0.500000,0.750000,0.000000,1.000000,0.000000,0.000000,0.000000,0.000000,0.000000,0.000000,0.000000,0.000000,0.000000,0.000000,8
16,10,-36,-0.333333,0.888889,-0.666667,0.555556,0.000000,0.000000,0.000000,0.000000,0.000000,0.000000,0.000000,0.000000,0.000000,0.000000,6
16,10,-35.5,0.272727,0.925620,-0.818182,0.330579,0.000000,0.000000,0.000000,0.000000,0.000000,0.000000,0.000000,0.000000,0.000000,0.000000,11
16,10,-35,0.055556,0.830247,-0.777778,0.395062,0.000000,0.000000,0.000000,0.000000,0.000000,0.000000,0.000000,0.000000,0.000000,0.000000,18
16,10,-34.5,-0.125000,0.776042,-0.583333,0.659722,0.000000,0.000000,0.000000,0.000000,0.000000,0.000000,0.000000,0.000000,0.000000,0.000000,24
16,10,-34,-0.321429,0.860969,-0.714286,0.489796,0.000000,0.000000,0.000000,0.000000,0.000000,0.000000,0.000000,0.000000,0.000000,0.000000,28
16,10,-33.5,-0.256410,0.857331,-0.384615,0.852071,0.000000,0.000000,0.000000,0.000000,0.000000,0.000000,0.000000,0.000000,0.000000,0.000000,39
16,10,-33,-0.283333,0.836389,-0.533333,0.715556,0.000000,0.000000,0.000000,0.000000,0.000000,0.000000,0.000000,0.000000,0.000000,0.000000,60
16,10,-32.5,-0.568627,0.676663,-0.411765,0.830450,0.000000,0.000000,0.000000,0.000000,0.000000,0.000000,0.000000,0.000000,0.000000,0.000000,51
16,10,-32,-0.246575,0.843310,-0.589041,0.653031,0.000000,0.000000,0.000000,0.000000,0.000000,0.000000,0.000000,0.000000,0.000000,0.000000,73
16,10,-31.5,-0.400000,0.710588,-0.600000,0.640000,0.000000,0.000000,0.000000,0.000000,0.000000,0.000000,0.000000,0.000000,0.000000,0.000000,85
16,10,-31,-0.240000,0.842400,-0.560000,0.686400,0.000000,0.000000,0.000000,0.000000,0.000000,0.000000,0.000000,0.000000,0.000000,0.000000,100
16,10,-30.5,-0.424837,0.754154,-0.516340,0.733393,0.000000,0.000000,0.000000,0.000000,0.000000,0.000000,0.000000,0.000000,0.000000,0.000000,153
16,10,-30,-0.164474,0.913738,-0.552632,0.694598,0.000000,0.000000,0.000000,0.000000,0.000000,0.000000,0.000000,0.000000,0.000000,0.000000,152
16,10,-29.5,-0.245370,0.888867,-0.472222,0.777006,0.000000,0.000000,0.000000,0.000000,0.000000,0.000000,0.000000,0.000000,0.000000,0.000000,216
16,10,-29,-0.462541,0.691594,-0.524430,0.724973,0.000000,0.000000,0.000000,0.000000,0.000000,0.000000,0.000000,0.000000,0.000000,0.000000,307
16,10,-28.5,-0.309375,0.851162,-0.525000,0.724375,0.000000,0.000000,0.000000,0.000000,0.000000,0.000000,0.000000,0.000000,0.000000,0.000000,320
16,10,-28,-0.406176,0.754261,-0.505938,0.744026,0.000000,0.000000,0.000000,0.000000,0.000000,0.000000,0.000000,0.000000,0.000000,0.000000,421
16,10,-27.5,-0.292434,0.849043,-0.501022,0.748976,0.000000,0.000000,0.000000,0.000000,0.000000,0.000000,0.000000,0.000000,0.000000,0.000000,489
16,10,-27,-0.356777,0.804935,-0.544757,0.703240,0.000000,0.000000,0.000000,0.000000,0.000000,0.000000,0.000000,0.000000,0.000000,0.000000,782
16,10,-26.5,-0.349322,0.800810,-0.501564,0.748433,0.000000,0.000000,0.000000,0.000000,0.000000,0.000000,0.000000,0.000000,0.000000,0.000000,959
16,10,-26,-0.379113,0.776159,-0.510730,0.739155,0.000000,0.000000,0.000000,0.000000,0.000000,0.000000,0.000000,0.000000,0.000000,0.000000,699
16,10,-25.5,-0.343597,0.810563,-0.528341,0.720855,0.000000,0.000000,0.000000,0.000000,0.000000,0.000000,0.000000,0.000000,0.000000,0.000000,1429
16,10,-25,-0.353754,0.806390,-0.511111,0.738765,0.000000,0.000000,0.000000,0.000000,0.000000,0.000000,0.000000,0.000000,0.000000,0.000000,1665
16,10,-24.5,-0.422935,0.758241,-0.522811,0.726668,0.000000,0.000000,0.000000,0.000000,0.000000,0.000000,0.000000,0.000000,0.000000,0.000000,1622
16,10,-24,-0.365655,0.793800,-0.542365,0.705840,0.000000,0.000000,0.000000,0.000000,0.000000,0.000000,0.000000,0.000000,0.000000,0.000000,2207
16,10,-23.5,-0.353547,0.809606,-0.524376,0.725030,0.000000,0.000000,0.000000,0.000000,0.000000,0.000000,0.000000,0.000000,0.000000,0.000000,2523
16,10,-23,-0.374048,0.784207,-0.535120,0.713647,0.000000,0.000000,0.000000,0.000000,0.000000,0.000000,0.000000,0.000000,0.000000,0.000000,3545
16,10,-22.5,-0.393460,0.775374,-0.495977,0.754007,0.000000,0.000000,0.000000,0.000000,0.000000,0.000000,0.000000,0.000000,0.000000,0.000000,3853
16,10,-22,-0.366414,0.797298,-0.531166,0.717863,0.000000,0.000000,0.000000,0.000000,0.000000,0.000000,0.000000,0.000000,0.000000,0.000000,4091
16,10,-21.5,-0.362724,0.796030,-0.534767,0.714024,0.000000,0.000000,0.000000,0.000000,0.000000,0.000000,0.000000,0.000000,0.000000,0.000000,5580
16,10,-21,-0.401119,0.770310,-0.531297,0.717723,0.000000,0.000000,0.000000,0.000000,0.000000,0.000000,0.000000,0.000000,0.000000,0.000000,6614
16,10,-20.5,-0.399501,0.767082,-0.534663,0.714135,0.000000,0.000000,0.000000,0.000000,0.000000,0.000000,0.000000,0.000000,0.000000,0.000000,8020
16,10,-20,-0.388237,0.782410,-0.534247,0.714581,0.000000,0.000000,0.000000,0.000000,0.000000,0.000000,0.000000,0.000000,0.000000,0.000000,9198
16,10,-19.5,-0.407498,0.766107,-0.536785,0.711862,0.000000,0.000000,0.000000,0.000000,0.000000,0.000000,0.000000,0.000000,0.000000,0.000000,10643
16,10,-19,-0.392947,0.775817,-0.521274,0.728273,0.000000,0.000000,0.000000,0.000000,0.000000,0.000000,0.000000,0.000000,0.000000,0.000000,13185
16,10,-18.5,-0.401031,0.770015,-0.523687,0.725752,0.000000,0.000000,0.000000,0.000000,0.000000,0.000000,0.000000,0.000000,0.000000,0.000000,15515
16,10,-18,-0.422902,0.750197,-0.533388,0.715497,0.000000,0.000000,0.000000,0.000000,0.000000,0.000000,0.000000,0.000000,0.000000,0.000000,19378
16,10,-17.5,-0.421488,0.753261,-0.522797,0.726683,0.000000,0.000000,0.000000,0.000000,0.000000,0.000000,0.000000,0.000000,0.000000,0.000000,21538
16,10,-17,-0.415351,0.757397,-0.524732,0.724657,0.000000,0.000000,0.000000,0.000000,0.000000,0.000000,0.000000,0.000000,0.000000,0.000000,24584
16,10,-16.5,-0.413808,0.758823,-0.519283,0.730345,0.000000,0.000000,0.000000,0.000000,0.000000,0.000000,0.000000,0.000000,0.000000,0.000000,31012
16,10,-16,-0.423267,0.748939,-0.523453,0.725997,0.000000,0.000000,0.000000,0.000000,0.000000,0.000000,0.000000,0.000000,0.000000,0.000000,32320
16,10,-15.5,-0.437574,0.738621,-0.521652,0.727879,0.000000,0.000000,0.000000,0.000000,0.000000,0.000000,0.000000,0.000000,0.000000,0.000000,41497
16,10,-15,-0.434358,0.744184,-0.521824,0.727699,0.000000,0.000000,0.000000,0.000000,0.000000,0.000000,0.000000,0.000000,0.000000,0.000000,47447
16,10,-14.5,-0.438762,0.738473,-0.523351,0.726104,0.000000,0.000000,0.000000,0.000000,0.000000,0.000000,0.000000,0.000000,0.000000,0.000000,53553
16,10,-14,-0.435513,0.741344,-0.525820,0.723513,0.000000,0.000000,0.000000,0.000000,0.000000,0.000000,0.000000,0.000000,0.000000,0.000000,66595
16,10,-13.5,-0.440490,0.738608,-0.524559,0.724838,0.000000,0.000000,0.000000,0.000000,0.000000,0.000000,0.000000,0.000000,0.000000,0.000000,72417
16,10,-13,-0.441441,0.737053,-0.522816,0.726663,0.000000,0.000000,0.000000,0.000000,0.000000,0.000000,0.000000,0.000000,0.000000,0.000000,88884
16,10,-12.5,-0.447008,0.732621,-0.523169,0.726294,0.000000,0.000000,0.000000,0.000000,0.000000,0.000000,0.000000,0.000000,0.000000,0.000000,99788
16,10,-12,-0.451285,0.730013,-0.524447,0.724955,0.000000,0.000000,0.000000,0.000000,0.000000,0.000000,0.000000,0.000000,0.000000,0.000000,116782
16,10,-11.5,-0.453802,0.728935,-0.528702,0.720474,0.000000,0.000000,0.000000,0.000000,0.000000,0.000000,0.000000,0.000000,0.000000,0.000000,135286
16,10,-11,-0.457340,0.724137,-0.524963,0.724414,0.000000,0.000000,0.000000,0.000000,0.000000,0.000000,0.000000,0.000000,0.000000,0.000000,154430
16,10,-10.5,-0.466951,0.716748,-0.526876,0.722401,0.000000,0.000000,0.000000,0.000000,0.000000,0.000000,0.000000,0.000000,0.000000,0.000000,186632
16,10,-10,-0.468969,0.714136,-0.529205,0.719942,0.000000,0.000000,0.000000,0.000000,0.000000,0.000000,0.000000,0.000000,0.000000,0.000000,212432
16,10,-9.5,-0.469082,0.715359,-0.526987,0.722285,0.000000,0.000000,0.000000,0.000000,0.000000,0.000000,0.000000,0.000000,0.000000,0.000000,235283
16,10,-9,-0.472125,0.712407,-0.526779,0.722504,0.000000,0.000000,0.000000,0.000000,0.000000,0.000000,0.000000,0.000000,0.000000,0.000000,284738
16,10,-8.5,-0.479227,0.706051,-0.528083,0.721129,0.000000,0.000000,0.000000,0.000000,0.000000,0.000000,0.000000,0.000000,0.000000,0.000000,319289
16,10,-8,-0.480013,0.704472,-0.526575,0.722719,0.000000,0.000000,0.000000,0.000000,0.000000,0.000000,0.000000,0.000000,0.000000,0.000000,377386
16,10,-7.5,-0.485193,0.701168,-0.527625,0.721612,0.000000,0.000000,0.000000,0.000000,0.000000,0.000000,0.000000,0.000000,0.000000,0.000000,432737
16,10,-7,-0.486122,0.700697,-0.529054,0.720102,0.000000,0.000000,0.000000,0.000000,0.000000,0.000000,0.000000,0.000000,0.000000,0.000000,505081
16,10,-6.5,-0.492688,0.693869,-0.529832,0.719278,0.000000,0.000000,0.000000,0.000000,0.000000,0.000000,0.000000,0.000000,0.000000,0.000000,586463
16,10,-6,-0.494422,0.692819,-0.529718,0.719399,0.000000,0.000000,0.000000,0.000000,0.000000,0.000000,0.000000,0.000000,0.000000,0.000000,670674
16,10,-5.5,-0.499307,0.687867,-0.531589,0.717413,0.000000,0.000000,0.000000,0.000000,0.000000,0.000000,0.000000,0.000000,0.000000,0.000000,796232
16,10,-5,-0.503020,0.684662,-0.530985,0.718055,0.000000,0.000000,0.000000,0.000000,0.000000,0.000000,0.000000,0.000000,0.000000,0.000000,917310
16,10,-4.5,-0.506236,0.681339,-0.531371,0.717645,0.000000,0.000000,0.000000,0.000000,0.000000,0.000000,0.000000,0.000000,0.000000,0.000000,1062901
16,10,-4,-0.510358,0.677635,-0.534260,0.714566,0.000000,0.000000,0.000000,0.000000,0.000000,0.000000,0.000000,0.000000,0.000000,0.000000,1256710
16,10,-3.5,-0.513356,0.674710,-0.533906,0.714945,0.000000,0.000000,0.000000,0.000000,0.000000,0.000000,0.000000,0.000000,0.000000,0.000000,1458615
16,10,-3,-0.516747,0.671553,-0.534214,0.714615,0.000000,0.000000,0.000000,0.000000,0.000000,0.000000,0.000000,0.000000,0.000000,0.000000,1715686
16,10,-2.5,-0.520666,0.667834,-0.535413,0.713333,0.000000,0.000000,0.000000,0.000000,0.000000,0.000000,0.000000,0.000000,0.000000,0.000000,2024312
16,10,-2,-0.523187,0.665375,-0.536193,0.712497,0.000000,0.000000,0.000000,0.000000,0.000000,0.000000,0.000000,0.000000,0.000000,0.000000,2370010
16,10,-1.5,-0.526592,0.662238,-0.536869,0.711772,0.000000,0.000000,0.000000,0.000000,0.000000,0.000000,0.000000,0.000000,0.000000,0.000000,2846124
16,10,-1,-0.529743,0.659257,-0.537936,0.710624,0.000000,0.000000,0.000000,0.000000,0.000000,0.000000,0.000000,0.000000,0.000000,0.000000,3247137
16,10,-0.5,-0.533770,0.655230,-0.538873,0.709616,0.000000,0.000000,0.000000,0.000000,0.000000,0.000000,0.000000,0.000000,0.000000,0.000000,4690155
16,10,0,-0.537000,0.652151,-0.539548,0.708888,0.000000,0.000000,0.000000,0.000000,0.000000,0.000000,0.000000,0.000000,0.000000,0.000000,3571037
16,10,0.5,-0.540654,0.648387,-0.539958,0.708446,0.000000,0.000000,0.000000,0.000000,0.000000,0.000000,0.000000,0.000000,0.000000,0.000000,2994854
16,10,1,-0.543131,0.646123,-0.540880,0.707448,0.000000,0.000000,0.000000,0.000000,0.000000,0.000000,0.000000,0.000000,0.000000,0.000000,2511450
16,10,1.5,-0.547056,0.642212,-0.543174,0.704962,0.000000,0.000000,0.000000,0.000000,0.000000,0.000000,0.000000,0.000000,0.000000,0.000000,2184846
16,10,2,-0.551151,0.637983,-0.541572,0.706699,0.000000,0.000000,0.000000,0.000000,0.000000,0.000000,0.000000,0.000000,0.000000,0.000000,1825811
16,10,2.5,-0.554831,0.633989,-0.542987,0.705165,0.000000,0.000000,0.000000,0.000000,0.000000,0.000000,0.000000,0.000000,0.000000,0.000000,1564442
16,10,3,-0.558084,0.630689,-0.544401,0.703628,0.000000,0.000000,0.000000,0.000000,0.000000,0.000000,0.000000,0.000000,0.000000,0.000000,1336197
16,10,3.5,-0.559998,0.628873,-0.545805,0.702096,0.000000,0.000000,0.000000,0.000000,0.000000,0.000000,0.000000,0.000000,0.000000,0.000000,1136196
16,10,4,-0.563844,0.625091,-0.545947,0.701942,0.000000,0.000000,0.000000,0.000000,0.000000,0.000000,0.000000,0.000000,0.000000,0.000000,987211
16,10,4.5,-0.568893,0.619100,-0.548691,0.698938,0.000000,0.000000,0.000000,0.000000,0.000000,0.000000,0.000000,0.000000,0.000000,0.000000,835906
16,10,5,-0.571104,0.617430,-0.548963,0.698640,0.000000,0.000000,0.000000,0.000000,0.000000,0.000000,0.000000,0.000000,0.000000,0.000000,724495
16,10,5.5,-0.577189,0.610473,-0.549239,0.698337,0.000000,0.000000,0.000000,0.000000,0.000000,0.000000,0.000000,0.000000,0.000000,0.000000,631873
16,10,6,-0.578604,0.609361,-0.550896,0.696513,0.000000,0.000000,0.000000,0.000000,0.000000,0.000000,0.000000,0.000000,0.000000,0.000000,532309
16,10,6.5,-0.582337,0.604968,-0.553302,0.693857,0.000000,0.000000,0.000000,0.000000,0.000000,0.000000,0.000000,0.000000,0.000000,0.000000,465469
16,10,7,-0.586627,0.600155,-0.553936,0.693155,0.000000,0.000000,0.000000,0.000000,0.000000,0.000000,0.000000,0.000000,0.000000,0.000000,401337
16,10,7.5,-0.590437,0.595802,-0.553292,0.693868,0.000000,0.000000,0.000000,0.000000,0.000000,0.000000,0.000000,0.000000,0.000000,0.000000,344086
16,10,8,-0.593535,0.593478,-0.553920,0.693172,0.000000,0.000000,0.000000,0.000000,0.000000,0.000000,0.000000,0.000000,0.000000,0.000000,300897
16,10,8.5,-0.595963,0.590402,-0.555151,0.691807,0.000000,0.000000,0.000000,0.000000,0.000000,0.000000,0.000000,0.000000,0.000000,0.000000,253974
16,10,9,-0.600160,0.585426,-0.557894,0.688754,0.000000,0.000000,0.000000,0.000000,0.000000,0.000000,0.000000,0.000000,0.000000,0.000000,227796
16,10,9.5,-0.604732,0.580393,-0.557908,0.688739,0.000000,0.000000,0.000000,0.000000,0.000000,0.000000,0.000000,0.000000,0.000000,0.000000,187531
16,10,10,-0.604799,0.580238,-0.560017,0.686381,0.000000,0.000000,0.000000,0.000000,0.000000,0.000000,0.000000,0.000000,0.000000,0.000000,169802
16,10,10.5,-0.611607,0.572924,-0.560266,0.686102,0.000000,0.000000,0.000000,0.000000,0.000000,0.000000,0.000000,0.000000,0.000000,0.000000,149645
16,10,11,-0.614860,0.568077,-0.565682,0.680004,0.000000,0.000000,0.000000,0.000000,0.000000,0.000000,0.000000,0.000000,0.000000,0.000000,122758
16,10,11.5,-0.612953,0.571089,-0.569350,0.675841,0.000000,0.000000,0.000000,0.000000,0.000000,0.000000,0.000000,0.000000,0.000000,0.000000,107744
16,10,12,-0.623798,0.557795,-0.561210,0.685043,0.000000,0.000000,0.000000,0.000000,0.000000,0.000000,0.000000,0.000000,0.000000,0.000000,93612
16,10,12.5,-0.624046,0.560505,-0.569377,0.675810,0.000000,0.000000,0.000000,0.000000,0.000000,0.000000,0.000000,0.000000,0.000000,0.000000,78124
16,10,13,-0.625700,0.556234,-0.566728,0.678819,0.000000,0.000000,0.000000,0.000000,0.000000,0.000000,0.000000,0.000000,0.000000,0.000000,70390
16,10,13.5,-0.629232,0.553216,-0.571081,0.673867,0.000000,0.000000,0.000000,0.000000,0.000000,0.000000,0.000000,0.000000,0.000000,0.000000,57540
16,10,14,-0.638809,0.540776,-0.574994,0.669382,0.000000,0.000000,0.000000,0.000000,0.000000,0.000000,0.000000,0.000000,0.000000,0.000000,53044
16,10,14.5,-0.643314,0.535118,-0.577051,0.667012,0.000000,0.000000,0.000000,0.000000,0.000000,0.000000,0.000000,0.000000,0.000000,0.000000,42407
16,10,15,-0.651643,0.525574,-0.575433,0.668877,0.000000,0.000000,0.000000,0.000000,0.000000,0.000000,0.000000,0.000000,0.000000,0.000000,37318
16,10,15.5,-0.648474,0.528585,-0.573788,0.670767,0.000000,0.000000,0.000000,0.000000,0.000000,0.000000,0.000000,0.000000,0.000000,0.000000,32871
16,10,16,-0.648306,0.527223,-0.575602,0.668682,0.000000,0.000000,0.000000,0.000000,0.000000,0.000000,0.000000,0.000000,0.000000,0.000000,25707
16,10,16.5,-0.654609,0.522640,-0.576309,0.667868,0.000000,0.000000,0.000000,0.000000,0.000000,0.000000,0.000000,0.000000,0.000000,0.000000,24853
16,10,17,-0.654857,0.523682,-0.574857,0.669539,0.000000,0.000000,0.000000,0.000000,0.000000,0.000000,0.000000,0.000000,0.000000,0.000000,19250
16,10,17.5,-0.662191,0.512447,-0.599303,0.640836,0.000000,0.000000,0.000000,0.000000,0.000000,0.000000,0.000000,0.000000,0.000000,0.000000,17205
16,10,18,-0.670317,0.500676,-0.591029,0.650685,0.000000,0.000000,0.000000,0.000000,0.000000,0.000000,0.000000,0.000000,0.000000,0.000000,15160
16,10,18.5,-0.657865,0.519234,-0.592497,0.648947,0.000000,0.000000,0.000000,0.000000,0.000000,0.000000,0.000000,0.000000,0.000000,0.000000,12422
16,10,19,-0.670420,0.499345,-0.610144,0.627725,0.000000,0.000000,0.000000,0.000000,0.000000,0.000000,0.000000,0.000000,0.000000,0.000000,10568
16,10,19.5,-0.671513,0.496362,-0.591421,0.650221,0.000000,0.000000,0.000000,0.000000,0.000000,0.000000,0.000000,0.000000,0.000000,0.000000,8253
16,10,20,-0.672001,0.498627,-0.600055,0.639934,0.000000,0.000000,0.000000,0.000000,0.000000,0.000000,0.000000,0.000000,0.000000,0.000000,7311
16,10,20.5,-0.680729,0.486328,-0.593088,0.648246,0.000000,0.000000,0.000000,0.000000,0.000000,0.000000,0.000000,0.000000,0.000000,0.000000,6424
16,10,21,-0.689197,0.479698,-0.577607,0.666370,0.000000,0.000000,0.000000,0.000000,0.000000,0.000000,0.000000,0.000000,0.000000,0.000000,5341
16,10,21.5,-0.687528,0.481105,-0.606736,0.631871,0.000000,0.000000,0.000000,0.000000,0.000000,0.000000,0.000000,0.000000,0.000000,0.000000,4394
16,10,22,-0.696788,0.465252,-0.595317,0.645598,0.000000,0.000000,0.000000,0.000000,0.000000,0.000000,0.000000,0.000000,0.000000,0.000000,3331
16,10,22.5,-0.710985,0.449290,-0.610851,0.626862,0.000000,0.000000,0.000000,0.000000,0.000000,0.000000,0.000000,0.000000,0.000000,0.000000,2986
16,10,23,-0.701535,0.460008,-0.607283,0.631207,0.000000,0.000000,0.000000,0.000000,0.000000,0.000000,0.000000,0.000000,0.000000,0.000000,2801
16,10,23.5,-0.689742,0.476757,-0.583628,0.659378,0.000000,0.000000,0.000000,0.000000,0.000000,0.000000,0.000000,0.000000,0.000000,0.000000,1979
16,10,24,-0.683091,0.484115,-0.622620,0.612344,0.000000,0.000000,0.000000,0.000000,0.000000,0.000000,0.000000,0.000000,0.000000,0.000000,1786
16,10,24.5,-0.698833,0.471944,-0.596887,0.643726,0.000000,0.000000,0.000000,0.000000,0.000000,0.000000,0.000000,0.000000,0.000000,0.000000,1285
16,10,25,-0.706331,0.459144,-0.604882,0.634118,0.000000,0.000000,0.000000,0.000000,0.000000,0.000000,0.000000,0.000000,0.000000,0.000000,1311
16,10,25.5,-0.685150,0.484516,-0.607143,0.631378,0.000000,0.000000,0.000000,0.000000,0.000000,0.000000,0.000000,0.000000,0.000000,0.000000,1064
16,10,26,-0.684116,0.490470,-0.660650,0.563542,0.000000,0.000000,0.000000,0.000000,0.000000,0.000000,0.000000,0.000000,0.000000,0.000000,554
16,10,26.5,-0.732456,0.435730,-0.587719,0.654586,0.000000,0.000000,0.000000,0.000000,0.000000,0.000000,0.000000,0.000000,0.000000,0.000000,684
16,10,27,-0.686567,0.471909,-0.683582,0.532716,0.000000,0.000000,0.000000,0.000000,0.000000,0.000000,0.000000,0.000000,0.000000,0.000000,670
16,10,27.5,-0.736434,0.431825,-0.607235,0.631265,0.000000,0.000000,0.000000,0.000000,0.000000,0.000000,0.000000,0.000000,0.000000,0.000000,387
16,10,28,-0.741279,0.395273,-0.604651,0.634397,0.000000,0.000000,0.000000,0.000000,0.000000,0.000000,0.000000,0.000000,0.000000,0.000000,344
16,10,28.5,-0.732877,0.414947,-0.582192,0.661053,0.000000,0.000000,0.000000,0.000000,0.000000,0.000000,0.000000,0.000000,0.000000,0.000000,292
16,10,29,-0.725100,0.430406,-0.657371,0.567864,0.000000,0.000000,0.000000,0.000000,0.000000,0.000000,0.000000,0.000000,0.000000,0.000000,251
16,10,29.5,-0.740566,0.418543,-0.716981,0.485938,0.000000,0.000000,0.000000,0.000000,0.000000,0.000000,0.000000,0.000000,0.000000,0.000000,212
16,10,30,-0.783784,0.349647,-0.603604,0.635663,0.000000,0.000000,0.000000,0.000000,0.000000,0.000000,0.000000,0.000000,0.000000,0.000000,111
16,10,30.5,-0.735043,0.416977,-0.658120,0.566879,0.000000,0.000000,0.000000,0.000000,0.000000,0.000000,0.000000,0.000000,0.000000,0.000000,117
16,10,31,-0.638889,0.508488,-0.777778,0.395062,0.000000,0.000000,0.000000,0.000000,0.000000,0.000000,0.000000,0.000000,0.000000,0.000000,72
16,10,31.5,-0.797297,0.323776,-0.594595,0.646457,0.000000,0.000000,0.000000,0.000000,0.000000,0.000000,0.000000,0.000000,0.000000,0.000000,74
16,10,32,-0.896552,0.161712,-0.620690,0.614744,0.000000,0.000000,0.000000,0.000000,0.000000,0.000000,0.000000,0.000000,0.000000,0.000000,58
16,10,32.5,-0.837209,0.275825,-0.627907,0.605733,0.000000,0.000000,0.000000,0.000000,0.000000,0.000000,0.000000,0.000000,0.000000,0.000000,43
16,10,33,-0.878049,0.204640,-0.707317,0.499703,0.000000,0.000000,0.000000,0.000000,0.000000,0.000000,0.000000,0.000000,0.000000,0.000000,41
16,10,33.5,-0.909091,0.173554,-0.727273,0.471074,0.000000,0.000000,0.000000,0.000000,0.000000,0.000000,0.000000,0.000000,0.000000,0.000000,22
16,10,34,-0.777778,0.320988,-0.851852,0.274348,0.000000,0.000000,0.000000,0.000000,0.000000,0.000000,0.000000,0.000000,0.000000,0.000000,27
16,10,34.5,-0.782609,0.344045,-0.739130,0.453686,0.000000,0.000000,0.000000,0.000000,0.000000,0.000000,0.000000,0.000000,0.000000,0.000000,23
16,10,35,-0.714286,0.489796,-1.000000,0.000000,0.000000,0.000000,0.000000,0.000000,0.000000,0.000000,0.000000,0.000000,0.000000,0.000000,14
16,10,35.5,-0.846154,0.284024,-0.846154,0.284024,0.000000,0.000000,0.000000,0.000000,0.000000,0.000000,0.000000,0.000000,0.000000,0.000000,13
16,10,36,-0.714286,0.489796,-0.714286,0.489796,0.000000,0.000000,0.000000,0.000000,0.000000,0.000000,0.000000,0.000000,0.000000,0.000000,7
16,10,36.5,-1.000000,0.000000,-0.500000,0.750000,0.000000,0.000000,0.000000,0.000000,0.000000,0.000000,0.000000,0.000000,0.000000,0.000000,4
16,10,37,-1.000000,0.000000,-1.000000,0.000000,0.000000,0.000000,0.000000,0.000000,0.000000,0.000000,0.000000,0.000000,0.000000,0.000000,3
16,10,37.5,-0.714286,0.489796,-0.714286,0.489796,0.000000,0.000000,0.000000,0.000000,0.000000,0.000000,0.000000,0.000000,0.000000,0.000000,7
16,10,38,-1.000000,0.000000,-1.000000,0.000000,0.000000,0.000000,0.000000,0.000000,0.000000,0.000000,0.000000,0.000000,0.000000,0.000000,1
16,10,38.5,0.000000,1.000000,-1.000000,0.000000,0.000000,0.000000,0.000000,0.000000,0.000000,0.000000,0.000000,0.000000,0.000000,0.000000,2
16,10,39,-0.500000,0.750000,-1.000000,0.000000,0.000000,0.000000,0.000000,0.000000,0.000000,0.000000,0.000000,0.000000,0.000000,0.000000,4
16,10,40.5,-1.000000,0.000000,-1.000000,0.000000,0.000000,0.000000,0.000000,0.000000,0.000000,0.000000,0.000000,0.000000,0.000000,0.000000,1
16,10,41,-1.000000,0.000000,-1.000000,0.000000,0.000000,0.000000,0.000000,0.000000,0.000000,0.000000,0.000000,0.000000,0.000000,0.000000,2
16,10,41.5,-1.000000,0.000000,1.000000,0.000000,0.000000,0.000000,0.000000,0.000000,0.000000,0.000000,0.000000,0.000000,0.000000,0.000000,1
16,10,42,-1.000000,0.000000,-1.000000,0.000000,0.000000,0.000000,0.000000,0.000000,0.000000,0.000000,0.000000,0.000000,0.000000,0.000000,1
16,10,44,-1.000000,0.000000,1.000000,0.000000,0.000000,0.000000,0.000000,0.000000,0.000000,0.000000,0.000000,0.000000,0.000000,0.000000,1
