UserValue,DealerValue,TrueCount,Hit EV,Hit Variance,Stand EV,Stand Variance,Double EV,Double Variance,Split EV,Split Variance,Surrender EV,Surrender Variance,Insurance Accept EV,Insurance Accept Variance,Insurance Decline EV,Insurance Decline Variance,Hands Played
9,2,-37,1.000000,0.000000,0.000000,0.000000,-2.000000,0.000000,0.000000,0.000000,0.000000,0.000000,0.000000,0.000000,0.000000,0.000000,1
9,2,-36,-1.000000,0.000000,0.000000,0.000000,-2.000000,0.000000,0.000000,0.000000,0.000000,0.000000,0.000000,0.000000,0.000000,0.000000,1
9,2,-35.5,-0.500000,0.250000,0.000000,0.000000,0.000000,4.000000,0.000000,0.000000,0.000000,0.000000,0.000000,0.000000,0.000000,0.000000,2
9,2,-35,-1.000000,0.000000,0.000000,0.000000,-2.000000,0.000000,0.000000,0.000000,0.000000,0.000000,0.000000,0.000000,0.000000,0.000000,1
9,2,-34.5,1.000000,0.000000,0.000000,0.000000,2.000000,0.000000,0.000000,0.000000,0.000000,0.000000,0.000000,0.000000,0.000000,0.000000,1
9,2,-34,0.500000,0.250000,0.000000,0.000000,0.000000,4.000000,0.000000,0.000000,0.000000,0.000000,0.000000,0.000000,0.000000,0.000000,2
9,2,-33.5,0.500000,0.250000,0.000000,0.000000,1.000000,1.000000,0.000000,0.000000,0.000000,0.000000,0.000000,0.000000,0.000000,0.000000,2
9,2,-33,-0.285714,0.775510,0.000000,0.000000,-0.571429,3.102041,0.000000,0.000000,0.000000,0.000000,0.000000,0.000000,0.000000,0.000000,7
9,2,-32.5,-0.500000,0.750000,0.000000,0.000000,-1.000000,3.000000,0.000000,0.000000,0.000000,0.000000,0.000000,0.000000,0.000000,0.000000,4
9,2,-32,-0.166667,0.805556,0.000000,0.000000,-1.333333,2.222222,0.000000,0.000000,0.000000,0.000000,0.000000,0.000000,0.000000,0.000000,6
9,2,-31.5,-0.545455,0.429752,0.000000,0.000000,-1.272727,1.652893,0.000000,0.000000,0.000000,0.000000,0.000000,0.000000,0.000000,0.000000,11
9,2,-31,-0.076923,0.994083,0.000000,0.000000,-0.153846,3.976331,0.000000,0.000000,0.000000,0.000000,0.000000,0.000000,0.000000,0.000000,13
9,2,-30.5,0.142857,0.836735,0.000000,0.000000,0.142857,3.693878,0.000000,0.000000,0.000000,0.000000,0.000000,0.000000,0.000000,0.000000,14
9,2,-30,-0.235294,0.885813,0.000000,0.000000,-0.941176,2.878893,0.000000,0.000000,0.000000,0.000000,0.000000,0.000000,0.000000,0.000000,17
9,2,-29.5,-0.120000,0.825600,0.000000,0.000000,-0.480000,3.289600,0.000000,0.000000,0.000000,0.000000,0.000000,0.000000,0.000000,0.000000,25
9,2,-29,-0.405405,0.727538,0.000000,0.000000,-0.702703,3.073776,0.000000,0.000000,0.000000,0.000000,0.000000,0.000000,0.000000,0.000000,37
9,2,-28.5,-0.307692,0.777120,0.000000,0.000000,-0.717949,2.971729,0.000000,0.000000,0.000000,0.000000,0.000000,0.000000,0.000000,0.000000,39
9,2,-28,-0.185185,0.891632,0.000000,0.000000,-0.518519,3.434842,0.000000,0.000000,0.000000,0.000000,0.000000,0.000000,0.000000,0.000000,54
9,2,-27.5,-0.145833,0.916233,0.000000,0.000000,-0.708333,3.414931,0.000000,0.000000,0.000000,0.000000,0.000000,0.000000,0.000000,0.000000,48
9,2,-27,-0.048193,0.889244,0.000000,0.000000,-0.192771,3.625490,0.000000,0.000000,0.000000,0.000000,0.000000,0.000000,0.000000,0.000000,83
9,2,-26.5,-0.237113,0.861303,0.000000,0.000000,-0.556701,3.525136,0.000000,0.000000,0.000000,0.000000,0.000000,0.000000,0.000000,0.000000,97
9,2,-26,-0.328947,0.878636,0.000000,0.000000,-0.710526,3.442521,0.000000,0.000000,0.000000,0.000000,0.000000,0.000000,0.000000,0.000000,76
9,2,-25.5,-0.176829,0.852878,0.000000,0.000000,-0.500000,3.335366,0.000000,0.000000,0.000000,0.000000,0.000000,0.000000,0.000000,0.000000,164
9,2,-25,-0.096447,0.909480,0.000000,0.000000,-0.375635,3.655853,0.000000,0.000000,0.000000,0.000000,0.000000,0.000000,0.000000,0.000000,197
9,2,-24.5,-0.084337,0.932646,0.000000,0.000000,-0.265060,3.688779,0.000000,0.000000,0.000000,0.000000,0.000000,0.000000,0.000000,0.000000,166
9,2,-24,-0.049587,0.923161,0.000000,0.000000,-0.239669,3.694625,0.000000,0.000000,0.000000,0.000000,0.000000,0.000000,0.000000,0.000000,242
9,2,-23.5,-0.115132,0.891350,0.000000,0.000000,-0.368421,3.522161,0.000000,0.000000,0.000000,0.000000,0.000000,0.000000,0.000000,0.000000,304
9,2,-23,-0.096203,0.912264,0.000000,0.000000,-0.324051,3.641827,0.000000,0.000000,0.000000,0.000000,0.000000,0.000000,0.000000,0.000000,395
9,2,-22.5,-0.133178,0.928525,0.000000,0.000000,-0.411215,3.662678,0.000000,0.000000,0.000000,0.000000,0.000000,0.000000,0.000000,0.000000,428
9,2,-22,-0.087420,0.919863,0.000000,0.000000,-0.136461,3.785216,0.000000,0.000000,0.000000,0.000000,0.000000,0.000000,0.000000,0.000000,469
9,2,-21.5,-0.090774,0.918843,0.000000,0.000000,-0.264881,3.673886,0.000000,0.000000,0.000000,0.000000,0.000000,0.000000,0.000000,0.000000,672
9,2,-21,-0.117035,0.893975,0.000000,0.000000,-0.353706,3.557597,0.000000,0.000000,0.000000,0.000000,0.000000,0.000000,0.000000,0.000000,769
9,2,-20.5,-0.106828,0.919204,0.000000,0.000000,-0.385463,3.609128,0.000000,0.000000,0.000000,0.000000,0.000000,0.000000,0.000000,0.000000,908
9,2,-20,-0.066183,0.917651,0.000000,0.000000,-0.253853,3.670826,0.000000,0.000000,0.000000,0.000000,0.000000,0.000000,0.000000,0.000000,1103
9,2,-19.5,-0.035857,0.922220,0.000000,0.000000,-0.141833,3.724903,0.000000,0.000000,0.000000,0.000000,0.000000,0.000000,0.000000,0.000000,1255
9,2,-19,-0.066835,0.908522,0.000000,0.000000,-0.257251,3.646306,0.000000,0.000000,0.000000,0.000000,0.000000,0.000000,0.000000,0.000000,1586
9,2,-18.5,-0.043775,0.934411,0.000000,0.000000,-0.177374,3.743411,0.000000,0.000000,0.000000,0.000000,0.000000,0.000000,0.000000,0.000000,1759
9,2,-18,-0.097486,0.917272,0.000000,0.000000,-0.299956,3.661240,0.000000,0.000000,0.000000,0.000000,0.000000,0.000000,0.000000,0.000000,2267
9,2,-17.5,-0.073313,0.912779,0.000000,0.000000,-0.270753,3.648958,0.000000,0.000000,0.000000,0.000000,0.000000,0.000000,0.000000,0.000000,2578
9,2,-17,-0.028450,0.925222,0.000000,0.000000,-0.143670,3.734693,0.000000,0.000000,0.000000,0.000000,0.000000,0.000000,0.000000,0.000000,2812
9,2,-16.5,-0.061609,0.914956,0.000000,0.000000,-0.211999,3.687098,0.000000,0.000000,0.000000,0.000000,0.000000,0.000000,0.000000,0.000000,3717
9,2,-16,-0.063443,0.913857,0.000000,0.000000,-0.187260,3.675345,0.000000,0.000000,0.000000,0.000000,0.000000,0.000000,0.000000,0.000000,3909
9,2,-15.5,-0.058660,0.914514,0.000000,0.000000,-0.204518,3.674383,0.000000,0.000000,0.000000,0.000000,0.000000,0.000000,0.000000,0.000000,5046
9,2,-15,-0.048992,0.916418,0.000000,0.000000,-0.213300,3.682129,0.000000,0.000000,0.000000,0.000000,0.000000,0.000000,0.000000,0.000000,5654
9,2,-14.5,-0.035178,0.918243,0.000000,0.000000,-0.207004,3.680726,0.000000,0.000000,0.000000,0.000000,0.000000,0.000000,0.000000,0.000000,6396
9,2,-14,-0.022010,0.914654,0.000000,0.000000,-0.177794,3.676386,0.000000,0.000000,0.000000,0.000000,0.000000,0.000000,0.000000,0.000000,8178
9,2,-13.5,-0.039494,0.920859,0.000000,0.000000,-0.194539,3.693550,0.000000,0.000000,0.000000,0.000000,0.000000,0.000000,0.000000,0.000000,8533
9,2,-13,-0.017159,0.920185,0.000000,0.000000,-0.119004,3.715358,0.000000,0.000000,0.000000,0.000000,0.000000,0.000000,0.000000,0.000000,10840
9,2,-12.5,-0.009294,0.919720,0.000000,0.000000,-0.122553,3.710923,0.000000,0.000000,0.000000,0.000000,0.000000,0.000000,0.000000,0.000000,12158
9,2,-12,-0.019410,0.921707,0.000000,0.000000,-0.152380,3.710427,0.000000,0.000000,0.000000,0.000000,0.000000,0.000000,0.000000,0.000000,14477
9,2,-11.5,-0.000785,0.920693,0.000000,0.000000,-0.106427,3.719768,0.000000,0.000000,0.000000,0.000000,0.000000,0.000000,0.000000,0.000000,16556
9,2,-11,-0.009021,0.922391,0.000000,0.000000,-0.112815,3.719828,0.000000,0.000000,0.000000,0.000000,0.000000,0.000000,0.000000,0.000000,18845
9,2,-10.5,-0.001831,0.918828,0.000000,0.000000,-0.122755,3.709430,0.000000,0.000000,0.000000,0.000000,0.000000,0.000000,0.000000,0.000000,22940
9,2,-10,0.011002,0.919874,0.000000,0.000000,-0.085793,3.710956,0.000000,0.000000,0.000000,0.000000,0.000000,0.000000,0.000000,0.000000,26086
9,2,-9.5,-0.002655,0.920436,0.000000,0.000000,-0.107963,3.717773,0.000000,0.000000,0.000000,0.000000,0.000000,0.000000,0.000000,0.000000,28621
9,2,-9,0.003802,0.920488,0.000000,0.000000,-0.093362,3.717200,0.000000,0.000000,0.000000,0.000000,0.000000,0.000000,0.000000,0.000000,34982
9,2,-8.5,0.012307,0.922205,0.000000,0.000000,-0.077876,3.727834,0.000000,0.000000,0.000000,0.000000,0.000000,0.000000,0.000000,0.000000,38677
9,2,-8,0.015256,0.921071,0.000000,0.000000,-0.063681,3.721345,0.000000,0.000000,0.000000,0.000000,0.000000,0.000000,0.000000,0.000000,45885
9,2,-7.5,0.016094,0.920476,0.000000,0.000000,-0.066245,3.719481,0.000000,0.000000,0.000000,0.000000,0.000000,0.000000,0.000000,0.000000,52381
9,2,-7,0.019350,0.919752,0.000000,0.000000,-0.056385,3.722395,0.000000,0.000000,0.000000,0.000000,0.000000,0.000000,0.000000,0.000000,61860
9,2,-6.5,0.029181,0.919311,0.000000,0.000000,-0.042754,3.720258,0.000000,0.000000,0.000000,0.000000,0.000000,0.000000,0.000000,0.000000,71245
9,2,-6,0.029024,0.918798,0.000000,0.000000,-0.040956,3.717719,0.000000,0.000000,0.000000,0.000000,0.000000,0.000000,0.000000,0.000000,81795
9,2,-5.5,0.031255,0.917858,0.000000,0.000000,-0.031868,3.717992,0.000000,0.000000,0.000000,0.000000,0.000000,0.000000,0.000000,0.000000,96273
9,2,-5,0.030383,0.919002,0.000000,0.000000,-0.024602,3.720833,0.000000,0.000000,0.000000,0.000000,0.000000,0.000000,0.000000,0.000000,110884
9,2,-4.5,0.034638,0.918620,0.000000,0.000000,-0.023061,3.718145,0.000000,0.000000,0.000000,0.000000,0.000000,0.000000,0.000000,0.000000,127924
9,2,-4,0.042663,0.919046,0.000000,0.000000,-0.001616,3.723144,0.000000,0.000000,0.000000,0.000000,0.000000,0.000000,0.000000,0.000000,150997
9,2,-3.5,0.043464,0.917486,0.000000,0.000000,-0.005489,3.718746,0.000000,0.000000,0.000000,0.000000,0.000000,0.000000,0.000000,0.000000,173086
9,2,-3,0.046429,0.917697,0.000000,0.000000,0.003743,3.720003,0.000000,0.000000,0.000000,0.000000,0.000000,0.000000,0.000000,0.000000,204098
9,2,-2.5,0.057169,0.916063,0.000000,0.000000,0.025182,3.717566,0.000000,0.000000,0.000000,0.000000,0.000000,0.000000,0.000000,0.000000,237786
9,2,-2,0.054717,0.916765,0.000000,0.000000,0.022349,3.717226,0.000000,0.000000,0.000000,0.000000,0.000000,0.000000,0.000000,0.000000,276879
9,2,-1.5,0.060655,0.915197,0.000000,0.000000,0.031881,3.715655,0.000000,0.000000,0.000000,0.000000,0.000000,0.000000,0.000000,0.000000,330358
9,2,-1,0.063565,0.915623,0.000000,0.000000,0.042952,3.715712,0.000000,0.000000,0.000000,0.000000,0.000000,0.000000,0.000000,0.000000,377959
9,2,-0.5,0.065916,0.915674,0.000000,0.000000,0.048882,3.716393,0.000000,0.000000,0.000000,0.000000,0.000000,0.000000,0.000000,0.000000,455505
9,2,-0,0.070778,0.913912,0.000000,0.000000,0.056746,3.711306,0.000000,0.000000,0.000000,0.000000,0.000000,0.000000,0.000000,0.000000,554152
9,2,0.5,0.073041,0.913927,0.000000,0.000000,0.064415,3.711465,0.000000,0.000000,0.000000,0.000000,0.000000,0.000000,0.000000,0.000000,692538
9,2,1,0.080170,0.912531,0.000000,0.000000,0.075728,3.708454,0.000000,0.000000,0.000000,0.000000,0.000000,0.000000,0.000000,0.000000,610318
9,2,1.5,0.080796,0.912238,0.000000,0.000000,0.080123,3.707529,0.000000,0.000000,0.000000,0.000000,0.000000,0.000000,0.000000,0.000000,494891
9,2,2,0.083114,0.912261,0.000000,0.000000,0.084899,3.707102,0.000000,0.000000,0.000000,0.000000,0.000000,0.000000,0.000000,0.000000,417908
9,2,2.5,0.088077,0.911367,0.000000,0.000000,0.097243,3.705012,0.000000,0.000000,0.000000,0.000000,0.000000,0.000000,0.000000,0.000000,355645
9,2,3,0.090960,0.910859,0.000000,0.000000,0.101013,3.704387,0.000000,0.000000,0.000000,0.000000,0.000000,0.000000,0.000000,0.000000,301111
9,2,3.5,0.096737,0.908544,0.000000,0.000000,0.116196,3.696111,0.000000,0.000000,0.000000,0.000000,0.000000,0.000000,0.000000,0.000000,256292
9,2,4,0.096029,0.909870,0.000000,0.000000,0.115588,3.700157,0.000000,0.000000,0.000000,0.000000,0.000000,0.000000,0.000000,0.000000,219434
9,2,4.5,0.097210,0.909284,0.000000,0.000000,0.117203,3.697597,0.000000,0.000000,0.000000,0.000000,0.000000,0.000000,0.000000,0.000000,184961
9,2,5,0.107527,0.908481,0.000000,0.000000,0.133332,3.692091,0.000000,0.000000,0.000000,0.000000,0.000000,0.000000,0.000000,0.000000,159886
9,2,5.5,0.112104,0.911016,0.000000,0.000000,0.148304,3.693836,0.000000,0.000000,0.000000,0.000000,0.000000,0.000000,0.000000,0.000000,138621
9,2,6,0.111695,0.909133,0.000000,0.000000,0.149176,3.686488,0.000000,0.000000,0.000000,0.000000,0.000000,0.000000,0.000000,0.000000,117284
9,2,6.5,0.119884,0.906282,0.000000,0.000000,0.162876,3.678695,0.000000,0.000000,0.000000,0.000000,0.000000,0.000000,0.000000,0.000000,102274
9,2,7,0.122199,0.905994,0.000000,0.000000,0.165956,3.679903,0.000000,0.000000,0.000000,0.000000,0.000000,0.000000,0.000000,0.000000,88626
9,2,7.5,0.126433,0.904746,0.000000,0.000000,0.179737,3.671847,0.000000,0.000000,0.000000,0.000000,0.000000,0.000000,0.000000,0.000000,75566
9,2,8,0.138361,0.902952,0.000000,0.000000,0.203211,3.668353,0.000000,0.000000,0.000000,0.000000,0.000000,0.000000,0.000000,0.000000,66030
9,2,8.5,0.133809,0.903670,0.000000,0.000000,0.191718,3.672477,0.000000,0.000000,0.000000,0.000000,0.000000,0.000000,0.000000,0.000000,55811
9,2,9,0.139504,0.903471,0.000000,0.000000,0.201800,3.673851,0.000000,0.000000,0.000000,0.000000,0.000000,0.000000,0.000000,0.000000,49554
9,2,9.5,0.143776,0.902115,0.000000,0.000000,0.211119,3.668022,0.000000,0.000000,0.000000,0.000000,0.000000,0.000000,0.000000,0.000000,41029
9,2,10,0.144544,0.901294,0.000000,0.000000,0.208774,3.668724,0.000000,0.000000,0.000000,0.000000,0.000000,0.000000,0.000000,0.000000,37179
9,2,10.5,0.144800,0.901444,0.000000,0.000000,0.216832,3.662155,0.000000,0.000000,0.000000,0.000000,0.000000,0.000000,0.000000,0.000000,32569
9,2,11,0.165876,0.893749,0.000000,0.000000,0.254884,3.644144,0.000000,0.000000,0.000000,0.000000,0.000000,0.000000,0.000000,0.000000,26773
9,2,11.5,0.154944,0.900101,0.000000,0.000000,0.232031,3.663621,0.000000,0.000000,0.000000,0.000000,0.000000,0.000000,0.000000,0.000000,23402
9,2,12,0.165712,0.894603,0.000000,0.000000,0.248201,3.643884,0.000000,0.000000,0.000000,0.000000,0.000000,0.000000,0.000000,0.000000,20427
9,2,12.5,0.154460,0.896402,0.000000,0.000000,0.245950,3.641539,0.000000,0.000000,0.000000,0.000000,0.000000,0.000000,0.000000,0.000000,17532
9,2,13,0.165548,0.892790,0.000000,0.000000,0.266271,3.634678,0.000000,0.000000,0.000000,0.000000,0.000000,0.000000,0.000000,0.000000,15488
9,2,13.5,0.167113,0.895568,0.000000,0.000000,0.274504,3.642895,0.000000,0.000000,0.000000,0.000000,0.000000,0.000000,0.000000,0.000000,12692
9,2,14,0.163283,0.894001,0.000000,0.000000,0.263607,3.631928,0.000000,0.000000,0.000000,0.000000,0.000000,0.000000,0.000000,0.000000,11722
9,2,14.5,0.179314,0.890783,0.000000,0.000000,0.289818,3.626188,0.000000,0.000000,0.000000,0.000000,0.000000,0.000000,0.000000,0.000000,9330
9,2,15,0.184264,0.883540,0.000000,0.000000,0.295827,3.600637,0.000000,0.000000,0.000000,0.000000,0.000000,0.000000,0.000000,0.000000,8363
9,2,15.5,0.171320,0.890682,0.000000,0.000000,0.280835,3.619695,0.000000,0.000000,0.000000,0.000000,0.000000,0.000000,0.000000,0.000000,7378
9,2,16,0.176973,0.884977,0.000000,0.000000,0.279809,3.605342,0.000000,0.000000,0.000000,0.000000,0.000000,0.000000,0.000000,0.000000,5854
9,2,16.5,0.190102,0.889357,0.000000,0.000000,0.308379,3.633328,0.000000,0.000000,0.000000,0.000000,0.000000,0.000000,0.000000,0.000000,5597
9,2,17,0.199090,0.880272,0.000000,0.000000,0.342662,3.585882,0.000000,0.000000,0.000000,0.000000,0.000000,0.000000,0.000000,0.000000,4395
9,2,17.5,0.195685,0.887342,0.000000,0.000000,0.320812,3.610785,0.000000,0.000000,0.000000,0.000000,0.000000,0.000000,0.000000,0.000000,3940
9,2,18,0.208284,0.882881,0.000000,0.000000,0.342538,3.615923,0.000000,0.000000,0.000000,0.000000,0.000000,0.000000,0.000000,0.000000,3404
9,2,18.5,0.194424,0.880761,0.000000,0.000000,0.331621,3.576014,0.000000,0.000000,0.000000,0.000000,0.000000,0.000000,0.000000,0.000000,2726
9,2,19,0.226446,0.873515,0.000000,0.000000,0.389256,3.572447,0.000000,0.000000,0.000000,0.000000,0.000000,0.000000,0.000000,0.000000,2420
9,2,19.5,0.209817,0.863744,0.000000,0.000000,0.345200,3.544268,0.000000,0.000000,0.000000,0.000000,0.000000,0.000000,0.000000,0.000000,1854
9,2,20,0.212727,0.885050,0.000000,0.000000,0.344242,3.619679,0.000000,0.000000,0.000000,0.000000,0.000000,0.000000,0.000000,0.000000,1650
9,2,20.5,0.255830,0.841958,0.000000,0.000000,0.443073,3.466238,0.000000,0.000000,0.000000,0.000000,0.000000,0.000000,0.000000,0.000000,1458
9,2,21,0.211210,0.879842,0.000000,0.000000,0.347685,3.589919,0.000000,0.000000,0.000000,0.000000,0.000000,0.000000,0.000000,0.000000,1231
9,2,21.5,0.227498,0.872083,0.000000,0.000000,0.381800,3.577275,0.000000,0.000000,0.000000,0.000000,0.000000,0.000000,0.000000,0.000000,1011
9,2,22,0.226752,0.875972,0.000000,0.000000,0.400000,3.564841,0.000000,0.000000,0.000000,0.000000,0.000000,0.000000,0.000000,0.000000,785
9,2,22.5,0.209268,0.879974,0.000000,0.000000,0.391629,3.547673,0.000000,0.000000,0.000000,0.000000,0.000000,0.000000,0.000000,0.000000,669
9,2,23,0.148485,0.917346,0.000000,0.000000,0.206061,3.739357,0.000000,0.000000,0.000000,0.000000,0.000000,0.000000,0.000000,0.000000,660
9,2,23.5,0.305495,0.849530,0.000000,0.000000,0.531868,3.488545,0.000000,0.000000,0.000000,0.000000,0.000000,0.000000,0.000000,0.000000,455
9,2,24,0.270142,0.851194,0.000000,0.000000,0.488152,3.505784,0.000000,0.000000,0.000000,0.000000,0.000000,0.000000,0.000000,0.000000,422
9,2,24.5,0.200692,0.880138,0.000000,0.000000,0.373702,3.542007,0.000000,0.000000,0.000000,0.000000,0.000000,0.000000,0.000000,0.000000,289
9,2,25,0.105919,0.923361,0.000000,0.000000,0.180685,3.743054,0.000000,0.000000,0.000000,0.000000,0.000000,0.000000,0.000000,0.000000,321
9,2,25.5,0.227612,0.884760,0.000000,0.000000,0.298507,3.701938,0.000000,0.000000,0.000000,0.000000,0.000000,0.000000,0.000000,0.000000,268
9,2,26,0.156716,0.863500,0.000000,0.000000,0.313433,3.453999,0.000000,0.000000,0.000000,0.000000,0.000000,0.000000,0.000000,0.000000,134
9,2,26.5,0.346939,0.808205,0.000000,0.000000,0.612245,3.380258,0.000000,0.000000,0.000000,0.000000,0.000000,0.000000,0.000000,0.000000,196
9,2,27,0.267606,0.857965,0.000000,0.000000,0.478873,3.488990,0.000000,0.000000,0.000000,0.000000,0.000000,0.000000,0.000000,0.000000,142
9,2,27.5,0.408602,0.736270,0.000000,0.000000,0.709677,3.152272,0.000000,0.000000,0.000000,0.000000,0.000000,0.000000,0.000000,0.000000,93
9,2,28,0.156627,0.830890,0.000000,0.000000,0.337349,3.356075,0.000000,0.000000,0.000000,0.000000,0.000000,0.000000,0.000000,0.000000,83
9,2,28.5,0.434783,0.767486,0.000000,0.000000,0.811594,3.167402,0.000000,0.000000,0.000000,0.000000,0.000000,0.000000,0.000000,0.000000,69
9,2,29,0.362319,0.839740,0.000000,0.000000,0.579710,3.605965,0.000000,0.000000,0.000000,0.000000,0.000000,0.000000,0.000000,0.000000,69
9,2,29.5,0.321429,0.825255,0.000000,0.000000,0.428571,3.530612,0.000000,0.000000,0.000000,0.000000,0.000000,0.000000,0.000000,0.000000,56
9,2,30,0.066667,0.928889,0.000000,0.000000,0.133333,3.715556,0.000000,0.000000,0.000000,0.000000,0.000000,0.000000,0.000000,0.000000,30
9,2,30.5,0.242424,0.850321,0.000000,0.000000,0.484848,3.401286,0.000000,0.000000,0.000000,0.000000,0.000000,0.000000,0.000000,0.000000,33
9,2,31,0.055556,0.941358,0.000000,0.000000,-0.000000,4.000000,0.000000,0.000000,0.000000,0.000000,0.000000,0.000000,0.000000,0.000000,18
9,2,31.5,0.291667,0.789931,0.000000,0.000000,0.583333,3.159722,0.000000,0.000000,0.000000,0.000000,0.000000,0.000000,0.000000,0.000000,24
9,2,32,0.187500,0.902344,0.000000,0.000000,0.375000,3.609375,0.000000,0.000000,0.000000,0.000000,0.000000,0.000000,0.000000,0.000000,16
9,2,32.5,0.750000,0.437500,0.000000,0.000000,1.500000,1.750000,0.000000,0.000000,0.000000,0.000000,0.000000,0.000000,0.000000,0.000000,8
9,2,33,0.000000,1.000000,0.000000,0.000000,0.000000,4.000000,0.000000,0.000000,0.000000,0.000000,0.000000,0.000000,0.000000,0.000000,6
9,2,33.5,0.750000,0.187500,0.000000,0.000000,2.000000,0.000000,0.000000,0.000000,0.000000,0.000000,0.000000,0.000000,0.000000,0.000000,4
9,2,34,0.200000,0.560000,0.000000,0.000000,0.400000,2.240000,0.000000,0.000000,0.000000,0.000000,0.000000,0.000000,0.000000,0.000000,5
9,2,34.5,0.666667,0.222222,0.000000,0.000000,1.333333,0.888889,0.000000,0.000000,0.000000,0.000000,0.000000,0.000000,0.000000,0.000000,3
9,2,35,0.428571,0.816327,0.000000,0.000000,0.857143,3.265306,0.000000,0.000000,0.000000,0.000000,0.000000,0.000000,0.000000,0.000000,7
9,2,35.5,-1.000000,0.000000,0.000000,0.000000,-2.000000,0.000000,0.000000,0.000000,0.000000,0.000000,0.000000,0.000000,0.000000,0.000000,1
9,2,36.5,-1.000000,0.000000,0.000000,0.000000,2.000000,0.000000,0.000000,0.000000,0.000000,0.000000,0.000000,0.000000,0.000000,0.000000,1
9,2,37,0.000000,0.000000,0.000000,0.000000,0.000000,0.000000,0.000000,0.000000,0.000000,0.000000,0.000000,0.000000,0.000000,0.000000,1
9,2,38,1.000000,0.000000,0.000000,0.000000,2.000000,0.000000,0.000000,0.000000,0.000000,0.000000,0.000000,0.000000,0.000000,0.000000,1
9,2,38.5,1.000000,0.000000,0.000000,0.000000,2.000000,0.000000,0.000000,0.000000,0.000000,0.000000,0.000000,0.000000,0.000000,0.000000,1
9,2,40,-0.500000,0.250000,0.000000,0.000000,-1.000000,1.000000,0.000000,0.000000,0.000000,0.000000,0.000000,0.000000,0.000000,0.000000,2
9,7,-41.5,-1.000000,0.000000,0.000000,0.000000,2.000000,0.000000,0.000000,0.000000,0.000000,0.000000,0.000000,0.000000,0.000000,0.000000,1
9,7,-37.5,-1.000000,0.000000,0.000000,0.000000,-2.000000,0.000000,0.000000,0.000000,0.000000,0.000000,0.000000,0.000000,0.000000,0.000000,2
9,7,-36.5,-1.000000,0.000000,0.000000,0.000000,-2.000000,0.000000,0.000000,0.000000,0.000000,0.000000,0.000000,0.000000,0.000000,0.000000,1
9,7,-36,-1.000000,0.000000,0.000000,0.000000,2.000000,0.000000,0.000000,0.000000,0.000000,0.000000,0.000000,0.000000,0.000000,0.000000,1
9,7,-35.5,-1.000000,0.000000,0.000000,0.000000,-2.000000,0.000000,0.000000,0.000000,0.000000,0.000000,0.000000,0.000000,0.000000,0.000000,2
9,7,-35,1.000000,0.000000,0.000000,0.000000,2.000000,0.000000,0.000000,0.000000,0.000000,0.000000,0.000000,0.000000,0.000000,0.000000,1
9,7,-34,0.000000,0.800000,0.000000,0.000000,-1.200000,2.560000,0.000000,0.000000,0.000000,0.000000,0.000000,0.000000,0.000000,0.000000,5
9,7,-33.5,0.375000,0.734375,0.000000,0.000000,-0.750000,2.937500,0.000000,0.000000,0.000000,0.000000,0.000000,0.000000,0.000000,0.000000,8
9,7,-33,-1.000000,0.000000,0.000000,0.000000,-2.000000,0.000000,0.000000,0.000000,0.000000,0.000000,0.000000,0.000000,0.000000,0.000000,1
9,7,-32.5,0.000000,0.800000,0.000000,0.000000,0.400000,3.840000,0.000000,0.000000,0.000000,0.000000,0.000000,0.000000,0.000000,0.000000,5
9,7,-32,0.000000,0.666667,0.000000,0.000000,-1.333333,0.888889,0.000000,0.000000,0.000000,0.000000,0.000000,0.000000,0.000000,0.000000,3
9,7,-31.5,-0.083333,0.909722,0.000000,0.000000,-1.666667,1.222222,0.000000,0.000000,0.000000,0.000000,0.000000,0.000000,0.000000,0.000000,12
9,7,-31,-0.230769,0.792899,0.000000,0.000000,-0.153846,3.360947,0.000000,0.000000,0.000000,0.000000,0.000000,0.000000,0.000000,0.000000,13
9,7,-30.5,0.000000,0.800000,0.000000,0.000000,-0.800000,2.560000,0.000000,0.000000,0.000000,0.000000,0.000000,0.000000,0.000000,0.000000,10
9,7,-30,0.090909,0.991736,0.000000,0.000000,-0.181818,3.966942,0.000000,0.000000,0.000000,0.000000,0.000000,0.000000,0.000000,0.000000,22
9,7,-29.5,0.208333,0.914931,0.000000,0.000000,-0.750000,3.270833,0.000000,0.000000,0.000000,0.000000,0.000000,0.000000,0.000000,0.000000,24
9,7,-29,-0.055556,0.941358,0.000000,0.000000,-0.555556,3.469136,0.000000,0.000000,0.000000,0.000000,0.000000,0.000000,0.000000,0.000000,36
9,7,-28.5,-0.050000,0.947500,0.000000,0.000000,-0.650000,3.477500,0.000000,0.000000,0.000000,0.000000,0.000000,0.000000,0.000000,0.000000,40
9,7,-28,0.039216,0.900423,0.000000,0.000000,-0.823529,3.164937,0.000000,0.000000,0.000000,0.000000,0.000000,0.000000,0.000000,0.000000,51
9,7,-27.5,0.137255,0.863514,0.000000,0.000000,0.039216,3.684737,0.000000,0.000000,0.000000,0.000000,0.000000,0.000000,0.000000,0.000000,51
9,7,-27,0.080000,0.846933,0.000000,0.000000,-0.186667,3.645156,0.000000,0.000000,0.000000,0.000000,0.000000,0.000000,0.000000,0.000000,75
9,7,-26.5,0.022222,0.799506,0.000000,0.000000,-0.000000,3.644444,0.000000,0.000000,0.000000,0.000000,0.000000,0.000000,0.000000,0.000000,90
9,7,-26,0.234568,0.821521,0.000000,0.000000,-0.172840,3.673830,0.000000,0.000000,0.000000,0.000000,0.000000,0.000000,0.000000,0.000000,81
9,7,-25.5,0.048276,0.901118,0.000000,0.000000,-0.551724,3.557669,0.000000,0.000000,0.000000,0.000000,0.000000,0.000000,0.000000,0.000000,145
9,7,-25,0.073298,0.863737,0.000000,0.000000,-0.146597,3.664373,0.000000,0.000000,0.000000,0.000000,0.000000,0.000000,0.000000,0.000000,191
9,7,-24.5,-0.085561,0.858989,0.000000,0.000000,-0.652406,3.317681,0.000000,0.000000,0.000000,0.000000,0.000000,0.000000,0.000000,0.000000,187
9,7,-24,0.179167,0.880399,0.000000,0.000000,-0.125000,3.801042,0.000000,0.000000,0.000000,0.000000,0.000000,0.000000,0.000000,0.000000,240
9,7,-23.5,0.159259,0.859822,0.000000,0.000000,-0.533333,3.508148,0.000000,0.000000,0.000000,0.000000,0.000000,0.000000,0.000000,0.000000,270
9,7,-23,0.042755,0.900785,0.000000,0.000000,-0.427553,3.598671,0.000000,0.000000,0.000000,0.000000,0.000000,0.000000,0.000000,0.000000,421
9,7,-22.5,0.059406,0.847956,0.000000,0.000000,-0.440594,3.538550,0.000000,0.000000,0.000000,0.000000,0.000000,0.000000,0.000000,0.000000,404
9,7,-22,-0.025751,0.913500,0.000000,0.000000,-0.420601,3.634254,0.000000,0.000000,0.000000,0.000000,0.000000,0.000000,0.000000,0.000000,466
9,7,-21.5,0.156006,0.855537,0.000000,0.000000,-0.065523,3.758577,0.000000,0.000000,0.000000,0.000000,0.000000,0.000000,0.000000,0.000000,641
9,7,-21,0.077023,0.888323,0.000000,0.000000,-0.255875,3.683875,0.000000,0.000000,0.000000,0.000000,0.000000,0.000000,0.000000,0.000000,766
9,7,-20.5,0.040929,0.884387,0.000000,0.000000,-0.287611,3.651793,0.000000,0.000000,0.000000,0.000000,0.000000,0.000000,0.000000,0.000000,904
9,7,-20,0.064547,0.885044,0.000000,0.000000,-0.287091,3.667097,0.000000,0.000000,0.000000,0.000000,0.000000,0.000000,0.000000,0.000000,1038
9,7,-19.5,0.058725,0.885813,0.000000,0.000000,-0.229866,3.708907,0.000000,0.000000,0.000000,0.000000,0.000000,0.000000,0.000000,0.000000,1192
9,7,-19,0.100965,0.884340,0.000000,0.000000,-0.254662,3.711353,0.000000,0.000000,0.000000,0.000000,0.000000,0.000000,0.000000,0.000000,1555
9,7,-18.5,0.119607,0.878649,0.000000,0.000000,-0.214091,3.707306,0.000000,0.000000,0.000000,0.000000,0.000000,0.000000,0.000000,0.000000,1831
9,7,-18,0.084906,0.884525,0.000000,0.000000,-0.164420,3.737566,0.000000,0.000000,0.000000,0.000000,0.000000,0.000000,0.000000,0.000000,2226
9,7,-17.5,0.079727,0.874433,0.000000,0.000000,-0.204252,3.659116,0.000000,0.000000,0.000000,0.000000,0.000000,0.000000,0.000000,0.000000,2634
9,7,-17,0.103887,0.876840,0.000000,0.000000,-0.147703,3.713873,0.000000,0.000000,0.000000,0.000000,0.000000,0.000000,0.000000,0.000000,2830
9,7,-16.5,0.057111,0.878037,0.000000,0.000000,-0.221165,3.681209,0.000000,0.000000,0.000000,0.000000,0.000000,0.000000,0.000000,0.000000,3572
9,7,-16,0.104055,0.878180,0.000000,0.000000,-0.155816,3.704643,0.000000,0.000000,0.000000,0.000000,0.000000,0.000000,0.000000,0.000000,3748
9,7,-15.5,0.106378,0.878703,0.000000,0.000000,-0.135622,3.716296,0.000000,0.000000,0.000000,0.000000,0.000000,0.000000,0.000000,0.000000,4719
9,7,-15,0.112192,0.883325,0.000000,0.000000,-0.156672,3.717575,0.000000,0.000000,0.000000,0.000000,0.000000,0.000000,0.000000,0.000000,5553
9,7,-14.5,0.096879,0.882253,0.000000,0.000000,-0.136827,3.716035,0.000000,0.000000,0.000000,0.000000,0.000000,0.000000,0.000000,0.000000,6183
9,7,-14,0.090599,0.883250,0.000000,0.000000,-0.167046,3.714830,0.000000,0.000000,0.000000,0.000000,0.000000,0.000000,0.000000,0.000000,7914
9,7,-13.5,0.113145,0.883383,0.000000,0.000000,-0.124719,3.740203,0.000000,0.000000,0.000000,0.000000,0.000000,0.000000,0.000000,0.000000,8467
9,7,-13,0.097259,0.884146,0.000000,0.000000,-0.149981,3.726269,0.000000,0.000000,0.000000,0.000000,0.000000,0.000000,0.000000,0.000000,10508
9,7,-12.5,0.108138,0.882140,0.000000,0.000000,-0.120573,3.727508,0.000000,0.000000,0.000000,0.000000,0.000000,0.000000,0.000000,0.000000,11661
9,7,-12,0.108110,0.878397,0.000000,0.000000,-0.096050,3.715769,0.000000,0.000000,0.000000,0.000000,0.000000,0.000000,0.000000,0.000000,13847
9,7,-11.5,0.129673,0.875944,0.000000,0.000000,-0.104686,3.722341,0.000000,0.000000,0.000000,0.000000,0.000000,0.000000,0.000000,0.000000,16048
9,7,-11,0.122209,0.882149,0.000000,0.000000,-0.069478,3.736122,0.000000,0.000000,0.000000,0.000000,0.000000,0.000000,0.000000,0.000000,18452
9,7,-10.5,0.125447,0.877695,0.000000,0.000000,-0.056908,3.727971,0.000000,0.000000,0.000000,0.000000,0.000000,0.000000,0.000000,0.000000,22352
9,7,-10,0.131988,0.875385,0.000000,0.000000,-0.070831,3.726348,0.000000,0.000000,0.000000,0.000000,0.000000,0.000000,0.000000,0.000000,25328
9,7,-9.5,0.133640,0.875892,0.000000,0.000000,-0.047721,3.727946,0.000000,0.000000,0.000000,0.000000,0.000000,0.000000,0.000000,0.000000,28038
9,7,-9,0.131099,0.876694,0.000000,0.000000,-0.053294,3.739175,0.000000,0.000000,0.000000,0.000000,0.000000,0.000000,0.000000,0.000000,34188
9,7,-8.5,0.130130,0.880039,0.000000,0.000000,-0.057530,3.738806,0.000000,0.000000,0.000000,0.000000,0.000000,0.000000,0.000000,0.000000,37893
9,7,-8,0.127324,0.876346,0.000000,0.000000,-0.047930,3.725391,0.000000,0.000000,0.000000,0.000000,0.000000,0.000000,0.000000,0.000000,45066
9,7,-7.5,0.139714,0.875685,0.000000,0.000000,-0.013426,3.728714,0.000000,0.000000,0.000000,0.000000,0.000000,0.000000,0.000000,0.000000,50947
9,7,-7,0.138324,0.875379,0.000000,0.000000,0.001836,3.728758,0.000000,0.000000,0.000000,0.000000,0.000000,0.000000,0.000000,0.000000,59903
9,7,-6.5,0.139398,0.875617,0.000000,0.000000,0.000231,3.728062,0.000000,0.000000,0.000000,0.000000,0.000000,0.000000,0.000000,0.000000,69413
9,7,-6,0.147276,0.873712,0.000000,0.000000,0.001232,3.731652,0.000000,0.000000,0.000000,0.000000,0.000000,0.000000,0.000000,0.000000,79524
9,7,-5.5,0.140684,0.876174,0.000000,0.000000,0.017931,3.731508,0.000000,0.000000,0.000000,0.000000,0.000000,0.000000,0.000000,0.000000,93806
9,7,-5,0.151914,0.870966,0.000000,0.000000,0.019429,3.725646,0.000000,0.000000,0.000000,0.000000,0.000000,0.000000,0.000000,0.000000,107469
9,7,-4.5,0.149215,0.872920,0.000000,0.000000,0.024938,3.724481,0.000000,0.000000,0.000000,0.000000,0.000000,0.000000,0.000000,0.000000,123828
9,7,-4,0.151175,0.873098,0.000000,0.000000,0.043370,3.723143,0.000000,0.000000,0.000000,0.000000,0.000000,0.000000,0.000000,0.000000,146922
9,7,-3.5,0.151850,0.872922,0.000000,0.000000,0.043695,3.724297,0.000000,0.000000,0.000000,0.000000,0.000000,0.000000,0.000000,0.000000,169266
9,7,-3,0.157824,0.871700,0.000000,0.000000,0.057256,3.723777,0.000000,0.000000,0.000000,0.000000,0.000000,0.000000,0.000000,0.000000,199000
9,7,-2.5,0.157508,0.871541,0.000000,0.000000,0.059496,3.719058,0.000000,0.000000,0.000000,0.000000,0.000000,0.000000,0.000000,0.000000,231779
9,7,-2,0.160806,0.870504,0.000000,0.000000,0.071093,3.716829,0.000000,0.000000,0.000000,0.000000,0.000000,0.000000,0.000000,0.000000,269815
9,7,-1.5,0.162991,0.870928,0.000000,0.000000,0.074554,3.720396,0.000000,0.000000,0.000000,0.000000,0.000000,0.000000,0.000000,0.000000,322049
9,7,-1,0.164822,0.868398,0.000000,0.000000,0.084898,3.713179,0.000000,0.000000,0.000000,0.000000,0.000000,0.000000,0.000000,0.000000,369739
9,7,-0.5,0.169358,0.868737,0.000000,0.000000,0.097899,3.712339,0.000000,0.000000,0.000000,0.000000,0.000000,0.000000,0.000000,0.000000,444438
9,7,0,0.171326,0.867608,0.000000,0.000000,0.105652,3.708338,0.000000,0.000000,0.000000,0.000000,0.000000,0.000000,0.000000,0.000000,540793
9,7,0.5,0.175230,0.866901,0.000000,0.000000,0.113628,3.707140,0.000000,0.000000,0.000000,0.000000,0.000000,0.000000,0.000000,0.000000,675553
9,7,1,0.177593,0.866137,0.000000,0.000000,0.123085,3.703463,0.000000,0.000000,0.000000,0.000000,0.000000,0.000000,0.000000,0.000000,590390
9,7,1.5,0.181924,0.864364,0.000000,0.000000,0.135128,3.700242,0.000000,0.000000,0.000000,0.000000,0.000000,0.000000,0.000000,0.000000,477815
9,7,2,0.180089,0.866081,0.000000,0.000000,0.135154,3.701604,0.000000,0.000000,0.000000,0.000000,0.000000,0.000000,0.000000,0.000000,404427
9,7,2.5,0.183827,0.864611,0.000000,0.000000,0.141212,3.698042,0.000000,0.000000,0.000000,0.000000,0.000000,0.000000,0.000000,0.000000,344263
9,7,3,0.188196,0.862765,0.000000,0.000000,0.158575,3.690304,0.000000,0.000000,0.000000,0.000000,0.000000,0.000000,0.000000,0.000000,291042
9,7,3.5,0.192100,0.861623,0.000000,0.000000,0.165007,3.688609,0.000000,0.000000,0.000000,0.000000,0.000000,0.000000,0.000000,0.000000,247590
9,7,4,0.190053,0.862855,0.000000,0.000000,0.169142,3.686013,0.000000,0.000000,0.000000,0.000000,0.000000,0.000000,0.000000,0.000000,213135
9,7,4.5,0.193744,0.861238,0.000000,0.000000,0.175451,3.682488,0.000000,0.000000,0.000000,0.000000,0.000000,0.000000,0.000000,0.000000,180449
9,7,5,0.201713,0.858329,0.000000,0.000000,0.189374,3.679638,0.000000,0.000000,0.000000,0.000000,0.000000,0.000000,0.000000,0.000000,155037
9,7,5.5,0.202152,0.858069,0.000000,0.000000,0.196322,3.675947,0.000000,0.000000,0.000000,0.000000,0.000000,0.000000,0.000000,0.000000,134636
9,7,6,0.205730,0.858160,0.000000,0.000000,0.216471,3.668403,0.000000,0.000000,0.000000,0.000000,0.000000,0.000000,0.000000,0.000000,113761
9,7,6.5,0.202906,0.859201,0.000000,0.000000,0.212664,3.667691,0.000000,0.000000,0.000000,0.000000,0.000000,0.000000,0.000000,0.000000,98898
9,7,7,0.213877,0.856258,0.000000,0.000000,0.231689,3.665311,0.000000,0.000000,0.000000,0.000000,0.000000,0.000000,0.000000,0.000000,85563
9,7,7.5,0.204784,0.855930,0.000000,0.000000,0.223698,3.656812,0.000000,0.000000,0.000000,0.000000,0.000000,0.000000,0.000000,0.000000,73492
9,7,8,0.212571,0.852590,0.000000,0.000000,0.229035,3.649882,0.000000,0.000000,0.000000,0.000000,0.000000,0.000000,0.000000,0.000000,64261
9,7,8.5,0.218177,0.853936,0.000000,0.000000,0.241869,3.654096,0.000000,0.000000,0.000000,0.000000,0.000000,0.000000,0.000000,0.000000,54112
9,7,9,0.213935,0.852916,0.000000,0.000000,0.243224,3.644410,0.000000,0.000000,0.000000,0.000000,0.000000,0.000000,0.000000,0.000000,48038
9,7,9.5,0.216871,0.853217,0.000000,0.000000,0.253337,3.643494,0.000000,0.000000,0.000000,0.000000,0.000000,0.000000,0.000000,0.000000,40010
9,7,10,0.222795,0.851851,0.000000,0.000000,0.274450,3.628129,0.000000,0.000000,0.000000,0.000000,0.000000,0.000000,0.000000,0.000000,36473
9,7,10.5,0.219290,0.851997,0.000000,0.000000,0.257581,3.635513,0.000000,0.000000,0.000000,0.000000,0.000000,0.000000,0.000000,0.000000,31757
9,7,11,0.214777,0.857869,0.000000,0.000000,0.273276,3.633950,0.000000,0.000000,0.000000,0.000000,0.000000,0.000000,0.000000,0.000000,25864
9,7,11.5,0.236624,0.845325,0.000000,0.000000,0.307773,3.613188,0.000000,0.000000,0.000000,0.000000,0.000000,0.000000,0.000000,0.000000,22952
9,7,12,0.234986,0.845461,0.000000,0.000000,0.301535,3.615897,0.000000,0.000000,0.000000,0.000000,0.000000,0.000000,0.000000,0.000000,19865
9,7,12.5,0.243729,0.842571,0.000000,0.000000,0.317974,3.609976,0.000000,0.000000,0.000000,0.000000,0.000000,0.000000,0.000000,0.000000,16863
9,7,13,0.247056,0.843056,0.000000,0.000000,0.312317,3.616428,0.000000,0.000000,0.000000,0.000000,0.000000,0.000000,0.000000,0.000000,15369
9,7,13.5,0.265047,0.829119,0.000000,0.000000,0.358405,3.565575,0.000000,0.000000,0.000000,0.000000,0.000000,0.000000,0.000000,0.000000,12511
9,7,14,0.246597,0.843558,0.000000,0.000000,0.306912,3.609034,0.000000,0.000000,0.000000,0.000000,0.000000,0.000000,0.000000,0.000000,11241
9,7,14.5,0.257586,0.835854,0.000000,0.000000,0.346213,3.574527,0.000000,0.000000,0.000000,0.000000,0.000000,0.000000,0.000000,0.000000,9162
9,7,15,0.248020,0.845664,0.000000,0.000000,0.351485,3.603191,0.000000,0.000000,0.000000,0.000000,0.000000,0.000000,0.000000,0.000000,8080
9,7,15.5,0.269904,0.836525,0.000000,0.000000,0.364201,3.590678,0.000000,0.000000,0.000000,0.000000,0.000000,0.000000,0.000000,0.000000,7084
9,7,16,0.269651,0.832929,0.000000,0.000000,0.352014,3.581010,0.000000,0.000000,0.000000,0.000000,0.000000,0.000000,0.000000,0.000000,5585
9,7,16.5,0.255801,0.837852,0.000000,0.000000,0.329683,3.608406,0.000000,0.000000,0.000000,0.000000,0.000000,0.000000,0.000000,0.000000,5387
9,7,17,0.250119,0.844716,0.000000,0.000000,0.388968,3.555789,0.000000,0.000000,0.000000,0.000000,0.000000,0.000000,0.000000,0.000000,4206
9,7,17.5,0.276573,0.825894,0.000000,0.000000,0.400759,3.538958,0.000000,0.000000,0.000000,0.000000,0.000000,0.000000,0.000000,0.000000,3688
9,7,18,0.278284,0.832637,0.000000,0.000000,0.437261,3.525523,0.000000,0.000000,0.000000,0.000000,0.000000,0.000000,0.000000,0.000000,3403
9,7,18.5,0.286924,0.826330,0.000000,0.000000,0.407366,3.554126,0.000000,0.000000,0.000000,0.000000,0.000000,0.000000,0.000000,0.000000,2715
9,7,19,0.311828,0.802978,0.000000,0.000000,0.412903,3.524995,0.000000,0.000000,0.000000,0.000000,0.000000,0.000000,0.000000,0.000000,2325
9,7,19.5,0.256492,0.829813,0.000000,0.000000,0.414414,3.484858,0.000000,0.000000,0.000000,0.000000,0.000000,0.000000,0.000000,0.000000,1887
9,7,20,0.305816,0.805163,0.000000,0.000000,0.465291,3.500828,0.000000,0.000000,0.000000,0.000000,0.000000,0.000000,0.000000,0.000000,1599
9,7,20.5,0.323615,0.794690,0.000000,0.000000,0.529155,3.384719,0.000000,0.000000,0.000000,0.000000,0.000000,0.000000,0.000000,0.000000,1372
9,7,21,0.284660,0.827090,0.000000,0.000000,0.449549,3.499300,0.000000,0.000000,0.000000,0.000000,0.000000,0.000000,0.000000,0.000000,1219
9,7,21.5,0.278403,0.819114,0.000000,0.000000,0.411464,3.519541,0.000000,0.000000,0.000000,0.000000,0.000000,0.000000,0.000000,0.000000,977
9,7,22,0.330623,0.806677,0.000000,0.000000,0.490515,3.472132,0.000000,0.000000,0.000000,0.000000,0.000000,0.000000,0.000000,0.000000,738
9,7,22.5,0.297003,0.824596,0.000000,0.000000,0.414169,3.555985,0.000000,0.000000,0.000000,0.000000,0.000000,0.000000,0.000000,0.000000,734
9,7,23,0.295380,0.812091,0.000000,0.000000,0.537954,3.387173,0.000000,0.000000,0.000000,0.000000,0.000000,0.000000,0.000000,0.000000,606
9,7,23.5,0.278826,0.809049,0.000000,0.000000,0.457023,3.422157,0.000000,0.000000,0.000000,0.000000,0.000000,0.000000,0.000000,0.000000,477
9,7,24,0.331536,0.809221,0.000000,0.000000,0.447439,3.541038,0.000000,0.000000,0.000000,0.000000,0.000000,0.000000,0.000000,0.000000,371
9,7,24.5,0.382166,0.771147,0.000000,0.000000,0.656051,3.276604,0.000000,0.000000,0.000000,0.000000,0.000000,0.000000,0.000000,0.000000,314
9,7,25,0.361635,0.752868,0.000000,0.000000,0.622642,3.197223,0.000000,0.000000,0.000000,0.000000,0.000000,0.000000,0.000000,0.000000,318
9,7,25.5,0.270642,0.848771,0.000000,0.000000,0.366972,3.645148,0.000000,0.000000,0.000000,0.000000,0.000000,0.000000,0.000000,0.000000,218
9,7,26,0.251908,0.844939,0.000000,0.000000,0.473282,3.531729,0.000000,0.000000,0.000000,0.000000,0.000000,0.000000,0.000000,0.000000,131
9,7,26.5,0.349206,0.766944,0.000000,0.000000,0.730159,3.170572,0.000000,0.000000,0.000000,0.000000,0.000000,0.000000,0.000000,0.000000,189
9,7,27,0.292857,0.821378,0.000000,0.000000,0.342857,3.653878,0.000000,0.000000,0.000000,0.000000,0.000000,0.000000,0.000000,0.000000,140
9,7,27.5,0.443038,0.753084,0.000000,0.000000,0.810127,3.191796,0.000000,0.000000,0.000000,0.000000,0.000000,0.000000,0.000000,0.000000,79
9,7,28,0.461538,0.658777,0.000000,0.000000,0.974359,2.537804,0.000000,0.000000,0.000000,0.000000,0.000000,0.000000,0.000000,0.000000,78
9,7,28.5,0.450704,0.726443,0.000000,0.000000,0.760563,3.196191,0.000000,0.000000,0.000000,0.000000,0.000000,0.000000,0.000000,0.000000,71
9,7,29,0.282609,0.898393,0.000000,0.000000,0.478261,3.684310,0.000000,0.000000,0.000000,0.000000,0.000000,0.000000,0.000000,0.000000,46
9,7,29.5,0.280702,0.798400,0.000000,0.000000,0.491228,3.548169,0.000000,0.000000,0.000000,0.000000,0.000000,0.000000,0.000000,0.000000,57
9,7,30,0.625000,0.484375,0.000000,0.000000,0.916667,2.659722,0.000000,0.000000,0.000000,0.000000,0.000000,0.000000,0.000000,0.000000,24
9,7,30.5,0.314286,0.786939,0.000000,0.000000,0.742857,2.991020,0.000000,0.000000,0.000000,0.000000,0.000000,0.000000,0.000000,0.000000,35
9,7,31,0.105263,0.936288,0.000000,0.000000,0.421053,3.612188,0.000000,0.000000,0.000000,0.000000,0.000000,0.000000,0.000000,0.000000,19
9,7,31.5,0.315789,0.847645,0.000000,0.000000,1.052632,2.681440,0.000000,0.000000,0.000000,0.000000,0.000000,0.000000,0.000000,0.000000,19
9,7,32,0.588235,0.595156,0.000000,0.000000,0.823529,3.321799,0.000000,0.000000,0.000000,0.000000,0.000000,0.000000,0.000000,0.000000,17
9,7,32.5,0.454545,0.793388,0.000000,0.000000,0.181818,3.966942,0.000000,0.000000,0.000000,0.000000,0.000000,0.000000,0.000000,0.000000,11
9,7,33,0.875000,0.109375,0.000000,0.000000,0.750000,2.937500,0.000000,0.000000,0.000000,0.000000,0.000000,0.000000,0.000000,0.000000,8
9,7,33.5,-0.125000,0.859375,0.000000,0.000000,1.750000,0.437500,0.000000,0.000000,0.000000,0.000000,0.000000,0.000000,0.000000,0.000000,8
9,7,34,0.444444,0.691358,0.000000,0.000000,0.444444,3.358025,0.000000,0.000000,0.000000,0.000000,0.000000,0.000000,0.000000,0.000000,9
9,7,34.5,0.333333,0.666667,0.000000,0.000000,0.000000,3.555556,0.000000,0.000000,0.000000,0.000000,0.000000,0.000000,0.000000,0.000000,9
9,7,35,1.000000,0.000000,0.000000,0.000000,2.000000,0.000000,0.000000,0.000000,0.000000,0.000000,0.000000,0.000000,0.000000,0.000000,3
9,7,35.5,1.000000,0.000000,0.000000,0.000000,2.000000,0.000000,0.000000,0.000000,0.000000,0.000000,0.000000,0.000000,0.000000,0.000000,1
9,7,36,1.000000,0.000000,0.000000,0.000000,2.000000,0.000000,0.000000,0.000000,0.000000,0.000000,0.000000,0.000000,0.000000,0.000000,2
9,7,36.5,1.000000,0.000000,0.000000,0.000000,2.000000,0.000000,0.000000,0.000000,0.000000,0.000000,0.000000,0.000000,0.000000,0.000000,1
9,7,37,1.000000,0.000000,0.000000,0.000000,2.000000,0.000000,0.000000,0.000000,0.000000,0.000000,0.000000,0.000000,0.000000,0.000000,1
9,7,37.5,-1.000000,0.000000,0.000000,0.000000,-2.000000,0.000000,0.000000,0.000000,0.000000,0.000000,0.000000,0.000000,0.000000,0.000000,1
9,7,40,0.000000,0.000000,0.000000,0.000000,-2.000000,0.000000,0.000000,0.000000,0.000000,0.000000,0.000000,0.000000,0.000000,0.000000,1
10,10,-41.5,-1.000000,0.000000,0.000000,0.000000,2.000000,0.000000,0.000000,0.000000,0.000000,0.000000,0.000000,0.000000,0.000000,0.000000,1
10,10,-40.5,-1.000000,0.000000,0.000000,0.000000,-2.000000,0.000000,0.000000,0.000000,0.000000,0.000000,0.000000,0.000000,0.000000,0.000000,1
10,10,-40,0.000000,0.000000,0.000000,0.000000,0.000000,0.000000,0.000000,0.000000,0.000000,0.000000,0.000000,0.000000,0.000000,0.000000,1
10,10,-39,0.000000,0.000000,0.000000,0.000000,-2.000000,0.000000,0.000000,0.000000,0.000000,0.000000,0.000000,0.000000,0.000000,0.000000,1
10,10,-38,-1.000000,0.000000,0.000000,0.000000,2.000000,0.000000,0.000000,0.000000,0.000000,0.000000,0.000000,0.000000,0.000000,0.000000,1
10,10,-37.5,1.000000,0.000000,0.000000,0.000000,2.000000,0.000000,0.000000,0.000000,0.000000,0.000000,0.000000,0.000000,0.000000,0.000000,3
10,10,-37,0.000000,1.000000,0.000000,0.000000,0.000000,4.000000,0.000000,0.000000,0.000000,0.000000,0.000000,0.000000,0.000000,0.000000,2
10,10,-36.5,0.142857,0.979592,0.000000,0.000000,-0.285714,3.918367,0.000000,0.000000,0.000000,0.000000,0.000000,0.000000,0.000000,0.000000,7
10,10,-36,-0.375000,0.734375,0.000000,0.000000,-0.500000,3.750000,0.000000,0.000000,0.000000,0.000000,0.000000,0.000000,0.000000,0.000000,8
10,10,-35.5,0.111111,0.765432,0.000000,0.000000,-0.222222,3.950617,0.000000,0.000000,0.000000,0.000000,0.000000,0.000000,0.000000,0.000000,9
10,10,-35,0.500000,0.500000,0.000000,0.000000,0.000000,3.000000,0.000000,0.000000,0.000000,0.000000,0.000000,0.000000,0.000000,0.000000,8
10,10,-34.5,-0.300000,0.810000,0.000000,0.000000,0.000000,4.000000,0.000000,0.000000,0.000000,0.000000,0.000000,0.000000,0.000000,0.000000,10
10,10,-34,0.062500,0.808594,0.000000,0.000000,0.125000,3.734375,0.000000,0.000000,0.000000,0.000000,0.000000,0.000000,0.000000,0.000000,16
10,10,-33.5,-0.000000,0.857143,0.000000,0.000000,-0.190476,3.392290,0.000000,0.000000,0.000000,0.000000,0.000000,0.000000,0.000000,0.000000,21
10,10,-33,-0.058824,0.820069,0.000000,0.000000,-0.294118,3.325260,0.000000,0.000000,0.000000,0.000000,0.000000,0.000000,0.000000,0.000000,34
10,10,-32.5,0.192308,0.847633,0.000000,0.000000,0.076923,3.840237,0.000000,0.000000,0.000000,0.000000,0.000000,0.000000,0.000000,0.000000,26
10,10,-32,0.093750,0.834961,0.000000,0.000000,-0.437500,3.433594,0.000000,0.000000,0.000000,0.000000,0.000000,0.000000,0.000000,0.000000,32
10,10,-31.5,-0.045455,0.922176,0.000000,0.000000,-0.121212,3.742883,0.000000,0.000000,0.000000,0.000000,0.000000,0.000000,0.000000,0.000000,66
10,10,-31,-0.093750,0.897461,0.000000,0.000000,-0.093750,3.928711,0.000000,0.000000,0.000000,0.000000,0.000000,0.000000,0.000000,0.000000,64
10,10,-30.5,0.076923,0.862215,0.000000,0.000000,-0.395604,3.447893,0.000000,0.000000,0.000000,0.000000,0.000000,0.000000,0.000000,0.000000,91
10,10,-30,-0.109756,0.853807,0.000000,0.000000,-0.512195,3.396193,0.000000,0.000000,0.000000,0.000000,0.000000,0.000000,0.000000,0.000000,82
10,10,-29.5,-0.078261,0.802571,0.000000,0.000000,-0.313043,3.519395,0.000000,0.000000,0.000000,0.000000,0.000000,0.000000,0.000000,0.000000,115
10,10,-29,0.094675,0.854942,0.000000,0.000000,-0.485207,3.338539,0.000000,0.000000,0.000000,0.000000,0.000000,0.000000,0.000000,0.000000,169
10,10,-28.5,0.005076,0.908604,0.000000,0.000000,-0.233503,3.742431,0.000000,0.000000,0.000000,0.000000,0.000000,0.000000,0.000000,0.000000,197
10,10,-28,0.106996,0.869210,0.000000,0.000000,-0.205761,3.628444,0.000000,0.000000,0.000000,0.000000,0.000000,0.000000,0.000000,0.000000,243
10,10,-27.5,0.031128,0.839498,0.000000,0.000000,-0.178988,3.563294,0.000000,0.000000,0.000000,0.000000,0.000000,0.000000,0.000000,0.000000,257
10,10,-27,0.027778,0.890254,0.000000,0.000000,-0.264957,3.656293,0.000000,0.000000,0.000000,0.000000,0.000000,0.000000,0.000000,0.000000,468
10,10,-26.5,0.034050,0.868016,0.000000,0.000000,-0.086022,3.705862,0.000000,0.000000,0.000000,0.000000,0.000000,0.000000,0.000000,0.000000,558
10,10,-26,0.038961,0.873807,0.000000,0.000000,-0.114286,3.664861,0.000000,0.000000,0.000000,0.000000,0.000000,0.000000,0.000000,0.000000,385
10,10,-25.5,-0.040052,0.857569,0.000000,0.000000,-0.310078,3.542095,0.000000,0.000000,0.000000,0.000000,0.000000,0.000000,0.000000,0.000000,774
10,10,-25,0.007543,0.852314,0.000000,0.000000,-0.185345,3.569096,0.000000,0.000000,0.000000,0.000000,0.000000,0.000000,0.000000,0.000000,928
10,10,-24.5,0.034557,0.860577,0.000000,0.000000,-0.220302,3.588616,0.000000,0.000000,0.000000,0.000000,0.000000,0.000000,0.000000,0.000000,926
10,10,-24,-0.042298,0.862536,0.000000,0.000000,-0.264964,3.575444,0.000000,0.000000,0.000000,0.000000,0.000000,0.000000,0.000000,0.000000,1253
10,10,-23.5,0.006935,0.880673,0.000000,0.000000,-0.262136,3.601188,0.000000,0.000000,0.000000,0.000000,0.000000,0.000000,0.000000,0.000000,1442
10,10,-23,0.010495,0.861959,0.000000,0.000000,-0.160920,3.574305,0.000000,0.000000,0.000000,0.000000,0.000000,0.000000,0.000000,0.000000,2001
10,10,-22.5,0.040129,0.865087,0.000000,0.000000,-0.162362,3.600945,0.000000,0.000000,0.000000,0.000000,0.000000,0.000000,0.000000,0.000000,2168
10,10,-22,0.043856,0.861957,0.000000,0.000000,-0.104261,3.620077,0.000000,0.000000,0.000000,0.000000,0.000000,0.000000,0.000000,0.000000,2417
10,10,-21.5,0.011029,0.860785,0.000000,0.000000,-0.223039,3.562999,0.000000,0.000000,0.000000,0.000000,0.000000,0.000000,0.000000,0.000000,3264
10,10,-21,0.038052,0.863595,0.000000,0.000000,-0.140538,3.615967,0.000000,0.000000,0.000000,0.000000,0.000000,0.000000,0.000000,0.000000,3942
10,10,-20.5,0.014376,0.867718,0.000000,0.000000,-0.139263,3.615826,0.000000,0.000000,0.000000,0.000000,0.000000,0.000000,0.000000,0.000000,4452
10,10,-20,0.001338,0.870818,0.000000,0.000000,-0.193770,3.601666,0.000000,0.000000,0.000000,0.000000,0.000000,0.000000,0.000000,0.000000,5233
10,10,-19.5,0.006525,0.862765,0.000000,0.000000,-0.208800,3.583640,0.000000,0.000000,0.000000,0.000000,0.000000,0.000000,0.000000,0.000000,5977
10,10,-19,0.011714,0.856039,0.000000,0.000000,-0.175973,3.565545,0.000000,0.000000,0.000000,0.000000,0.000000,0.000000,0.000000,0.000000,7683
10,10,-18.5,0.032642,0.860292,0.000000,0.000000,-0.153674,3.579750,0.000000,0.000000,0.000000,0.000000,0.000000,0.000000,0.000000,0.000000,8915
10,10,-18,0.027121,0.865491,0.000000,0.000000,-0.126810,3.597626,0.000000,0.000000,0.000000,0.000000,0.000000,0.000000,0.000000,0.000000,10914
10,10,-17.5,0.015173,0.866707,0.000000,0.000000,-0.140292,3.594872,0.000000,0.000000,0.000000,0.000000,0.000000,0.000000,0.000000,0.000000,12588
10,10,-17,0.014080,0.861308,0.000000,0.000000,-0.139360,3.577373,0.000000,0.000000,0.000000,0.000000,0.000000,0.000000,0.000000,0.000000,13849
10,10,-16.5,0.023696,0.861519,0.000000,0.000000,-0.134558,3.586622,0.000000,0.000000,0.000000,0.000000,0.000000,0.000000,0.000000,0.000000,17851
10,10,-16,0.013168,0.858421,0.000000,0.000000,-0.137805,3.567810,0.000000,0.000000,0.000000,0.000000,0.000000,0.000000,0.000000,0.000000,18606
10,10,-15.5,0.028526,0.857190,0.000000,0.000000,-0.117726,3.575910,0.000000,0.000000,0.000000,0.000000,0.000000,0.000000,0.000000,0.000000,23733
10,10,-15,0.024869,0.858409,0.000000,0.000000,-0.118469,3.572544,0.000000,0.000000,0.000000,0.000000,0.000000,0.000000,0.000000,0.000000,27062
10,10,-14.5,0.019924,0.859090,0.000000,0.000000,-0.111798,3.572734,0.000000,0.000000,0.000000,0.000000,0.000000,0.000000,0.000000,0.000000,30716
10,10,-14,0.014275,0.856764,0.000000,0.000000,-0.109029,3.563165,0.000000,0.000000,0.000000,0.000000,0.000000,0.000000,0.000000,0.000000,38320
10,10,-13.5,0.014559,0.856422,0.000000,0.000000,-0.099594,3.556804,0.000000,0.000000,0.000000,0.000000,0.000000,0.000000,0.000000,0.000000,41830
10,10,-13,0.020154,0.856490,0.000000,0.000000,-0.087100,3.562139,0.000000,0.000000,0.000000,0.000000,0.000000,0.000000,0.000000,0.000000,50907
10,10,-12.5,0.020742,0.854620,0.000000,0.000000,-0.089415,3.553478,0.000000,0.000000,0.000000,0.000000,0.000000,0.000000,0.000000,0.000000,57082
10,10,-12,0.024908,0.852116,0.000000,0.000000,-0.088972,3.540638,0.000000,0.000000,0.000000,0.000000,0.000000,0.000000,0.000000,0.000000,67729
10,10,-11.5,0.023185,0.852685,0.000000,0.000000,-0.086943,3.547210,0.000000,0.000000,0.000000,0.000000,0.000000,0.000000,0.000000,0.000000,77982
10,10,-11,0.025073,0.851241,0.000000,0.000000,-0.085806,3.533869,0.000000,0.000000,0.000000,0.000000,0.000000,0.000000,0.000000,0.000000,89178
10,10,-10.5,0.019872,0.852010,0.000000,0.000000,-0.068712,3.536942,0.000000,0.000000,0.000000,0.000000,0.000000,0.000000,0.000000,0.000000,107842
10,10,-10,0.022608,0.849893,0.000000,0.000000,-0.078159,3.525589,0.000000,0.000000,0.000000,0.000000,0.000000,0.000000,0.000000,0.000000,122878
10,10,-9.5,0.021766,0.847766,0.000000,0.000000,-0.074186,3.520340,0.000000,0.000000,0.000000,0.000000,0.000000,0.000000,0.000000,0.000000,136360
10,10,-9,0.023896,0.848386,0.000000,0.000000,-0.060604,3.520175,0.000000,0.000000,0.000000,0.000000,0.000000,0.000000,0.000000,0.000000,165006
10,10,-8.5,0.023434,0.846785,0.000000,0.000000,-0.048062,3.516306,0.000000,0.000000,0.000000,0.000000,0.000000,0.000000,0.000000,0.000000,184219
10,10,-8,0.024007,0.848215,0.000000,0.000000,-0.056625,3.517193,0.000000,0.000000,0.000000,0.000000,0.000000,0.000000,0.000000,0.000000,217606
10,10,-7.5,0.023290,0.846558,0.000000,0.000000,-0.050771,3.510963,0.000000,0.000000,0.000000,0.000000,0.000000,0.000000,0.000000,0.000000,249550
10,10,-7,0.023277,0.844407,0.000000,0.000000,-0.049890,3.502143,0.000000,0.000000,0.000000,0.000000,0.000000,0.000000,0.000000,0.000000,291323
10,10,-6.5,0.022648,0.844414,0.000000,0.000000,-0.047230,3.500125,0.000000,0.000000,0.000000,0.000000,0.000000,0.000000,0.000000,0.000000,336015
10,10,-6,0.026555,0.843040,0.000000,0.000000,-0.039091,3.493707,0.000000,0.000000,0.000000,0.000000,0.000000,0.000000,0.000000,0.000000,384488
10,10,-5.5,0.025078,0.841845,0.000000,0.000000,-0.038891,3.488013,0.000000,0.000000,0.000000,0.000000,0.000000,0.000000,0.000000,0.000000,456501
10,10,-5,0.023724,0.841310,0.000000,0.000000,-0.035033,3.485241,0.000000,0.000000,0.000000,0.000000,0.000000,0.000000,0.000000,0.000000,524704
10,10,-4.5,0.024271,0.840416,0.000000,0.000000,-0.027269,3.479990,0.000000,0.000000,0.000000,0.000000,0.000000,0.000000,0.000000,0.000000,607057
10,10,-4,0.025144,0.839624,0.000000,0.000000,-0.029903,3.475589,0.000000,0.000000,0.000000,0.000000,0.000000,0.000000,0.000000,0.000000,717111
10,10,-3.5,0.024319,0.838095,0.000000,0.000000,-0.025104,3.469956,0.000000,0.000000,0.000000,0.000000,0.000000,0.000000,0.000000,0.000000,830065
10,10,-3,0.026110,0.837175,0.000000,0.000000,-0.020734,3.465029,0.000000,0.000000,0.000000,0.000000,0.000000,0.000000,0.000000,0.000000,975580
10,10,-2.5,0.024340,0.835659,0.000000,0.000000,-0.019795,3.456538,0.000000,0.000000,0.000000,0.000000,0.000000,0.000000,0.000000,0.000000,1145923
10,10,-2,0.024295,0.834321,0.000000,0.000000,-0.015131,3.449652,0.000000,0.000000,0.000000,0.000000,0.000000,0.000000,0.000000,0.000000,1339085
10,10,-1.5,0.025172,0.832967,0.000000,0.000000,-0.011091,3.443677,0.000000,0.000000,0.000000,0.000000,0.000000,0.000000,0.000000,0.000000,1596987
10,10,-1,0.026416,0.832574,0.000000,0.000000,-0.008922,3.441220,0.000000,0.000000,0.000000,0.000000,0.000000,0.000000,0.000000,0.000000,1847317
10,10,-0.5,0.025533,0.831463,0.000000,0.000000,-0.008361,3.435045,0.000000,0.000000,0.000000,0.000000,0.000000,0.000000,0.000000,0.000000,2165898
10,10,-0,0.024931,0.829913,0.000000,0.000000,-0.007268,3.427828,0.000000,0.000000,0.000000,0.000000,0.000000,0.000000,0.000000,0.000000,2795075
10,10,0.5,0.025661,0.832213,0.000000,0.000000,-0.004442,3.424354,0.000000,0.000000,0.000000,0.000000,0.000000,0.000000,0.000000,0.000000,2465357
10,10,1,0.027130,0.833335,0.000000,0.000000,0.001291,3.415881,0.000000,0.000000,0.000000,0.000000,0.000000,0.000000,0.000000,0.000000,1866281
10,10,1.5,0.027692,0.832578,0.000000,0.000000,0.003157,3.412201,0.000000,0.000000,0.000000,0.000000,0.000000,0.000000,0.000000,0.000000,1629191
10,10,2,0.029333,0.832007,0.000000,0.000000,0.008329,3.408744,0.000000,0.000000,0.000000,0.000000,0.000000,0.000000,0.000000,0.000000,1364110
10,10,2.5,0.029917,0.830088,0.000000,0.000000,0.014883,3.400572,0.000000,0.000000,0.000000,0.000000,0.000000,0.000000,0.000000,0.000000,1161697
10,10,3,0.028727,0.828733,0.000000,0.000000,0.014219,3.394044,0.000000,0.000000,0.000000,0.000000,0.000000,0.000000,0.000000,0.000000,989102
10,10,3.5,0.030262,0.828190,0.000000,0.000000,0.015759,3.390641,0.000000,0.000000,0.000000,0.000000,0.000000,0.000000,0.000000,0.000000,841922
10,10,4,0.030103,0.825852,0.000000,0.000000,0.017266,3.380722,0.000000,0.000000,0.000000,0.000000,0.000000,0.000000,0.000000,0.000000,727210
10,10,4.5,0.031731,0.826756,0.000000,0.000000,0.021628,3.375325,0.000000,0.000000,0.000000,0.000000,0.000000,0.000000,0.000000,0.000000,613822
10,10,5,0.032802,0.828850,0.000000,0.000000,0.027460,3.371668,0.000000,0.000000,0.000000,0.000000,0.000000,0.000000,0.000000,0.000000,534168
10,10,5.5,0.030878,0.826024,0.000000,0.000000,0.024723,3.359852,0.000000,0.000000,0.000000,0.000000,0.000000,0.000000,0.000000,0.000000,463367
10,10,6,0.029724,0.824983,0.000000,0.000000,0.022477,3.356006,0.000000,0.000000,0.000000,0.000000,0.000000,0.000000,0.000000,0.000000,390086
10,10,6.5,0.032057,0.823806,0.000000,0.000000,0.029339,3.350357,0.000000,0.000000,0.000000,0.000000,0.000000,0.000000,0.000000,0.000000,341458
10,10,7,0.031443,0.821955,0.000000,0.000000,0.028503,3.341552,0.000000,0.000000,0.000000,0.000000,0.000000,0.000000,0.000000,0.000000,294850
10,10,7.5,0.037037,0.820488,0.000000,0.000000,0.038498,3.335633,0.000000,0.000000,0.000000,0.000000,0.000000,0.000000,0.000000,0.000000,252587
10,10,8,0.032904,0.819451,0.000000,0.000000,0.035441,3.330088,0.000000,0.000000,0.000000,0.000000,0.000000,0.000000,0.000000,0.000000,221495
10,10,8.5,0.038775,0.818492,0.000000,0.000000,0.047264,3.325943,0.000000,0.000000,0.000000,0.000000,0.000000,0.000000,0.000000,0.000000,186823
10,10,9,0.037978,0.815214,0.000000,0.000000,0.046626,3.312828,0.000000,0.000000,0.000000,0.000000,0.000000,0.000000,0.000000,0.000000,168018
10,10,9.5,0.038648,0.815284,0.000000,0.000000,0.045083,3.314623,0.000000,0.000000,0.000000,0.000000,0.000000,0.000000,0.000000,0.000000,138144
10,10,10,0.038848,0.813254,0.000000,0.000000,0.055180,3.303148,0.000000,0.000000,0.000000,0.000000,0.000000,0.000000,0.000000,0.000000,125153
10,10,10.5,0.036977,0.813093,0.000000,0.000000,0.041769,3.303743,0.000000,0.000000,0.000000,0.000000,0.000000,0.000000,0.000000,0.000000,109556
10,10,11,0.044352,0.810335,0.000000,0.000000,0.061985,3.290148,0.000000,0.000000,0.000000,0.000000,0.000000,0.000000,0.000000,0.000000,90571
10,10,11.5,0.040873,0.808033,0.000000,0.000000,0.058588,3.279586,0.000000,0.000000,0.000000,0.000000,0.000000,0.000000,0.000000,0.000000,79539
10,10,12,0.044131,0.807263,0.000000,0.000000,0.067237,3.276000,0.000000,0.000000,0.000000,0.000000,0.000000,0.000000,0.000000,0.000000,68772
10,10,12.5,0.043175,0.802459,0.000000,0.000000,0.059674,3.259202,0.000000,0.000000,0.000000,0.000000,0.000000,0.000000,0.000000,0.000000,57881
10,10,13,0.040423,0.799953,0.000000,0.000000,0.066422,3.246874,0.000000,0.000000,0.000000,0.000000,0.000000,0.000000,0.000000,0.000000,52693
10,10,13.5,0.038964,0.800184,0.000000,0.000000,0.064925,3.247517,0.000000,0.000000,0.000000,0.000000,0.000000,0.000000,0.000000,0.000000,42295
10,10,14,0.043967,0.797975,0.000000,0.000000,0.066638,3.235950,0.000000,0.000000,0.000000,0.000000,0.000000,0.000000,0.000000,0.000000,39257
10,10,14.5,0.043023,0.796670,0.000000,0.000000,0.065145,3.231640,0.000000,0.000000,0.000000,0.000000,0.000000,0.000000,0.000000,0.000000,31100
10,10,15,0.041442,0.794892,0.000000,0.000000,0.067607,3.224699,0.000000,0.000000,0.000000,0.000000,0.000000,0.000000,0.000000,0.000000,28015
10,10,15.5,0.050466,0.792419,0.000000,0.000000,0.087995,3.215788,0.000000,0.000000,0.000000,0.000000,0.000000,0.000000,0.000000,0.000000,24274
10,10,16,0.050601,0.792358,0.000000,0.000000,0.085980,3.211966,0.000000,0.000000,0.000000,0.000000,0.000000,0.000000,0.000000,0.000000,19051
10,10,16.5,0.040875,0.793298,0.000000,0.000000,0.070945,3.216534,0.000000,0.000000,0.000000,0.000000,0.000000,0.000000,0.000000,0.000000,18324
10,10,17,0.042902,0.790729,0.000000,0.000000,0.065195,3.207807,0.000000,0.000000,0.000000,0.000000,0.000000,0.000000,0.000000,0.000000,14265
10,10,17.5,0.057719,0.790193,0.000000,0.000000,0.088847,3.206247,0.000000,0.000000,0.000000,0.000000,0.000000,0.000000,0.000000,0.000000,12786
10,10,18,0.037709,0.792594,0.000000,0.000000,0.056475,3.214302,0.000000,0.000000,0.000000,0.000000,0.000000,0.000000,0.000000,0.000000,11297
10,10,18.5,0.051850,0.785108,0.000000,0.000000,0.076411,3.188572,0.000000,0.000000,0.000000,0.000000,0.000000,0.000000,0.000000,0.000000,9161
10,10,19,0.047464,0.784287,0.000000,0.000000,0.083877,3.172271,0.000000,0.000000,0.000000,0.000000,0.000000,0.000000,0.000000,0.000000,7964
10,10,19.5,0.056398,0.788130,0.000000,0.000000,0.086256,3.195719,0.000000,0.000000,0.000000,0.000000,0.000000,0.000000,0.000000,0.000000,6330
10,10,20,0.046852,0.771963,0.000000,0.000000,0.081991,3.127977,0.000000,0.000000,0.000000,0.000000,0.000000,0.000000,0.000000,0.000000,5464
10,10,20.5,0.047184,0.770569,0.000000,0.000000,0.082465,3.130288,0.000000,0.000000,0.000000,0.000000,0.000000,0.000000,0.000000,0.000000,4705
10,10,21,0.034483,0.779107,0.000000,0.000000,0.073892,3.149220,0.000000,0.000000,0.000000,0.000000,0.000000,0.000000,0.000000,0.000000,4060
10,10,21.5,0.030806,0.758942,0.000000,0.000000,0.054968,3.064330,0.000000,0.000000,0.000000,0.000000,0.000000,0.000000,0.000000,0.000000,3311
10,10,22,0.037255,0.763710,0.000000,0.000000,0.104314,3.087158,0.000000,0.000000,0.000000,0.000000,0.000000,0.000000,0.000000,0.000000,2550
10,10,22.5,0.038002,0.757309,0.000000,0.000000,0.099915,3.055773,0.000000,0.000000,0.000000,0.000000,0.000000,0.000000,0.000000,0.000000,2342
10,10,23,0.044381,0.790287,0.000000,0.000000,0.090652,3.183473,0.000000,0.000000,0.000000,0.000000,0.000000,0.000000,0.000000,0.000000,2118
10,10,23.5,0.027778,0.758488,0.000000,0.000000,0.037037,3.062120,0.000000,0.000000,0.000000,0.000000,0.000000,0.000000,0.000000,0.000000,1512
10,10,24,0.043512,0.776661,0.000000,0.000000,0.114996,3.125859,0.000000,0.000000,0.000000,0.000000,0.000000,0.000000,0.000000,0.000000,1287
10,10,24.5,0.037075,0.773085,0.000000,0.000000,0.074150,3.108817,0.000000,0.000000,0.000000,0.000000,0.000000,0.000000,0.000000,0.000000,971
10,10,25,0.098717,0.752348,0.000000,0.000000,0.217177,3.032795,0.000000,0.000000,0.000000,0.000000,0.000000,0.000000,0.000000,0.000000,1013
10,10,25.5,0.041718,0.758996,0.000000,0.000000,0.125153,3.042005,0.000000,0.000000,0.000000,0.000000,0.000000,0.000000,0.000000,0.000000,815
10,10,26,0.090909,0.757286,0.000000,0.000000,0.186603,3.036950,0.000000,0.000000,0.000000,0.000000,0.000000,0.000000,0.000000,0.000000,418
10,10,26.5,0.053819,0.759256,0.000000,0.000000,0.104167,3.072483,0.000000,0.000000,0.000000,0.000000,0.000000,0.000000,0.000000,0.000000,576
10,10,27,-0.037895,0.748038,0.000000,0.000000,-0.025263,3.047783,0.000000,0.000000,0.000000,0.000000,0.000000,0.000000,0.000000,0.000000,475
10,10,27.5,0.061538,0.703905,0.000000,0.000000,0.053846,2.843254,0.000000,0.000000,0.000000,0.000000,0.000000,0.000000,0.000000,0.000000,260
10,10,28,0.083333,0.685085,0.000000,0.000000,0.173913,2.781348,0.000000,0.000000,0.000000,0.000000,0.000000,0.000000,0.000000,0.000000,276
10,10,28.5,0.102410,0.694332,0.000000,0.000000,0.204819,2.777326,0.000000,0.000000,0.000000,0.000000,0.000000,0.000000,0.000000,0.000000,166
10,10,29,-0.015000,0.744775,0.000000,0.000000,-0.050000,3.017500,0.000000,0.000000,0.000000,0.000000,0.000000,0.000000,0.000000,0.000000,200
10,10,29.5,0.099099,0.737927,0.000000,0.000000,0.270270,2.990017,0.000000,0.000000,0.000000,0.000000,0.000000,0.000000,0.000000,0.000000,111
10,10,30,0.058824,0.702422,0.000000,0.000000,0.117647,2.809689,0.000000,0.000000,0.000000,0.000000,0.000000,0.000000,0.000000,0.000000,102
10,10,30.5,0.161290,0.672910,0.000000,0.000000,0.322581,2.691641,0.000000,0.000000,0.000000,0.000000,0.000000,0.000000,0.000000,0.000000,93
10,10,31,0.084507,0.753422,0.000000,0.000000,0.084507,3.091450,0.000000,0.000000,0.000000,0.000000,0.000000,0.000000,0.000000,0.000000,71
10,10,31.5,0.137931,0.705113,0.000000,0.000000,0.344828,2.777646,0.000000,0.000000,0.000000,0.000000,0.000000,0.000000,0.000000,0.000000,58
10,10,32,-0.208333,0.581597,0.000000,0.000000,-0.333333,2.388889,0.000000,0.000000,0.000000,0.000000,0.000000,0.000000,0.000000,0.000000,48
10,10,32.5,0.033333,0.765556,0.000000,0.000000,-0.066667,3.062222,0.000000,0.000000,0.000000,0.000000,0.000000,0.000000,0.000000,0.000000,30
10,10,33,0.000000,0.818182,0.000000,0.000000,0.181818,3.239669,0.000000,0.000000,0.000000,0.000000,0.000000,0.000000,0.000000,0.000000,22
10,10,33.5,0.066667,0.728889,0.000000,0.000000,-0.133333,2.915556,0.000000,0.000000,0.000000,0.000000,0.000000,0.000000,0.000000,0.000000,15
10,10,34,0.050000,0.647500,0.000000,0.000000,0.100000,2.590000,0.000000,0.000000,0.000000,0.000000,0.000000,0.000000,0.000000,0.000000,20
10,10,34.5,0.000000,0.800000,0.000000,0.000000,0.000000,3.200000,0.000000,0.000000,0.000000,0.000000,0.000000,0.000000,0.000000,0.000000,10
10,10,35,-0.153846,0.745562,0.000000,0.000000,-0.307692,2.982249,0.000000,0.000000,0.000000,0.000000,0.000000,0.000000,0.000000,0.000000,13
10,10,35.5,0.250000,0.854167,0.000000,0.000000,0.833333,2.972222,0.000000,0.000000,0.000000,0.000000,0.000000,0.000000,0.000000,0.000000,12
10,10,36,0.300000,0.610000,0.000000,0.000000,0.200000,2.760000,0.000000,0.000000,0.000000,0.000000,0.000000,0.000000,0.000000,0.000000,10
10,10,36.5,-0.500000,0.750000,0.000000,0.000000,-1.000000,3.000000,0.000000,0.000000,0.000000,0.000000,0.000000,0.000000,0.000000,0.000000,4
10,10,37,0.400000,0.640000,0.000000,0.000000,0.800000,2.560000,0.000000,0.000000,0.000000,0.000000,0.000000,0.000000,0.000000,0.000000,5
10,10,37.5,0.200000,0.560000,0.000000,0.000000,0.400000,2.240000,0.000000,0.000000,0.000000,0.000000,0.000000,0.000000,0.000000,0.000000,5
10,10,38,-0.250000,0.687500,0.000000,0.000000,-0.500000,2.750000,0.000000,0.000000,0.000000,0.000000,0.000000,0.000000,0.000000,0.000000,4
10,10,38.5,1.000000,0.000000,0.000000,0.000000,2.000000,0.000000,0.000000,0.000000,0.000000,0.000000,0.000000,0.000000,0.000000,0.000000,1
10,10,39,1.000000,0.000000,0.000000,0.000000,2.000000,0.000000,0.000000,0.000000,0.000000,0.000000,0.000000,0.000000,0.000000,0.000000,1
10,10,39.5,1.000000,0.000000,0.000000,0.000000,2.000000,0.000000,0.000000,0.000000,0.000000,0.000000,0.000000,0.000000,0.000000,0.000000,1
10,10,40,-1.000000,0.000000,0.000000,0.000000,-2.000000,0.000000,0.000000,0.000000,0.000000,0.000000,0.000000,0.000000,0.000000,0.000000,1
10,10,41.5,-0.500000,0.250000,0.000000,0.000000,-1.000000,1.000000,0.000000,0.000000,0.000000,0.000000,0.000000,0.000000,0.000000,0.000000,2
10,10,42,0.000000,0.000000,0.000000,0.000000,0.000000,0.000000,0.000000,0.000000,0.000000,0.000000,0.000000,0.000000,0.000000,0.000000,1
10,10,43.5,0.000000,0.000000,0.000000,0.000000,0.000000,0.000000,0.000000,0.000000,0.000000,0.000000,0.000000,0.000000,0.000000,0.000000,1
10,11,-39,-1.000000,0.000000,0.000000,0.000000,-2.000000,0.000000,0.000000,0.000000,0.000000,0.000000,0.000000,0.000000,0.000000,0.000000,1
10,11,-38,-1.000000,0.000000,0.000000,0.000000,-2.000000,0.000000,0.000000,0.000000,0.000000,0.000000,0.000000,0.000000,0.000000,0.000000,1
10,11,-37.5,0.000000,0.000000,0.000000,0.000000,0.000000,0.000000,0.000000,0.000000,0.000000,0.000000,0.000000,0.000000,0.000000,0.000000,1
10,11,-36.5,0.000000,0.000000,0.000000,0.000000,0.000000,0.000000,0.000000,0.000000,0.000000,0.000000,0.000000,0.000000,0.000000,0.000000,1
10,11,-36,-1.000000,0.000000,0.000000,0.000000,-2.000000,0.000000,0.000000,0.000000,0.000000,0.000000,0.000000,0.000000,0.000000,0.000000,2
10,11,-35.5,-0.666667,0.222222,0.000000,0.000000,-2.000000,0.000000,0.000000,0.000000,0.000000,0.000000,0.000000,0.000000,0.000000,0.000000,3
10,11,-34.5,0.000000,0.000000,0.000000,0.000000,-1.000000,1.000000,0.000000,0.000000,0.000000,0.000000,0.000000,0.000000,0.000000,0.000000,2
10,11,-34,1.000000,0.000000,0.000000,0.000000,2.000000,0.000000,0.000000,0.000000,0.000000,0.000000,0.000000,0.000000,0.000000,0.000000,1
10,11,-33.5,-0.600000,0.640000,0.000000,0.000000,-1.200000,2.560000,0.000000,0.000000,0.000000,0.000000,0.000000,0.000000,0.000000,0.000000,5
10,11,-33,0.000000,1.000000,0.000000,0.000000,-0.800000,3.360000,0.000000,0.000000,0.000000,0.000000,0.000000,0.000000,0.000000,0.000000,10
10,11,-32.5,0.142857,0.693878,0.000000,0.000000,-1.142857,2.122449,0.000000,0.000000,0.000000,0.000000,0.000000,0.000000,0.000000,0.000000,7
10,11,-32,-0.375000,0.734375,0.000000,0.000000,-0.750000,2.937500,0.000000,0.000000,0.000000,0.000000,0.000000,0.000000,0.000000,0.000000,8
10,11,-31.5,0.181818,0.876033,0.000000,0.000000,-0.545455,3.702479,0.000000,0.000000,0.000000,0.000000,0.000000,0.000000,0.000000,0.000000,11
10,11,-31,0.461538,0.556213,0.000000,0.000000,0.307692,2.982249,0.000000,0.000000,0.000000,0.000000,0.000000,0.000000,0.000000,0.000000,13
10,11,-30.5,0.083333,0.909722,0.000000,0.000000,-0.833333,2.972222,0.000000,0.000000,0.000000,0.000000,0.000000,0.000000,0.000000,0.000000,12
10,11,-30,-0.380952,0.616780,0.000000,0.000000,-0.857143,2.884354,0.000000,0.000000,0.000000,0.000000,0.000000,0.000000,0.000000,0.000000,21
10,11,-29.5,-0.200000,0.800000,0.000000,0.000000,-0.880000,2.585600,0.000000,0.000000,0.000000,0.000000,0.000000,0.000000,0.000000,0.000000,25
10,11,-29,-0.394737,0.607341,0.000000,0.000000,-0.894737,2.462604,0.000000,0.000000,0.000000,0.000000,0.000000,0.000000,0.000000,0.000000,38
10,11,-28.5,-0.097561,0.819750,0.000000,0.000000,-0.731707,3.269482,0.000000,0.000000,0.000000,0.000000,0.000000,0.000000,0.000000,0.000000,41
10,11,-28,0.029412,0.910900,0.000000,0.000000,-0.588235,3.536332,0.000000,0.000000,0.000000,0.000000,0.000000,0.000000,0.000000,0.000000,68
10,11,-27.5,-0.089286,0.867028,0.000000,0.000000,-0.464286,3.570153,0.000000,0.000000,0.000000,0.000000,0.000000,0.000000,0.000000,0.000000,56
10,11,-27,0.127660,0.877320,0.000000,0.000000,-0.340426,3.713898,0.000000,0.000000,0.000000,0.000000,0.000000,0.000000,0.000000,0.000000,94
10,11,-26.5,-0.086538,0.848280,0.000000,0.000000,-0.442308,3.612056,0.000000,0.000000,0.000000,0.000000,0.000000,0.000000,0.000000,0.000000,104
10,11,-26,-0.111111,0.876543,0.000000,0.000000,-0.638889,3.314043,0.000000,0.000000,0.000000,0.000000,0.000000,0.000000,0.000000,0.000000,72
10,11,-25.5,-0.032680,0.855141,0.000000,0.000000,-0.496732,3.465676,0.000000,0.000000,0.000000,0.000000,0.000000,0.000000,0.000000,0.000000,153
10,11,-25,-0.034483,0.880584,0.000000,0.000000,-0.512315,3.481375,0.000000,0.000000,0.000000,0.000000,0.000000,0.000000,0.000000,0.000000,203
10,11,-24.5,-0.091371,0.854596,0.000000,0.000000,-0.558376,3.282125,0.000000,0.000000,0.000000,0.000000,0.000000,0.000000,0.000000,0.000000,197
10,11,-24,-0.160920,0.862994,0.000000,0.000000,-0.659004,3.182572,0.000000,0.000000,0.000000,0.000000,0.000000,0.000000,0.000000,0.000000,261
10,11,-23.5,-0.176471,0.843858,0.000000,0.000000,-0.647059,3.287197,0.000000,0.000000,0.000000,0.000000,0.000000,0.000000,0.000000,0.000000,272
10,11,-23,-0.123037,0.856590,0.000000,0.000000,-0.560209,3.382500,0.000000,0.000000,0.000000,0.000000,0.000000,0.000000,0.000000,0.000000,382
10,11,-22.5,-0.010444,0.882397,0.000000,0.000000,-0.271540,3.665169,0.000000,0.000000,0.000000,0.000000,0.000000,0.000000,0.000000,0.000000,383
10,11,-22,-0.120650,0.885676,0.000000,0.000000,-0.575406,3.418328,0.000000,0.000000,0.000000,0.000000,0.000000,0.000000,0.000000,0.000000,431
10,11,-21.5,-0.085851,0.873393,0.000000,0.000000,-0.480127,3.438794,0.000000,0.000000,0.000000,0.000000,0.000000,0.000000,0.000000,0.000000,629
10,11,-21,-0.048177,0.863564,0.000000,0.000000,-0.375000,3.515625,0.000000,0.000000,0.000000,0.000000,0.000000,0.000000,0.000000,0.000000,768
10,11,-20.5,-0.072707,0.859367,0.000000,0.000000,-0.427293,3.446056,0.000000,0.000000,0.000000,0.000000,0.000000,0.000000,0.000000,0.000000,894
10,11,-20,-0.101351,0.861350,0.000000,0.000000,-0.438224,3.433442,0.000000,0.000000,0.000000,0.000000,0.000000,0.000000,0.000000,0.000000,1036
10,11,-19.5,-0.059473,0.868171,0.000000,0.000000,-0.397621,3.491855,0.000000,0.000000,0.000000,0.000000,0.000000,0.000000,0.000000,0.000000,1177
10,11,-19,-0.070913,0.869561,0.000000,0.000000,-0.479317,3.444582,0.000000,0.000000,0.000000,0.000000,0.000000,0.000000,0.000000,0.000000,1523
10,11,-18.5,-0.055104,0.854852,0.000000,0.000000,-0.406032,3.459268,0.000000,0.000000,0.000000,0.000000,0.000000,0.000000,0.000000,0.000000,1724
10,11,-18,-0.035680,0.867899,0.000000,0.000000,-0.387250,3.509409,0.000000,0.000000,0.000000,0.000000,0.000000,0.000000,0.000000,0.000000,2102
10,11,-17.5,-0.056129,0.864369,0.000000,0.000000,-0.363186,3.496655,0.000000,0.000000,0.000000,0.000000,0.000000,0.000000,0.000000,0.000000,2423
10,11,-17,-0.062339,0.849305,0.000000,0.000000,-0.320915,3.480931,0.000000,0.000000,0.000000,0.000000,0.000000,0.000000,0.000000,0.000000,2711
10,11,-16.5,-0.068182,0.855010,0.000000,0.000000,-0.399432,3.446136,0.000000,0.000000,0.000000,0.000000,0.000000,0.000000,0.000000,0.000000,3520
10,11,-16,-0.066302,0.867325,0.000000,0.000000,-0.355146,3.508348,0.000000,0.000000,0.000000,0.000000,0.000000,0.000000,0.000000,0.000000,3469
10,11,-15.5,-0.018267,0.866229,0.000000,0.000000,-0.334596,3.508451,0.000000,0.000000,0.000000,0.000000,0.000000,0.000000,0.000000,0.000000,4489
10,11,-15,-0.033275,0.866960,0.000000,0.000000,-0.308231,3.552396,0.000000,0.000000,0.000000,0.000000,0.000000,0.000000,0.000000,0.000000,5139
10,11,-14.5,-0.056698,0.859707,0.000000,0.000000,-0.367156,3.482828,0.000000,0.000000,0.000000,0.000000,0.000000,0.000000,0.000000,0.000000,5785
10,11,-14,-0.039449,0.863718,0.000000,0.000000,-0.289926,3.540294,0.000000,0.000000,0.000000,0.000000,0.000000,0.000000,0.000000,0.000000,7326
10,11,-13.5,-0.020327,0.859086,0.000000,0.000000,-0.265917,3.531436,0.000000,0.000000,0.000000,0.000000,0.000000,0.000000,0.000000,0.000000,7822
10,11,-13,-0.045412,0.862632,0.000000,0.000000,-0.311782,3.517150,0.000000,0.000000,0.000000,0.000000,0.000000,0.000000,0.000000,0.000000,9667
10,11,-12.5,-0.019188,0.859819,0.000000,0.000000,-0.247614,3.537183,0.000000,0.000000,0.000000,0.000000,0.000000,0.000000,0.000000,0.000000,10371
10,11,-12,-0.026888,0.863094,0.000000,0.000000,-0.273636,3.538385,0.000000,0.000000,0.000000,0.000000,0.000000,0.000000,0.000000,0.000000,12608
10,11,-11.5,-0.016842,0.862824,0.000000,0.000000,-0.227712,3.548676,0.000000,0.000000,0.000000,0.000000,0.000000,0.000000,0.000000,0.000000,14369
10,11,-11,-0.020021,0.866270,0.000000,0.000000,-0.221949,3.556217,0.000000,0.000000,0.000000,0.000000,0.000000,0.000000,0.000000,0.000000,16283
10,11,-10.5,-0.020032,0.862594,0.000000,0.000000,-0.217838,3.546668,0.000000,0.000000,0.000000,0.000000,0.000000,0.000000,0.000000,0.000000,19868
10,11,-10,-0.026417,0.863635,0.000000,0.000000,-0.223158,3.544362,0.000000,0.000000,0.000000,0.000000,0.000000,0.000000,0.000000,0.000000,22334
10,11,-9.5,-0.017029,0.864810,0.000000,0.000000,-0.210663,3.560508,0.000000,0.000000,0.000000,0.000000,0.000000,0.000000,0.000000,0.000000,24722
10,11,-9,-0.011195,0.862434,0.000000,0.000000,-0.210509,3.547063,0.000000,0.000000,0.000000,0.000000,0.000000,0.000000,0.000000,0.000000,30013
10,11,-8.5,-0.011280,0.863944,0.000000,0.000000,-0.195320,3.547033,0.000000,0.000000,0.000000,0.000000,0.000000,0.000000,0.000000,0.000000,33422
10,11,-8,-0.013711,0.866164,0.000000,0.000000,-0.186294,3.563012,0.000000,0.000000,0.000000,0.000000,0.000000,0.000000,0.000000,0.000000,39604
10,11,-7.5,-0.007100,0.864543,0.000000,0.000000,-0.176241,3.561000,0.000000,0.000000,0.000000,0.000000,0.000000,0.000000,0.000000,0.000000,44791
10,11,-7,0.000383,0.864881,0.000000,0.000000,-0.153322,3.567328,0.000000,0.000000,0.000000,0.000000,0.000000,0.000000,0.000000,0.000000,52243
10,11,-6.5,0.000749,0.861670,0.000000,0.000000,-0.152386,3.555361,0.000000,0.000000,0.000000,0.000000,0.000000,0.000000,0.000000,0.000000,60045
10,11,-6,0.001772,0.864721,0.000000,0.000000,-0.150261,3.562176,0.000000,0.000000,0.000000,0.000000,0.000000,0.000000,0.000000,0.000000,68268
10,11,-5.5,0.004430,0.864603,0.000000,0.000000,-0.137400,3.560382,0.000000,0.000000,0.000000,0.000000,0.000000,0.000000,0.000000,0.000000,80582
10,11,-5,0.004472,0.863989,0.000000,0.000000,-0.131920,3.563147,0.000000,0.000000,0.000000,0.000000,0.000000,0.000000,0.000000,0.000000,92359
10,11,-4.5,0.013231,0.865766,0.000000,0.000000,-0.111186,3.570407,0.000000,0.000000,0.000000,0.000000,0.000000,0.000000,0.000000,0.000000,106416
10,11,-4,0.008388,0.864200,0.000000,0.000000,-0.115606,3.561485,0.000000,0.000000,0.000000,0.000000,0.000000,0.000000,0.000000,0.000000,125772
10,11,-3.5,0.014253,0.861999,0.000000,0.000000,-0.101432,3.560165,0.000000,0.000000,0.000000,0.000000,0.000000,0.000000,0.000000,0.000000,143761
10,11,-3,0.019991,0.859857,0.000000,0.000000,-0.080994,3.554254,0.000000,0.000000,0.000000,0.000000,0.000000,0.000000,0.000000,0.000000,168630
10,11,-2.5,0.023850,0.864635,0.000000,0.000000,-0.075730,3.570013,0.000000,0.000000,0.000000,0.000000,0.000000,0.000000,0.000000,0.000000,196355
10,11,-2,0.022727,0.862644,0.000000,0.000000,-0.069452,3.563764,0.000000,0.000000,0.000000,0.000000,0.000000,0.000000,0.000000,0.000000,229108
10,11,-1.5,0.025942,0.863378,0.000000,0.000000,-0.049657,3.566599,0.000000,0.000000,0.000000,0.000000,0.000000,0.000000,0.000000,0.000000,271948
10,11,-1,0.024242,0.862916,0.000000,0.000000,-0.052503,3.566173,0.000000,0.000000,0.000000,0.000000,0.000000,0.000000,0.000000,0.000000,312060
10,11,-0.5,0.030580,0.860796,0.000000,0.000000,-0.039681,3.557605,0.000000,0.000000,0.000000,0.000000,0.000000,0.000000,0.000000,0.000000,371516
10,11,0,0.032692,0.860923,0.000000,0.000000,-0.030860,3.557589,0.000000,0.000000,0.000000,0.000000,0.000000,0.000000,0.000000,0.000000,472905
10,11,0.5,0.035527,0.861015,0.000000,0.000000,-0.022826,3.553867,0.000000,0.000000,0.000000,0.000000,0.000000,0.000000,0.000000,0.000000,519412
10,11,1,0.035996,0.862376,0.000000,0.000000,-0.016787,3.560202,0.000000,0.000000,0.000000,0.000000,0.000000,0.000000,0.000000,0.000000,381492
10,11,1.5,0.039592,0.862046,0.000000,0.000000,-0.003906,3.558533,0.000000,0.000000,0.000000,0.000000,0.000000,0.000000,0.000000,0.000000,335928
10,11,2,0.043722,0.860825,0.000000,0.000000,0.008942,3.552559,0.000000,0.000000,0.000000,0.000000,0.000000,0.000000,0.000000,0.000000,281160
10,11,2.5,0.047637,0.859650,0.000000,0.000000,0.016144,3.549876,0.000000,0.000000,0.000000,0.000000,0.000000,0.000000,0.000000,0.000000,238846
10,11,3,0.049317,0.858948,0.000000,0.000000,0.027579,3.544622,0.000000,0.000000,0.000000,0.000000,0.000000,0.000000,0.000000,0.000000,202403
10,11,3.5,0.051905,0.859003,0.000000,0.000000,0.038619,3.543365,0.000000,0.000000,0.000000,0.000000,0.000000,0.000000,0.000000,0.000000,171313
10,11,4,0.052709,0.858932,0.000000,0.000000,0.042994,3.541105,0.000000,0.000000,0.000000,0.000000,0.000000,0.000000,0.000000,0.000000,146996
10,11,4.5,0.054914,0.858218,0.000000,0.000000,0.048195,3.536228,0.000000,0.000000,0.000000,0.000000,0.000000,0.000000,0.000000,0.000000,124122
10,11,5,0.055595,0.857898,0.000000,0.000000,0.061372,3.530867,0.000000,0.000000,0.000000,0.000000,0.000000,0.000000,0.000000,0.000000,107150
10,11,5.5,0.062852,0.859027,0.000000,0.000000,0.078521,3.534827,0.000000,0.000000,0.000000,0.000000,0.000000,0.000000,0.000000,0.000000,92408
10,11,6,0.064659,0.856189,0.000000,0.000000,0.078978,3.526676,0.000000,0.000000,0.000000,0.000000,0.000000,0.000000,0.000000,0.000000,77870
10,11,6.5,0.076764,0.854314,0.000000,0.000000,0.100102,3.521199,0.000000,0.000000,0.000000,0.000000,0.000000,0.000000,0.000000,0.000000,67571
10,11,7,0.066382,0.855828,0.000000,0.000000,0.095235,3.524035,0.000000,0.000000,0.000000,0.000000,0.000000,0.000000,0.000000,0.000000,57983
10,11,7.5,0.078054,0.853966,0.000000,0.000000,0.132335,3.507752,0.000000,0.000000,0.000000,0.000000,0.000000,0.000000,0.000000,0.000000,49299
10,11,8,0.075038,0.856389,0.000000,0.000000,0.129394,3.517937,0.000000,0.000000,0.000000,0.000000,0.000000,0.000000,0.000000,0.000000,43325
10,11,8.5,0.084273,0.855025,0.000000,0.000000,0.135255,3.510463,0.000000,0.000000,0.000000,0.000000,0.000000,0.000000,0.000000,0.000000,36287
10,11,9,0.083167,0.850880,0.000000,0.000000,0.141487,3.496982,0.000000,0.000000,0.000000,0.000000,0.000000,0.000000,0.000000,0.000000,32116
10,11,9.5,0.074397,0.854119,0.000000,0.000000,0.148794,3.492842,0.000000,0.000000,0.000000,0.000000,0.000000,0.000000,0.000000,0.000000,26399
10,11,10,0.088712,0.850424,0.000000,0.000000,0.173935,3.487979,0.000000,0.000000,0.000000,0.000000,0.000000,0.000000,0.000000,0.000000,24078
10,11,10.5,0.075175,0.853269,0.000000,0.000000,0.143626,3.495367,0.000000,0.000000,0.000000,0.000000,0.000000,0.000000,0.000000,0.000000,20818
10,11,11,0.093181,0.854349,0.000000,0.000000,0.177604,3.491810,0.000000,0.000000,0.000000,0.000000,0.000000,0.000000,0.000000,0.000000,17128
10,11,11.5,0.096072,0.850397,0.000000,0.000000,0.192938,3.475867,0.000000,0.000000,0.000000,0.000000,0.000000,0.000000,0.000000,0.000000,15124
10,11,12,0.109728,0.845706,0.000000,0.000000,0.204362,3.464689,0.000000,0.000000,0.000000,0.000000,0.000000,0.000000,0.000000,0.000000,13251
10,11,12.5,0.090003,0.849670,0.000000,0.000000,0.205616,3.449536,0.000000,0.000000,0.000000,0.000000,0.000000,0.000000,0.000000,0.000000,10933
10,11,13,0.103359,0.848844,0.000000,0.000000,0.197180,3.472213,0.000000,0.000000,0.000000,0.000000,0.000000,0.000000,0.000000,0.000000,9646
10,11,13.5,0.110291,0.852561,0.000000,0.000000,0.227832,3.473271,0.000000,0.000000,0.000000,0.000000,0.000000,0.000000,0.000000,0.000000,7725
10,11,14,0.101445,0.841631,0.000000,0.000000,0.233706,3.416884,0.000000,0.000000,0.000000,0.000000,0.000000,0.000000,0.000000,0.000000,7334
10,11,14.5,0.100070,0.839880,0.000000,0.000000,0.227625,3.419646,0.000000,0.000000,0.000000,0.000000,0.000000,0.000000,0.000000,0.000000,5676
10,11,15,0.122904,0.839887,0.000000,0.000000,0.256479,3.433457,0.000000,0.000000,0.000000,0.000000,0.000000,0.000000,0.000000,0.000000,5248
10,11,15.5,0.117272,0.843673,0.000000,0.000000,0.268867,3.422540,0.000000,0.000000,0.000000,0.000000,0.000000,0.000000,0.000000,0.000000,4545
10,11,16,0.144451,0.827818,0.000000,0.000000,0.308924,3.350790,0.000000,0.000000,0.000000,0.000000,0.000000,0.000000,0.000000,0.000000,3496
10,11,16.5,0.139089,0.844563,0.000000,0.000000,0.333333,3.397282,0.000000,0.000000,0.000000,0.000000,0.000000,0.000000,0.000000,0.000000,3336
10,11,17,0.125093,0.833198,0.000000,0.000000,0.252420,3.410595,0.000000,0.000000,0.000000,0.000000,0.000000,0.000000,0.000000,0.000000,2686
10,11,17.5,0.115905,0.844434,0.000000,0.000000,0.276650,3.434463,0.000000,0.000000,0.000000,0.000000,0.000000,0.000000,0.000000,0.000000,2364
10,11,18,0.108850,0.850433,0.000000,0.000000,0.265973,3.433281,0.000000,0.000000,0.000000,0.000000,0.000000,0.000000,0.000000,0.000000,2113
10,11,18.5,0.096212,0.835001,0.000000,0.000000,0.274203,3.354758,0.000000,0.000000,0.000000,0.000000,0.000000,0.000000,0.000000,0.000000,1663
10,11,19,0.127581,0.845817,0.000000,0.000000,0.339233,3.401145,0.000000,0.000000,0.000000,0.000000,0.000000,0.000000,0.000000,0.000000,1356
10,11,19.5,0.129771,0.837273,0.000000,0.000000,0.334182,3.352275,0.000000,0.000000,0.000000,0.000000,0.000000,0.000000,0.000000,0.000000,1179
10,11,20,0.171574,0.824370,0.000000,0.000000,0.375635,3.322858,0.000000,0.000000,0.000000,0.000000,0.000000,0.000000,0.000000,0.000000,985
10,11,20.5,0.119760,0.812005,0.000000,0.000000,0.308982,3.262614,0.000000,0.000000,0.000000,0.000000,0.000000,0.000000,0.000000,0.000000,835
10,11,21,0.092199,0.838308,0.000000,0.000000,0.286525,3.384570,0.000000,0.000000,0.000000,0.000000,0.000000,0.000000,0.000000,0.000000,705
10,11,21.5,0.163575,0.841709,0.000000,0.000000,0.384486,3.373250,0.000000,0.000000,0.000000,0.000000,0.000000,0.000000,0.000000,0.000000,593
10,11,22,0.092199,0.835471,0.000000,0.000000,0.283688,3.323776,0.000000,0.000000,0.000000,0.000000,0.000000,0.000000,0.000000,0.000000,423
10,11,22.5,0.147287,0.823268,0.000000,0.000000,0.346253,3.321969,0.000000,0.000000,0.000000,0.000000,0.000000,0.000000,0.000000,0.000000,387
10,11,23,0.187179,0.834195,0.000000,0.000000,0.369231,3.371361,0.000000,0.000000,0.000000,0.000000,0.000000,0.000000,0.000000,0.000000,390
10,11,23.5,0.184211,0.811931,0.000000,0.000000,0.353383,3.318729,0.000000,0.000000,0.000000,0.000000,0.000000,0.000000,0.000000,0.000000,266
10,11,24,0.174672,0.807917,0.000000,0.000000,0.384279,3.275910,0.000000,0.000000,0.000000,0.000000,0.000000,0.000000,0.000000,0.000000,229
10,11,24.5,0.190184,0.890210,0.000000,0.000000,0.331288,3.595770,0.000000,0.000000,0.000000,0.000000,0.000000,0.000000,0.000000,0.000000,163
10,11,25,0.265193,0.769451,0.000000,0.000000,0.651934,3.000397,0.000000,0.000000,0.000000,0.000000,0.000000,0.000000,0.000000,0.000000,181
10,11,25.5,0.139073,0.861453,0.000000,0.000000,0.251656,3.512828,0.000000,0.000000,0.000000,0.000000,0.000000,0.000000,0.000000,0.000000,151
10,11,26,0.214286,0.768367,0.000000,0.000000,0.457143,3.105306,0.000000,0.000000,0.000000,0.000000,0.000000,0.000000,0.000000,0.000000,70
10,11,26.5,0.225806,0.776968,0.000000,0.000000,0.537634,3.022777,0.000000,0.000000,0.000000,0.000000,0.000000,0.000000,0.000000,0.000000,93
10,11,27,0.359551,0.724656,0.000000,0.000000,0.584270,3.074359,0.000000,0.000000,0.000000,0.000000,0.000000,0.000000,0.000000,0.000000,89
10,11,27.5,0.179104,0.773892,0.000000,0.000000,0.597015,2.867454,0.000000,0.000000,0.000000,0.000000,0.000000,0.000000,0.000000,0.000000,67
10,11,28,0.200000,0.880000,0.000000,0.000000,0.360000,3.630400,0.000000,0.000000,0.000000,0.000000,0.000000,0.000000,0.000000,0.000000,50
10,11,28.5,0.100000,0.840000,0.000000,0.000000,0.150000,3.477500,0.000000,0.000000,0.000000,0.000000,0.000000,0.000000,0.000000,0.000000,40
10,11,29,0.294118,0.795848,0.000000,0.000000,0.941176,2.643599,0.000000,0.000000,0.000000,0.000000,0.000000,0.000000,0.000000,0.000000,34
10,11,29.5,-0.173913,0.839319,0.000000,0.000000,-0.521739,3.206049,0.000000,0.000000,0.000000,0.000000,0.000000,0.000000,0.000000,0.000000,23
10,11,30,0.304348,0.820416,0.000000,0.000000,0.521739,3.553875,0.000000,0.000000,0.000000,0.000000,0.000000,0.000000,0.000000,0.000000,23
10,11,30.5,0.428571,0.673469,0.000000,0.000000,1.428571,1.387755,0.000000,0.000000,0.000000,0.000000,0.000000,0.000000,0.000000,0.000000,14
10,11,31,0.071429,0.780612,0.000000,0.000000,0.285714,3.346939,0.000000,0.000000,0.000000,0.000000,0.000000,0.000000,0.000000,0.000000,14
10,11,31.5,0.500000,0.583333,0.000000,0.000000,1.000000,2.333333,0.000000,0.000000,0.000000,0.000000,0.000000,0.000000,0.000000,0.000000,12
10,11,32,0.285714,0.775510,0.000000,0.000000,-0.000000,3.428571,0.000000,0.000000,0.000000,0.000000,0.000000,0.000000,0.000000,0.000000,7
10,11,32.5,-0.285714,0.775510,0.000000,0.000000,0.000000,3.428571,0.000000,0.000000,0.000000,0.000000,0.000000,0.000000,0.000000,0.000000,7
10,11,33,1.000000,0.000000,0.000000,0.000000,2.000000,0.000000,0.000000,0.000000,0.000000,0.000000,0.000000,0.000000,0.000000,0.000000,2
10,11,33.5,0.000000,1.000000,0.000000,0.000000,0.000000,4.000000,0.000000,0.000000,0.000000,0.000000,0.000000,0.000000,0.000000,0.000000,2
10,11,34,0.000000,0.800000,0.000000,0.000000,0.000000,3.200000,0.000000,0.000000,0.000000,0.000000,0.000000,0.000000,0.000000,0.000000,5
10,11,34.5,0.500000,0.750000,0.000000,0.000000,-0.000000,4.000000,0.000000,0.000000,0.000000,0.000000,0.000000,0.000000,0.000000,0.000000,4
10,11,35,1.000000,0.000000,0.000000,0.000000,2.000000,0.000000,0.000000,0.000000,0.000000,0.000000,0.000000,0.000000,0.000000,0.000000,1
10,11,35.5,-1.000000,0.000000,0.000000,0.000000,-2.000000,0.000000,0.000000,0.000000,0.000000,0.000000,0.000000,0.000000,0.000000,0.000000,1
10,11,36,1.000000,0.000000,0.000000,0.000000,2.000000,0.000000,0.000000,0.000000,0.000000,0.000000,0.000000,0.000000,0.000000,0.000000,1
10,11,36.5,1.000000,0.000000,0.000000,0.000000,2.000000,0.000000,0.000000,0.000000,0.000000,0.000000,0.000000,0.000000,0.000000,0.000000,1
10,11,37,-1.000000,0.000000,0.000000,0.000000,-2.000000,0.000000,0.000000,0.000000,0.000000,0.000000,0.000000,0.000000,0.000000,0.000000,1
10,11,38,1.000000,0.000000,0.000000,0.000000,2.000000,0.000000,0.000000,0.000000,0.000000,0.000000,0.000000,0.000000,0.000000,0.000000,1
10,11,38.5,0.000000,0.000000,0.000000,0.000000,-2.000000,0.000000,0.000000,0.000000,0.000000,0.000000,0.000000,0.000000,0.000000,0.000000,1
11,11,-38.5,-1.000000,0.000000,0.000000,0.000000,-2.000000,0.000000,0.000000,0.000000,0.000000,0.000000,0.000000,0.000000,0.000000,0.000000,1
11,11,-37,-1.000000,0.000000,0.000000,0.000000,-2.000000,0.000000,0.000000,0.000000,0.000000,0.000000,0.000000,0.000000,0.000000,0.000000,1
11,11,-36,0.000000,1.000000,0.000000,0.000000,0.000000,4.000000,0.000000,0.000000,0.000000,0.000000,0.000000,0.000000,0.000000,0.000000,2
11,11,-35,0.000000,0.000000,0.000000,0.000000,0.000000,0.000000,0.000000,0.000000,0.000000,0.000000,0.000000,0.000000,0.000000,0.000000,1
11,11,-34,-1.000000,0.000000,0.000000,0.000000,-2.000000,0.000000,0.000000,0.000000,0.000000,0.000000,0.000000,0.000000,0.000000,0.000000,2
11,11,-33.5,-0.800000,0.160000,0.000000,0.000000,-2.000000,0.000000,0.000000,0.000000,0.000000,0.000000,0.000000,0.000000,0.000000,0.000000,5
11,11,-33,-0.333333,0.888889,0.000000,0.000000,-0.666667,3.555556,0.000000,0.000000,0.000000,0.000000,0.000000,0.000000,0.000000,0.000000,6
11,11,-32.5,0.111111,0.987654,0.000000,0.000000,-0.222222,3.950617,0.000000,0.000000,0.000000,0.000000,0.000000,0.000000,0.000000,0.000000,9
11,11,-32,0.100000,0.690000,0.000000,0.000000,-0.600000,3.240000,0.000000,0.000000,0.000000,0.000000,0.000000,0.000000,0.000000,0.000000,10
11,11,-31.5,-0.400000,0.773333,0.000000,0.000000,-0.800000,3.093333,0.000000,0.000000,0.000000,0.000000,0.000000,0.000000,0.000000,0.000000,15
11,11,-31,0.166667,0.805556,0.000000,0.000000,-0.666667,3.555556,0.000000,0.000000,0.000000,0.000000,0.000000,0.000000,0.000000,0.000000,12
11,11,-30.5,-0.142857,0.836735,0.000000,0.000000,-0.500000,3.321429,0.000000,0.000000,0.000000,0.000000,0.000000,0.000000,0.000000,0.000000,28
11,11,-30,-0.388889,0.682099,0.000000,0.000000,-1.333333,1.777778,0.000000,0.000000,0.000000,0.000000,0.000000,0.000000,0.000000,0.000000,18
11,11,-29.5,-0.029412,0.910900,0.000000,0.000000,-0.411765,3.477509,0.000000,0.000000,0.000000,0.000000,0.000000,0.000000,0.000000,0.000000,34
11,11,-29,-0.116279,0.893456,0.000000,0.000000,-0.651163,3.296917,0.000000,0.000000,0.000000,0.000000,0.000000,0.000000,0.000000,0.000000,43
11,11,-28.5,-0.268293,0.781678,0.000000,0.000000,-0.682927,3.240928,0.000000,0.000000,0.000000,0.000000,0.000000,0.000000,0.000000,0.000000,41
11,11,-28,-0.092593,0.861797,0.000000,0.000000,-0.407407,3.463649,0.000000,0.000000,0.000000,0.000000,0.000000,0.000000,0.000000,0.000000,54
11,11,-27.5,0.016949,0.864120,0.000000,0.000000,-0.711864,3.222063,0.000000,0.000000,0.000000,0.000000,0.000000,0.000000,0.000000,0.000000,59
11,11,-27,-0.058824,0.878893,0.000000,0.000000,-0.549020,3.384852,0.000000,0.000000,0.000000,0.000000,0.000000,0.000000,0.000000,0.000000,102
11,11,-26.5,-0.050847,0.895720,0.000000,0.000000,-0.542373,3.434645,0.000000,0.000000,0.000000,0.000000,0.000000,0.000000,0.000000,0.000000,118
11,11,-26,-0.162791,0.880476,0.000000,0.000000,-0.604651,3.355327,0.000000,0.000000,0.000000,0.000000,0.000000,0.000000,0.000000,0.000000,86
11,11,-25.5,-0.144509,0.875071,0.000000,0.000000,-0.520231,3.451903,0.000000,0.000000,0.000000,0.000000,0.000000,0.000000,0.000000,0.000000,173
11,11,-25,-0.176744,0.852482,0.000000,0.000000,-0.446512,3.558767,0.000000,0.000000,0.000000,0.000000,0.000000,0.000000,0.000000,0.000000,215
11,11,-24.5,-0.089474,0.891994,0.000000,0.000000,-0.505263,3.449972,0.000000,0.000000,0.000000,0.000000,0.000000,0.000000,0.000000,0.000000,190
11,11,-24,-0.044944,0.926819,0.000000,0.000000,-0.419476,3.659246,0.000000,0.000000,0.000000,0.000000,0.000000,0.000000,0.000000,0.000000,267
11,11,-23.5,0.018293,0.847226,0.000000,0.000000,-0.182927,3.551904,0.000000,0.000000,0.000000,0.000000,0.000000,0.000000,0.000000,0.000000,328
11,11,-23,-0.006536,0.882310,0.000000,0.000000,-0.244009,3.618020,0.000000,0.000000,0.000000,0.000000,0.000000,0.000000,0.000000,0.000000,459
11,11,-22.5,-0.074689,0.857492,0.000000,0.000000,-0.452282,3.488387,0.000000,0.000000,0.000000,0.000000,0.000000,0.000000,0.000000,0.000000,482
11,11,-22,0.003831,0.896537,0.000000,0.000000,-0.272031,3.719103,0.000000,0.000000,0.000000,0.000000,0.000000,0.000000,0.000000,0.000000,522
11,11,-21.5,-0.069106,0.847528,0.000000,0.000000,-0.447154,3.415229,0.000000,0.000000,0.000000,0.000000,0.000000,0.000000,0.000000,0.000000,738
11,11,-21,0.023284,0.860977,0.000000,0.000000,-0.321078,3.499850,0.000000,0.000000,0.000000,0.000000,0.000000,0.000000,0.000000,0.000000,816
11,11,-20.5,-0.074109,0.884752,0.000000,0.000000,-0.375235,3.596535,0.000000,0.000000,0.000000,0.000000,0.000000,0.000000,0.000000,0.000000,1066
11,11,-20,-0.056067,0.864639,0.000000,0.000000,-0.425105,3.487905,0.000000,0.000000,0.000000,0.000000,0.000000,0.000000,0.000000,0.000000,1195
11,11,-19.5,-0.068382,0.862236,0.000000,0.000000,-0.370588,3.550900,0.000000,0.000000,0.000000,0.000000,0.000000,0.000000,0.000000,0.000000,1360
11,11,-19,-0.034857,0.885071,0.000000,0.000000,-0.293714,3.609732,0.000000,0.000000,0.000000,0.000000,0.000000,0.000000,0.000000,0.000000,1750
11,11,-18.5,0.009462,0.886863,0.000000,0.000000,-0.214143,3.669282,0.000000,0.000000,0.000000,0.000000,0.000000,0.000000,0.000000,0.000000,2008
11,11,-18,-0.030195,0.873939,0.000000,0.000000,-0.261422,3.594749,0.000000,0.000000,0.000000,0.000000,0.000000,0.000000,0.000000,0.000000,2517
11,11,-17.5,0.019366,0.877442,0.000000,0.000000,-0.242958,3.609986,0.000000,0.000000,0.000000,0.000000,0.000000,0.000000,0.000000,0.000000,2840
11,11,-17,-0.005170,0.870409,0.000000,0.000000,-0.277221,3.584538,0.000000,0.000000,0.000000,0.000000,0.000000,0.000000,0.000000,0.000000,3095
11,11,-16.5,0.008454,0.882574,0.000000,0.000000,-0.235704,3.634150,0.000000,0.000000,0.000000,0.000000,0.000000,0.000000,0.000000,0.000000,4022
11,11,-16,0.014656,0.881813,0.000000,0.000000,-0.259491,3.603976,0.000000,0.000000,0.000000,0.000000,0.000000,0.000000,0.000000,0.000000,4162
11,11,-15.5,0.006312,0.886150,0.000000,0.000000,-0.254017,3.629431,0.000000,0.000000,0.000000,0.000000,0.000000,0.000000,0.000000,0.000000,5228
11,11,-15,0.016977,0.876876,0.000000,0.000000,-0.211052,3.631889,0.000000,0.000000,0.000000,0.000000,0.000000,0.000000,0.000000,0.000000,6008
11,11,-14.5,0.002506,0.879434,0.000000,0.000000,-0.254090,3.610604,0.000000,0.000000,0.000000,0.000000,0.000000,0.000000,0.000000,0.000000,6785
11,11,-14,0.007883,0.878747,0.000000,0.000000,-0.191787,3.630943,0.000000,0.000000,0.000000,0.000000,0.000000,0.000000,0.000000,0.000000,8499
11,11,-13.5,0.007667,0.882771,0.000000,0.000000,-0.215983,3.632833,0.000000,0.000000,0.000000,0.000000,0.000000,0.000000,0.000000,0.000000,9260
11,11,-13,0.016290,0.878928,0.000000,0.000000,-0.184732,3.629870,0.000000,0.000000,0.000000,0.000000,0.000000,0.000000,0.000000,0.000000,11357
11,11,-12.5,0.009284,0.879784,0.000000,0.000000,-0.193129,3.630082,0.000000,0.000000,0.000000,0.000000,0.000000,0.000000,0.000000,0.000000,12603
11,11,-12,0.026946,0.881371,0.000000,0.000000,-0.156579,3.648652,0.000000,0.000000,0.000000,0.000000,0.000000,0.000000,0.000000,0.000000,14919
11,11,-11.5,0.037105,0.883994,0.000000,0.000000,-0.117410,3.660022,0.000000,0.000000,0.000000,0.000000,0.000000,0.000000,0.000000,0.000000,16898
11,11,-11,0.033328,0.883755,0.000000,0.000000,-0.123864,3.654149,0.000000,0.000000,0.000000,0.000000,0.000000,0.000000,0.000000,0.000000,19473
11,11,-10.5,0.038586,0.878820,0.000000,0.000000,-0.103325,3.643542,0.000000,0.000000,0.000000,0.000000,0.000000,0.000000,0.000000,0.000000,23402
11,11,-10,0.034402,0.880818,0.000000,0.000000,-0.116627,3.645935,0.000000,0.000000,0.000000,0.000000,0.000000,0.000000,0.000000,0.000000,26975
11,11,-9.5,0.038214,0.880332,0.000000,0.000000,-0.085277,3.658891,0.000000,0.000000,0.000000,0.000000,0.000000,0.000000,0.000000,0.000000,29152
11,11,-9,0.039540,0.879704,0.000000,0.000000,-0.088839,3.651558,0.000000,0.000000,0.000000,0.000000,0.000000,0.000000,0.000000,0.000000,35660
11,11,-8.5,0.055211,0.880281,0.000000,0.000000,-0.048399,3.661166,0.000000,0.000000,0.000000,0.000000,0.000000,0.000000,0.000000,0.000000,39050
11,11,-8,0.051396,0.881998,0.000000,0.000000,-0.069548,3.659537,0.000000,0.000000,0.000000,0.000000,0.000000,0.000000,0.000000,0.000000,46385
11,11,-7.5,0.054694,0.882618,0.000000,0.000000,-0.043284,3.666689,0.000000,0.000000,0.000000,0.000000,0.000000,0.000000,0.000000,0.000000,52583
11,11,-7,0.063592,0.880315,0.000000,0.000000,-0.024709,3.660341,0.000000,0.000000,0.000000,0.000000,0.000000,0.000000,0.000000,0.000000,61596
11,11,-6.5,0.064536,0.880733,0.000000,0.000000,-0.029289,3.669941,0.000000,0.000000,0.000000,0.000000,0.000000,0.000000,0.000000,0.000000,71154
11,11,-6,0.069707,0.881946,0.000000,0.000000,-0.010542,3.673513,0.000000,0.000000,0.000000,0.000000,0.000000,0.000000,0.000000,0.000000,81011
11,11,-5.5,0.068838,0.882262,0.000000,0.000000,-0.004707,3.674511,0.000000,0.000000,0.000000,0.000000,0.000000,0.000000,0.000000,0.000000,94744
11,11,-5,0.073479,0.882352,0.000000,0.000000,0.011627,3.669013,0.000000,0.000000,0.000000,0.000000,0.000000,0.000000,0.000000,0.000000,109052
11,11,-4.5,0.074901,0.881357,0.000000,0.000000,0.020046,3.668411,0.000000,0.000000,0.000000,0.000000,0.000000,0.000000,0.000000,0.000000,125512
11,11,-4,0.076651,0.881656,0.000000,0.000000,0.029126,3.668763,0.000000,0.000000,0.000000,0.000000,0.000000,0.000000,0.000000,0.000000,147499
11,11,-3.5,0.082390,0.881158,0.000000,0.000000,0.039677,3.666509,0.000000,0.000000,0.000000,0.000000,0.000000,0.000000,0.000000,0.000000,169669
11,11,-3,0.089793,0.880478,0.000000,0.000000,0.056334,3.665413,0.000000,0.000000,0.000000,0.000000,0.000000,0.000000,0.000000,0.000000,198423
11,11,-2.5,0.089427,0.879651,0.000000,0.000000,0.062453,3.661518,0.000000,0.000000,0.000000,0.000000,0.000000,0.000000,0.000000,0.000000,232111
11,11,-2,0.095745,0.879321,0.000000,0.000000,0.075727,3.661766,0.000000,0.000000,0.000000,0.000000,0.000000,0.000000,0.000000,0.000000,269414
11,11,-1.5,0.095760,0.879671,0.000000,0.000000,0.082960,3.662799,0.000000,0.000000,0.000000,0.000000,0.000000,0.000000,0.000000,0.000000,320999
11,11,-1,0.097642,0.879488,0.000000,0.000000,0.093912,3.660958,0.000000,0.000000,0.000000,0.000000,0.000000,0.000000,0.000000,0.000000,369218
11,11,-0.5,0.101747,0.879901,0.000000,0.000000,0.103861,3.658610,0.000000,0.000000,0.000000,0.000000,0.000000,0.000000,0.000000,0.000000,436004
11,11,-0,0.104326,0.878622,0.000000,0.000000,0.113676,3.654668,0.000000,0.000000,0.000000,0.000000,0.000000,0.000000,0.000000,0.000000,578311
11,11,0.5,0.107953,0.878784,0.000000,0.000000,0.124660,3.654502,0.000000,0.000000,0.000000,0.000000,0.000000,0.000000,0.000000,0.000000,555574
11,11,1,0.110656,0.878475,0.000000,0.000000,0.137409,3.650914,0.000000,0.000000,0.000000,0.000000,0.000000,0.000000,0.000000,0.000000,425009
11,11,1.5,0.115551,0.877663,0.000000,0.000000,0.148439,3.647471,0.000000,0.000000,0.000000,0.000000,0.000000,0.000000,0.000000,0.000000,374457
11,11,2,0.122181,0.875463,0.000000,0.000000,0.161100,3.638908,0.000000,0.000000,0.000000,0.000000,0.000000,0.000000,0.000000,0.000000,311644
11,11,2.5,0.123549,0.877538,0.000000,0.000000,0.170311,3.642330,0.000000,0.000000,0.000000,0.000000,0.000000,0.000000,0.000000,0.000000,266266
11,11,3,0.122658,0.877357,0.000000,0.000000,0.173269,3.641528,0.000000,0.000000,0.000000,0.000000,0.000000,0.000000,0.000000,0.000000,225106
11,11,3.5,0.128988,0.875670,0.000000,0.000000,0.189721,3.633548,0.000000,0.000000,0.000000,0.000000,0.000000,0.000000,0.000000,0.000000,191165
11,11,4,0.133102,0.874978,0.000000,0.000000,0.198927,3.627818,0.000000,0.000000,0.000000,0.000000,0.000000,0.000000,0.000000,0.000000,163206
11,11,4.5,0.138904,0.874040,0.000000,0.000000,0.219619,3.621331,0.000000,0.000000,0.000000,0.000000,0.000000,0.000000,0.000000,0.000000,137757
11,11,5,0.142463,0.873453,0.000000,0.000000,0.227668,3.619432,0.000000,0.000000,0.000000,0.000000,0.000000,0.000000,0.000000,0.000000,118831
11,11,5.5,0.145704,0.874805,0.000000,0.000000,0.235163,3.620220,0.000000,0.000000,0.000000,0.000000,0.000000,0.000000,0.000000,0.000000,103477
11,11,6,0.145141,0.873977,0.000000,0.000000,0.241292,3.614648,0.000000,0.000000,0.000000,0.000000,0.000000,0.000000,0.000000,0.000000,86302
11,11,6.5,0.150977,0.871953,0.000000,0.000000,0.262206,3.602556,0.000000,0.000000,0.000000,0.000000,0.000000,0.000000,0.000000,0.000000,75475
11,11,7,0.152907,0.872502,0.000000,0.000000,0.261206,3.607494,0.000000,0.000000,0.000000,0.000000,0.000000,0.000000,0.000000,0.000000,64562
11,11,7.5,0.159942,0.869434,0.000000,0.000000,0.281494,3.588044,0.000000,0.000000,0.000000,0.000000,0.000000,0.000000,0.000000,0.000000,55170
11,11,8,0.161445,0.872368,0.000000,0.000000,0.291580,3.593096,0.000000,0.000000,0.000000,0.000000,0.000000,0.000000,0.000000,0.000000,47781
11,11,8.5,0.165639,0.868388,0.000000,0.000000,0.306603,3.571473,0.000000,0.000000,0.000000,0.000000,0.000000,0.000000,0.000000,0.000000,40691
11,11,9,0.181856,0.863795,0.000000,0.000000,0.338114,3.559866,0.000000,0.000000,0.000000,0.000000,0.000000,0.000000,0.000000,0.000000,36254
11,11,9.5,0.172162,0.868043,0.000000,0.000000,0.324187,3.562180,0.000000,0.000000,0.000000,0.000000,0.000000,0.000000,0.000000,0.000000,29995
11,11,10,0.191266,0.861620,0.000000,0.000000,0.362359,3.540405,0.000000,0.000000,0.000000,0.000000,0.000000,0.000000,0.000000,0.000000,26769
11,11,10.5,0.184598,0.863345,0.000000,0.000000,0.359258,3.537587,0.000000,0.000000,0.000000,0.000000,0.000000,0.000000,0.000000,0.000000,23543
11,11,11,0.188602,0.863484,0.000000,0.000000,0.369026,3.534047,0.000000,0.000000,0.000000,0.000000,0.000000,0.000000,0.000000,0.000000,19565
11,11,11.5,0.191650,0.861251,0.000000,0.000000,0.386159,3.521895,0.000000,0.000000,0.000000,0.000000,0.000000,0.000000,0.000000,0.000000,16791
11,11,12,0.189829,0.860484,0.000000,0.000000,0.361572,3.533938,0.000000,0.000000,0.000000,0.000000,0.000000,0.000000,0.000000,0.000000,14708
11,11,12.5,0.188162,0.862687,0.000000,0.000000,0.370455,3.532093,0.000000,0.000000,0.000000,0.000000,0.000000,0.000000,0.000000,0.000000,12266
11,11,13,0.196921,0.859904,0.000000,0.000000,0.394579,3.514262,0.000000,0.000000,0.000000,0.000000,0.000000,0.000000,0.000000,0.000000,10847
11,11,13.5,0.201288,0.859783,0.000000,0.000000,0.401466,3.512413,0.000000,0.000000,0.000000,0.000000,0.000000,0.000000,0.000000,0.000000,9007
11,11,14,0.223467,0.852180,0.000000,0.000000,0.424033,3.505987,0.000000,0.000000,0.000000,0.000000,0.000000,0.000000,0.000000,0.000000,8122
11,11,14.5,0.195517,0.864015,0.000000,0.000000,0.410959,3.501100,0.000000,0.000000,0.000000,0.000000,0.000000,0.000000,0.000000,0.000000,6424
11,11,15,0.211068,0.856479,0.000000,0.000000,0.438099,3.481003,0.000000,0.000000,0.000000,0.000000,0.000000,0.000000,0.000000,0.000000,5638
11,11,15.5,0.205264,0.854418,0.000000,0.000000,0.457050,3.449135,0.000000,0.000000,0.000000,0.000000,0.000000,0.000000,0.000000,0.000000,4901
11,11,16,0.213326,0.857384,0.000000,0.000000,0.457645,3.476512,0.000000,0.000000,0.000000,0.000000,0.000000,0.000000,0.000000,0.000000,3872
11,11,16.5,0.217929,0.848437,0.000000,0.000000,0.442555,3.456901,0.000000,0.000000,0.000000,0.000000,0.000000,0.000000,0.000000,0.000000,3882
11,11,17,0.222335,0.848341,0.000000,0.000000,0.479757,3.441898,0.000000,0.000000,0.000000,0.000000,0.000000,0.000000,0.000000,0.000000,2964
11,11,17.5,0.233103,0.849273,0.000000,0.000000,0.524578,3.400702,0.000000,0.000000,0.000000,0.000000,0.000000,0.000000,0.000000,0.000000,2604
11,11,18,0.246833,0.848204,0.000000,0.000000,0.525120,3.406206,0.000000,0.000000,0.000000,0.000000,0.000000,0.000000,0.000000,0.000000,2289
11,11,18.5,0.254615,0.839080,0.000000,0.000000,0.511401,3.423594,0.000000,0.000000,0.000000,0.000000,0.000000,0.000000,0.000000,0.000000,1842
11,11,19,0.182919,0.868389,0.000000,0.000000,0.429573,3.489145,0.000000,0.000000,0.000000,0.000000,0.000000,0.000000,0.000000,0.000000,1569
11,11,19.5,0.262257,0.836280,0.000000,0.000000,0.616342,3.311951,0.000000,0.000000,0.000000,0.000000,0.000000,0.000000,0.000000,0.000000,1285
11,11,20,0.328717,0.791299,0.000000,0.000000,0.590951,3.314673,0.000000,0.000000,0.000000,0.000000,0.000000,0.000000,0.000000,0.000000,1083
11,11,20.5,0.292308,0.811260,0.000000,0.000000,0.701099,3.134834,0.000000,0.000000,0.000000,0.000000,0.000000,0.000000,0.000000,0.000000,910
11,11,21,0.238402,0.856824,0.000000,0.000000,0.469072,3.491312,0.000000,0.000000,0.000000,0.000000,0.000000,0.000000,0.000000,0.000000,776
11,11,21.5,0.229665,0.859535,0.000000,0.000000,0.513557,3.430040,0.000000,0.000000,0.000000,0.000000,0.000000,0.000000,0.000000,0.000000,627
11,11,22,0.271084,0.840168,0.000000,0.000000,0.658635,3.260980,0.000000,0.000000,0.000000,0.000000,0.000000,0.000000,0.000000,0.000000,498
11,11,22.5,0.270325,0.819201,0.000000,0.000000,0.630081,3.253404,0.000000,0.000000,0.000000,0.000000,0.000000,0.000000,0.000000,0.000000,492
11,11,23,0.221719,0.860343,0.000000,0.000000,0.597285,3.317459,0.000000,0.000000,0.000000,0.000000,0.000000,0.000000,0.000000,0.000000,442
11,11,23.5,0.286219,0.833273,0.000000,0.000000,0.664311,3.290140,0.000000,0.000000,0.000000,0.000000,0.000000,0.000000,0.000000,0.000000,283
11,11,24,0.236641,0.860031,0.000000,0.000000,0.725191,3.153488,0.000000,0.000000,0.000000,0.000000,0.000000,0.000000,0.000000,0.000000,262
11,11,24.5,0.304348,0.830078,0.000000,0.000000,0.608696,3.320311,0.000000,0.000000,0.000000,0.000000,0.000000,0.000000,0.000000,0.000000,207
11,11,25,0.207729,0.850568,0.000000,0.000000,0.521739,3.360639,0.000000,0.000000,0.000000,0.000000,0.000000,0.000000,0.000000,0.000000,207
11,11,25.5,0.341772,0.819901,0.000000,0.000000,0.797468,3.136196,0.000000,0.000000,0.000000,0.000000,0.000000,0.000000,0.000000,0.000000,158
11,11,26,0.382716,0.779454,0.000000,0.000000,0.716049,3.190977,0.000000,0.000000,0.000000,0.000000,0.000000,0.000000,0.000000,0.000000,81
11,11,26.5,0.174312,0.859524,0.000000,0.000000,0.440367,3.402407,0.000000,0.000000,0.000000,0.000000,0.000000,0.000000,0.000000,0.000000,109
11,11,27,0.241758,0.842652,0.000000,0.000000,0.659341,3.257578,0.000000,0.000000,0.000000,0.000000,0.000000,0.000000,0.000000,0.000000,91
11,11,27.5,0.339623,0.828053,0.000000,0.000000,0.603774,3.409042,0.000000,0.000000,0.000000,0.000000,0.000000,0.000000,0.000000,0.000000,53
11,11,28,0.296296,0.838134,0.000000,0.000000,0.814815,3.039781,0.000000,0.000000,0.000000,0.000000,0.000000,0.000000,0.000000,0.000000,54
11,11,28.5,0.480000,0.649600,0.000000,0.000000,0.960000,2.598400,0.000000,0.000000,0.000000,0.000000,0.000000,0.000000,0.000000,0.000000,50
11,11,29,0.000000,0.896552,0.000000,0.000000,0.275862,3.510107,0.000000,0.000000,0.000000,0.000000,0.000000,0.000000,0.000000,0.000000,29
11,11,29.5,0.411765,0.771626,0.000000,0.000000,1.176471,2.380623,0.000000,0.000000,0.000000,0.000000,0.000000,0.000000,0.000000,0.000000,34
11,11,30,-0.071429,0.780612,0.000000,0.000000,-0.142857,3.122449,0.000000,0.000000,0.000000,0.000000,0.000000,0.000000,0.000000,0.000000,14
11,11,30.5,0.133333,0.915556,0.000000,0.000000,0.266667,3.662222,0.000000,0.000000,0.000000,0.000000,0.000000,0.000000,0.000000,0.000000,15
11,11,31,0.285714,0.918367,0.000000,0.000000,0.571429,3.673469,0.000000,0.000000,0.000000,0.000000,0.000000,0.000000,0.000000,0.000000,14
11,11,31.5,-0.100000,0.890000,0.000000,0.000000,0.200000,3.560000,0.000000,0.000000,0.000000,0.000000,0.000000,0.000000,0.000000,0.000000,10
11,11,32,-0.000000,1.000000,0.000000,0.000000,-0.000000,4.000000,0.000000,0.000000,0.000000,0.000000,0.000000,0.000000,0.000000,0.000000,6
11,11,32.5,-0.000000,1.000000,0.000000,0.000000,-0.000000,4.000000,0.000000,0.000000,0.000000,0.000000,0.000000,0.000000,0.000000,0.000000,4
11,11,33,-0.200000,0.960000,0.000000,0.000000,0.400000,3.840000,0.000000,0.000000,0.000000,0.000000,0.000000,0.000000,0.000000,0.000000,5
11,11,33.5,-0.428571,0.816327,0.000000,0.000000,-0.285714,3.918367,0.000000,0.000000,0.000000,0.000000,0.000000,0.000000,0.000000,0.000000,7
11,11,34,1.000000,0.000000,0.000000,0.000000,0.666667,3.555556,0.000000,0.000000,0.000000,0.000000,0.000000,0.000000,0.000000,0.000000,3
11,11,34.5,0.000000,1.000000,0.000000,0.000000,2.000000,0.000000,0.000000,0.000000,0.000000,0.000000,0.000000,0.000000,0.000000,0.000000,2
11,11,35,-0.000000,0.666667,0.000000,0.000000,-0.000000,2.666667,0.000000,0.000000,0.000000,0.000000,0.000000,0.000000,0.000000,0.000000,6
11,11,36,1.000000,0.000000,0.000000,0.000000,2.000000,0.000000,0.000000,0.000000,0.000000,0.000000,0.000000,0.000000,0.000000,0.000000,2
11,11,38,1.000000,0.000000,0.000000,0.000000,2.000000,0.000000,0.000000,0.000000,0.000000,0.000000,0.000000,0.000000,0.000000,0.000000,1
