Strategy,Decks,Penetration,DealerRule,DAS,RAS,Surrender,BlackjackPayout,Iterations,RTP,HouseEdge%,AvgWallet,AvgMoneyBet,NetPer1000,Duration_s
NoStrategy,6,0.4,H17,DAS,NoRAS,NoSurrender,3to2,17000000,0.994354,0.5646,49999.85,26.30,-282.30,209
HiLoStrategy,6,0.40,H17,DAS,NoRAS,NoSurrender,3to2,17000000,0.996365,0.3635,49997.41,713.70,-181.74,232
ZenCountStrategy,6,0.40,H17,DAS,NoRAS,NoSurrender,3to2,17000000,0.997251,0.2749,49997.93,751.42,-137.46,241
MentorStrategy,6,0.40,H17,DAS,NoRAS,NoSurrender,3to2,17000000,0.994343,0.5657,49996.27,659.35,-282.84,242
RPCStrategy,6,0.40,H17,DAS,NoRAS,NoSurrender,3to2,17000000,0.996940,0.3060,49997.71,749.82,-153.01,254
WongHalvesStrategy,6,0.40,H17,DAS,NoRAS,NoSurrender,3to2,17000000,0.993219,0.6781,49995.52,660.81,-339.05,258
OmegaIIStrategy,6,0.40,H17,DAS,NoRAS,NoSurrender,3to2,17000000,0.994440,0.5560,49996.34,657.51,-278.02,258
R14Strategy,6,0.40,H17,DAS,NoRAS,NoSurrender,3to2,17000000,0.994078,0.5922,49996.05,666.78,-296.08,258
RAPCStrategy,6,0.40,H17,DAS,NoRAS,NoSurrender,3to2,17000000,0.996199,0.3801,49997.26,720.48,-190.05,259
