Strategy,Decks,Penetration,DealerRule,DAS,RAS,Surrender,BlackjackPayout,Iterations,RTP,HouseEdge%,AvgWallet,AvgMoneyBet,NetPer1000,Duration_s
NoStrategy,8,0.8,H17,DAS,NoRAS,NoSurrender,3to2,17000000,0.994162,0.5838,49999.60,69.27,-291.92,501
HiLoStrategy,8,0.80,H17,DAS,NoRAS,NoSurrender,3to2,17000000,1.003556,-0.3556,50008.17,2297.59,177.81,573
ZenCountStrategy,8,0.80,H17,DAS,NoRAS,NoSurrender,3to2,17000000,1.004947,-0.4947,50012.27,2479.27,247.37,587
MentorStrategy,8,0.80,H17,DAS,NoRAS,NoSurrender,3to2,17000000,0.994712,0.5288,49989.49,1988.28,-264.41,597
RPCStrategy,8,0.80,H17,DAS,NoRAS,NoSurrender,3to2,17000000,1.004425,-0.4425,50010.90,2463.15,221.25,613
RAPCStrategy,8,0.80,H17,DAS,NoRAS,NoSurrender,3to2,17000000,1.002843,-0.2843,50006.52,2293.61,142.15,623
WongHalvesStrategy,8,0.80,H17,DAS,NoRAS,NoSurrender,3to2,17000000,0.994385,0.5615,49987.74,2183.34,-280.76,628
R14Strategy,8,0.80,H17,DAS,NoRAS,NoSurrender,3to2,17000000,0.994677,0.5323,49987.99,2256.95,-266.15,636
OmegaIIStrategy,8,0.80,H17,DAS,NoRAS,NoSurrender,3to2,17000000,0.994731,0.5269,49990.12,1875.65,-263.44,651
