Strategy,Decks,Penetration,DealerRule,DAS,RAS,Surrender,BlackjackPayout,Iterations,RTP,HouseEdge%,AvgWallet,AvgMoneyBet,NetPer1000,Duration_s
NoStrategy,6,0.5,H17,DAS,NoRAS,NoSurrender,3to2,17000000,0.994370,0.5630,49999.82,32.70,-281.49,238
HiLoStrategy,6,0.50,H17,DAS,NoRAS,NoSurrender,3to2,17000000,1.001165,-0.1165,50001.34,1152.34,58.26,267
ZenCountStrategy,6,0.50,H17,DAS,NoRAS,NoSurrender,3to2,17000000,1.002680,-0.2680,50003.55,1326.03,134.00,272
MentorStrategy,6,0.50,H17,DAS,NoRAS,NoSurrender,3to2,17000000,0.994235,0.5765,49995.27,819.91,-288.24,277
RAPCStrategy,6,0.50,H17,DAS,NoRAS,NoSurrender,3to2,17000000,1.000809,-0.0809,50000.97,1200.76,40.44,292
RPCStrategy,6,0.50,H17,DAS,NoRAS,NoSurrender,3to2,17000000,1.001954,-0.1954,50002.59,1323.16,97.72,293
R14Strategy,6,0.50,H17,DAS,NoRAS,NoSurrender,3to2,17000000,0.994111,0.5889,49995.12,829.11,-294.43,296
OmegaIIStrategy,6,0.50,H17,DAS,NoRAS,NoSurrender,3to2,17000000,0.994332,0.5668,49995.37,817.53,-283.38,297
WongHalvesStrategy,6,0.50,H17,DAS,NoRAS,NoSurrender,3to2,17000000,0.993177,0.6823,49994.39,821.68,-341.14,298
