Strategy,Decks,Penetration,DealerRule,DAS,RAS,Surrender,BlackjackPayout,Iterations,RTP,HouseEdge%,AvgWallet,AvgMoneyBet,NetPer1000,Duration_s
NoStrategy,8,0.3,S17,DAS,NoRAS,NoSurrender,3to2,17000000,0.996016,0.3984,49999.89,26.41,-199.20,210
HiLoStrategy,8,0.30,S17,DAS,NoRAS,NoSurrender,3to2,17000000,0.997173,0.2827,49997.95,724.71,-141.37,230
RAPCStrategy,8,0.30,S17,DAS,NoRAS,NoSurrender,3to2,17000000,0.997501,0.2499,49998.12,752.95,-124.97,232
ZenCountStrategy,8,0.30,S17,DAS,NoRAS,NoSurrender,3to2,17000000,0.998008,0.1992,49998.41,795.94,-99.58,233
RPCStrategy,8,0.30,S17,DAS,NoRAS,NoSurrender,3to2,17000000,0.997892,0.2108,49998.32,797.80,-105.38,236
R14Strategy,8,0.30,S17,DAS,NoRAS,NoSurrender,3to2,17000000,0.995658,0.4342,49997.09,669.47,-217.08,237
MentorStrategy,8,0.30,S17,DAS,NoRAS,NoSurrender,3to2,17000000,0.995813,0.4187,49997.23,662.02,-209.34,237
OmegaIIStrategy,8,0.30,S17,DAS,NoRAS,NoSurrender,3to2,17000000,0.995935,0.4065,49997.32,660.16,-203.26,238
WongHalvesStrategy,8,0.30,S17,DAS,NoRAS,NoSurrender,3to2,17000000,0.994919,0.5081,49996.63,663.50,-254.05,246
