Strategy,Decks,Penetration,DealerRule,DAS,RAS,Surrender,BlackjackPayout,Iterations,RTP,HouseEdge%,AvgWallet,AvgMoneyBet,NetPer1000,Duration_s
NoStrategy,8,0.6,S17,DAS,NoRAS,NoSurrender,3to2,17000000,0.996089,0.3911,49999.80,52.32,-195.53,387
ZenCountStrategy,8,0.60,S17,DAS,NoRAS,NoSurrender,3to2,17000000,1.000992,-0.0992,50001.59,1604.50,49.61,442
HiLoStrategy,8,0.60,S17,DAS,NoRAS,NoSurrender,3to2,17000000,0.999751,0.0249,49999.62,1505.29,-12.46,443
RAPCStrategy,8,0.60,S17,DAS,NoRAS,NoSurrender,3to2,17000000,0.999579,0.0421,49999.36,1517.32,-21.05,452
WongHalvesStrategy,8,0.60,S17,DAS,NoRAS,NoSurrender,3to2,17000000,0.994946,0.5054,49993.35,1314.79,-252.71,458
MentorStrategy,8,0.60,S17,DAS,NoRAS,NoSurrender,3to2,17000000,0.995865,0.4135,49994.57,1312.45,-206.75,459
R14Strategy,8,0.60,S17,DAS,NoRAS,NoSurrender,3to2,17000000,0.995606,0.4394,49994.17,1327.10,-219.71,459
OmegaIIStrategy,8,0.60,S17,DAS,NoRAS,NoSurrender,3to2,17000000,0.996016,0.3984,49994.79,1308.12,-199.21,462
RPCStrategy,8,0.60,S17,DAS,NoRAS,NoSurrender,3to2,17000000,1.000551,-0.0551,50000.88,1598.93,27.56,480
