Strategy,Decks,Penetration,DealerRule,DAS,RAS,Surrender,BlackjackPayout,Iterations,RTP,HouseEdge%,AvgWallet,AvgMoneyBet,NetPer1000,Duration_s
NoStrategy,8,0.7,S17,DAS,NoRAS,NoSurrender,3to2,17000000,0.996006,0.3994,49999.76,61.03,-199.70,449
HiLoStrategy,8,0.70,S17,DAS,NoRAS,NoSurrender,3to2,17000000,1.011042,-1.1042,50040.34,3653.14,552.11,498
RPCStrategy,8,0.70,S17,DAS,NoRAS,NoSurrender,3to2,17000000,1.010827,-1.0827,50048.60,4488.75,541.33,519
ZenCountStrategy,8,0.70,S17,DAS,NoRAS,NoSurrender,3to2,17000000,1.011729,-1.1729,50052.82,4503.41,586.47,522
RAPCStrategy,8,0.70,S17,DAS,NoRAS,NoSurrender,3to2,17000000,1.009711,-0.9711,50037.71,3883.62,485.55,523
MentorStrategy,8,0.70,S17,DAS,NoRAS,NoSurrender,3to2,17000000,0.996437,0.3563,49993.77,1747.54,-178.17,528
OmegaIIStrategy,8,0.70,S17,DAS,NoRAS,NoSurrender,3to2,17000000,0.996838,0.3162,49994.49,1743.63,-158.11,534
R14Strategy,8,0.70,S17,DAS,NoRAS,NoSurrender,3to2,17000000,0.997299,0.2701,49993.25,2500.90,-135.03,539
WongHalvesStrategy,8,0.70,S17,DAS,NoRAS,NoSurrender,3to2,17000000,0.996944,0.3056,49992.65,2406.03,-152.82,543
