Strategy,Decks,Penetration,DealerRule,DAS,RAS,Surrender,BlackjackPayout,Iterations,RTP,HouseEdge%,AvgWallet,AvgMoneyBet,NetPer1000,Duration_s
NoStrategy,6,0.7,S17,DAS,NoRAS,NoSurrender,3to2,17000000,0.996241,0.3759,49999.83,45.88,-187.94,336
HiLoStrategy,6,0.70,S17,DAS,NoRAS,NoSurrender,3to2,17000000,1.004698,-0.4698,50007.06,1502.85,234.89,373
ZenCountStrategy,6,0.70,S17,DAS,NoRAS,NoSurrender,3to2,17000000,1.006194,-0.6194,50010.06,1624.91,309.70,380
RPCStrategy,6,0.70,S17,DAS,NoRAS,NoSurrender,3to2,17000000,1.005479,-0.5479,50008.84,1613.82,273.96,383
RAPCStrategy,6,0.70,S17,DAS,NoRAS,NoSurrender,3to2,17000000,1.003938,-0.3938,50005.92,1503.51,196.91,383
R14Strategy,6,0.70,S17,DAS,NoRAS,NoSurrender,3to2,17000000,0.996221,0.3779,49995.42,1211.35,-188.95,391
MentorStrategy,6,0.70,S17,DAS,NoRAS,NoSurrender,3to2,17000000,0.996079,0.3921,49995.48,1153.11,-196.04,392
OmegaIIStrategy,6,0.70,S17,DAS,NoRAS,NoSurrender,3to2,17000000,0.996187,0.3813,49995.62,1147.64,-190.63,400
WongHalvesStrategy,6,0.70,S17,DAS,NoRAS,NoSurrender,3to2,17000000,0.995578,0.4422,49994.73,1191.54,-221.12,401
