Strategy,Decks,Penetration,DealerRule,DAS,RAS,Surrender,BlackjackPayout,Iterations,RTP,HouseEdge%,AvgWallet,AvgMoneyBet,NetPer1000,Duration_s
NoStrategy,8,0.6,S17,DAS,NoRAS,NoSurrender,3to2,17000000,0.995930,0.4070,49999.79,52.32,-203.51,391
HiLoStrategy,8,0.60,S17,DAS,NoRAS,NoSurrender,3to2,17000000,1.009032,-0.9032,50031.03,3435.43,451.61,432
ZenCountStrategy,8,0.60,S17,DAS,NoRAS,NoSurrender,3to2,17000000,1.009703,-0.9703,50043.43,4475.44,485.17,437
RPCStrategy,8,0.60,S17,DAS,NoRAS,NoSurrender,3to2,17000000,1.008722,-0.8722,50039.12,4484.65,436.10,441
RAPCStrategy,8,0.60,S17,DAS,NoRAS,NoSurrender,3to2,17000000,1.007846,-0.7846,50029.89,3809.12,392.30,442
MentorStrategy,8,0.60,S17,DAS,NoRAS,NoSurrender,3to2,17000000,0.995906,0.4094,49994.60,1319.33,-204.71,454
R14Strategy,8,0.60,S17,DAS,NoRAS,NoSurrender,3to2,17000000,0.996827,0.3173,49995.15,1530.06,-158.63,457
OmegaIIStrategy,8,0.60,S17,DAS,NoRAS,NoSurrender,3to2,17000000,0.996102,0.3898,49994.89,1311.01,-194.89,468
WongHalvesStrategy,8,0.60,S17,DAS,NoRAS,NoSurrender,3to2,17000000,0.996224,0.3776,49994.29,1511.56,-188.82,469
