Strategy,Decks,Penetration,DealerRule,DAS,RAS,Surrender,BlackjackPayout,Iterations,RTP,HouseEdge%,AvgWallet,AvgMoneyBet,NetPer1000,Duration_s
NoStrategy,6,0.7,H17,DAS,NoRAS,NoSurrender,3to2,17000000,0.994410,0.5590,49999.74,45.71,-279.51,328
HiLoStrategy,6,0.70,H17,DAS,NoRAS,NoSurrender,3to2,17000000,1.013166,-1.3166,50042.19,3204.25,658.28,367
ZenCountStrategy,6,0.70,H17,DAS,NoRAS,NoSurrender,3to2,17000000,1.013626,-1.3626,50053.15,3901.05,681.29,380
MentorStrategy,6,0.70,H17,DAS,NoRAS,NoSurrender,3to2,17000000,0.995117,0.4883,49993.67,1296.95,-244.15,393
RAPCStrategy,6,0.70,H17,DAS,NoRAS,NoSurrender,3to2,17000000,1.011635,-1.1635,50038.97,3349.58,581.75,409
WongHalvesStrategy,6,0.70,H17,DAS,NoRAS,NoSurrender,3to2,17000000,0.996069,0.3931,49992.91,1803.43,-196.57,412
R14Strategy,6,0.70,H17,DAS,NoRAS,NoSurrender,3to2,17000000,0.996238,0.3762,49992.96,1872.26,-188.12,413
OmegaIIStrategy,6,0.70,H17,DAS,NoRAS,NoSurrender,3to2,17000000,0.995437,0.4563,49994.03,1307.41,-228.15,418
RPCStrategy,6,0.70,H17,DAS,NoRAS,NoSurrender,3to2,17000000,1.012631,-1.2631,50048.99,3878.52,631.57,422
