Strategy,Decks,Penetration,DealerRule,DAS,RAS,Surrender,BlackjackPayout,Iterations,RTP,HouseEdge%,AvgWallet,AvgMoneyBet,NetPer1000,Duration_s
NoStrategy,6,0.7,H17,DAS,NoRAS,NoSurrender,3to2,17000000,0.994302,0.5698,49999.74,45.71,-284.90,325
HiLoStrategy,6,0.70,H17,DAS,NoRAS,NoSurrender,3to2,17000000,1.002975,-0.2975,50004.45,1496.78,148.74,368
ZenCountStrategy,6,0.70,H17,DAS,NoRAS,NoSurrender,3to2,17000000,1.004374,-0.4374,50007.08,1618.86,218.70,384
MentorStrategy,6,0.70,H17,DAS,NoRAS,NoSurrender,3to2,17000000,0.994331,0.5669,49993.49,1148.67,-283.46,385
RAPCStrategy,6,0.70,H17,DAS,NoRAS,NoSurrender,3to2,17000000,1.002273,-0.2273,50003.40,1497.75,113.65,407
RPCStrategy,6,0.70,H17,DAS,NoRAS,NoSurrender,3to2,17000000,1.003946,-0.3946,50006.34,1607.70,197.30,412
OmegaIIStrategy,6,0.70,H17,DAS,NoRAS,NoSurrender,3to2,17000000,0.994377,0.5623,49993.57,1143.26,-281.13,416
WongHalvesStrategy,6,0.70,H17,DAS,NoRAS,NoSurrender,3to2,17000000,0.993763,0.6237,49992.60,1186.94,-311.83,416
R14Strategy,6,0.70,H17,DAS,NoRAS,NoSurrender,3to2,17000000,0.994571,0.5429,49993.45,1206.67,-271.46,419
