Strategy,Decks,Penetration,DealerRule,DAS,RAS,Surrender,BlackjackPayout,Iterations,RTP,HouseEdge%,AvgWallet,AvgMoneyBet,NetPer1000,Duration_s
NoStrategy,6,0.8,S17,DAS,NoRAS,NoSurrender,3to2,17000000,0.996197,0.3803,49999.80,52.31,-190.15,403
HiLoStrategy,6,0.80,S17,DAS,NoRAS,NoSurrender,3to2,17000000,1.020155,-2.0155,50088.76,4404.08,1007.75,436
ZenCountStrategy,6,0.80,S17,DAS,NoRAS,NoSurrender,3to2,17000000,1.020157,-2.0157,50106.17,5267.34,1007.85,449
RPCStrategy,6,0.80,S17,DAS,NoRAS,NoSurrender,3to2,17000000,1.019285,-1.9285,50100.66,5219.33,964.25,454
MentorStrategy,6,0.80,S17,DAS,NoRAS,NoSurrender,3to2,17000000,0.997870,0.2130,49995.35,2180.90,-106.52,464
RAPCStrategy,6,0.80,S17,DAS,NoRAS,NoSurrender,3to2,17000000,1.018318,-1.8318,50082.58,4508.49,915.88,465
OmegaIIStrategy,6,0.80,S17,DAS,NoRAS,NoSurrender,3to2,17000000,0.998576,0.1424,49996.58,2404.52,-71.21,469
WongHalvesStrategy,6,0.80,S17,DAS,NoRAS,NoSurrender,3to2,17000000,0.998720,0.1280,49995.33,3648.47,-64.01,481
R14Strategy,6,0.80,S17,DAS,NoRAS,NoSurrender,3to2,17000000,0.998289,0.1711,49993.39,3863.47,-85.53,486
