Strategy,Decks,Penetration,DealerRule,DAS,RAS,Surrender,BlackjackPayout,Iterations,RTP,HouseEdge%,AvgWallet,AvgMoneyBet,NetPer1000,Duration_s
NoStrategy,6,0.4,S17,DAS,NoRAS,NoSurrender,3to2,17000000,0.996125,0.3875,49999.90,26.40,-193.76,200
HiLoStrategy,6,0.40,S17,DAS,NoRAS,NoSurrender,3to2,17000000,1.005080,-0.5080,50006.99,1375.80,253.99,230
R14Strategy,6,0.40,S17,DAS,NoRAS,NoSurrender,3to2,17000000,0.995939,0.4061,49997.28,669.33,-203.06,232
MentorStrategy,6,0.40,S17,DAS,NoRAS,NoSurrender,3to2,17000000,0.996053,0.3947,49997.39,661.86,-197.34,233
ZenCountStrategy,6,0.40,S17,DAS,NoRAS,NoSurrender,3to2,17000000,1.006039,-0.6039,50011.06,1832.05,301.96,235
RPCStrategy,6,0.40,S17,DAS,NoRAS,NoSurrender,3to2,17000000,1.005157,-0.5157,50009.50,1842.85,257.83,236
RAPCStrategy,6,0.40,S17,DAS,NoRAS,NoSurrender,3to2,17000000,1.004297,-0.4297,50006.75,1569.88,214.85,238
OmegaIIStrategy,6,0.40,S17,DAS,NoRAS,NoSurrender,3to2,17000000,0.996203,0.3797,49997.49,660.01,-189.87,243
WongHalvesStrategy,6,0.40,S17,DAS,NoRAS,NoSurrender,3to2,17000000,0.995052,0.4948,49996.72,663.36,-247.42,245
