Strategy,Decks,Penetration,DealerRule,DAS,RAS,Surrender,BlackjackPayout,Iterations,RTP,HouseEdge%,AvgWallet,AvgMoneyBet,NetPer1000,Duration_s
NoStrategy,6,0.7,H17,DAS,NoRAS,NoSurrender,3to2,17000000,0.994391,0.5609,49999.74,45.71,-280.45,337
HiLoStrategy,6,0.70,H17,DAS,NoRAS,NoSurrender,3to2,17000000,1.008280,-0.8280,50016.99,2051.63,413.98,367
ZenCountStrategy,6,0.70,H17,DAS,NoRAS,NoSurrender,3to2,17000000,1.009706,-0.9706,50022.94,2362.98,485.32,383
MentorStrategy,6,0.70,H17,DAS,NoRAS,NoSurrender,3to2,17000000,0.994512,0.5488,49993.60,1166.10,-274.39,388
RPCStrategy,6,0.70,H17,DAS,NoRAS,NoSurrender,3to2,17000000,1.008628,-0.8628,50020.24,2346.37,431.38,404
WongHalvesStrategy,6,0.70,H17,DAS,NoRAS,NoSurrender,3to2,17000000,0.994813,0.5187,49992.89,1370.90,-259.35,410
RAPCStrategy,6,0.70,H17,DAS,NoRAS,NoSurrender,3to2,17000000,1.007167,-0.7167,50015.03,2096.74,358.33,413
R14Strategy,6,0.70,H17,DAS,NoRAS,NoSurrender,3to2,17000000,0.995318,0.4682,49993.41,1407.35,-234.11,417
OmegaIIStrategy,6,0.70,H17,DAS,NoRAS,NoSurrender,3to2,17000000,0.994733,0.5267,49993.81,1175.58,-263.35,422
