Strategy,Decks,Penetration,DealerRule,DAS,RAS,Surrender,BlackjackPayout,Iterations,RTP,HouseEdge%,AvgWallet,AvgMoneyBet,NetPer1000,Duration_s
NoStrategy,6,0.3,H17,DAS,NoRAS,NoSurrender,3to2,17000000,0.994390,0.5610,49999.89,19.90,-280.52,149
HiLoStrategy,6,0.30,H17,DAS,NoRAS,NoSurrender,3to2,17000000,1.000141,-0.0141,50000.12,830.00,7.07,167
ZenCountStrategy,6,0.30,H17,DAS,NoRAS,NoSurrender,3to2,17000000,1.001125,-0.1125,50001.25,1112.63,56.27,174
MentorStrategy,6,0.30,H17,DAS,NoRAS,NoSurrender,3to2,17000000,0.994198,0.5802,49997.11,498.88,-290.10,174
RPCStrategy,6,0.30,H17,DAS,NoRAS,NoSurrender,3to2,17000000,1.000774,-0.0774,50000.87,1123.84,38.71,182
OmegaIIStrategy,6,0.30,H17,DAS,NoRAS,NoSurrender,3to2,17000000,0.994430,0.5570,49997.23,497.48,-278.51,183
WongHalvesStrategy,6,0.30,H17,DAS,NoRAS,NoSurrender,3to2,17000000,0.993251,0.6749,49996.63,499.97,-337.44,183
RAPCStrategy,6,0.30,H17,DAS,NoRAS,NoSurrender,3to2,17000000,1.000000,0.0000,50000.00,964.98,-0.01,184
R14Strategy,6,0.30,H17,DAS,NoRAS,NoSurrender,3to2,17000000,0.994091,0.5909,49997.02,504.48,-295.47,184
