Strategy,Decks,Penetration,DealerRule,DAS,RAS,Surrender,BlackjackPayout,Iterations,RTP,HouseEdge%,AvgWallet,AvgMoneyBet,NetPer1000,Duration_s
NoStrategy,6,0.3,S17,DAS,NoRAS,NoSurrender,3to2,17000000,0.996155,0.3845,49999.92,19.97,-192.24,166
HiLoStrategy,6,0.30,S17,DAS,NoRAS,NoSurrender,3to2,17000000,0.998348,0.1652,49999.05,576.32,-82.60,186
RPCStrategy,6,0.30,S17,DAS,NoRAS,NoSurrender,3to2,17000000,0.999103,0.0897,49999.42,644.91,-44.87,190
ZenCountStrategy,6,0.30,S17,DAS,NoRAS,NoSurrender,3to2,17000000,0.999360,0.0640,49999.59,643.58,-31.99,190
MentorStrategy,6,0.30,S17,DAS,NoRAS,NoSurrender,3to2,17000000,0.996041,0.3959,49998.02,500.76,-197.93,191
RAPCStrategy,6,0.30,S17,DAS,NoRAS,NoSurrender,3to2,17000000,0.998414,0.1586,49999.05,601.33,-79.32,192
R14Strategy,6,0.30,S17,DAS,NoRAS,NoSurrender,3to2,17000000,0.995843,0.4157,49997.89,506.40,-207.87,194
OmegaIIStrategy,6,0.30,S17,DAS,NoRAS,NoSurrender,3to2,17000000,0.996207,0.3793,49998.11,499.36,-189.65,198
WongHalvesStrategy,6,0.30,S17,DAS,NoRAS,NoSurrender,3to2,17000000,0.995017,0.4983,49997.50,501.88,-249.15,198
