Strategy,Decks,Penetration,DealerRule,DAS,RAS,Surrender,BlackjackPayout,Iterations,RTP,HouseEdge%,AvgWallet,AvgMoneyBet,NetPer1000,Duration_s
NoStrategy,8,0.6,H17,DAS,NoRAS,NoSurrender,3to2,17000000,0.994185,0.5815,49999.70,52.12,-290.76,418
HiLoStrategy,8,0.60,H17,DAS,NoRAS,NoSurrender,3to2,17000000,1.005486,-0.5486,50014.46,2636.86,274.28,442
RPCStrategy,8,0.60,H17,DAS,NoRAS,NoSurrender,3to2,17000000,1.005531,-0.5531,50018.21,3291.61,276.55,457
MentorStrategy,8,0.60,H17,DAS,NoRAS,NoSurrender,3to2,17000000,0.994013,0.5987,49992.17,1307.83,-299.34,458
RAPCStrategy,8,0.60,H17,DAS,NoRAS,NoSurrender,3to2,17000000,1.004422,-0.4422,50012.63,2856.40,221.08,458
ZenCountStrategy,8,0.60,H17,DAS,NoRAS,NoSurrender,3to2,17000000,1.006454,-0.6454,50021.24,3291.33,322.70,459
OmegaIIStrategy,8,0.60,H17,DAS,NoRAS,NoSurrender,3to2,17000000,0.994228,0.5772,49992.48,1303.51,-288.61,470
R14Strategy,8,0.60,H17,DAS,NoRAS,NoSurrender,3to2,17000000,0.994551,0.5449,49992.27,1418.64,-272.47,471
WongHalvesStrategy,8,0.60,H17,DAS,NoRAS,NoSurrender,3to2,17000000,0.993798,0.6202,49991.30,1403.43,-310.10,479
