Strategy,Decks,Penetration,DealerRule,DAS,RAS,Surrender,BlackjackPayout,Iterations,RTP,HouseEdge%,AvgWallet,AvgMoneyBet,NetPer1000,Duration_s
NoStrategy,6,0.7,H17,DAS,NoRAS,NoSurrender,3to2,17000000,0.994406,0.5594,49999.74,45.71,-279.70,330
HiLoStrategy,6,0.70,H17,DAS,NoRAS,NoSurrender,3to2,17000000,1.015466,-1.5466,50067.46,4361.58,773.29,372
ZenCountStrategy,6,0.70,H17,DAS,NoRAS,NoSurrender,3to2,17000000,1.015468,-1.5468,50084.41,5456.70,773.41,379
MentorStrategy,6,0.70,H17,DAS,NoRAS,NoSurrender,3to2,17000000,0.995485,0.4515,49993.44,1452.02,-225.73,387
RAPCStrategy,6,0.70,H17,DAS,NoRAS,NoSurrender,3to2,17000000,1.013390,-1.3390,50061.82,4617.22,669.49,406
WongHalvesStrategy,6,0.70,H17,DAS,NoRAS,NoSurrender,3to2,17000000,0.996775,0.3225,49992.73,2253.61,-161.23,407
RPCStrategy,6,0.70,H17,DAS,NoRAS,NoSurrender,3to2,17000000,1.014466,-1.4466,50078.49,5426.04,723.31,413
R14Strategy,6,0.70,H17,DAS,NoRAS,NoSurrender,3to2,17000000,0.996793,0.3207,49992.45,2354.43,-160.33,417
OmegaIIStrategy,6,0.70,H17,DAS,NoRAS,NoSurrender,3to2,17000000,0.995971,0.4029,49994.14,1454.95,-201.45,422
