Strategy,Decks,Penetration,DealerRule,DAS,RAS,Surrender,BlackjackPayout,Iterations,RTP,HouseEdge%,AvgWallet,AvgMoneyBet,NetPer1000,Duration_s
NoStrategy,6,0.8,S17,DAS,NoRAS,NoSurrender,3to2,17000000,0.996188,0.3812,49999.80,52.31,-190.60,395
HiLoStrategy,6,0.80,S17,DAS,NoRAS,NoSurrender,3to2,17000000,1.022373,-2.2373,50136.84,6116.00,1118.67,445
ZenCountStrategy,6,0.80,S17,DAS,NoRAS,NoSurrender,3to2,17000000,1.021851,-2.1851,50162.89,7454.65,1092.55,446
RPCStrategy,6,0.80,S17,DAS,NoRAS,NoSurrender,3to2,17000000,1.021223,-2.1223,50156.79,7387.39,1061.17,447
RAPCStrategy,6,0.80,S17,DAS,NoRAS,NoSurrender,3to2,17000000,1.020114,-2.0114,50126.84,6306.24,1005.69,453
R14Strategy,6,0.80,S17,DAS,NoRAS,NoSurrender,3to2,17000000,0.998589,0.1411,49992.47,5337.76,-70.56,458
MentorStrategy,6,0.80,S17,DAS,NoRAS,NoSurrender,3to2,17000000,0.998242,0.1758,49995.12,2776.34,-87.91,460
OmegaIIStrategy,6,0.80,S17,DAS,NoRAS,NoSurrender,3to2,17000000,0.999121,0.0879,49997.28,3097.32,-43.97,476
WongHalvesStrategy,6,0.80,S17,DAS,NoRAS,NoSurrender,3to2,17000000,0.999386,0.0614,49996.92,5019.40,-30.72,482
