Strategy,Decks,Penetration,DealerRule,DAS,RAS,Surrender,BlackjackPayout,Iterations,RTP,HouseEdge%,AvgWallet,AvgMoneyBet,NetPer1000,Duration_s
NoStrategy,8,0.5,H17,DAS,NoRAS,NoSurrender,3to2,17000000,0.994205,0.5795,49999.75,43.45,-289.74,338
MentorStrategy,8,0.50,H17,DAS,NoRAS,NoSurrender,3to2,17000000,0.994056,0.5944,49993.52,1089.38,-297.20,391
HiLoStrategy,8,0.50,H17,DAS,NoRAS,NoSurrender,3to2,17000000,0.998911,0.1089,49998.47,1403.88,-54.44,391
ZenCountStrategy,8,0.50,H17,DAS,NoRAS,NoSurrender,3to2,17000000,1.000155,-0.0155,50000.25,1600.73,7.73,399
WongHalvesStrategy,8,0.50,H17,DAS,NoRAS,NoSurrender,3to2,17000000,0.993054,0.6946,49992.42,1091.75,-347.28,414
R14Strategy,8,0.50,H17,DAS,NoRAS,NoSurrender,3to2,17000000,0.993906,0.6094,49993.29,1101.57,-304.71,416
RAPCStrategy,8,0.50,H17,DAS,NoRAS,NoSurrender,3to2,17000000,0.998704,0.1296,49998.10,1466.42,-64.78,421
OmegaIIStrategy,8,0.50,H17,DAS,NoRAS,NoSurrender,3to2,17000000,0.994200,0.5800,49993.70,1086.20,-290.02,423
RPCStrategy,8,0.50,H17,DAS,NoRAS,NoSurrender,3to2,17000000,0.999794,0.0206,49999.67,1600.57,-10.32,425
