Strategy,Decks,Penetration,DealerRule,DAS,RAS,Surrender,BlackjackPayout,Iterations,RTP,HouseEdge%,AvgWallet,AvgMoneyBet,NetPer1000,Duration_s
NoStrategy,6,0.6,S17,DAS,NoRAS,NoSurrender,3to2,17000000,0.996201,0.3799,49999.85,39.46,-189.97,279
HiLoStrategy,6,0.60,S17,DAS,NoRAS,NoSurrender,3to2,17000000,1.010378,-1.0378,50024.16,2327.92,518.92,313
MentorStrategy,6,0.60,S17,DAS,NoRAS,NoSurrender,3to2,17000000,0.996087,0.3913,49996.12,990.37,-195.67,324
ZenCountStrategy,6,0.60,S17,DAS,NoRAS,NoSurrender,3to2,17000000,1.011167,-1.1167,50032.19,2882.13,558.37,325
R14Strategy,6,0.60,S17,DAS,NoRAS,NoSurrender,3to2,17000000,0.996763,0.3237,49996.50,1082.50,-161.86,326
RPCStrategy,6,0.60,S17,DAS,NoRAS,NoSurrender,3to2,17000000,1.010298,-1.0298,50029.58,2872.49,514.88,329
RAPCStrategy,6,0.60,S17,DAS,NoRAS,NoSurrender,3to2,17000000,1.009289,-0.9289,50023.08,2484.14,464.46,330
OmegaIIStrategy,6,0.60,S17,DAS,NoRAS,NoSurrender,3to2,17000000,0.996226,0.3774,49996.27,987.31,-188.70,333
WongHalvesStrategy,6,0.60,S17,DAS,NoRAS,NoSurrender,3to2,17000000,0.996111,0.3889,49995.83,1072.68,-194.43,338
