Strategy,Decks,Penetration,DealerRule,DAS,RAS,Surrender,BlackjackPayout,Iterations,RTP,HouseEdge%,AvgWallet,AvgMoneyBet,NetPer1000,Duration_s
NoStrategy,6,0.8,S17,DAS,NoRAS,NoSurrender,3to2,17000000,0.996169,0.3831,49999.80,52.31,-191.56,396
HiLoStrategy,6,0.80,S17,DAS,NoRAS,NoSurrender,3to2,17000000,1.014989,-1.4989,50040.54,2704.93,749.45,439
ZenCountStrategy,6,0.80,S17,DAS,NoRAS,NoSurrender,3to2,17000000,1.015730,-1.5730,50048.66,3093.60,786.48,456
RPCStrategy,6,0.80,S17,DAS,NoRAS,NoSurrender,3to2,17000000,1.015169,-1.5169,50046.49,3065.02,758.44,459
MentorStrategy,6,0.80,S17,DAS,NoRAS,NoSurrender,3to2,17000000,0.997198,0.2802,49995.49,1611.04,-140.11,465
RAPCStrategy,6,0.80,S17,DAS,NoRAS,NoSurrender,3to2,17000000,1.013556,-1.3556,50036.93,2724.42,677.81,466
WongHalvesStrategy,6,0.80,S17,DAS,NoRAS,NoSurrender,3to2,17000000,0.997843,0.2157,49995.05,2295.04,-107.85,468
R14Strategy,6,0.80,S17,DAS,NoRAS,NoSurrender,3to2,17000000,0.997736,0.2264,49994.56,2403.84,-113.19,475
OmegaIIStrategy,6,0.80,S17,DAS,NoRAS,NoSurrender,3to2,17000000,0.997744,0.2256,49996.11,1725.38,-112.81,493
