Strategy,Decks,Penetration,DealerRule,DAS,RAS,Surrender,BlackjackPayout,Iterations,RTP,HouseEdge%,AvgWallet,AvgMoneyBet,NetPer1000,Duration_s
NoStrategy,6,0.6,S17,DAS,NoRAS,NoSurrender,3to2,17000000,0.996150,0.3850,49999.85,39.46,-192.48,283
HiLoStrategy,6,0.60,S17,DAS,NoRAS,NoSurrender,3to2,17000000,1.001840,-0.1840,50002.21,1200.09,92.00,316
ZenCountStrategy,6,0.60,S17,DAS,NoRAS,NoSurrender,3to2,17000000,1.003172,-0.3172,50004.09,1290.21,158.60,322
MentorStrategy,6,0.60,S17,DAS,NoRAS,NoSurrender,3to2,17000000,0.996027,0.3973,49996.07,989.80,-198.67,326
RAPCStrategy,6,0.60,S17,DAS,NoRAS,NoSurrender,3to2,17000000,1.001461,-0.1461,50001.76,1207.00,73.03,330
RPCStrategy,6,0.60,S17,DAS,NoRAS,NoSurrender,3to2,17000000,1.002579,-0.2579,50003.31,1283.73,128.95,331
R14Strategy,6,0.60,S17,DAS,NoRAS,NoSurrender,3to2,17000000,0.995804,0.4196,49995.80,1000.88,-209.79,332
OmegaIIStrategy,6,0.60,S17,DAS,NoRAS,NoSurrender,3to2,17000000,0.996273,0.3727,49996.32,986.54,-186.33,340
WongHalvesStrategy,6,0.60,S17,DAS,NoRAS,NoSurrender,3to2,17000000,0.995072,0.4928,49995.11,991.55,-246.42,344
