UserValue,DealerValue,TrueCount,Hit EV,Hit Variance,Stand EV,Stand Variance,Double EV,Double Variance,Split EV,Split Variance,Surrender EV,Surrender Variance,Insurance Accept EV,Insurance Accept Variance,Insurance Decline EV,Insurance Decline Variance,Hands Played
12,2,-50.5,-1.000000,0.000000,-1.000000,0.000000,0.000000,0.000000,0.000000,0.000000,0.000000,0.000000,0.000000,0.000000,0.000000,0.000000,1
12,2,-49,-1.000000,0.000000,-1.000000,0.000000,0.000000,0.000000,0.000000,0.000000,0.000000,0.000000,0.000000,0.000000,0.000000,0.000000,1
12,2,-47.5,-0.333333,0.888889,-0.333333,0.888889,0.000000,0.000000,0.000000,0.000000,0.000000,0.000000,0.000000,0.000000,0.000000,0.000000,3
12,2,-47,-0.500000,0.250000,-1.000000,0.000000,0.000000,0.000000,0.000000,0.000000,0.000000,0.000000,0.000000,0.000000,0.000000,0.000000,2
12,2,-46,-1.000000,0.000000,-1.000000,0.000000,0.000000,0.000000,0.000000,0.000000,0.000000,0.000000,0.000000,0.000000,0.000000,0.000000,1
12,2,-45.5,0.000000,1.000000,-1.000000,0.000000,0.000000,0.000000,0.000000,0.000000,0.000000,0.000000,0.000000,0.000000,0.000000,0.000000,2
12,2,-45,0.000000,1.000000,-1.000000,0.000000,0.000000,0.000000,0.000000,0.000000,0.000000,0.000000,0.000000,0.000000,0.000000,0.000000,2
12,2,-44.5,0.000000,0.666667,-1.000000,0.000000,0.000000,0.000000,0.000000,0.000000,0.000000,0.000000,0.000000,0.000000,0.000000,0.000000,3
12,2,-44,-0.333333,0.888889,-1.000000,0.000000,0.000000,0.000000,0.000000,0.000000,0.000000,0.000000,0.000000,0.000000,0.000000,0.000000,3
12,2,-43.5,-0.000000,1.000000,-1.000000,0.000000,0.000000,0.000000,0.000000,0.000000,0.000000,0.000000,0.000000,0.000000,0.000000,0.000000,4
12,2,-43,-1.000000,0.000000,-0.333333,0.888889,0.000000,0.000000,0.000000,0.000000,0.000000,0.000000,0.000000,0.000000,0.000000,0.000000,3
12,2,-42.5,-0.200000,0.960000,-1.000000,0.000000,0.000000,0.000000,0.000000,0.000000,0.000000,0.000000,0.000000,0.000000,0.000000,0.000000,5
12,2,-42,0.333333,0.888889,-0.333333,0.888889,0.000000,0.000000,0.000000,0.000000,0.000000,0.000000,0.000000,0.000000,0.000000,0.000000,3
12,2,-41.5,-0.000000,1.000000,-0.333333,0.888889,0.000000,0.000000,0.000000,0.000000,0.000000,0.000000,0.000000,0.000000,0.000000,0.000000,6
12,2,-41,0.272727,0.925620,-0.636364,0.595041,0.000000,0.000000,0.000000,0.000000,0.000000,0.000000,0.000000,0.000000,0.000000,0.000000,11
12,2,-40.5,0.090909,0.809917,-0.636364,0.595041,0.000000,0.000000,0.000000,0.000000,0.000000,0.000000,0.000000,0.000000,0.000000,0.000000,11
12,2,-40,-0.800000,0.360000,-0.800000,0.360000,0.000000,0.000000,0.000000,0.000000,0.000000,0.000000,0.000000,0.000000,0.000000,0.000000,10
12,2,-39.5,-0.000000,1.000000,-0.750000,0.437500,0.000000,0.000000,0.000000,0.000000,0.000000,0.000000,0.000000,0.000000,0.000000,0.000000,8
12,2,-39,-0.400000,0.840000,-0.700000,0.510000,0.000000,0.000000,0.000000,0.000000,0.000000,0.000000,0.000000,0.000000,0.000000,0.000000,20
12,2,-38.5,-0.333333,0.888889,-0.166667,0.972222,0.000000,0.000000,0.000000,0.000000,0.000000,0.000000,0.000000,0.000000,0.000000,0.000000,12
12,2,-38,-0.296296,0.801097,-0.407407,0.834019,0.000000,0.000000,0.000000,0.000000,0.000000,0.000000,0.000000,0.000000,0.000000,0.000000,27
12,2,-37.5,-0.516129,0.572320,-0.290323,0.915713,0.000000,0.000000,0.000000,0.000000,0.000000,0.000000,0.000000,0.000000,0.000000,0.000000,31
12,2,-37,-0.187500,0.777344,-0.750000,0.437500,0.000000,0.000000,0.000000,0.000000,0.000000,0.000000,0.000000,0.000000,0.000000,0.000000,16
12,2,-36.5,-0.428571,0.702041,-0.714286,0.489796,0.000000,0.000000,0.000000,0.000000,0.000000,0.000000,0.000000,0.000000,0.000000,0.000000,35
12,2,-36,-0.123288,0.930006,-0.616438,0.620004,0.000000,0.000000,0.000000,0.000000,0.000000,0.000000,0.000000,0.000000,0.000000,0.000000,73
12,2,-35.5,-0.357143,0.801020,-0.571429,0.673469,0.000000,0.000000,0.000000,0.000000,0.000000,0.000000,0.000000,0.000000,0.000000,0.000000,28
12,2,-35,-0.125000,0.984375,-0.625000,0.609375,0.000000,0.000000,0.000000,0.000000,0.000000,0.000000,0.000000,0.000000,0.000000,0.000000,48
12,2,-34.5,-0.319444,0.884066,-0.333333,0.888889,0.000000,0.000000,0.000000,0.000000,0.000000,0.000000,0.000000,0.000000,0.000000,0.000000,72
12,2,-34,-0.321739,0.844310,-0.617391,0.618828,0.000000,0.000000,0.000000,0.000000,0.000000,0.000000,0.000000,0.000000,0.000000,0.000000,115
12,2,-33.5,-0.272727,0.821724,-0.402597,0.837915,0.000000,0.000000,0.000000,0.000000,0.000000,0.000000,0.000000,0.000000,0.000000,0.000000,77
12,2,-33,-0.438017,0.742026,-0.421488,0.822348,0.000000,0.000000,0.000000,0.000000,0.000000,0.000000,0.000000,0.000000,0.000000,0.000000,121
12,2,-32.5,-0.198020,0.891481,-0.534653,0.714146,0.000000,0.000000,0.000000,0.000000,0.000000,0.000000,0.000000,0.000000,0.000000,0.000000,202
12,2,-32,-0.253846,0.835562,-0.430769,0.814438,0.000000,0.000000,0.000000,0.000000,0.000000,0.000000,0.000000,0.000000,0.000000,0.000000,130
12,2,-31.5,-0.322148,0.835818,-0.597315,0.643214,0.000000,0.000000,0.000000,0.000000,0.000000,0.000000,0.000000,0.000000,0.000000,0.000000,149
12,2,-31,-0.271293,0.860154,-0.520505,0.729075,0.000000,0.000000,0.000000,0.000000,0.000000,0.000000,0.000000,0.000000,0.000000,0.000000,317
12,2,-30.5,-0.334694,0.826756,-0.420408,0.823257,0.000000,0.000000,0.000000,0.000000,0.000000,0.000000,0.000000,0.000000,0.000000,0.000000,245
12,2,-30,-0.164234,0.910984,-0.583942,0.659012,0.000000,0.000000,0.000000,0.000000,0.000000,0.000000,0.000000,0.000000,0.000000,0.000000,274
12,2,-29.5,-0.167192,0.896337,-0.545741,0.702166,0.000000,0.000000,0.000000,0.000000,0.000000,0.000000,0.000000,0.000000,0.000000,0.000000,317
12,2,-29,-0.290870,0.851700,-0.477707,0.771796,0.000000,0.000000,0.000000,0.000000,0.000000,0.000000,0.000000,0.000000,0.000000,0.000000,471
12,2,-28.5,-0.230392,0.868488,-0.450980,0.796617,0.000000,0.000000,0.000000,0.000000,0.000000,0.000000,0.000000,0.000000,0.000000,0.000000,408
12,2,-28,-0.283058,0.843432,-0.528926,0.720238,0.000000,0.000000,0.000000,0.000000,0.000000,0.000000,0.000000,0.000000,0.000000,0.000000,484
12,2,-27.5,-0.217557,0.890328,-0.503817,0.746169,0.000000,0.000000,0.000000,0.000000,0.000000,0.000000,0.000000,0.000000,0.000000,0.000000,786
12,2,-27,-0.319635,0.838473,-0.461187,0.787306,0.000000,0.000000,0.000000,0.000000,0.000000,0.000000,0.000000,0.000000,0.000000,0.000000,438
12,2,-26.5,-0.282609,0.834625,-0.434783,0.810964,0.000000,0.000000,0.000000,0.000000,0.000000,0.000000,0.000000,0.000000,0.000000,0.000000,690
12,2,-26,-0.251484,0.872216,-0.474777,0.774586,0.000000,0.000000,0.000000,0.000000,0.000000,0.000000,0.000000,0.000000,0.000000,0.000000,1348
12,2,-25.5,-0.223978,0.895001,-0.498141,0.751855,0.000000,0.000000,0.000000,0.000000,0.000000,0.000000,0.000000,0.000000,0.000000,0.000000,1076
12,2,-25,-0.187342,0.896549,-0.501266,0.748733,0.000000,0.000000,0.000000,0.000000,0.000000,0.000000,0.000000,0.000000,0.000000,0.000000,790
12,2,-24.5,-0.250288,0.871188,-0.483314,0.766407,0.000000,0.000000,0.000000,0.000000,0.000000,0.000000,0.000000,0.000000,0.000000,0.000000,1738
12,2,-24,-0.222802,0.864666,-0.475410,0.773985,0.000000,0.000000,0.000000,0.000000,0.000000,0.000000,0.000000,0.000000,0.000000,0.000000,1342
12,2,-23.5,-0.237120,0.866183,-0.466170,0.782685,0.000000,0.000000,0.000000,0.000000,0.000000,0.000000,0.000000,0.000000,0.000000,0.000000,1611
12,2,-23,-0.263113,0.858545,-0.471195,0.777975,0.000000,0.000000,0.000000,0.000000,0.000000,0.000000,0.000000,0.000000,0.000000,0.000000,2326
12,2,-22.5,-0.255371,0.866915,-0.479492,0.770087,0.000000,0.000000,0.000000,0.000000,0.000000,0.000000,0.000000,0.000000,0.000000,0.000000,2048
12,2,-22,-0.227571,0.883004,-0.433698,0.811906,0.000000,0.000000,0.000000,0.000000,0.000000,0.000000,0.000000,0.000000,0.000000,0.000000,2285
12,2,-21.5,-0.253381,0.866047,-0.475445,0.773952,0.000000,0.000000,0.000000,0.000000,0.000000,0.000000,0.000000,0.000000,0.000000,0.000000,2810
12,2,-21,-0.222918,0.887922,-0.445054,0.801927,0.000000,0.000000,0.000000,0.000000,0.000000,0.000000,0.000000,0.000000,0.000000,0.000000,3831
12,2,-20.5,-0.241644,0.877103,-0.429144,0.815835,0.000000,0.000000,0.000000,0.000000,0.000000,0.000000,0.000000,0.000000,0.000000,0.000000,2992
12,2,-20,-0.247202,0.878362,-0.425229,0.819180,0.000000,0.000000,0.000000,0.000000,0.000000,0.000000,0.000000,0.000000,0.000000,0.000000,3932
12,2,-19.5,-0.226016,0.887941,-0.422764,0.821270,0.000000,0.000000,0.000000,0.000000,0.000000,0.000000,0.000000,0.000000,0.000000,0.000000,4920
12,2,-19,-0.239213,0.881839,-0.406510,0.834749,0.000000,0.000000,0.000000,0.000000,0.000000,0.000000,0.000000,0.000000,0.000000,0.000000,5284
12,2,-18.5,-0.241218,0.879968,-0.435725,0.810144,0.000000,0.000000,0.000000,0.000000,0.000000,0.000000,0.000000,0.000000,0.000000,0.000000,5352
12,2,-18,-0.252689,0.874408,-0.425339,0.819087,0.000000,0.000000,0.000000,0.000000,0.000000,0.000000,0.000000,0.000000,0.000000,0.000000,7159
12,2,-17.5,-0.244043,0.880515,-0.408664,0.832994,0.000000,0.000000,0.000000,0.000000,0.000000,0.000000,0.000000,0.000000,0.000000,0.000000,8310
12,2,-17,-0.222551,0.893234,-0.410168,0.831762,0.000000,0.000000,0.000000,0.000000,0.000000,0.000000,0.000000,0.000000,0.000000,0.000000,6412
12,2,-16.5,-0.251313,0.875764,-0.400762,0.839390,0.000000,0.000000,0.000000,0.000000,0.000000,0.000000,0.000000,0.000000,0.000000,0.000000,9709
12,2,-16,-0.247030,0.883578,-0.405445,0.835614,0.000000,0.000000,0.000000,0.000000,0.000000,0.000000,0.000000,0.000000,0.000000,0.000000,9513
12,2,-15.5,-0.238307,0.887633,-0.399167,0.840666,0.000000,0.000000,0.000000,0.000000,0.000000,0.000000,0.000000,0.000000,0.000000,0.000000,10562
12,2,-15,-0.248834,0.879168,-0.404053,0.836741,0.000000,0.000000,0.000000,0.000000,0.000000,0.000000,0.000000,0.000000,0.000000,0.000000,11152
12,2,-14.5,-0.250771,0.878460,-0.394021,0.844748,0.000000,0.000000,0.000000,0.000000,0.000000,0.000000,0.000000,0.000000,0.000000,0.000000,14918
12,2,-14,-0.231717,0.888362,-0.388271,0.849245,0.000000,0.000000,0.000000,0.000000,0.000000,0.000000,0.000000,0.000000,0.000000,0.000000,15739
12,2,-13.5,-0.247943,0.880915,-0.383911,0.852612,0.000000,0.000000,0.000000,0.000000,0.000000,0.000000,0.000000,0.000000,0.000000,0.000000,17254
12,2,-13,-0.250726,0.879393,-0.386197,0.850852,0.000000,0.000000,0.000000,0.000000,0.000000,0.000000,0.000000,0.000000,0.000000,0.000000,17214
12,2,-12.5,-0.240984,0.884263,-0.390872,0.847219,0.000000,0.000000,0.000000,0.000000,0.000000,0.000000,0.000000,0.000000,0.000000,0.000000,21296
12,2,-12,-0.245143,0.881872,-0.369426,0.863525,0.000000,0.000000,0.000000,0.000000,0.000000,0.000000,0.000000,0.000000,0.000000,0.000000,23366
12,2,-11.5,-0.243693,0.883471,-0.375647,0.858890,0.000000,0.000000,0.000000,0.000000,0.000000,0.000000,0.000000,0.000000,0.000000,0.000000,25130
12,2,-11,-0.252853,0.881630,-0.361759,0.869131,0.000000,0.000000,0.000000,0.000000,0.000000,0.000000,0.000000,0.000000,0.000000,0.000000,28566
12,2,-10.5,-0.243580,0.884977,-0.364531,0.867117,0.000000,0.000000,0.000000,0.000000,0.000000,0.000000,0.000000,0.000000,0.000000,0.000000,29789
12,2,-10,-0.245960,0.881356,-0.367329,0.865070,0.000000,0.000000,0.000000,0.000000,0.000000,0.000000,0.000000,0.000000,0.000000,0.000000,39417
12,2,-9.5,-0.246367,0.882860,-0.354886,0.874056,0.000000,0.000000,0.000000,0.000000,0.000000,0.000000,0.000000,0.000000,0.000000,0.000000,34335
12,2,-9,-0.247281,0.883996,-0.352264,0.875910,0.000000,0.000000,0.000000,0.000000,0.000000,0.000000,0.000000,0.000000,0.000000,0.000000,44407
12,2,-8.5,-0.242852,0.887852,-0.355437,0.873664,0.000000,0.000000,0.000000,0.000000,0.000000,0.000000,0.000000,0.000000,0.000000,0.000000,45814
12,2,-8,-0.249472,0.883500,-0.356906,0.872618,0.000000,0.000000,0.000000,0.000000,0.000000,0.000000,0.000000,0.000000,0.000000,0.000000,53000
12,2,-7.5,-0.250190,0.883408,-0.338695,0.885286,0.000000,0.000000,0.000000,0.000000,0.000000,0.000000,0.000000,0.000000,0.000000,0.000000,59059
12,2,-7,-0.246556,0.885165,-0.344441,0.881361,0.000000,0.000000,0.000000,0.000000,0.000000,0.000000,0.000000,0.000000,0.000000,0.000000,61041
12,2,-6.5,-0.240201,0.888075,-0.342416,0.882751,0.000000,0.000000,0.000000,0.000000,0.000000,0.000000,0.000000,0.000000,0.000000,0.000000,70978
12,2,-6,-0.238940,0.890108,-0.332447,0.889479,0.000000,0.000000,0.000000,0.000000,0.000000,0.000000,0.000000,0.000000,0.000000,0.000000,83523
12,2,-5.5,-0.243445,0.887484,-0.335125,0.887691,0.000000,0.000000,0.000000,0.000000,0.000000,0.000000,0.000000,0.000000,0.000000,0.000000,81501
12,2,-5,-0.246829,0.885775,-0.332649,0.889345,0.000000,0.000000,0.000000,0.000000,0.000000,0.000000,0.000000,0.000000,0.000000,0.000000,86716
12,2,-4.5,-0.247526,0.886973,-0.329786,0.891241,0.000000,0.000000,0.000000,0.000000,0.000000,0.000000,0.000000,0.000000,0.000000,0.000000,112582
12,2,-4,-0.245742,0.888362,-0.322868,0.895757,0.000000,0.000000,0.000000,0.000000,0.000000,0.000000,0.000000,0.000000,0.000000,0.000000,117017
12,2,-3.5,-0.248656,0.886797,-0.313697,0.901594,0.000000,0.000000,0.000000,0.000000,0.000000,0.000000,0.000000,0.000000,0.000000,0.000000,124228
12,2,-3,-0.251214,0.885925,-0.313494,0.901721,0.000000,0.000000,0.000000,0.000000,0.000000,0.000000,0.000000,0.000000,0.000000,0.000000,145840
12,2,-2.5,-0.246597,0.888463,-0.315588,0.900404,0.000000,0.000000,0.000000,0.000000,0.000000,0.000000,0.000000,0.000000,0.000000,0.000000,158238
12,2,-2,-0.251134,0.887235,-0.299771,0.910137,0.000000,0.000000,0.000000,0.000000,0.000000,0.000000,0.000000,0.000000,0.000000,0.000000,162304
12,2,-1.5,-0.248960,0.888207,-0.303943,0.907619,0.000000,0.000000,0.000000,0.000000,0.000000,0.000000,0.000000,0.000000,0.000000,0.000000,191039
12,2,-1,-0.250004,0.888427,-0.301191,0.909284,0.000000,0.000000,0.000000,0.000000,0.000000,0.000000,0.000000,0.000000,0.000000,0.000000,204093
12,2,-0.5,-0.258500,0.884556,-0.295657,0.912587,0.000000,0.000000,0.000000,0.000000,0.000000,0.000000,0.000000,0.000000,0.000000,0.000000,162066
12,2,0,-0.248689,0.889092,-0.291000,0.915319,0.000000,0.000000,0.000000,0.000000,0.000000,0.000000,0.000000,0.000000,0.000000,0.000000,520288
12,2,0.5,-0.258317,0.885534,-0.286826,0.917731,0.000000,0.000000,0.000000,0.000000,0.000000,0.000000,0.000000,0.000000,0.000000,0.000000,232664
12,2,1,-0.253712,0.887207,-0.284840,0.918866,0.000000,0.000000,0.000000,0.000000,0.000000,0.000000,0.000000,0.000000,0.000000,0.000000,217747
12,2,1.5,-0.252690,0.889214,-0.279093,0.922107,0.000000,0.000000,0.000000,0.000000,0.000000,0.000000,0.000000,0.000000,0.000000,0.000000,269932
12,2,2,-0.254941,0.887989,-0.271366,0.926361,0.000000,0.000000,0.000000,0.000000,0.000000,0.000000,0.000000,0.000000,0.000000,0.000000,245300
12,2,2.5,-0.250813,0.890674,-0.272207,0.925903,0.000000,0.000000,0.000000,0.000000,0.000000,0.000000,0.000000,0.000000,0.000000,0.000000,211791
12,2,3,-0.253424,0.889438,-0.272944,0.925502,0.000000,0.000000,0.000000,0.000000,0.000000,0.000000,0.000000,0.000000,0.000000,0.000000,181147
12,2,3.5,-0.258054,0.887673,-0.263980,0.930314,0.000000,0.000000,0.000000,0.000000,0.000000,0.000000,0.000000,0.000000,0.000000,0.000000,149515
12,2,4,-0.262913,0.884309,-0.263395,0.930623,0.000000,0.000000,0.000000,0.000000,0.000000,0.000000,0.000000,0.000000,0.000000,0.000000,149418
12,2,4.5,-0.253034,0.890360,-0.257635,0.933624,0.000000,0.000000,0.000000,0.000000,0.000000,0.000000,0.000000,0.000000,0.000000,0.000000,133425
12,2,5,-0.259252,0.886692,-0.255687,0.934624,0.000000,0.000000,0.000000,0.000000,0.000000,0.000000,0.000000,0.000000,0.000000,0.000000,115301
12,2,5.5,-0.256300,0.889896,-0.253167,0.935906,0.000000,0.000000,0.000000,0.000000,0.000000,0.000000,0.000000,0.000000,0.000000,0.000000,104358
12,2,6,-0.251689,0.892552,-0.246700,0.939139,0.000000,0.000000,0.000000,0.000000,0.000000,0.000000,0.000000,0.000000,0.000000,0.000000,104625
12,2,6.5,-0.254779,0.891516,-0.245662,0.939650,0.000000,0.000000,0.000000,0.000000,0.000000,0.000000,0.000000,0.000000,0.000000,0.000000,88406
12,2,7,-0.254501,0.891074,-0.238406,0.943163,0.000000,0.000000,0.000000,0.000000,0.000000,0.000000,0.000000,0.000000,0.000000,0.000000,76978
12,2,7.5,-0.261625,0.888198,-0.233901,0.945290,0.000000,0.000000,0.000000,0.000000,0.000000,0.000000,0.000000,0.000000,0.000000,0.000000,74087
12,2,8,-0.262035,0.888624,-0.229125,0.947502,0.000000,0.000000,0.000000,0.000000,0.000000,0.000000,0.000000,0.000000,0.000000,0.000000,66911
12,2,8.5,-0.261345,0.887082,-0.229541,0.947311,0.000000,0.000000,0.000000,0.000000,0.000000,0.000000,0.000000,0.000000,0.000000,0.000000,57602
12,2,9,-0.262456,0.887350,-0.214291,0.954079,0.000000,0.000000,0.000000,0.000000,0.000000,0.000000,0.000000,0.000000,0.000000,0.000000,55476
12,2,9.5,-0.263299,0.887036,-0.223681,0.949967,0.000000,0.000000,0.000000,0.000000,0.000000,0.000000,0.000000,0.000000,0.000000,0.000000,44778
12,2,10,-0.260589,0.891303,-0.220842,0.951229,0.000000,0.000000,0.000000,0.000000,0.000000,0.000000,0.000000,0.000000,0.000000,0.000000,47903
12,2,10.5,-0.259290,0.890723,-0.211735,0.955168,0.000000,0.000000,0.000000,0.000000,0.000000,0.000000,0.000000,0.000000,0.000000,0.000000,38482
12,2,11,-0.266412,0.889199,-0.204804,0.958055,0.000000,0.000000,0.000000,0.000000,0.000000,0.000000,0.000000,0.000000,0.000000,0.000000,36635
12,2,11.5,-0.257185,0.891482,-0.208369,0.956583,0.000000,0.000000,0.000000,0.000000,0.000000,0.000000,0.000000,0.000000,0.000000,0.000000,31977
12,2,12,-0.269181,0.886695,-0.197835,0.960861,0.000000,0.000000,0.000000,0.000000,0.000000,0.000000,0.000000,0.000000,0.000000,0.000000,29378
12,2,12.5,-0.257594,0.895617,-0.197335,0.961059,0.000000,0.000000,0.000000,0.000000,0.000000,0.000000,0.000000,0.000000,0.000000,0.000000,26270
12,2,13,-0.262035,0.891312,-0.188913,0.964312,0.000000,0.000000,0.000000,0.000000,0.000000,0.000000,0.000000,0.000000,0.000000,0.000000,21936
12,2,13.5,-0.269599,0.886523,-0.187642,0.964791,0.000000,0.000000,0.000000,0.000000,0.000000,0.000000,0.000000,0.000000,0.000000,0.000000,21621
12,2,14,-0.267714,0.890231,-0.169953,0.971116,0.000000,0.000000,0.000000,0.000000,0.000000,0.000000,0.000000,0.000000,0.000000,0.000000,19476
12,2,14.5,-0.260730,0.892845,-0.188126,0.964609,0.000000,0.000000,0.000000,0.000000,0.000000,0.000000,0.000000,0.000000,0.000000,0.000000,18966
12,2,15,-0.260616,0.892034,-0.174763,0.969458,0.000000,0.000000,0.000000,0.000000,0.000000,0.000000,0.000000,0.000000,0.000000,0.000000,14059
12,2,15.5,-0.269378,0.889369,-0.181373,0.967104,0.000000,0.000000,0.000000,0.000000,0.000000,0.000000,0.000000,0.000000,0.000000,0.000000,13056
12,2,16,-0.276161,0.882835,-0.181001,0.967239,0.000000,0.000000,0.000000,0.000000,0.000000,0.000000,0.000000,0.000000,0.000000,0.000000,12127
12,2,16.5,-0.270958,0.888708,-0.167427,0.971968,0.000000,0.000000,0.000000,0.000000,0.000000,0.000000,0.000000,0.000000,0.000000,0.000000,12489
12,2,17,-0.267558,0.888559,-0.161361,0.973963,0.000000,0.000000,0.000000,0.000000,0.000000,0.000000,0.000000,0.000000,0.000000,0.000000,8230
12,2,17.5,-0.275314,0.888370,-0.154013,0.976280,0.000000,0.000000,0.000000,0.000000,0.000000,0.000000,0.000000,0.000000,0.000000,0.000000,10577
12,2,18,-0.290877,0.878477,-0.148210,0.978034,0.000000,0.000000,0.000000,0.000000,0.000000,0.000000,0.000000,0.000000,0.000000,0.000000,9021
12,2,18.5,-0.288422,0.877725,-0.146284,0.978601,0.000000,0.000000,0.000000,0.000000,0.000000,0.000000,0.000000,0.000000,0.000000,0.000000,6754
12,2,19,-0.271746,0.888137,-0.144675,0.979069,0.000000,0.000000,0.000000,0.000000,0.000000,0.000000,0.000000,0.000000,0.000000,0.000000,6760
12,2,19.5,-0.304327,0.871167,-0.144246,0.979193,0.000000,0.000000,0.000000,0.000000,0.000000,0.000000,0.000000,0.000000,0.000000,0.000000,6378
12,2,20,-0.276047,0.887680,-0.133558,0.982162,0.000000,0.000000,0.000000,0.000000,0.000000,0.000000,0.000000,0.000000,0.000000,0.000000,5039
12,2,20.5,-0.284948,0.880991,-0.152964,0.976602,0.000000,0.000000,0.000000,0.000000,0.000000,0.000000,0.000000,0.000000,0.000000,0.000000,4099
12,2,21,-0.278586,0.887036,-0.123232,0.984814,0.000000,0.000000,0.000000,0.000000,0.000000,0.000000,0.000000,0.000000,0.000000,0.000000,4950
12,2,21.5,-0.300252,0.872667,-0.110987,0.987682,0.000000,0.000000,0.000000,0.000000,0.000000,0.000000,0.000000,0.000000,0.000000,0.000000,3577
12,2,22,-0.258572,0.897101,-0.100070,0.989986,0.000000,0.000000,0.000000,0.000000,0.000000,0.000000,0.000000,0.000000,0.000000,0.000000,2858
12,2,22.5,-0.277818,0.885606,-0.076590,0.994134,0.000000,0.000000,0.000000,0.000000,0.000000,0.000000,0.000000,0.000000,0.000000,0.000000,2768
12,2,23,-0.274814,0.893116,-0.114129,0.986975,0.000000,0.000000,0.000000,0.000000,0.000000,0.000000,0.000000,0.000000,0.000000,0.000000,3093
12,2,23.5,-0.340019,0.853823,-0.136581,0.981346,0.000000,0.000000,0.000000,0.000000,0.000000,0.000000,0.000000,0.000000,0.000000,0.000000,2094
12,2,24,-0.301029,0.873107,-0.067677,0.995420,0.000000,0.000000,0.000000,0.000000,0.000000,0.000000,0.000000,0.000000,0.000000,0.000000,1847
12,2,24.5,-0.325066,0.855359,-0.085917,0.992618,0.000000,0.000000,0.000000,0.000000,0.000000,0.000000,0.000000,0.000000,0.000000,0.000000,2258
12,2,25,-0.278095,0.895996,-0.116190,0.986500,0.000000,0.000000,0.000000,0.000000,0.000000,0.000000,0.000000,0.000000,0.000000,0.000000,1050
12,2,25.5,-0.268667,0.885948,-0.122121,0.985086,0.000000,0.000000,0.000000,0.000000,0.000000,0.000000,0.000000,0.000000,0.000000,0.000000,1433
12,2,26,-0.279824,0.893111,-0.052226,0.997272,0.000000,0.000000,0.000000,0.000000,0.000000,0.000000,0.000000,0.000000,0.000000,0.000000,1819
12,2,26.5,-0.318465,0.853974,-0.026971,0.999273,0.000000,0.000000,0.000000,0.000000,0.000000,0.000000,0.000000,0.000000,0.000000,0.000000,964
12,2,27,-0.269551,0.905712,-0.054908,0.996985,0.000000,0.000000,0.000000,0.000000,0.000000,0.000000,0.000000,0.000000,0.000000,0.000000,601
12,2,27.5,-0.319506,0.863494,-0.060900,0.996291,0.000000,0.000000,0.000000,0.000000,0.000000,0.000000,0.000000,0.000000,0.000000,0.000000,1133
12,2,28,-0.269784,0.902037,-0.129496,0.983231,0.000000,0.000000,0.000000,0.000000,0.000000,0.000000,0.000000,0.000000,0.000000,0.000000,556
12,2,28.5,-0.315068,0.866485,-0.071918,0.994828,0.000000,0.000000,0.000000,0.000000,0.000000,0.000000,0.000000,0.000000,0.000000,0.000000,584
12,2,29,-0.391369,0.812604,-0.083333,0.993056,0.000000,0.000000,0.000000,0.000000,0.000000,0.000000,0.000000,0.000000,0.000000,0.000000,672
12,2,29.5,-0.312808,0.865205,-0.009852,0.999903,0.000000,0.000000,0.000000,0.000000,0.000000,0.000000,0.000000,0.000000,0.000000,0.000000,406
12,2,30,-0.350427,0.860107,-0.031339,0.999018,0.000000,0.000000,0.000000,0.000000,0.000000,0.000000,0.000000,0.000000,0.000000,0.000000,351
12,2,30.5,-0.344928,0.846242,-0.008696,0.999924,0.000000,0.000000,0.000000,0.000000,0.000000,0.000000,0.000000,0.000000,0.000000,0.000000,345
12,2,31,-0.282913,0.891949,0.042017,0.998235,0.000000,0.000000,0.000000,0.000000,0.000000,0.000000,0.000000,0.000000,0.000000,0.000000,357
12,2,31.5,-0.342391,0.833855,-0.000000,1.000000,0.000000,0.000000,0.000000,0.000000,0.000000,0.000000,0.000000,0.000000,0.000000,0.000000,184
12,2,32,-0.459091,0.739236,-0.054545,0.997025,0.000000,0.000000,0.000000,0.000000,0.000000,0.000000,0.000000,0.000000,0.000000,0.000000,220
12,2,32.5,-0.331984,0.861447,0.076923,0.994083,0.000000,0.000000,0.000000,0.000000,0.000000,0.000000,0.000000,0.000000,0.000000,0.000000,247
12,2,33,-0.231959,0.930731,-0.030928,0.999043,0.000000,0.000000,0.000000,0.000000,0.000000,0.000000,0.000000,0.000000,0.000000,0.000000,194
12,2,33.5,-0.276596,0.880942,-0.120567,0.985464,0.000000,0.000000,0.000000,0.000000,0.000000,0.000000,0.000000,0.000000,0.000000,0.000000,141
12,2,34,-0.331081,0.856602,-0.054054,0.997078,0.000000,0.000000,0.000000,0.000000,0.000000,0.000000,0.000000,0.000000,0.000000,0.000000,148
12,2,34.5,-0.285714,0.851701,-0.066667,0.995556,0.000000,0.000000,0.000000,0.000000,0.000000,0.000000,0.000000,0.000000,0.000000,0.000000,105
12,2,35,-0.486842,0.723511,0.052632,0.997230,0.000000,0.000000,0.000000,0.000000,0.000000,0.000000,0.000000,0.000000,0.000000,0.000000,76
12,2,35.5,-0.206897,0.922711,-0.206897,0.957194,0.000000,0.000000,0.000000,0.000000,0.000000,0.000000,0.000000,0.000000,0.000000,0.000000,58
12,2,36,-0.354545,0.847025,0.036364,0.998678,0.000000,0.000000,0.000000,0.000000,0.000000,0.000000,0.000000,0.000000,0.000000,0.000000,110
12,2,36.5,-0.157895,0.939982,-0.052632,0.997230,0.000000,0.000000,0.000000,0.000000,0.000000,0.000000,0.000000,0.000000,0.000000,0.000000,57
12,2,37,-0.206897,0.922711,0.310345,0.903686,0.000000,0.000000,0.000000,0.000000,0.000000,0.000000,0.000000,0.000000,0.000000,0.000000,29
12,2,37.5,-0.304348,0.820416,-0.217391,0.952741,0.000000,0.000000,0.000000,0.000000,0.000000,0.000000,0.000000,0.000000,0.000000,0.000000,46
12,2,38,-0.365854,0.817371,-0.024390,0.999405,0.000000,0.000000,0.000000,0.000000,0.000000,0.000000,0.000000,0.000000,0.000000,0.000000,41
12,2,38.5,-0.307692,0.905325,0.153846,0.976331,0.000000,0.000000,0.000000,0.000000,0.000000,0.000000,0.000000,0.000000,0.000000,0.000000,26
12,2,39,-0.181818,0.876033,0.090909,0.991736,0.000000,0.000000,0.000000,0.000000,0.000000,0.000000,0.000000,0.000000,0.000000,0.000000,22
12,2,39.5,-0.354839,0.874089,0.161290,0.973985,0.000000,0.000000,0.000000,0.000000,0.000000,0.000000,0.000000,0.000000,0.000000,0.000000,31
12,2,40,-0.692308,0.520710,0.384615,0.852071,0.000000,0.000000,0.000000,0.000000,0.000000,0.000000,0.000000,0.000000,0.000000,0.000000,13
12,2,40.5,-0.533333,0.648889,0.333333,0.888889,0.000000,0.000000,0.000000,0.000000,0.000000,0.000000,0.000000,0.000000,0.000000,0.000000,15
12,2,41,-0.333333,0.888889,-0.333333,0.888889,0.000000,0.000000,0.000000,0.000000,0.000000,0.000000,0.000000,0.000000,0.000000,0.000000,9
12,2,41.5,-0.333333,0.888889,0.166667,0.972222,0.000000,0.000000,0.000000,0.000000,0.000000,0.000000,0.000000,0.000000,0.000000,0.000000,12
12,2,42,-0.555556,0.691358,0.333333,0.888889,0.000000,0.000000,0.000000,0.000000,0.000000,0.000000,0.000000,0.000000,0.000000,0.000000,9
12,2,42.5,-1.000000,0.000000,0.090909,0.991736,0.000000,0.000000,0.000000,0.000000,0.000000,0.000000,0.000000,0.000000,0.000000,0.000000,11
12,2,43,0.333333,0.888889,-0.333333,0.888889,0.000000,0.000000,0.000000,0.000000,0.000000,0.000000,0.000000,0.000000,0.000000,0.000000,3
12,2,43.5,-1.000000,0.000000,1.000000,0.000000,0.000000,0.000000,0.000000,0.000000,0.000000,0.000000,0.000000,0.000000,0.000000,0.000000,1
12,2,44,-0.571429,0.673469,-0.285714,0.918367,0.000000,0.000000,0.000000,0.000000,0.000000,0.000000,0.000000,0.000000,0.000000,0.000000,14
12,2,44.5,-1.000000,0.000000,0.333333,0.888889,0.000000,0.000000,0.000000,0.000000,0.000000,0.000000,0.000000,0.000000,0.000000,0.000000,3
12,2,45,-1.000000,0.000000,0.000000,1.000000,0.000000,0.000000,0.000000,0.000000,0.000000,0.000000,0.000000,0.000000,0.000000,0.000000,2
12,2,45.5,0.600000,0.640000,-0.600000,0.640000,0.000000,0.000000,0.000000,0.000000,0.000000,0.000000,0.000000,0.000000,0.000000,0.000000,5
12,2,46,-0.333333,0.888889,0.000000,1.000000,0.000000,0.000000,0.000000,0.000000,0.000000,0.000000,0.000000,0.000000,0.000000,0.000000,6
12,2,46.5,1.000000,0.000000,1.000000,0.000000,0.000000,0.000000,0.000000,0.000000,0.000000,0.000000,0.000000,0.000000,0.000000,0.000000,1
12,2,47.5,-1.000000,0.000000,-1.000000,0.000000,0.000000,0.000000,0.000000,0.000000,0.000000,0.000000,0.000000,0.000000,0.000000,0.000000,1
12,2,49,-1.000000,0.000000,-1.000000,0.000000,0.000000,0.000000,0.000000,0.000000,0.000000,0.000000,0.000000,0.000000,0.000000,0.000000,1
12,2,49.5,-1.000000,0.000000,1.000000,0.000000,0.000000,0.000000,0.000000,0.000000,0.000000,0.000000,0.000000,0.000000,0.000000,0.000000,1
12,3,-53.5,1.000000,0.000000,-1.000000,0.000000,0.000000,0.000000,0.000000,0.000000,0.000000,0.000000,0.000000,0.000000,0.000000,0.000000,1
12,3,-50.5,-1.000000,0.000000,-1.000000,0.000000,0.000000,0.000000,0.000000,0.000000,0.000000,0.000000,0.000000,0.000000,0.000000,0.000000,1
12,3,-48,1.000000,0.000000,-1.000000,0.000000,0.000000,0.000000,0.000000,0.000000,0.000000,0.000000,0.000000,0.000000,0.000000,0.000000,1
12,3,-46.5,-1.000000,0.000000,-1.000000,0.000000,0.000000,0.000000,0.000000,0.000000,0.000000,0.000000,0.000000,0.000000,0.000000,0.000000,1
12,3,-46,-1.000000,0.000000,-1.000000,0.000000,0.000000,0.000000,0.000000,0.000000,0.000000,0.000000,0.000000,0.000000,0.000000,0.000000,1
12,3,-45.5,-1.000000,0.000000,-1.000000,0.000000,0.000000,0.000000,0.000000,0.000000,0.000000,0.000000,0.000000,0.000000,0.000000,0.000000,1
12,3,-44.5,-1.000000,0.000000,0.000000,1.000000,0.000000,0.000000,0.000000,0.000000,0.000000,0.000000,0.000000,0.000000,0.000000,0.000000,2
12,3,-44,0.000000,0.800000,-0.600000,0.640000,0.000000,0.000000,0.000000,0.000000,0.000000,0.000000,0.000000,0.000000,0.000000,0.000000,5
12,3,-43.5,-0.500000,0.750000,-0.500000,0.750000,0.000000,0.000000,0.000000,0.000000,0.000000,0.000000,0.000000,0.000000,0.000000,0.000000,4
12,3,-43,-1.000000,0.000000,0.000000,1.000000,0.000000,0.000000,0.000000,0.000000,0.000000,0.000000,0.000000,0.000000,0.000000,0.000000,2
12,3,-42.5,-0.285714,0.775510,-0.714286,0.489796,0.000000,0.000000,0.000000,0.000000,0.000000,0.000000,0.000000,0.000000,0.000000,0.000000,7
12,3,-42,1.000000,0.000000,-1.000000,0.000000,0.000000,0.000000,0.000000,0.000000,0.000000,0.000000,0.000000,0.000000,0.000000,0.000000,1
12,3,-41.5,-0.166667,0.805556,-0.500000,0.750000,0.000000,0.000000,0.000000,0.000000,0.000000,0.000000,0.000000,0.000000,0.000000,0.000000,12
12,3,-41,0.000000,0.888889,-0.777778,0.395062,0.000000,0.000000,0.000000,0.000000,0.000000,0.000000,0.000000,0.000000,0.000000,0.000000,9
12,3,-40.5,0.428571,0.816327,-0.714286,0.489796,0.000000,0.000000,0.000000,0.000000,0.000000,0.000000,0.000000,0.000000,0.000000,0.000000,7
12,3,-40,-0.363636,0.776860,-0.272727,0.925620,0.000000,0.000000,0.000000,0.000000,0.000000,0.000000,0.000000,0.000000,0.000000,0.000000,11
12,3,-39.5,-0.300000,0.810000,-0.500000,0.750000,0.000000,0.000000,0.000000,0.000000,0.000000,0.000000,0.000000,0.000000,0.000000,0.000000,20
12,3,-39,-0.458333,0.664931,-0.666667,0.555556,0.000000,0.000000,0.000000,0.000000,0.000000,0.000000,0.000000,0.000000,0.000000,0.000000,24
12,3,-38.5,-0.615385,0.544379,-0.538462,0.710059,0.000000,0.000000,0.000000,0.000000,0.000000,0.000000,0.000000,0.000000,0.000000,0.000000,13
12,3,-38,-0.724138,0.406659,-0.724138,0.475624,0.000000,0.000000,0.000000,0.000000,0.000000,0.000000,0.000000,0.000000,0.000000,0.000000,29
12,3,-37.5,-0.416667,0.798611,-0.555556,0.691358,0.000000,0.000000,0.000000,0.000000,0.000000,0.000000,0.000000,0.000000,0.000000,0.000000,36
12,3,-37,-0.538462,0.710059,-0.769231,0.408284,0.000000,0.000000,0.000000,0.000000,0.000000,0.000000,0.000000,0.000000,0.000000,0.000000,26
12,3,-36.5,-0.258065,0.836629,-0.354839,0.874089,0.000000,0.000000,0.000000,0.000000,0.000000,0.000000,0.000000,0.000000,0.000000,0.000000,31
12,3,-36,-0.345238,0.845096,-0.642857,0.586735,0.000000,0.000000,0.000000,0.000000,0.000000,0.000000,0.000000,0.000000,0.000000,0.000000,84
12,3,-35.5,-0.285714,0.832653,-0.485714,0.764082,0.000000,0.000000,0.000000,0.000000,0.000000,0.000000,0.000000,0.000000,0.000000,0.000000,35
12,3,-35,-0.389831,0.712439,-0.694915,0.517093,0.000000,0.000000,0.000000,0.000000,0.000000,0.000000,0.000000,0.000000,0.000000,0.000000,59
12,3,-34.5,-0.432099,0.640451,-0.432099,0.813291,0.000000,0.000000,0.000000,0.000000,0.000000,0.000000,0.000000,0.000000,0.000000,0.000000,81
12,3,-34,-0.428571,0.727041,-0.517857,0.731824,0.000000,0.000000,0.000000,0.000000,0.000000,0.000000,0.000000,0.000000,0.000000,0.000000,112
12,3,-33.5,-0.180952,0.891066,-0.409524,0.832290,0.000000,0.000000,0.000000,0.000000,0.000000,0.000000,0.000000,0.000000,0.000000,0.000000,105
12,3,-33,-0.254098,0.894450,-0.573770,0.670787,0.000000,0.000000,0.000000,0.000000,0.000000,0.000000,0.000000,0.000000,0.000000,0.000000,122
12,3,-32.5,-0.276730,0.841660,-0.496855,0.753135,0.000000,0.000000,0.000000,0.000000,0.000000,0.000000,0.000000,0.000000,0.000000,0.000000,159
12,3,-32,-0.248485,0.853407,-0.575758,0.668503,0.000000,0.000000,0.000000,0.000000,0.000000,0.000000,0.000000,0.000000,0.000000,0.000000,165
12,3,-31.5,-0.323383,0.845672,-0.462687,0.785921,0.000000,0.000000,0.000000,0.000000,0.000000,0.000000,0.000000,0.000000,0.000000,0.000000,201
12,3,-31,-0.244776,0.865458,-0.546269,0.701591,0.000000,0.000000,0.000000,0.000000,0.000000,0.000000,0.000000,0.000000,0.000000,0.000000,335
12,3,-30.5,-0.392157,0.763860,-0.482353,0.767336,0.000000,0.000000,0.000000,0.000000,0.000000,0.000000,0.000000,0.000000,0.000000,0.000000,255
12,3,-30,-0.193798,0.884923,-0.496124,0.753861,0.000000,0.000000,0.000000,0.000000,0.000000,0.000000,0.000000,0.000000,0.000000,0.000000,258
12,3,-29.5,-0.281734,0.840131,-0.430341,0.814807,0.000000,0.000000,0.000000,0.000000,0.000000,0.000000,0.000000,0.000000,0.000000,0.000000,323
12,3,-29,-0.233141,0.880135,-0.487476,0.762367,0.000000,0.000000,0.000000,0.000000,0.000000,0.000000,0.000000,0.000000,0.000000,0.000000,519
12,3,-28.5,-0.221687,0.885795,-0.436145,0.809778,0.000000,0.000000,0.000000,0.000000,0.000000,0.000000,0.000000,0.000000,0.000000,0.000000,415
12,3,-28,-0.220374,0.862038,-0.463617,0.785059,0.000000,0.000000,0.000000,0.000000,0.000000,0.000000,0.000000,0.000000,0.000000,0.000000,481
12,3,-27.5,-0.228090,0.881683,-0.510112,0.739785,0.000000,0.000000,0.000000,0.000000,0.000000,0.000000,0.000000,0.000000,0.000000,0.000000,890
12,3,-27,-0.235294,0.885813,-0.561866,0.684306,0.000000,0.000000,0.000000,0.000000,0.000000,0.000000,0.000000,0.000000,0.000000,0.000000,493
12,3,-26.5,-0.241038,0.877624,-0.478368,0.771164,0.000000,0.000000,0.000000,0.000000,0.000000,0.000000,0.000000,0.000000,0.000000,0.000000,809
12,3,-26,-0.264085,0.863358,-0.518310,0.731355,0.000000,0.000000,0.000000,0.000000,0.000000,0.000000,0.000000,0.000000,0.000000,0.000000,1420
12,3,-25.5,-0.276094,0.834546,-0.476431,0.773014,0.000000,0.000000,0.000000,0.000000,0.000000,0.000000,0.000000,0.000000,0.000000,0.000000,1188
12,3,-25,-0.314320,0.817465,-0.458738,0.789560,0.000000,0.000000,0.000000,0.000000,0.000000,0.000000,0.000000,0.000000,0.000000,0.000000,824
12,3,-24.5,-0.231371,0.867781,-0.524752,0.724635,0.000000,0.000000,0.000000,0.000000,0.000000,0.000000,0.000000,0.000000,0.000000,0.000000,1919
12,3,-24,-0.245839,0.875543,-0.491677,0.758253,0.000000,0.000000,0.000000,0.000000,0.000000,0.000000,0.000000,0.000000,0.000000,0.000000,1562
12,3,-23.5,-0.250000,0.872415,-0.429440,0.815581,0.000000,0.000000,0.000000,0.000000,0.000000,0.000000,0.000000,0.000000,0.000000,0.000000,1644
12,3,-23,-0.251079,0.869090,-0.431149,0.814110,0.000000,0.000000,0.000000,0.000000,0.000000,0.000000,0.000000,0.000000,0.000000,0.000000,2549
12,3,-22.5,-0.252603,0.873267,-0.457673,0.790535,0.000000,0.000000,0.000000,0.000000,0.000000,0.000000,0.000000,0.000000,0.000000,0.000000,2209
12,3,-22,-0.259914,0.863910,-0.416379,0.826628,0.000000,0.000000,0.000000,0.000000,0.000000,0.000000,0.000000,0.000000,0.000000,0.000000,2320
12,3,-21.5,-0.259454,0.868231,-0.436370,0.809582,0.000000,0.000000,0.000000,0.000000,0.000000,0.000000,0.000000,0.000000,0.000000,0.000000,3041
12,3,-21,-0.247950,0.879639,-0.443975,0.802886,0.000000,0.000000,0.000000,0.000000,0.000000,0.000000,0.000000,0.000000,0.000000,0.000000,4025
12,3,-20.5,-0.249477,0.867465,-0.439426,0.806905,0.000000,0.000000,0.000000,0.000000,0.000000,0.000000,0.000000,0.000000,0.000000,0.000000,3343
12,3,-20,-0.234655,0.878365,-0.438621,0.807611,0.000000,0.000000,0.000000,0.000000,0.000000,0.000000,0.000000,0.000000,0.000000,0.000000,4236
12,3,-19.5,-0.233209,0.882181,-0.423881,0.820325,0.000000,0.000000,0.000000,0.000000,0.000000,0.000000,0.000000,0.000000,0.000000,0.000000,5360
12,3,-19,-0.248649,0.876913,-0.420901,0.822842,0.000000,0.000000,0.000000,0.000000,0.000000,0.000000,0.000000,0.000000,0.000000,0.000000,5550
12,3,-18.5,-0.248480,0.875182,-0.397046,0.842354,0.000000,0.000000,0.000000,0.000000,0.000000,0.000000,0.000000,0.000000,0.000000,0.000000,5755
12,3,-18,-0.225840,0.884395,-0.418592,0.824780,0.000000,0.000000,0.000000,0.000000,0.000000,0.000000,0.000000,0.000000,0.000000,0.000000,7616
12,3,-17.5,-0.240393,0.882513,-0.408051,0.833494,0.000000,0.000000,0.000000,0.000000,0.000000,0.000000,0.000000,0.000000,0.000000,0.000000,8744
12,3,-17,-0.233724,0.879391,-0.398240,0.841405,0.000000,0.000000,0.000000,0.000000,0.000000,0.000000,0.000000,0.000000,0.000000,0.000000,6820
12,3,-16.5,-0.228339,0.886189,-0.404465,0.836408,0.000000,0.000000,0.000000,0.000000,0.000000,0.000000,0.000000,0.000000,0.000000,0.000000,10572
12,3,-16,-0.246792,0.877297,-0.397631,0.841890,0.000000,0.000000,0.000000,0.000000,0.000000,0.000000,0.000000,0.000000,0.000000,0.000000,10130
12,3,-15.5,-0.238755,0.882543,-0.382872,0.853409,0.000000,0.000000,0.000000,0.000000,0.000000,0.000000,0.000000,0.000000,0.000000,0.000000,11116
12,3,-15,-0.220969,0.891765,-0.378829,0.856489,0.000000,0.000000,0.000000,0.000000,0.000000,0.000000,0.000000,0.000000,0.000000,0.000000,11884
12,3,-14.5,-0.232536,0.886930,-0.371619,0.861900,0.000000,0.000000,0.000000,0.000000,0.000000,0.000000,0.000000,0.000000,0.000000,0.000000,15933
12,3,-14,-0.239094,0.881516,-0.377848,0.857231,0.000000,0.000000,0.000000,0.000000,0.000000,0.000000,0.000000,0.000000,0.000000,0.000000,16504
12,3,-13.5,-0.233734,0.885411,-0.369681,0.863336,0.000000,0.000000,0.000000,0.000000,0.000000,0.000000,0.000000,0.000000,0.000000,0.000000,18213
12,3,-13,-0.230018,0.888223,-0.368433,0.864257,0.000000,0.000000,0.000000,0.000000,0.000000,0.000000,0.000000,0.000000,0.000000,0.000000,18329
12,3,-12.5,-0.235900,0.887590,-0.364335,0.867260,0.000000,0.000000,0.000000,0.000000,0.000000,0.000000,0.000000,0.000000,0.000000,0.000000,22128
12,3,-12,-0.230020,0.889386,-0.360869,0.869773,0.000000,0.000000,0.000000,0.000000,0.000000,0.000000,0.000000,0.000000,0.000000,0.000000,24937
12,3,-11.5,-0.223281,0.891518,-0.360819,0.869810,0.000000,0.000000,0.000000,0.000000,0.000000,0.000000,0.000000,0.000000,0.000000,0.000000,27069
12,3,-11,-0.232418,0.887295,-0.348466,0.878572,0.000000,0.000000,0.000000,0.000000,0.000000,0.000000,0.000000,0.000000,0.000000,0.000000,30927
12,3,-10.5,-0.229034,0.891995,-0.346599,0.879869,0.000000,0.000000,0.000000,0.000000,0.000000,0.000000,0.000000,0.000000,0.000000,0.000000,32314
12,3,-10,-0.237189,0.886740,-0.346386,0.880017,0.000000,0.000000,0.000000,0.000000,0.000000,0.000000,0.000000,0.000000,0.000000,0.000000,42034
12,3,-9.5,-0.237805,0.886930,-0.334135,0.888354,0.000000,0.000000,0.000000,0.000000,0.000000,0.000000,0.000000,0.000000,0.000000,0.000000,36572
12,3,-9,-0.231149,0.889679,-0.339228,0.884924,0.000000,0.000000,0.000000,0.000000,0.000000,0.000000,0.000000,0.000000,0.000000,0.000000,47160
12,3,-8.5,-0.235191,0.888552,-0.327226,0.892923,0.000000,0.000000,0.000000,0.000000,0.000000,0.000000,0.000000,0.000000,0.000000,0.000000,48688
12,3,-8,-0.236509,0.888921,-0.331560,0.890068,0.000000,0.000000,0.000000,0.000000,0.000000,0.000000,0.000000,0.000000,0.000000,0.000000,56780
12,3,-7.5,-0.226843,0.895012,-0.323338,0.895452,0.000000,0.000000,0.000000,0.000000,0.000000,0.000000,0.000000,0.000000,0.000000,0.000000,62563
12,3,-7,-0.229137,0.893735,-0.325852,0.893820,0.000000,0.000000,0.000000,0.000000,0.000000,0.000000,0.000000,0.000000,0.000000,0.000000,65140
12,3,-6.5,-0.230635,0.892874,-0.308188,0.905020,0.000000,0.000000,0.000000,0.000000,0.000000,0.000000,0.000000,0.000000,0.000000,0.000000,76038
12,3,-6,-0.233533,0.892528,-0.306778,0.905887,0.000000,0.000000,0.000000,0.000000,0.000000,0.000000,0.000000,0.000000,0.000000,0.000000,88921
12,3,-5.5,-0.227928,0.894598,-0.306617,0.905986,0.000000,0.000000,0.000000,0.000000,0.000000,0.000000,0.000000,0.000000,0.000000,0.000000,87089
12,3,-5,-0.227731,0.894472,-0.298075,0.911151,0.000000,0.000000,0.000000,0.000000,0.000000,0.000000,0.000000,0.000000,0.000000,0.000000,92460
12,3,-4.5,-0.229437,0.894924,-0.296276,0.912220,0.000000,0.000000,0.000000,0.000000,0.000000,0.000000,0.000000,0.000000,0.000000,0.000000,119959
12,3,-4,-0.233177,0.893932,-0.288631,0.916692,0.000000,0.000000,0.000000,0.000000,0.000000,0.000000,0.000000,0.000000,0.000000,0.000000,125094
12,3,-3.5,-0.226901,0.898483,-0.282313,0.920299,0.000000,0.000000,0.000000,0.000000,0.000000,0.000000,0.000000,0.000000,0.000000,0.000000,132732
12,3,-3,-0.231097,0.895083,-0.280662,0.921229,0.000000,0.000000,0.000000,0.000000,0.000000,0.000000,0.000000,0.000000,0.000000,0.000000,155190
12,3,-2.5,-0.231192,0.894752,-0.275092,0.924324,0.000000,0.000000,0.000000,0.000000,0.000000,0.000000,0.000000,0.000000,0.000000,0.000000,168656
12,3,-2,-0.232546,0.895009,-0.275913,0.923872,0.000000,0.000000,0.000000,0.000000,0.000000,0.000000,0.000000,0.000000,0.000000,0.000000,172529
12,3,-1.5,-0.230473,0.897420,-0.266804,0.928816,0.000000,0.000000,0.000000,0.000000,0.000000,0.000000,0.000000,0.000000,0.000000,0.000000,204401
12,3,-1,-0.229670,0.897972,-0.264849,0.929855,0.000000,0.000000,0.000000,0.000000,0.000000,0.000000,0.000000,0.000000,0.000000,0.000000,216010
12,3,-0.5,-0.231234,0.896531,-0.265683,0.929413,0.000000,0.000000,0.000000,0.000000,0.000000,0.000000,0.000000,0.000000,0.000000,0.000000,172721
12,3,0,-0.231230,0.896944,-0.255555,0.934692,0.000000,0.000000,0.000000,0.000000,0.000000,0.000000,0.000000,0.000000,0.000000,0.000000,565065
12,3,0.5,-0.234211,0.896739,-0.246932,0.939024,0.000000,0.000000,0.000000,0.000000,0.000000,0.000000,0.000000,0.000000,0.000000,0.000000,235113
12,3,1,-0.228224,0.900361,-0.243651,0.940634,0.000000,0.000000,0.000000,0.000000,0.000000,0.000000,0.000000,0.000000,0.000000,0.000000,229468
12,3,1.5,-0.229017,0.899411,-0.238574,0.943082,0.000000,0.000000,0.000000,0.000000,0.000000,0.000000,0.000000,0.000000,0.000000,0.000000,281577
12,3,2,-0.225063,0.902272,-0.237030,0.943817,0.000000,0.000000,0.000000,0.000000,0.000000,0.000000,0.000000,0.000000,0.000000,0.000000,254364
12,3,2.5,-0.232169,0.900379,-0.229777,0.947202,0.000000,0.000000,0.000000,0.000000,0.000000,0.000000,0.000000,0.000000,0.000000,0.000000,221201
12,3,3,-0.231762,0.900016,-0.225745,0.949039,0.000000,0.000000,0.000000,0.000000,0.000000,0.000000,0.000000,0.000000,0.000000,0.000000,189798
12,3,3.5,-0.231862,0.900799,-0.220650,0.951314,0.000000,0.000000,0.000000,0.000000,0.000000,0.000000,0.000000,0.000000,0.000000,0.000000,156533
12,3,4,-0.229152,0.903181,-0.215931,0.953374,0.000000,0.000000,0.000000,0.000000,0.000000,0.000000,0.000000,0.000000,0.000000,0.000000,155818
12,3,4.5,-0.226332,0.903573,-0.211941,0.955081,0.000000,0.000000,0.000000,0.000000,0.000000,0.000000,0.000000,0.000000,0.000000,0.000000,140020
12,3,5,-0.229105,0.900958,-0.206556,0.957335,0.000000,0.000000,0.000000,0.000000,0.000000,0.000000,0.000000,0.000000,0.000000,0.000000,120316
12,3,5.5,-0.227300,0.904154,-0.193831,0.962430,0.000000,0.000000,0.000000,0.000000,0.000000,0.000000,0.000000,0.000000,0.000000,0.000000,108667
12,3,6,-0.229883,0.901932,-0.195995,0.961586,0.000000,0.000000,0.000000,0.000000,0.000000,0.000000,0.000000,0.000000,0.000000,0.000000,109064
12,3,6.5,-0.226759,0.904083,-0.189074,0.964251,0.000000,0.000000,0.000000,0.000000,0.000000,0.000000,0.000000,0.000000,0.000000,0.000000,92477
12,3,7,-0.226078,0.905626,-0.188764,0.964368,0.000000,0.000000,0.000000,0.000000,0.000000,0.000000,0.000000,0.000000,0.000000,0.000000,79676
12,3,7.5,-0.230058,0.903832,-0.179060,0.967938,0.000000,0.000000,0.000000,0.000000,0.000000,0.000000,0.000000,0.000000,0.000000,0.000000,77611
12,3,8,-0.226152,0.903823,-0.179052,0.967940,0.000000,0.000000,0.000000,0.000000,0.000000,0.000000,0.000000,0.000000,0.000000,0.000000,69639
12,3,8.5,-0.232110,0.903448,-0.177565,0.968471,0.000000,0.000000,0.000000,0.000000,0.000000,0.000000,0.000000,0.000000,0.000000,0.000000,59657
12,3,9,-0.224935,0.907325,-0.167586,0.971915,0.000000,0.000000,0.000000,0.000000,0.000000,0.000000,0.000000,0.000000,0.000000,0.000000,57630
12,3,9.5,-0.235729,0.902528,-0.158121,0.974998,0.000000,0.000000,0.000000,0.000000,0.000000,0.000000,0.000000,0.000000,0.000000,0.000000,46439
12,3,10,-0.230127,0.906676,-0.160022,0.974393,0.000000,0.000000,0.000000,0.000000,0.000000,0.000000,0.000000,0.000000,0.000000,0.000000,49968
12,3,10.5,-0.229557,0.905747,-0.141025,0.980112,0.000000,0.000000,0.000000,0.000000,0.000000,0.000000,0.000000,0.000000,0.000000,0.000000,40234
12,3,11,-0.222477,0.909288,-0.147572,0.978222,0.000000,0.000000,0.000000,0.000000,0.000000,0.000000,0.000000,0.000000,0.000000,0.000000,37995
12,3,11.5,-0.228299,0.905401,-0.146738,0.978468,0.000000,0.000000,0.000000,0.000000,0.000000,0.000000,0.000000,0.000000,0.000000,0.000000,33570
12,3,12,-0.231571,0.907627,-0.128537,0.983478,0.000000,0.000000,0.000000,0.000000,0.000000,0.000000,0.000000,0.000000,0.000000,0.000000,30427
12,3,12.5,-0.230461,0.907035,-0.122444,0.985008,0.000000,0.000000,0.000000,0.000000,0.000000,0.000000,0.000000,0.000000,0.000000,0.000000,27727
12,3,13,-0.230241,0.907925,-0.117711,0.986144,0.000000,0.000000,0.000000,0.000000,0.000000,0.000000,0.000000,0.000000,0.000000,0.000000,23167
12,3,13.5,-0.231032,0.908445,-0.130539,0.982960,0.000000,0.000000,0.000000,0.000000,0.000000,0.000000,0.000000,0.000000,0.000000,0.000000,22499
12,3,14,-0.230614,0.908936,-0.124295,0.984551,0.000000,0.000000,0.000000,0.000000,0.000000,0.000000,0.000000,0.000000,0.000000,0.000000,20749
12,3,14.5,-0.241538,0.902801,-0.104101,0.989163,0.000000,0.000000,0.000000,0.000000,0.000000,0.000000,0.000000,0.000000,0.000000,0.000000,19558
12,3,15,-0.232682,0.908284,-0.087653,0.992317,0.000000,0.000000,0.000000,0.000000,0.000000,0.000000,0.000000,0.000000,0.000000,0.000000,14797
12,3,15.5,-0.230025,0.908302,-0.093145,0.991324,0.000000,0.000000,0.000000,0.000000,0.000000,0.000000,0.000000,0.000000,0.000000,0.000000,13742
12,3,16,-0.233464,0.907904,-0.084700,0.992826,0.000000,0.000000,0.000000,0.000000,0.000000,0.000000,0.000000,0.000000,0.000000,0.000000,12503
12,3,16.5,-0.246399,0.902316,-0.069861,0.995119,0.000000,0.000000,0.000000,0.000000,0.000000,0.000000,0.000000,0.000000,0.000000,0.000000,12983
12,3,17,-0.235066,0.904373,-0.105973,0.988770,0.000000,0.000000,0.000000,0.000000,0.000000,0.000000,0.000000,0.000000,0.000000,0.000000,8521
12,3,17.5,-0.200847,0.926051,-0.070463,0.995035,0.000000,0.000000,0.000000,0.000000,0.000000,0.000000,0.000000,0.000000,0.000000,0.000000,11098
12,3,18,-0.232051,0.908409,-0.063574,0.995958,0.000000,0.000000,0.000000,0.000000,0.000000,0.000000,0.000000,0.000000,0.000000,0.000000,9485
12,3,18.5,-0.235017,0.905597,-0.055779,0.996889,0.000000,0.000000,0.000000,0.000000,0.000000,0.000000,0.000000,0.000000,0.000000,0.000000,7225
12,3,19,-0.238994,0.905286,-0.045702,0.997911,0.000000,0.000000,0.000000,0.000000,0.000000,0.000000,0.000000,0.000000,0.000000,0.000000,7155
12,3,19.5,-0.232930,0.909288,-0.050052,0.997495,0.000000,0.000000,0.000000,0.000000,0.000000,0.000000,0.000000,0.000000,0.000000,0.000000,6693
12,3,20,-0.256624,0.898565,-0.061317,0.996240,0.000000,0.000000,0.000000,0.000000,0.000000,0.000000,0.000000,0.000000,0.000000,0.000000,5284
12,3,20.5,-0.233667,0.906296,-0.056748,0.996780,0.000000,0.000000,0.000000,0.000000,0.000000,0.000000,0.000000,0.000000,0.000000,0.000000,4194
12,3,21,-0.227273,0.910798,-0.043874,0.998075,0.000000,0.000000,0.000000,0.000000,0.000000,0.000000,0.000000,0.000000,0.000000,0.000000,5060
12,3,21.5,-0.214304,0.919217,-0.009037,0.999918,0.000000,0.000000,0.000000,0.000000,0.000000,0.000000,0.000000,0.000000,0.000000,0.000000,3873
12,3,22,-0.207195,0.919762,-0.053964,0.997088,0.000000,0.000000,0.000000,0.000000,0.000000,0.000000,0.000000,0.000000,0.000000,0.000000,3002
12,3,22.5,-0.258919,0.896225,-0.005298,0.999972,0.000000,0.000000,0.000000,0.000000,0.000000,0.000000,0.000000,0.000000,0.000000,0.000000,2831
12,3,23,-0.239347,0.917630,-0.020248,0.999590,0.000000,0.000000,0.000000,0.000000,0.000000,0.000000,0.000000,0.000000,0.000000,0.000000,3309
12,3,23.5,-0.221923,0.917507,-0.020665,0.999573,0.000000,0.000000,0.000000,0.000000,0.000000,0.000000,0.000000,0.000000,0.000000,0.000000,2226
12,3,24,-0.207161,0.928440,-0.021995,0.999516,0.000000,0.000000,0.000000,0.000000,0.000000,0.000000,0.000000,0.000000,0.000000,0.000000,1955
12,3,24.5,-0.261235,0.896897,0.021420,0.999541,0.000000,0.000000,0.000000,0.000000,0.000000,0.000000,0.000000,0.000000,0.000000,0.000000,2381
12,3,25,-0.252809,0.904252,-0.043071,0.998145,0.000000,0.000000,0.000000,0.000000,0.000000,0.000000,0.000000,0.000000,0.000000,0.000000,1068
12,3,25.5,-0.235534,0.916613,0.000681,1.000000,0.000000,0.000000,0.000000,0.000000,0.000000,0.000000,0.000000,0.000000,0.000000,0.000000,1469
12,3,26,-0.273684,0.897950,-0.027147,0.999263,0.000000,0.000000,0.000000,0.000000,0.000000,0.000000,0.000000,0.000000,0.000000,0.000000,1805
12,3,26.5,-0.239533,0.904649,0.088608,0.992149,0.000000,0.000000,0.000000,0.000000,0.000000,0.000000,0.000000,0.000000,0.000000,0.000000,1027
12,3,27,-0.209449,0.921486,0.089764,0.991942,0.000000,0.000000,0.000000,0.000000,0.000000,0.000000,0.000000,0.000000,0.000000,0.000000,635
12,3,27.5,-0.272880,0.890272,0.066331,0.995600,0.000000,0.000000,0.000000,0.000000,0.000000,0.000000,0.000000,0.000000,0.000000,0.000000,1191
12,3,28,-0.266026,0.900384,0.038462,0.998521,0.000000,0.000000,0.000000,0.000000,0.000000,0.000000,0.000000,0.000000,0.000000,0.000000,624
12,3,28.5,-0.209106,0.917489,0.059022,0.996516,0.000000,0.000000,0.000000,0.000000,0.000000,0.000000,0.000000,0.000000,0.000000,0.000000,593
12,3,29,-0.302985,0.876857,0.047761,0.997719,0.000000,0.000000,0.000000,0.000000,0.000000,0.000000,0.000000,0.000000,0.000000,0.000000,670
12,3,29.5,-0.286052,0.889805,0.030733,0.999055,0.000000,0.000000,0.000000,0.000000,0.000000,0.000000,0.000000,0.000000,0.000000,0.000000,423
12,3,30,-0.300275,0.887796,0.079890,0.993618,0.000000,0.000000,0.000000,0.000000,0.000000,0.000000,0.000000,0.000000,0.000000,0.000000,363
12,3,30.5,-0.283747,0.897449,0.090909,0.991736,0.000000,0.000000,0.000000,0.000000,0.000000,0.000000,0.000000,0.000000,0.000000,0.000000,363
12,3,31,-0.234763,0.929085,0.069977,0.995103,0.000000,0.000000,0.000000,0.000000,0.000000,0.000000,0.000000,0.000000,0.000000,0.000000,443
12,3,31.5,-0.263636,0.912314,0.109091,0.988099,0.000000,0.000000,0.000000,0.000000,0.000000,0.000000,0.000000,0.000000,0.000000,0.000000,220
12,3,32,-0.293578,0.886289,0.082569,0.993182,0.000000,0.000000,0.000000,0.000000,0.000000,0.000000,0.000000,0.000000,0.000000,0.000000,218
12,3,32.5,-0.315217,0.882522,0.130435,0.982987,0.000000,0.000000,0.000000,0.000000,0.000000,0.000000,0.000000,0.000000,0.000000,0.000000,276
12,3,33,-0.193717,0.931060,0.183246,0.966421,0.000000,0.000000,0.000000,0.000000,0.000000,0.000000,0.000000,0.000000,0.000000,0.000000,191
12,3,33.5,-0.214815,0.924225,0.303704,0.907764,0.000000,0.000000,0.000000,0.000000,0.000000,0.000000,0.000000,0.000000,0.000000,0.000000,135
12,3,34,-0.260355,0.926298,0.195266,0.961871,0.000000,0.000000,0.000000,0.000000,0.000000,0.000000,0.000000,0.000000,0.000000,0.000000,169
12,3,34.5,-0.258065,0.901145,0.000000,1.000000,0.000000,0.000000,0.000000,0.000000,0.000000,0.000000,0.000000,0.000000,0.000000,0.000000,124
12,3,35,-0.348315,0.856205,0.123596,0.984724,0.000000,0.000000,0.000000,0.000000,0.000000,0.000000,0.000000,0.000000,0.000000,0.000000,89
12,3,35.5,-0.454545,0.747934,0.181818,0.966942,0.000000,0.000000,0.000000,0.000000,0.000000,0.000000,0.000000,0.000000,0.000000,0.000000,44
12,3,36,-0.413223,0.804453,0.190083,0.963869,0.000000,0.000000,0.000000,0.000000,0.000000,0.000000,0.000000,0.000000,0.000000,0.000000,121
12,3,36.5,-0.000000,0.979592,-0.183673,0.966264,0.000000,0.000000,0.000000,0.000000,0.000000,0.000000,0.000000,0.000000,0.000000,0.000000,49
12,3,37,-0.136364,0.935950,0.318182,0.898760,0.000000,0.000000,0.000000,0.000000,0.000000,0.000000,0.000000,0.000000,0.000000,0.000000,44
12,3,37.5,-0.197183,0.947034,-0.042254,0.998215,0.000000,0.000000,0.000000,0.000000,0.000000,0.000000,0.000000,0.000000,0.000000,0.000000,71
12,3,38,-0.363636,0.867769,0.318182,0.898760,0.000000,0.000000,0.000000,0.000000,0.000000,0.000000,0.000000,0.000000,0.000000,0.000000,44
12,3,38.5,-0.238095,0.943311,0.428571,0.816327,0.000000,0.000000,0.000000,0.000000,0.000000,0.000000,0.000000,0.000000,0.000000,0.000000,21
12,3,39,-0.312500,0.839844,0.375000,0.859375,0.000000,0.000000,0.000000,0.000000,0.000000,0.000000,0.000000,0.000000,0.000000,0.000000,16
12,3,39.5,-0.391304,0.846881,0.304348,0.907372,0.000000,0.000000,0.000000,0.000000,0.000000,0.000000,0.000000,0.000000,0.000000,0.000000,23
12,3,40,-0.153846,0.976331,0.153846,0.976331,0.000000,0.000000,0.000000,0.000000,0.000000,0.000000,0.000000,0.000000,0.000000,0.000000,26
12,3,40.5,-0.384615,0.852071,0.076923,0.994083,0.000000,0.000000,0.000000,0.000000,0.000000,0.000000,0.000000,0.000000,0.000000,0.000000,13
12,3,41,-0.166667,0.972222,0.166667,0.972222,0.000000,0.000000,0.000000,0.000000,0.000000,0.000000,0.000000,0.000000,0.000000,0.000000,12
12,3,41.5,-0.333333,0.888889,0.666667,0.555556,0.000000,0.000000,0.000000,0.000000,0.000000,0.000000,0.000000,0.000000,0.000000,0.000000,6
12,3,42,0.000000,1.000000,0.000000,1.000000,0.000000,0.000000,0.000000,0.000000,0.000000,0.000000,0.000000,0.000000,0.000000,0.000000,2
12,3,42.5,0.000000,1.000000,0.142857,0.979592,0.000000,0.000000,0.000000,0.000000,0.000000,0.000000,0.000000,0.000000,0.000000,0.000000,14
12,3,43,0.000000,1.000000,0.000000,1.000000,0.000000,0.000000,0.000000,0.000000,0.000000,0.000000,0.000000,0.000000,0.000000,0.000000,2
12,3,43.5,-1.000000,0.000000,1.000000,0.000000,0.000000,0.000000,0.000000,0.000000,0.000000,0.000000,0.000000,0.000000,0.000000,0.000000,1
12,3,44,0.000000,1.000000,0.750000,0.437500,0.000000,0.000000,0.000000,0.000000,0.000000,0.000000,0.000000,0.000000,0.000000,0.000000,8
12,3,44.5,-0.500000,0.750000,1.000000,0.000000,0.000000,0.000000,0.000000,0.000000,0.000000,0.000000,0.000000,0.000000,0.000000,0.000000,4
12,3,45,0.000000,1.000000,0.000000,1.000000,0.000000,0.000000,0.000000,0.000000,0.000000,0.000000,0.000000,0.000000,0.000000,0.000000,2
12,3,45.5,0.000000,0.888889,0.111111,0.987654,0.000000,0.000000,0.000000,0.000000,0.000000,0.000000,0.000000,0.000000,0.000000,0.000000,9
12,3,46,-0.000000,1.000000,0.500000,0.750000,0.000000,0.000000,0.000000,0.000000,0.000000,0.000000,0.000000,0.000000,0.000000,0.000000,4
12,3,47,-1.000000,0.000000,0.000000,1.000000,0.000000,0.000000,0.000000,0.000000,0.000000,0.000000,0.000000,0.000000,0.000000,0.000000,2
12,3,47.5,0.000000,1.000000,0.000000,1.000000,0.000000,0.000000,0.000000,0.000000,0.000000,0.000000,0.000000,0.000000,0.000000,0.000000,2
12,3,49,-1.000000,0.000000,-1.000000,0.000000,0.000000,0.000000,0.000000,0.000000,0.000000,0.000000,0.000000,0.000000,0.000000,0.000000,1
12,3,50.5,0.000000,1.000000,1.000000,0.000000,0.000000,0.000000,0.000000,0.000000,0.000000,0.000000,0.000000,0.000000,0.000000,0.000000,2
13,2,-52,-1.000000,0.000000,-1.000000,0.000000,0.000000,0.000000,0.000000,0.000000,0.000000,0.000000,0.000000,0.000000,0.000000,0.000000,1
13,2,-49,0.000000,1.000000,-1.000000,0.000000,0.000000,0.000000,0.000000,0.000000,0.000000,0.000000,0.000000,0.000000,0.000000,0.000000,2
13,2,-47.5,-1.000000,0.000000,-1.000000,0.000000,0.000000,0.000000,0.000000,0.000000,0.000000,0.000000,0.000000,0.000000,0.000000,0.000000,1
13,2,-47,0.333333,0.888889,-0.333333,0.888889,0.000000,0.000000,0.000000,0.000000,0.000000,0.000000,0.000000,0.000000,0.000000,0.000000,3
13,2,-46,-1.000000,0.000000,-1.000000,0.000000,0.000000,0.000000,0.000000,0.000000,0.000000,0.000000,0.000000,0.000000,0.000000,0.000000,1
13,2,-45.5,0.000000,0.800000,-0.600000,0.640000,0.000000,0.000000,0.000000,0.000000,0.000000,0.000000,0.000000,0.000000,0.000000,0.000000,5
13,2,-45,0.000000,0.000000,-1.000000,0.000000,0.000000,0.000000,0.000000,0.000000,0.000000,0.000000,0.000000,0.000000,0.000000,0.000000,1
13,2,-44.5,-0.500000,0.750000,-1.000000,0.000000,0.000000,0.000000,0.000000,0.000000,0.000000,0.000000,0.000000,0.000000,0.000000,0.000000,4
13,2,-44,-1.000000,0.000000,-0.500000,0.750000,0.000000,0.000000,0.000000,0.000000,0.000000,0.000000,0.000000,0.000000,0.000000,0.000000,4
13,2,-43.5,-1.000000,0.000000,-1.000000,0.000000,0.000000,0.000000,0.000000,0.000000,0.000000,0.000000,0.000000,0.000000,0.000000,0.000000,3
13,2,-43,-1.000000,0.000000,-0.000000,1.000000,0.000000,0.000000,0.000000,0.000000,0.000000,0.000000,0.000000,0.000000,0.000000,0.000000,4
13,2,-42.5,0.428571,0.816327,-1.000000,0.000000,0.000000,0.000000,0.000000,0.000000,0.000000,0.000000,0.000000,0.000000,0.000000,0.000000,7
13,2,-41.5,-0.200000,0.960000,-1.000000,0.000000,0.000000,0.000000,0.000000,0.000000,0.000000,0.000000,0.000000,0.000000,0.000000,0.000000,5
13,2,-41,0.200000,0.960000,-0.200000,0.960000,0.000000,0.000000,0.000000,0.000000,0.000000,0.000000,0.000000,0.000000,0.000000,0.000000,5
13,2,-40.5,-1.000000,0.000000,0.333333,0.888889,0.000000,0.000000,0.000000,0.000000,0.000000,0.000000,0.000000,0.000000,0.000000,0.000000,3
13,2,-40,-0.000000,1.000000,-0.857143,0.265306,0.000000,0.000000,0.000000,0.000000,0.000000,0.000000,0.000000,0.000000,0.000000,0.000000,14
13,2,-39.5,-0.222222,0.839506,-0.222222,0.950617,0.000000,0.000000,0.000000,0.000000,0.000000,0.000000,0.000000,0.000000,0.000000,0.000000,18
13,2,-39,-0.157895,0.869806,-0.473684,0.775623,0.000000,0.000000,0.000000,0.000000,0.000000,0.000000,0.000000,0.000000,0.000000,0.000000,19
13,2,-38.5,-0.230769,0.946746,-0.538462,0.710059,0.000000,0.000000,0.000000,0.000000,0.000000,0.000000,0.000000,0.000000,0.000000,0.000000,13
13,2,-38,0.120000,0.825600,-0.520000,0.729600,0.000000,0.000000,0.000000,0.000000,0.000000,0.000000,0.000000,0.000000,0.000000,0.000000,25
13,2,-37.5,-0.208333,0.831597,-0.416667,0.826389,0.000000,0.000000,0.000000,0.000000,0.000000,0.000000,0.000000,0.000000,0.000000,0.000000,24
13,2,-37,-0.478261,0.771267,-0.652174,0.574669,0.000000,0.000000,0.000000,0.000000,0.000000,0.000000,0.000000,0.000000,0.000000,0.000000,23
13,2,-36.5,-0.187500,0.902344,-0.437500,0.808594,0.000000,0.000000,0.000000,0.000000,0.000000,0.000000,0.000000,0.000000,0.000000,0.000000,32
13,2,-36,-0.132530,0.886050,-0.518072,0.731601,0.000000,0.000000,0.000000,0.000000,0.000000,0.000000,0.000000,0.000000,0.000000,0.000000,83
13,2,-35.5,-0.219512,0.903034,-0.609756,0.628198,0.000000,0.000000,0.000000,0.000000,0.000000,0.000000,0.000000,0.000000,0.000000,0.000000,41
13,2,-35,-0.272727,0.880165,-0.636364,0.595041,0.000000,0.000000,0.000000,0.000000,0.000000,0.000000,0.000000,0.000000,0.000000,0.000000,44
13,2,-34.5,-0.042553,0.913083,-0.382979,0.853327,0.000000,0.000000,0.000000,0.000000,0.000000,0.000000,0.000000,0.000000,0.000000,0.000000,94
13,2,-34,-0.116071,0.941885,-0.553571,0.693559,0.000000,0.000000,0.000000,0.000000,0.000000,0.000000,0.000000,0.000000,0.000000,0.000000,112
13,2,-33.5,-0.135922,0.894146,-0.689320,0.524837,0.000000,0.000000,0.000000,0.000000,0.000000,0.000000,0.000000,0.000000,0.000000,0.000000,103
13,2,-33,-0.190476,0.884354,-0.523810,0.725624,0.000000,0.000000,0.000000,0.000000,0.000000,0.000000,0.000000,0.000000,0.000000,0.000000,126
13,2,-32.5,-0.120482,0.877050,-0.602410,0.637103,0.000000,0.000000,0.000000,0.000000,0.000000,0.000000,0.000000,0.000000,0.000000,0.000000,166
13,2,-32,-0.223529,0.891211,-0.435294,0.810519,0.000000,0.000000,0.000000,0.000000,0.000000,0.000000,0.000000,0.000000,0.000000,0.000000,170
13,2,-31.5,-0.140625,0.839600,-0.531250,0.717773,0.000000,0.000000,0.000000,0.000000,0.000000,0.000000,0.000000,0.000000,0.000000,0.000000,128
13,2,-31,-0.216028,0.866224,-0.547038,0.700749,0.000000,0.000000,0.000000,0.000000,0.000000,0.000000,0.000000,0.000000,0.000000,0.000000,287
13,2,-30.5,-0.135802,0.899253,-0.399177,0.840658,0.000000,0.000000,0.000000,0.000000,0.000000,0.000000,0.000000,0.000000,0.000000,0.000000,243
13,2,-30,-0.206294,0.891009,-0.468531,0.780478,0.000000,0.000000,0.000000,0.000000,0.000000,0.000000,0.000000,0.000000,0.000000,0.000000,286
13,2,-29.5,-0.226950,0.870479,-0.475177,0.774207,0.000000,0.000000,0.000000,0.000000,0.000000,0.000000,0.000000,0.000000,0.000000,0.000000,282
13,2,-29,-0.273084,0.842910,-0.449902,0.797588,0.000000,0.000000,0.000000,0.000000,0.000000,0.000000,0.000000,0.000000,0.000000,0.000000,509
13,2,-28.5,-0.251908,0.875473,-0.541985,0.706253,0.000000,0.000000,0.000000,0.000000,0.000000,0.000000,0.000000,0.000000,0.000000,0.000000,393
13,2,-28,-0.208068,0.882398,-0.422505,0.821489,0.000000,0.000000,0.000000,0.000000,0.000000,0.000000,0.000000,0.000000,0.000000,0.000000,471
13,2,-27.5,-0.161066,0.899898,-0.527231,0.722028,0.000000,0.000000,0.000000,0.000000,0.000000,0.000000,0.000000,0.000000,0.000000,0.000000,863
13,2,-27,-0.218310,0.898350,-0.436620,0.809363,0.000000,0.000000,0.000000,0.000000,0.000000,0.000000,0.000000,0.000000,0.000000,0.000000,426
13,2,-26.5,-0.186012,0.895459,-0.485119,0.764660,0.000000,0.000000,0.000000,0.000000,0.000000,0.000000,0.000000,0.000000,0.000000,0.000000,672
13,2,-26,-0.213508,0.882519,-0.493101,0.756851,0.000000,0.000000,0.000000,0.000000,0.000000,0.000000,0.000000,0.000000,0.000000,0.000000,1377
13,2,-25.5,-0.233591,0.866285,-0.488417,0.761449,0.000000,0.000000,0.000000,0.000000,0.000000,0.000000,0.000000,0.000000,0.000000,0.000000,1036
13,2,-25,-0.211196,0.879060,-0.458015,0.790222,0.000000,0.000000,0.000000,0.000000,0.000000,0.000000,0.000000,0.000000,0.000000,0.000000,786
13,2,-24.5,-0.234138,0.871064,-0.437395,0.808686,0.000000,0.000000,0.000000,0.000000,0.000000,0.000000,0.000000,0.000000,0.000000,0.000000,1781
13,2,-24,-0.212989,0.872932,-0.474860,0.774508,0.000000,0.000000,0.000000,0.000000,0.000000,0.000000,0.000000,0.000000,0.000000,0.000000,1432
13,2,-23.5,-0.266238,0.851879,-0.464014,0.784691,0.000000,0.000000,0.000000,0.000000,0.000000,0.000000,0.000000,0.000000,0.000000,0.000000,1709
13,2,-23,-0.231634,0.875691,-0.443597,0.803222,0.000000,0.000000,0.000000,0.000000,0.000000,0.000000,0.000000,0.000000,0.000000,0.000000,2491
13,2,-22.5,-0.215855,0.879863,-0.425979,0.818542,0.000000,0.000000,0.000000,0.000000,0.000000,0.000000,0.000000,0.000000,0.000000,0.000000,2094
13,2,-22,-0.233492,0.879016,-0.471731,0.777470,0.000000,0.000000,0.000000,0.000000,0.000000,0.000000,0.000000,0.000000,0.000000,0.000000,2317
13,2,-21.5,-0.251746,0.864348,-0.433659,0.811940,0.000000,0.000000,0.000000,0.000000,0.000000,0.000000,0.000000,0.000000,0.000000,0.000000,2864
13,2,-21,-0.236641,0.874790,-0.435115,0.810675,0.000000,0.000000,0.000000,0.000000,0.000000,0.000000,0.000000,0.000000,0.000000,0.000000,3930
13,2,-20.5,-0.236088,0.877091,-0.419164,0.824302,0.000000,0.000000,0.000000,0.000000,0.000000,0.000000,0.000000,0.000000,0.000000,0.000000,3037
13,2,-20,-0.226837,0.880223,-0.431801,0.813548,0.000000,0.000000,0.000000,0.000000,0.000000,0.000000,0.000000,0.000000,0.000000,0.000000,4069
13,2,-19.5,-0.269337,0.865303,-0.417522,0.825676,0.000000,0.000000,0.000000,0.000000,0.000000,0.000000,0.000000,0.000000,0.000000,0.000000,5068
13,2,-19,-0.265400,0.861138,-0.423460,0.820682,0.000000,0.000000,0.000000,0.000000,0.000000,0.000000,0.000000,0.000000,0.000000,0.000000,5422
13,2,-18.5,-0.235111,0.873255,-0.429357,0.815653,0.000000,0.000000,0.000000,0.000000,0.000000,0.000000,0.000000,0.000000,0.000000,0.000000,5457
13,2,-18,-0.254112,0.866074,-0.435307,0.810508,0.000000,0.000000,0.000000,0.000000,0.000000,0.000000,0.000000,0.000000,0.000000,0.000000,7296
13,2,-17.5,-0.248428,0.870297,-0.413970,0.828629,0.000000,0.000000,0.000000,0.000000,0.000000,0.000000,0.000000,0.000000,0.000000,0.000000,8590
13,2,-17,-0.242996,0.873352,-0.408952,0.832758,0.000000,0.000000,0.000000,0.000000,0.000000,0.000000,0.000000,0.000000,0.000000,0.000000,6568
13,2,-16.5,-0.252768,0.868965,-0.415543,0.827324,0.000000,0.000000,0.000000,0.000000,0.000000,0.000000,0.000000,0.000000,0.000000,0.000000,9934
13,2,-16,-0.245075,0.877184,-0.394350,0.844488,0.000000,0.000000,0.000000,0.000000,0.000000,0.000000,0.000000,0.000000,0.000000,0.000000,9593
13,2,-15.5,-0.255307,0.869428,-0.385898,0.851082,0.000000,0.000000,0.000000,0.000000,0.000000,0.000000,0.000000,0.000000,0.000000,0.000000,10552
13,2,-15,-0.266386,0.863584,-0.389864,0.848006,0.000000,0.000000,0.000000,0.000000,0.000000,0.000000,0.000000,0.000000,0.000000,0.000000,11168
13,2,-14.5,-0.247979,0.874409,-0.406364,0.834868,0.000000,0.000000,0.000000,0.000000,0.000000,0.000000,0.000000,0.000000,0.000000,0.000000,15336
13,2,-14,-0.256675,0.869215,-0.391234,0.846936,0.000000,0.000000,0.000000,0.000000,0.000000,0.000000,0.000000,0.000000,0.000000,0.000000,15993
13,2,-13.5,-0.252470,0.873979,-0.393664,0.845029,0.000000,0.000000,0.000000,0.000000,0.000000,0.000000,0.000000,0.000000,0.000000,0.000000,17614
13,2,-13,-0.259441,0.870860,-0.388344,0.849189,0.000000,0.000000,0.000000,0.000000,0.000000,0.000000,0.000000,0.000000,0.000000,0.000000,17742
13,2,-12.5,-0.259682,0.871251,-0.379435,0.856029,0.000000,0.000000,0.000000,0.000000,0.000000,0.000000,0.000000,0.000000,0.000000,0.000000,21561
13,2,-12,-0.261264,0.869535,-0.376513,0.858238,0.000000,0.000000,0.000000,0.000000,0.000000,0.000000,0.000000,0.000000,0.000000,0.000000,23792
13,2,-11.5,-0.262797,0.869941,-0.377462,0.857522,0.000000,0.000000,0.000000,0.000000,0.000000,0.000000,0.000000,0.000000,0.000000,0.000000,25788
13,2,-11,-0.266222,0.867385,-0.370003,0.863098,0.000000,0.000000,0.000000,0.000000,0.000000,0.000000,0.000000,0.000000,0.000000,0.000000,29543
13,2,-10.5,-0.267854,0.866945,-0.369458,0.863501,0.000000,0.000000,0.000000,0.000000,0.000000,0.000000,0.000000,0.000000,0.000000,0.000000,31170
13,2,-10,-0.275596,0.863667,-0.368833,0.863962,0.000000,0.000000,0.000000,0.000000,0.000000,0.000000,0.000000,0.000000,0.000000,0.000000,40113
13,2,-9.5,-0.267454,0.872062,-0.367711,0.864789,0.000000,0.000000,0.000000,0.000000,0.000000,0.000000,0.000000,0.000000,0.000000,0.000000,35120
13,2,-9,-0.272545,0.869915,-0.358298,0.871622,0.000000,0.000000,0.000000,0.000000,0.000000,0.000000,0.000000,0.000000,0.000000,0.000000,44943
13,2,-8.5,-0.276437,0.866842,-0.350349,0.877256,0.000000,0.000000,0.000000,0.000000,0.000000,0.000000,0.000000,0.000000,0.000000,0.000000,47056
13,2,-8,-0.274421,0.866328,-0.351853,0.876200,0.000000,0.000000,0.000000,0.000000,0.000000,0.000000,0.000000,0.000000,0.000000,0.000000,54861
13,2,-7.5,-0.278965,0.865861,-0.349470,0.877871,0.000000,0.000000,0.000000,0.000000,0.000000,0.000000,0.000000,0.000000,0.000000,0.000000,60194
13,2,-7,-0.280413,0.864871,-0.340200,0.884264,0.000000,0.000000,0.000000,0.000000,0.000000,0.000000,0.000000,0.000000,0.000000,0.000000,62622
13,2,-6.5,-0.280592,0.865024,-0.340696,0.883926,0.000000,0.000000,0.000000,0.000000,0.000000,0.000000,0.000000,0.000000,0.000000,0.000000,73074
13,2,-6,-0.284595,0.863295,-0.336357,0.886864,0.000000,0.000000,0.000000,0.000000,0.000000,0.000000,0.000000,0.000000,0.000000,0.000000,85100
13,2,-5.5,-0.287185,0.861478,-0.338788,0.885222,0.000000,0.000000,0.000000,0.000000,0.000000,0.000000,0.000000,0.000000,0.000000,0.000000,83716
13,2,-5,-0.284070,0.865452,-0.335720,0.887292,0.000000,0.000000,0.000000,0.000000,0.000000,0.000000,0.000000,0.000000,0.000000,0.000000,89932
13,2,-4.5,-0.286072,0.863435,-0.326304,0.893525,0.000000,0.000000,0.000000,0.000000,0.000000,0.000000,0.000000,0.000000,0.000000,0.000000,115901
13,2,-4,-0.296071,0.857823,-0.326829,0.893183,0.000000,0.000000,0.000000,0.000000,0.000000,0.000000,0.000000,0.000000,0.000000,0.000000,119610
13,2,-3.5,-0.297151,0.857124,-0.317784,0.899013,0.000000,0.000000,0.000000,0.000000,0.000000,0.000000,0.000000,0.000000,0.000000,0.000000,126737
13,2,-3,-0.296819,0.858280,-0.316461,0.899853,0.000000,0.000000,0.000000,0.000000,0.000000,0.000000,0.000000,0.000000,0.000000,0.000000,149630
13,2,-2.5,-0.295340,0.860218,-0.311124,0.903202,0.000000,0.000000,0.000000,0.000000,0.000000,0.000000,0.000000,0.000000,0.000000,0.000000,161370
13,2,-2,-0.297284,0.858948,-0.306536,0.906036,0.000000,0.000000,0.000000,0.000000,0.000000,0.000000,0.000000,0.000000,0.000000,0.000000,164617
13,2,-1.5,-0.302792,0.857151,-0.302194,0.908679,0.000000,0.000000,0.000000,0.000000,0.000000,0.000000,0.000000,0.000000,0.000000,0.000000,195656
13,2,-1,-0.297629,0.860991,-0.300706,0.909576,0.000000,0.000000,0.000000,0.000000,0.000000,0.000000,0.000000,0.000000,0.000000,0.000000,207312
13,2,-0.5,-0.305753,0.854696,-0.297775,0.911330,0.000000,0.000000,0.000000,0.000000,0.000000,0.000000,0.000000,0.000000,0.000000,0.000000,169974
13,2,0,-0.305681,0.855741,-0.294605,0.913208,0.000000,0.000000,0.000000,0.000000,0.000000,0.000000,0.000000,0.000000,0.000000,0.000000,551847
13,2,0.5,-0.307875,0.855163,-0.285848,0.918291,0.000000,0.000000,0.000000,0.000000,0.000000,0.000000,0.000000,0.000000,0.000000,0.000000,179001
13,2,1,-0.309753,0.854983,-0.284199,0.919231,0.000000,0.000000,0.000000,0.000000,0.000000,0.000000,0.000000,0.000000,0.000000,0.000000,276482
13,2,1.5,-0.311777,0.853686,-0.279681,0.921779,0.000000,0.000000,0.000000,0.000000,0.000000,0.000000,0.000000,0.000000,0.000000,0.000000,273798
13,2,2,-0.314722,0.852031,-0.276789,0.923388,0.000000,0.000000,0.000000,0.000000,0.000000,0.000000,0.000000,0.000000,0.000000,0.000000,247040
13,2,2.5,-0.317385,0.851657,-0.272949,0.925499,0.000000,0.000000,0.000000,0.000000,0.000000,0.000000,0.000000,0.000000,0.000000,0.000000,187233
13,2,3,-0.321819,0.848645,-0.267895,0.928232,0.000000,0.000000,0.000000,0.000000,0.000000,0.000000,0.000000,0.000000,0.000000,0.000000,180903
13,2,3.5,-0.322049,0.848760,-0.261645,0.931542,0.000000,0.000000,0.000000,0.000000,0.000000,0.000000,0.000000,0.000000,0.000000,0.000000,149061
13,2,4,-0.325313,0.847597,-0.262679,0.931000,0.000000,0.000000,0.000000,0.000000,0.000000,0.000000,0.000000,0.000000,0.000000,0.000000,148451
13,2,4.5,-0.328652,0.846060,-0.255676,0.934630,0.000000,0.000000,0.000000,0.000000,0.000000,0.000000,0.000000,0.000000,0.000000,0.000000,132359
13,2,5,-0.327886,0.847973,-0.253238,0.935871,0.000000,0.000000,0.000000,0.000000,0.000000,0.000000,0.000000,0.000000,0.000000,0.000000,113573
13,2,5.5,-0.326176,0.848920,-0.251764,0.936615,0.000000,0.000000,0.000000,0.000000,0.000000,0.000000,0.000000,0.000000,0.000000,0.000000,103291
13,2,6,-0.334159,0.843033,-0.248920,0.938039,0.000000,0.000000,0.000000,0.000000,0.000000,0.000000,0.000000,0.000000,0.000000,0.000000,103720
13,2,6.5,-0.330737,0.847177,-0.247668,0.938660,0.000000,0.000000,0.000000,0.000000,0.000000,0.000000,0.000000,0.000000,0.000000,0.000000,87807
13,2,7,-0.335036,0.843893,-0.238405,0.943163,0.000000,0.000000,0.000000,0.000000,0.000000,0.000000,0.000000,0.000000,0.000000,0.000000,76177
13,2,7.5,-0.334030,0.843871,-0.233255,0.945592,0.000000,0.000000,0.000000,0.000000,0.000000,0.000000,0.000000,0.000000,0.000000,0.000000,73709
13,2,8,-0.329906,0.847965,-0.237245,0.943715,0.000000,0.000000,0.000000,0.000000,0.000000,0.000000,0.000000,0.000000,0.000000,0.000000,66231
13,2,8.5,-0.346008,0.837413,-0.232957,0.945731,0.000000,0.000000,0.000000,0.000000,0.000000,0.000000,0.000000,0.000000,0.000000,0.000000,56620
13,2,9,-0.344945,0.840136,-0.220093,0.951559,0.000000,0.000000,0.000000,0.000000,0.000000,0.000000,0.000000,0.000000,0.000000,0.000000,54945
13,2,9.5,-0.342832,0.842127,-0.223680,0.949967,0.000000,0.000000,0.000000,0.000000,0.000000,0.000000,0.000000,0.000000,0.000000,0.000000,43902
13,2,10,-0.342010,0.841448,-0.227619,0.948189,0.000000,0.000000,0.000000,0.000000,0.000000,0.000000,0.000000,0.000000,0.000000,0.000000,47329
13,2,10.5,-0.346645,0.837833,-0.212247,0.954951,0.000000,0.000000,0.000000,0.000000,0.000000,0.000000,0.000000,0.000000,0.000000,0.000000,38639
13,2,11,-0.352082,0.834476,-0.204809,0.958053,0.000000,0.000000,0.000000,0.000000,0.000000,0.000000,0.000000,0.000000,0.000000,0.000000,35682
13,2,11.5,-0.346839,0.841098,-0.198572,0.960569,0.000000,0.000000,0.000000,0.000000,0.000000,0.000000,0.000000,0.000000,0.000000,0.000000,31369
13,2,12,-0.350005,0.837740,-0.206336,0.957425,0.000000,0.000000,0.000000,0.000000,0.000000,0.000000,0.000000,0.000000,0.000000,0.000000,28851
13,2,12.5,-0.365510,0.826065,-0.197886,0.960841,0.000000,0.000000,0.000000,0.000000,0.000000,0.000000,0.000000,0.000000,0.000000,0.000000,26303
13,2,13,-0.368887,0.826200,-0.197415,0.961027,0.000000,0.000000,0.000000,0.000000,0.000000,0.000000,0.000000,0.000000,0.000000,0.000000,21817
13,2,13.5,-0.349283,0.841149,-0.183936,0.966168,0.000000,0.000000,0.000000,0.000000,0.000000,0.000000,0.000000,0.000000,0.000000,0.000000,21464
13,2,14,-0.362550,0.828308,-0.172234,0.970335,0.000000,0.000000,0.000000,0.000000,0.000000,0.000000,0.000000,0.000000,0.000000,0.000000,19578
13,2,14.5,-0.368726,0.826663,-0.191089,0.963485,0.000000,0.000000,0.000000,0.000000,0.000000,0.000000,0.000000,0.000000,0.000000,0.000000,18808
13,2,15,-0.362338,0.831987,-0.164512,0.972936,0.000000,0.000000,0.000000,0.000000,0.000000,0.000000,0.000000,0.000000,0.000000,0.000000,14078
13,2,15.5,-0.379123,0.818384,-0.166756,0.972192,0.000000,0.000000,0.000000,0.000000,0.000000,0.000000,0.000000,0.000000,0.000000,0.000000,13067
13,2,16,-0.378451,0.821666,-0.167709,0.971874,0.000000,0.000000,0.000000,0.000000,0.000000,0.000000,0.000000,0.000000,0.000000,0.000000,11991
13,2,16.5,-0.365102,0.831579,-0.159163,0.974667,0.000000,0.000000,0.000000,0.000000,0.000000,0.000000,0.000000,0.000000,0.000000,0.000000,12528
13,2,17,-0.372162,0.830441,-0.147416,0.978268,0.000000,0.000000,0.000000,0.000000,0.000000,0.000000,0.000000,0.000000,0.000000,0.000000,8147
13,2,17.5,-0.383758,0.819464,-0.133734,0.982115,0.000000,0.000000,0.000000,0.000000,0.000000,0.000000,0.000000,0.000000,0.000000,0.000000,10491
13,2,18,-0.397493,0.806860,-0.166070,0.972421,0.000000,0.000000,0.000000,0.000000,0.000000,0.000000,0.000000,0.000000,0.000000,0.000000,8936
13,2,18.5,-0.382452,0.817990,-0.143987,0.979268,0.000000,0.000000,0.000000,0.000000,0.000000,0.000000,0.000000,0.000000,0.000000,0.000000,6827
13,2,19,-0.404159,0.800194,-0.163274,0.973342,0.000000,0.000000,0.000000,0.000000,0.000000,0.000000,0.000000,0.000000,0.000000,0.000000,6829
13,2,19.5,-0.394127,0.810219,-0.159365,0.974603,0.000000,0.000000,0.000000,0.000000,0.000000,0.000000,0.000000,0.000000,0.000000,0.000000,6300
13,2,20,-0.401270,0.806238,-0.147450,0.978259,0.000000,0.000000,0.000000,0.000000,0.000000,0.000000,0.000000,0.000000,0.000000,0.000000,5039
13,2,20.5,-0.420246,0.786217,-0.161015,0.974074,0.000000,0.000000,0.000000,0.000000,0.000000,0.000000,0.000000,0.000000,0.000000,0.000000,3981
13,2,21,-0.413317,0.799124,-0.102720,0.989449,0.000000,0.000000,0.000000,0.000000,0.000000,0.000000,0.000000,0.000000,0.000000,0.000000,4926
13,2,21.5,-0.405194,0.807893,-0.131528,0.982701,0.000000,0.000000,0.000000,0.000000,0.000000,0.000000,0.000000,0.000000,0.000000,0.000000,3581
13,2,22,-0.405592,0.803738,-0.128064,0.983600,0.000000,0.000000,0.000000,0.000000,0.000000,0.000000,0.000000,0.000000,0.000000,0.000000,2897
13,2,22.5,-0.409669,0.802364,-0.123228,0.984815,0.000000,0.000000,0.000000,0.000000,0.000000,0.000000,0.000000,0.000000,0.000000,0.000000,2751
13,2,23,-0.409253,0.807925,-0.120673,0.985438,0.000000,0.000000,0.000000,0.000000,0.000000,0.000000,0.000000,0.000000,0.000000,0.000000,3091
13,2,23.5,-0.423004,0.795402,-0.071293,0.994917,0.000000,0.000000,0.000000,0.000000,0.000000,0.000000,0.000000,0.000000,0.000000,0.000000,2104
13,2,24,-0.390449,0.820021,-0.102247,0.989546,0.000000,0.000000,0.000000,0.000000,0.000000,0.000000,0.000000,0.000000,0.000000,0.000000,1780
13,2,24.5,-0.454670,0.765485,-0.088838,0.992108,0.000000,0.000000,0.000000,0.000000,0.000000,0.000000,0.000000,0.000000,0.000000,0.000000,2195
13,2,25,-0.431472,0.787436,0.001015,0.999999,0.000000,0.000000,0.000000,0.000000,0.000000,0.000000,0.000000,0.000000,0.000000,0.000000,985
13,2,25.5,-0.415374,0.797140,-0.126939,0.983886,0.000000,0.000000,0.000000,0.000000,0.000000,0.000000,0.000000,0.000000,0.000000,0.000000,1418
13,2,26,-0.401173,0.807975,-0.094428,0.991083,0.000000,0.000000,0.000000,0.000000,0.000000,0.000000,0.000000,0.000000,0.000000,0.000000,1705
13,2,26.5,-0.425662,0.784189,-0.083503,0.993027,0.000000,0.000000,0.000000,0.000000,0.000000,0.000000,0.000000,0.000000,0.000000,0.000000,982
13,2,27,-0.402754,0.801645,-0.098107,0.990375,0.000000,0.000000,0.000000,0.000000,0.000000,0.000000,0.000000,0.000000,0.000000,0.000000,581
13,2,27.5,-0.428034,0.788565,-0.051740,0.997323,0.000000,0.000000,0.000000,0.000000,0.000000,0.000000,0.000000,0.000000,0.000000,0.000000,1063
13,2,28,-0.438261,0.778362,-0.043478,0.998110,0.000000,0.000000,0.000000,0.000000,0.000000,0.000000,0.000000,0.000000,0.000000,0.000000,575
13,2,28.5,-0.420677,0.796293,-0.051693,0.997328,0.000000,0.000000,0.000000,0.000000,0.000000,0.000000,0.000000,0.000000,0.000000,0.000000,561
13,2,29,-0.462121,0.760686,-0.036364,0.998678,0.000000,0.000000,0.000000,0.000000,0.000000,0.000000,0.000000,0.000000,0.000000,0.000000,660
13,2,29.5,-0.379845,0.835046,-0.049096,0.997590,0.000000,0.000000,0.000000,0.000000,0.000000,0.000000,0.000000,0.000000,0.000000,0.000000,387
13,2,30,-0.392857,0.803997,-0.053571,0.997130,0.000000,0.000000,0.000000,0.000000,0.000000,0.000000,0.000000,0.000000,0.000000,0.000000,336
13,2,30.5,-0.454248,0.764247,-0.058824,0.996540,0.000000,0.000000,0.000000,0.000000,0.000000,0.000000,0.000000,0.000000,0.000000,0.000000,306
13,2,31,-0.403846,0.817678,-0.016484,0.999728,0.000000,0.000000,0.000000,0.000000,0.000000,0.000000,0.000000,0.000000,0.000000,0.000000,364
13,2,31.5,-0.410256,0.823143,-0.017094,0.999708,0.000000,0.000000,0.000000,0.000000,0.000000,0.000000,0.000000,0.000000,0.000000,0.000000,234
13,2,32,-0.406699,0.805888,-0.081340,0.993384,0.000000,0.000000,0.000000,0.000000,0.000000,0.000000,0.000000,0.000000,0.000000,0.000000,209
13,2,32.5,-0.446640,0.792607,0.027668,0.999234,0.000000,0.000000,0.000000,0.000000,0.000000,0.000000,0.000000,0.000000,0.000000,0.000000,253
13,2,33,-0.512953,0.726516,0.139896,0.980429,0.000000,0.000000,0.000000,0.000000,0.000000,0.000000,0.000000,0.000000,0.000000,0.000000,193
13,2,33.5,-0.407143,0.798520,-0.042857,0.998163,0.000000,0.000000,0.000000,0.000000,0.000000,0.000000,0.000000,0.000000,0.000000,0.000000,140
13,2,34,-0.447368,0.760388,0.052632,0.997230,0.000000,0.000000,0.000000,0.000000,0.000000,0.000000,0.000000,0.000000,0.000000,0.000000,152
13,2,34.5,-0.496063,0.738173,-0.007874,0.999938,0.000000,0.000000,0.000000,0.000000,0.000000,0.000000,0.000000,0.000000,0.000000,0.000000,127
13,2,35,-0.541667,0.692708,0.027778,0.999228,0.000000,0.000000,0.000000,0.000000,0.000000,0.000000,0.000000,0.000000,0.000000,0.000000,72
13,2,35.5,-0.731707,0.440214,0.268293,0.928019,0.000000,0.000000,0.000000,0.000000,0.000000,0.000000,0.000000,0.000000,0.000000,0.000000,41
13,2,36,-0.563636,0.664132,-0.127273,0.983802,0.000000,0.000000,0.000000,0.000000,0.000000,0.000000,0.000000,0.000000,0.000000,0.000000,110
13,2,36.5,-0.510638,0.717972,-0.063830,0.995926,0.000000,0.000000,0.000000,0.000000,0.000000,0.000000,0.000000,0.000000,0.000000,0.000000,47
13,2,37,-0.366667,0.832222,-0.066667,0.995556,0.000000,0.000000,0.000000,0.000000,0.000000,0.000000,0.000000,0.000000,0.000000,0.000000,30
13,2,37.5,-0.673469,0.505623,-0.020408,0.999584,0.000000,0.000000,0.000000,0.000000,0.000000,0.000000,0.000000,0.000000,0.000000,0.000000,49
13,2,38,-0.423729,0.786556,-0.016949,0.999713,0.000000,0.000000,0.000000,0.000000,0.000000,0.000000,0.000000,0.000000,0.000000,0.000000,59
13,2,38.5,-0.476190,0.725624,0.142857,0.979592,0.000000,0.000000,0.000000,0.000000,0.000000,0.000000,0.000000,0.000000,0.000000,0.000000,21
13,2,39,-0.160000,0.934400,0.120000,0.985600,0.000000,0.000000,0.000000,0.000000,0.000000,0.000000,0.000000,0.000000,0.000000,0.000000,25
13,2,39.5,-0.480000,0.729600,0.120000,0.985600,0.000000,0.000000,0.000000,0.000000,0.000000,0.000000,0.000000,0.000000,0.000000,0.000000,25
13,2,40,-0.250000,0.937500,-0.500000,0.750000,0.000000,0.000000,0.000000,0.000000,0.000000,0.000000,0.000000,0.000000,0.000000,0.000000,16
13,2,40.5,-0.764706,0.415225,-0.176471,0.968858,0.000000,0.000000,0.000000,0.000000,0.000000,0.000000,0.000000,0.000000,0.000000,0.000000,17
13,2,41,-0.000000,1.000000,-0.666667,0.555556,0.000000,0.000000,0.000000,0.000000,0.000000,0.000000,0.000000,0.000000,0.000000,0.000000,12
13,2,41.5,-0.200000,0.960000,-0.200000,0.960000,0.000000,0.000000,0.000000,0.000000,0.000000,0.000000,0.000000,0.000000,0.000000,0.000000,10
13,2,42,-1.000000,0.000000,1.000000,0.000000,0.000000,0.000000,0.000000,0.000000,0.000000,0.000000,0.000000,0.000000,0.000000,0.000000,1
13,2,42.5,-0.200000,0.760000,0.200000,0.960000,0.000000,0.000000,0.000000,0.000000,0.000000,0.000000,0.000000,0.000000,0.000000,0.000000,10
13,2,43,-0.400000,0.840000,-0.000000,1.000000,0.000000,0.000000,0.000000,0.000000,0.000000,0.000000,0.000000,0.000000,0.000000,0.000000,10
13,2,43.5,-1.000000,0.000000,-0.500000,0.750000,0.000000,0.000000,0.000000,0.000000,0.000000,0.000000,0.000000,0.000000,0.000000,0.000000,4
13,2,44,-0.714286,0.489796,0.142857,0.979592,0.000000,0.000000,0.000000,0.000000,0.000000,0.000000,0.000000,0.000000,0.000000,0.000000,7
13,2,44.5,-1.000000,0.000000,-1.000000,0.000000,0.000000,0.000000,0.000000,0.000000,0.000000,0.000000,0.000000,0.000000,0.000000,0.000000,2
13,2,45,-1.000000,0.000000,1.000000,0.000000,0.000000,0.000000,0.000000,0.000000,0.000000,0.000000,0.000000,0.000000,0.000000,0.000000,2
13,2,46,1.000000,0.000000,1.000000,0.000000,0.000000,0.000000,0.000000,0.000000,0.000000,0.000000,0.000000,0.000000,0.000000,0.000000,1
13,2,47,-1.000000,0.000000,-1.000000,0.000000,0.000000,0.000000,0.000000,0.000000,0.000000,0.000000,0.000000,0.000000,0.000000,0.000000,1
13,2,47.5,1.000000,0.000000,0.000000,1.000000,0.000000,0.000000,0.000000,0.000000,0.000000,0.000000,0.000000,0.000000,0.000000,0.000000,2
13,2,49,-1.000000,0.000000,0.500000,0.750000,0.000000,0.000000,0.000000,0.000000,0.000000,0.000000,0.000000,0.000000,0.000000,0.000000,4
13,2,50.5,-1.000000,0.000000,0.333333,0.888889,0.000000,0.000000,0.000000,0.000000,0.000000,0.000000,0.000000,0.000000,0.000000,0.000000,3
13,2,53.5,-1.000000,0.000000,1.000000,0.000000,0.000000,0.000000,0.000000,0.000000,0.000000,0.000000,0.000000,0.000000,0.000000,0.000000,1
13,3,-49,1.000000,0.000000,-1.000000,0.000000,0.000000,0.000000,0.000000,0.000000,0.000000,0.000000,0.000000,0.000000,0.000000,0.000000,1
13,3,-47.5,0.000000,0.000000,-1.000000,0.000000,0.000000,0.000000,0.000000,0.000000,0.000000,0.000000,0.000000,0.000000,0.000000,0.000000,1
13,3,-47,-1.000000,0.000000,-1.000000,0.000000,0.000000,0.000000,0.000000,0.000000,0.000000,0.000000,0.000000,0.000000,0.000000,0.000000,1
13,3,-46.5,-1.000000,0.000000,-1.000000,0.000000,0.000000,0.000000,0.000000,0.000000,0.000000,0.000000,0.000000,0.000000,0.000000,0.000000,1
13,3,-45.5,0.333333,0.888889,-1.000000,0.000000,0.000000,0.000000,0.000000,0.000000,0.000000,0.000000,0.000000,0.000000,0.000000,0.000000,3
13,3,-45,0.000000,1.000000,-1.000000,0.000000,0.000000,0.000000,0.000000,0.000000,0.000000,0.000000,0.000000,0.000000,0.000000,0.000000,2
13,3,-44.5,1.000000,0.000000,-1.000000,0.000000,0.000000,0.000000,0.000000,0.000000,0.000000,0.000000,0.000000,0.000000,0.000000,0.000000,1
13,3,-44,-1.000000,0.000000,-0.500000,0.750000,0.000000,0.000000,0.000000,0.000000,0.000000,0.000000,0.000000,0.000000,0.000000,0.000000,4
13,3,-43.5,-0.500000,0.250000,-1.000000,0.000000,0.000000,0.000000,0.000000,0.000000,0.000000,0.000000,0.000000,0.000000,0.000000,0.000000,2
13,3,-43,-0.333333,0.888889,-0.333333,0.888889,0.000000,0.000000,0.000000,0.000000,0.000000,0.000000,0.000000,0.000000,0.000000,0.000000,3
13,3,-42.5,0.142857,0.979592,-0.714286,0.489796,0.000000,0.000000,0.000000,0.000000,0.000000,0.000000,0.000000,0.000000,0.000000,0.000000,7
13,3,-42,-1.000000,0.000000,1.000000,0.000000,0.000000,0.000000,0.000000,0.000000,0.000000,0.000000,0.000000,0.000000,0.000000,0.000000,1
13,3,-41.5,-0.200000,0.960000,-1.000000,0.000000,0.000000,0.000000,0.000000,0.000000,0.000000,0.000000,0.000000,0.000000,0.000000,0.000000,5
13,3,-41,0.285714,0.775510,-0.142857,0.979592,0.000000,0.000000,0.000000,0.000000,0.000000,0.000000,0.000000,0.000000,0.000000,0.000000,7
13,3,-40.5,0.000000,0.823529,-0.294118,0.913495,0.000000,0.000000,0.000000,0.000000,0.000000,0.000000,0.000000,0.000000,0.000000,0.000000,17
13,3,-40,-0.142857,0.979592,-0.714286,0.489796,0.000000,0.000000,0.000000,0.000000,0.000000,0.000000,0.000000,0.000000,0.000000,0.000000,7
13,3,-39.5,0.000000,0.857143,-0.428571,0.816327,0.000000,0.000000,0.000000,0.000000,0.000000,0.000000,0.000000,0.000000,0.000000,0.000000,14
13,3,-39,-0.428571,0.721088,-0.809524,0.344671,0.000000,0.000000,0.000000,0.000000,0.000000,0.000000,0.000000,0.000000,0.000000,0.000000,21
13,3,-38.5,-0.333333,0.666667,-0.777778,0.395062,0.000000,0.000000,0.000000,0.000000,0.000000,0.000000,0.000000,0.000000,0.000000,0.000000,9
13,3,-38,-0.241379,0.872771,-0.517241,0.732461,0.000000,0.000000,0.000000,0.000000,0.000000,0.000000,0.000000,0.000000,0.000000,0.000000,29
13,3,-37.5,-0.088235,0.962803,-0.470588,0.778547,0.000000,0.000000,0.000000,0.000000,0.000000,0.000000,0.000000,0.000000,0.000000,0.000000,34
13,3,-37,-0.294118,0.795848,-0.647059,0.581315,0.000000,0.000000,0.000000,0.000000,0.000000,0.000000,0.000000,0.000000,0.000000,0.000000,17
13,3,-36.5,-0.000000,1.000000,-0.777778,0.395062,0.000000,0.000000,0.000000,0.000000,0.000000,0.000000,0.000000,0.000000,0.000000,0.000000,18
13,3,-36,-0.315789,0.821330,-0.578947,0.664820,0.000000,0.000000,0.000000,0.000000,0.000000,0.000000,0.000000,0.000000,0.000000,0.000000,76
13,3,-35.5,-0.259259,0.784636,-0.629630,0.603567,0.000000,0.000000,0.000000,0.000000,0.000000,0.000000,0.000000,0.000000,0.000000,0.000000,27
13,3,-35,0.026316,0.972992,-0.105263,0.988920,0.000000,0.000000,0.000000,0.000000,0.000000,0.000000,0.000000,0.000000,0.000000,0.000000,38
13,3,-34.5,-0.293103,0.827883,-0.655172,0.570749,0.000000,0.000000,0.000000,0.000000,0.000000,0.000000,0.000000,0.000000,0.000000,0.000000,58
13,3,-34,-0.304762,0.840454,-0.790476,0.375147,0.000000,0.000000,0.000000,0.000000,0.000000,0.000000,0.000000,0.000000,0.000000,0.000000,105
13,3,-33.5,-0.215190,0.877744,-0.417722,0.825509,0.000000,0.000000,0.000000,0.000000,0.000000,0.000000,0.000000,0.000000,0.000000,0.000000,79
13,3,-33,-0.366972,0.764414,-0.357798,0.871980,0.000000,0.000000,0.000000,0.000000,0.000000,0.000000,0.000000,0.000000,0.000000,0.000000,109
13,3,-32.5,-0.198758,0.854905,-0.515528,0.734231,0.000000,0.000000,0.000000,0.000000,0.000000,0.000000,0.000000,0.000000,0.000000,0.000000,161
13,3,-32,-0.223602,0.881679,-0.565217,0.680529,0.000000,0.000000,0.000000,0.000000,0.000000,0.000000,0.000000,0.000000,0.000000,0.000000,161
13,3,-31.5,-0.160256,0.865344,-0.423077,0.821006,0.000000,0.000000,0.000000,0.000000,0.000000,0.000000,0.000000,0.000000,0.000000,0.000000,156
13,3,-31,-0.229249,0.864441,-0.470356,0.778765,0.000000,0.000000,0.000000,0.000000,0.000000,0.000000,0.000000,0.000000,0.000000,0.000000,253
13,3,-30.5,-0.295567,0.809192,-0.576355,0.667815,0.000000,0.000000,0.000000,0.000000,0.000000,0.000000,0.000000,0.000000,0.000000,0.000000,203
13,3,-30,-0.243478,0.871153,-0.617391,0.618828,0.000000,0.000000,0.000000,0.000000,0.000000,0.000000,0.000000,0.000000,0.000000,0.000000,230
13,3,-29.5,-0.419929,0.734692,-0.572954,0.671724,0.000000,0.000000,0.000000,0.000000,0.000000,0.000000,0.000000,0.000000,0.000000,0.000000,281
13,3,-29,-0.234513,0.847658,-0.504425,0.745556,0.000000,0.000000,0.000000,0.000000,0.000000,0.000000,0.000000,0.000000,0.000000,0.000000,452
13,3,-28.5,-0.156499,0.901238,-0.501326,0.748672,0.000000,0.000000,0.000000,0.000000,0.000000,0.000000,0.000000,0.000000,0.000000,0.000000,377
13,3,-28,-0.273973,0.840008,-0.397260,0.842184,0.000000,0.000000,0.000000,0.000000,0.000000,0.000000,0.000000,0.000000,0.000000,0.000000,365
13,3,-27.5,-0.200793,0.894953,-0.582563,0.660621,0.000000,0.000000,0.000000,0.000000,0.000000,0.000000,0.000000,0.000000,0.000000,0.000000,757
13,3,-27,-0.140476,0.887409,-0.466667,0.782222,0.000000,0.000000,0.000000,0.000000,0.000000,0.000000,0.000000,0.000000,0.000000,0.000000,420
13,3,-26.5,-0.137670,0.896327,-0.488654,0.761218,0.000000,0.000000,0.000000,0.000000,0.000000,0.000000,0.000000,0.000000,0.000000,0.000000,661
13,3,-26,-0.219512,0.867262,-0.505691,0.744277,0.000000,0.000000,0.000000,0.000000,0.000000,0.000000,0.000000,0.000000,0.000000,0.000000,1230
13,3,-25.5,-0.223769,0.876052,-0.453961,0.793919,0.000000,0.000000,0.000000,0.000000,0.000000,0.000000,0.000000,0.000000,0.000000,0.000000,934
13,3,-25,-0.260294,0.863129,-0.458824,0.789481,0.000000,0.000000,0.000000,0.000000,0.000000,0.000000,0.000000,0.000000,0.000000,0.000000,680
13,3,-24.5,-0.207456,0.890816,-0.413109,0.829341,0.000000,0.000000,0.000000,0.000000,0.000000,0.000000,0.000000,0.000000,0.000000,0.000000,1663
13,3,-24,-0.231873,0.882035,-0.444109,0.802767,0.000000,0.000000,0.000000,0.000000,0.000000,0.000000,0.000000,0.000000,0.000000,0.000000,1324
13,3,-23.5,-0.232179,0.869379,-0.462322,0.786259,0.000000,0.000000,0.000000,0.000000,0.000000,0.000000,0.000000,0.000000,0.000000,0.000000,1473
13,3,-23,-0.219104,0.880015,-0.450430,0.797113,0.000000,0.000000,0.000000,0.000000,0.000000,0.000000,0.000000,0.000000,0.000000,0.000000,2209
13,3,-22.5,-0.193344,0.896585,-0.432647,0.812817,0.000000,0.000000,0.000000,0.000000,0.000000,0.000000,0.000000,0.000000,0.000000,0.000000,1893
13,3,-22,-0.246628,0.881371,-0.448940,0.798453,0.000000,0.000000,0.000000,0.000000,0.000000,0.000000,0.000000,0.000000,0.000000,0.000000,2076
13,3,-21.5,-0.233868,0.874437,-0.468855,0.780175,0.000000,0.000000,0.000000,0.000000,0.000000,0.000000,0.000000,0.000000,0.000000,0.000000,2681
13,3,-21,-0.258296,0.866911,-0.429204,0.815784,0.000000,0.000000,0.000000,0.000000,0.000000,0.000000,0.000000,0.000000,0.000000,0.000000,3616
13,3,-20.5,-0.233427,0.869348,-0.436530,0.809441,0.000000,0.000000,0.000000,0.000000,0.000000,0.000000,0.000000,0.000000,0.000000,0.000000,2836
13,3,-20,-0.238646,0.881506,-0.422198,0.821749,0.000000,0.000000,0.000000,0.000000,0.000000,0.000000,0.000000,0.000000,0.000000,0.000000,3721
13,3,-19.5,-0.243469,0.866080,-0.398463,0.841227,0.000000,0.000000,0.000000,0.000000,0.000000,0.000000,0.000000,0.000000,0.000000,0.000000,4555
13,3,-19,-0.239130,0.876787,-0.409996,0.831903,0.000000,0.000000,0.000000,0.000000,0.000000,0.000000,0.000000,0.000000,0.000000,0.000000,4922
13,3,-18.5,-0.247764,0.868897,-0.404878,0.836074,0.000000,0.000000,0.000000,0.000000,0.000000,0.000000,0.000000,0.000000,0.000000,0.000000,4920
13,3,-18,-0.249086,0.875648,-0.426942,0.817721,0.000000,0.000000,0.000000,0.000000,0.000000,0.000000,0.000000,0.000000,0.000000,0.000000,6837
13,3,-17.5,-0.235925,0.874996,-0.409091,0.832645,0.000000,0.000000,0.000000,0.000000,0.000000,0.000000,0.000000,0.000000,0.000000,0.000000,7744
13,3,-17,-0.258384,0.867007,-0.403756,0.836981,0.000000,0.000000,0.000000,0.000000,0.000000,0.000000,0.000000,0.000000,0.000000,0.000000,5964
13,3,-16.5,-0.235881,0.883114,-0.410949,0.831121,0.000000,0.000000,0.000000,0.000000,0.000000,0.000000,0.000000,0.000000,0.000000,0.000000,9225
13,3,-16,-0.233981,0.881399,-0.413262,0.829215,0.000000,0.000000,0.000000,0.000000,0.000000,0.000000,0.000000,0.000000,0.000000,0.000000,8958
13,3,-15.5,-0.249846,0.877963,-0.394213,0.844596,0.000000,0.000000,0.000000,0.000000,0.000000,0.000000,0.000000,0.000000,0.000000,0.000000,9746
13,3,-15,-0.235208,0.881296,-0.386560,0.850572,0.000000,0.000000,0.000000,0.000000,0.000000,0.000000,0.000000,0.000000,0.000000,0.000000,10208
13,3,-14.5,-0.264905,0.867428,-0.371893,0.861696,0.000000,0.000000,0.000000,0.000000,0.000000,0.000000,0.000000,0.000000,0.000000,0.000000,14039
13,3,-14,-0.249727,0.872630,-0.387858,0.849566,0.000000,0.000000,0.000000,0.000000,0.000000,0.000000,0.000000,0.000000,0.000000,0.000000,14660
13,3,-13.5,-0.242182,0.883635,-0.371354,0.862096,0.000000,0.000000,0.000000,0.000000,0.000000,0.000000,0.000000,0.000000,0.000000,0.000000,16149
13,3,-13,-0.248491,0.881047,-0.370806,0.862503,0.000000,0.000000,0.000000,0.000000,0.000000,0.000000,0.000000,0.000000,0.000000,0.000000,16065
13,3,-12.5,-0.258107,0.872253,-0.362437,0.868639,0.000000,0.000000,0.000000,0.000000,0.000000,0.000000,0.000000,0.000000,0.000000,0.000000,19860
13,3,-12,-0.262853,0.871987,-0.362385,0.868677,0.000000,0.000000,0.000000,0.000000,0.000000,0.000000,0.000000,0.000000,0.000000,0.000000,21571
13,3,-11.5,-0.273563,0.870525,-0.351837,0.876211,0.000000,0.000000,0.000000,0.000000,0.000000,0.000000,0.000000,0.000000,0.000000,0.000000,24031
13,3,-11,-0.269079,0.869042,-0.348196,0.878759,0.000000,0.000000,0.000000,0.000000,0.000000,0.000000,0.000000,0.000000,0.000000,0.000000,27137
13,3,-10.5,-0.251726,0.880615,-0.360830,0.869802,0.000000,0.000000,0.000000,0.000000,0.000000,0.000000,0.000000,0.000000,0.000000,0.000000,27955
13,3,-10,-0.255717,0.876753,-0.344315,0.881447,0.000000,0.000000,0.000000,0.000000,0.000000,0.000000,0.000000,0.000000,0.000000,0.000000,37213
13,3,-9.5,-0.253668,0.878914,-0.341485,0.883388,0.000000,0.000000,0.000000,0.000000,0.000000,0.000000,0.000000,0.000000,0.000000,0.000000,32306
13,3,-9,-0.267855,0.872282,-0.319850,0.897696,0.000000,0.000000,0.000000,0.000000,0.000000,0.000000,0.000000,0.000000,0.000000,0.000000,41235
13,3,-8.5,-0.263192,0.873558,-0.328798,0.891892,0.000000,0.000000,0.000000,0.000000,0.000000,0.000000,0.000000,0.000000,0.000000,0.000000,42923
13,3,-8,-0.267707,0.873026,-0.329423,0.891480,0.000000,0.000000,0.000000,0.000000,0.000000,0.000000,0.000000,0.000000,0.000000,0.000000,49614
13,3,-7.5,-0.260815,0.876827,-0.321138,0.896870,0.000000,0.000000,0.000000,0.000000,0.000000,0.000000,0.000000,0.000000,0.000000,0.000000,55269
13,3,-7,-0.270182,0.871603,-0.316388,0.899899,0.000000,0.000000,0.000000,0.000000,0.000000,0.000000,0.000000,0.000000,0.000000,0.000000,57872
13,3,-6.5,-0.268513,0.873705,-0.320936,0.897000,0.000000,0.000000,0.000000,0.000000,0.000000,0.000000,0.000000,0.000000,0.000000,0.000000,66574
13,3,-6,-0.267382,0.876205,-0.308166,0.905034,0.000000,0.000000,0.000000,0.000000,0.000000,0.000000,0.000000,0.000000,0.000000,0.000000,78487
13,3,-5.5,-0.270117,0.874963,-0.305083,0.906925,0.000000,0.000000,0.000000,0.000000,0.000000,0.000000,0.000000,0.000000,0.000000,0.000000,76104
13,3,-5,-0.272897,0.872631,-0.302612,0.908426,0.000000,0.000000,0.000000,0.000000,0.000000,0.000000,0.000000,0.000000,0.000000,0.000000,81877
13,3,-4.5,-0.277992,0.871146,-0.295849,0.912473,0.000000,0.000000,0.000000,0.000000,0.000000,0.000000,0.000000,0.000000,0.000000,0.000000,105111
13,3,-4,-0.282008,0.870084,-0.288206,0.916937,0.000000,0.000000,0.000000,0.000000,0.000000,0.000000,0.000000,0.000000,0.000000,0.000000,110206
13,3,-3.5,-0.273391,0.875149,-0.285690,0.918381,0.000000,0.000000,0.000000,0.000000,0.000000,0.000000,0.000000,0.000000,0.000000,0.000000,115790
13,3,-3,-0.275812,0.874312,-0.283194,0.919801,0.000000,0.000000,0.000000,0.000000,0.000000,0.000000,0.000000,0.000000,0.000000,0.000000,136952
13,3,-2.5,-0.275780,0.874288,-0.279352,0.921962,0.000000,0.000000,0.000000,0.000000,0.000000,0.000000,0.000000,0.000000,0.000000,0.000000,147509
13,3,-2,-0.281527,0.871504,-0.270078,0.927058,0.000000,0.000000,0.000000,0.000000,0.000000,0.000000,0.000000,0.000000,0.000000,0.000000,152156
13,3,-1.5,-0.286525,0.870056,-0.271743,0.926156,0.000000,0.000000,0.000000,0.000000,0.000000,0.000000,0.000000,0.000000,0.000000,0.000000,178923
13,3,-1,-0.285101,0.871253,-0.262866,0.930902,0.000000,0.000000,0.000000,0.000000,0.000000,0.000000,0.000000,0.000000,0.000000,0.000000,189382
13,3,-0.5,-0.287449,0.870513,-0.253247,0.935866,0.000000,0.000000,0.000000,0.000000,0.000000,0.000000,0.000000,0.000000,0.000000,0.000000,155165
13,3,0,-0.287568,0.869786,-0.255307,0.934818,0.000000,0.000000,0.000000,0.000000,0.000000,0.000000,0.000000,0.000000,0.000000,0.000000,498877
13,3,0.5,-0.292491,0.868186,-0.246543,0.939217,0.000000,0.000000,0.000000,0.000000,0.000000,0.000000,0.000000,0.000000,0.000000,0.000000,164795
13,3,1,-0.291267,0.870150,-0.244747,0.940099,0.000000,0.000000,0.000000,0.000000,0.000000,0.000000,0.000000,0.000000,0.000000,0.000000,258965
13,3,1.5,-0.294943,0.868052,-0.234150,0.945174,0.000000,0.000000,0.000000,0.000000,0.000000,0.000000,0.000000,0.000000,0.000000,0.000000,256758
13,3,2,-0.294949,0.867739,-0.235565,0.944509,0.000000,0.000000,0.000000,0.000000,0.000000,0.000000,0.000000,0.000000,0.000000,0.000000,234037
13,3,2.5,-0.296779,0.867031,-0.229672,0.947251,0.000000,0.000000,0.000000,0.000000,0.000000,0.000000,0.000000,0.000000,0.000000,0.000000,173931
13,3,3,-0.296142,0.867957,-0.224425,0.949634,0.000000,0.000000,0.000000,0.000000,0.000000,0.000000,0.000000,0.000000,0.000000,0.000000,168551
13,3,3.5,-0.298311,0.867640,-0.219612,0.951770,0.000000,0.000000,0.000000,0.000000,0.000000,0.000000,0.000000,0.000000,0.000000,0.000000,138872
13,3,4,-0.306082,0.863012,-0.210617,0.955640,0.000000,0.000000,0.000000,0.000000,0.000000,0.000000,0.000000,0.000000,0.000000,0.000000,138564
13,3,4.5,-0.304538,0.864930,-0.209291,0.956197,0.000000,0.000000,0.000000,0.000000,0.000000,0.000000,0.000000,0.000000,0.000000,0.000000,123469
13,3,5,-0.309485,0.861983,-0.205089,0.957938,0.000000,0.000000,0.000000,0.000000,0.000000,0.000000,0.000000,0.000000,0.000000,0.000000,107207
13,3,5.5,-0.300960,0.866681,-0.203342,0.958652,0.000000,0.000000,0.000000,0.000000,0.000000,0.000000,0.000000,0.000000,0.000000,0.000000,95996
13,3,6,-0.307757,0.864339,-0.189100,0.964241,0.000000,0.000000,0.000000,0.000000,0.000000,0.000000,0.000000,0.000000,0.000000,0.000000,95637
13,3,6.5,-0.305123,0.867265,-0.188769,0.964366,0.000000,0.000000,0.000000,0.000000,0.000000,0.000000,0.000000,0.000000,0.000000,0.000000,82275
13,3,7,-0.303540,0.867890,-0.182611,0.966653,0.000000,0.000000,0.000000,0.000000,0.000000,0.000000,0.000000,0.000000,0.000000,0.000000,71447
13,3,7.5,-0.308347,0.865219,-0.183058,0.966490,0.000000,0.000000,0.000000,0.000000,0.000000,0.000000,0.000000,0.000000,0.000000,0.000000,68585
13,3,8,-0.316470,0.860115,-0.177019,0.968664,0.000000,0.000000,0.000000,0.000000,0.000000,0.000000,0.000000,0.000000,0.000000,0.000000,61513
13,3,8.5,-0.310669,0.865698,-0.175062,0.969353,0.000000,0.000000,0.000000,0.000000,0.000000,0.000000,0.000000,0.000000,0.000000,0.000000,52770
13,3,9,-0.314380,0.861375,-0.162870,0.973473,0.000000,0.000000,0.000000,0.000000,0.000000,0.000000,0.000000,0.000000,0.000000,0.000000,50967
13,3,9.5,-0.321260,0.858313,-0.156664,0.975456,0.000000,0.000000,0.000000,0.000000,0.000000,0.000000,0.000000,0.000000,0.000000,0.000000,40724
13,3,10,-0.325227,0.856192,-0.147626,0.978207,0.000000,0.000000,0.000000,0.000000,0.000000,0.000000,0.000000,0.000000,0.000000,0.000000,44037
13,3,10.5,-0.321241,0.858902,-0.144515,0.979115,0.000000,0.000000,0.000000,0.000000,0.000000,0.000000,0.000000,0.000000,0.000000,0.000000,35671
13,3,11,-0.330867,0.854062,-0.147527,0.978236,0.000000,0.000000,0.000000,0.000000,0.000000,0.000000,0.000000,0.000000,0.000000,0.000000,33648
13,3,11.5,-0.323886,0.859720,-0.131908,0.982600,0.000000,0.000000,0.000000,0.000000,0.000000,0.000000,0.000000,0.000000,0.000000,0.000000,29566
13,3,12,-0.335008,0.849243,-0.140666,0.980213,0.000000,0.000000,0.000000,0.000000,0.000000,0.000000,0.000000,0.000000,0.000000,0.000000,26865
13,3,12.5,-0.323750,0.858269,-0.126712,0.983944,0.000000,0.000000,0.000000,0.000000,0.000000,0.000000,0.000000,0.000000,0.000000,0.000000,24244
13,3,13,-0.331582,0.853778,-0.123544,0.984737,0.000000,0.000000,0.000000,0.000000,0.000000,0.000000,0.000000,0.000000,0.000000,0.000000,20179
13,3,13.5,-0.333101,0.853011,-0.125666,0.984208,0.000000,0.000000,0.000000,0.000000,0.000000,0.000000,0.000000,0.000000,0.000000,0.000000,20093
13,3,14,-0.338172,0.852027,-0.123082,0.984851,0.000000,0.000000,0.000000,0.000000,0.000000,0.000000,0.000000,0.000000,0.000000,0.000000,18118
13,3,14.5,-0.339791,0.851036,-0.093510,0.991256,0.000000,0.000000,0.000000,0.000000,0.000000,0.000000,0.000000,0.000000,0.000000,0.000000,17549
13,3,15,-0.348222,0.847140,-0.106655,0.988625,0.000000,0.000000,0.000000,0.000000,0.000000,0.000000,0.000000,0.000000,0.000000,0.000000,13164
13,3,15.5,-0.352979,0.842156,-0.108040,0.988327,0.000000,0.000000,0.000000,0.000000,0.000000,0.000000,0.000000,0.000000,0.000000,0.000000,12301
13,3,16,-0.331181,0.856780,-0.090485,0.991812,0.000000,0.000000,0.000000,0.000000,0.000000,0.000000,0.000000,0.000000,0.000000,0.000000,11151
13,3,16.5,-0.345295,0.848126,-0.077395,0.994010,0.000000,0.000000,0.000000,0.000000,0.000000,0.000000,0.000000,0.000000,0.000000,0.000000,11732
13,3,17,-0.339266,0.850523,-0.095924,0.990799,0.000000,0.000000,0.000000,0.000000,0.000000,0.000000,0.000000,0.000000,0.000000,0.000000,7360
13,3,17.5,-0.346460,0.845133,-0.063979,0.995907,0.000000,0.000000,0.000000,0.000000,0.000000,0.000000,0.000000,0.000000,0.000000,0.000000,9675
13,3,18,-0.338886,0.856756,-0.055243,0.996948,0.000000,0.000000,0.000000,0.000000,0.000000,0.000000,0.000000,0.000000,0.000000,0.000000,8345
13,3,18.5,-0.382028,0.827365,-0.062855,0.996049,0.000000,0.000000,0.000000,0.000000,0.000000,0.000000,0.000000,0.000000,0.000000,0.000000,6332
13,3,19,-0.364199,0.839137,-0.059458,0.996465,0.000000,0.000000,0.000000,0.000000,0.000000,0.000000,0.000000,0.000000,0.000000,0.000000,6307
13,3,19.5,-0.352612,0.845984,-0.040027,0.998398,0.000000,0.000000,0.000000,0.000000,0.000000,0.000000,0.000000,0.000000,0.000000,0.000000,5896
13,3,20,-0.350010,0.846815,-0.021618,0.999533,0.000000,0.000000,0.000000,0.000000,0.000000,0.000000,0.000000,0.000000,0.000000,0.000000,4857
13,3,20.5,-0.351389,0.849581,-0.032778,0.998926,0.000000,0.000000,0.000000,0.000000,0.000000,0.000000,0.000000,0.000000,0.000000,0.000000,3600
13,3,21,-0.343644,0.858180,-0.042797,0.998168,0.000000,0.000000,0.000000,0.000000,0.000000,0.000000,0.000000,0.000000,0.000000,0.000000,4720
13,3,21.5,-0.364542,0.844155,-0.051042,0.997395,0.000000,0.000000,0.000000,0.000000,0.000000,0.000000,0.000000,0.000000,0.000000,0.000000,3311
13,3,22,-0.369549,0.841246,-0.008416,0.999929,0.000000,0.000000,0.000000,0.000000,0.000000,0.000000,0.000000,0.000000,0.000000,0.000000,2614
13,3,22.5,-0.362125,0.843318,0.000811,0.999999,0.000000,0.000000,0.000000,0.000000,0.000000,0.000000,0.000000,0.000000,0.000000,0.000000,2466
13,3,23,-0.362411,0.842417,-0.013475,0.999818,0.000000,0.000000,0.000000,0.000000,0.000000,0.000000,0.000000,0.000000,0.000000,0.000000,2820
13,3,23.5,-0.403112,0.807882,0.040161,0.998387,0.000000,0.000000,0.000000,0.000000,0.000000,0.000000,0.000000,0.000000,0.000000,0.000000,1992
13,3,24,-0.383275,0.819418,-0.019744,0.999610,0.000000,0.000000,0.000000,0.000000,0.000000,0.000000,0.000000,0.000000,0.000000,0.000000,1722
13,3,24.5,-0.352100,0.852952,0.040148,0.998388,0.000000,0.000000,0.000000,0.000000,0.000000,0.000000,0.000000,0.000000,0.000000,0.000000,2167
13,3,25,-0.308102,0.882685,-0.074627,0.994431,0.000000,0.000000,0.000000,0.000000,0.000000,0.000000,0.000000,0.000000,0.000000,0.000000,938
13,3,25.5,-0.336330,0.864410,0.026217,0.999313,0.000000,0.000000,0.000000,0.000000,0.000000,0.000000,0.000000,0.000000,0.000000,0.000000,1335
13,3,26,-0.381425,0.827062,0.037383,0.998602,0.000000,0.000000,0.000000,0.000000,0.000000,0.000000,0.000000,0.000000,0.000000,0.000000,1712
13,3,26.5,-0.358093,0.848488,0.093126,0.991327,0.000000,0.000000,0.000000,0.000000,0.000000,0.000000,0.000000,0.000000,0.000000,0.000000,902
13,3,27,-0.406654,0.814300,-0.005545,0.999969,0.000000,0.000000,0.000000,0.000000,0.000000,0.000000,0.000000,0.000000,0.000000,0.000000,541
13,3,27.5,-0.381183,0.831421,0.109602,0.987987,0.000000,0.000000,0.000000,0.000000,0.000000,0.000000,0.000000,0.000000,0.000000,0.000000,1031
13,3,28,-0.451155,0.776921,0.015986,0.999744,0.000000,0.000000,0.000000,0.000000,0.000000,0.000000,0.000000,0.000000,0.000000,0.000000,563
13,3,28.5,-0.404339,0.804952,0.140039,0.980389,0.000000,0.000000,0.000000,0.000000,0.000000,0.000000,0.000000,0.000000,0.000000,0.000000,507
13,3,29,-0.403624,0.807433,0.047776,0.997717,0.000000,0.000000,0.000000,0.000000,0.000000,0.000000,0.000000,0.000000,0.000000,0.000000,607
13,3,29.5,-0.446429,0.777742,0.127551,0.983731,0.000000,0.000000,0.000000,0.000000,0.000000,0.000000,0.000000,0.000000,0.000000,0.000000,392
13,3,30,-0.395210,0.825845,0.173653,0.969845,0.000000,0.000000,0.000000,0.000000,0.000000,0.000000,0.000000,0.000000,0.000000,0.000000,334
13,3,30.5,-0.412651,0.814659,0.174699,0.969480,0.000000,0.000000,0.000000,0.000000,0.000000,0.000000,0.000000,0.000000,0.000000,0.000000,332
13,3,31,-0.452247,0.775810,0.106742,0.988606,0.000000,0.000000,0.000000,0.000000,0.000000,0.000000,0.000000,0.000000,0.000000,0.000000,356
13,3,31.5,-0.358586,0.856265,0.141414,0.980002,0.000000,0.000000,0.000000,0.000000,0.000000,0.000000,0.000000,0.000000,0.000000,0.000000,198
13,3,32,-0.321429,0.872874,0.035714,0.998724,0.000000,0.000000,0.000000,0.000000,0.000000,0.000000,0.000000,0.000000,0.000000,0.000000,168
13,3,32.5,-0.444915,0.789339,0.144068,0.979244,0.000000,0.000000,0.000000,0.000000,0.000000,0.000000,0.000000,0.000000,0.000000,0.000000,236
13,3,33,-0.360947,0.857883,0.254438,0.935261,0.000000,0.000000,0.000000,0.000000,0.000000,0.000000,0.000000,0.000000,0.000000,0.000000,169
13,3,33.5,-0.328000,0.876416,0.168000,0.971776,0.000000,0.000000,0.000000,0.000000,0.000000,0.000000,0.000000,0.000000,0.000000,0.000000,125
13,3,34,-0.394118,0.815260,0.164706,0.972872,0.000000,0.000000,0.000000,0.000000,0.000000,0.000000,0.000000,0.000000,0.000000,0.000000,170
13,3,34.5,-0.411765,0.830450,0.156863,0.975394,0.000000,0.000000,0.000000,0.000000,0.000000,0.000000,0.000000,0.000000,0.000000,0.000000,102
13,3,35,-0.291667,0.901042,0.388889,0.848765,0.000000,0.000000,0.000000,0.000000,0.000000,0.000000,0.000000,0.000000,0.000000,0.000000,72
13,3,35.5,-0.176471,0.968858,0.098039,0.990388,0.000000,0.000000,0.000000,0.000000,0.000000,0.000000,0.000000,0.000000,0.000000,0.000000,51
13,3,36,-0.446602,0.790838,0.262136,0.931285,0.000000,0.000000,0.000000,0.000000,0.000000,0.000000,0.000000,0.000000,0.000000,0.000000,103
13,3,36.5,-0.375000,0.859375,0.208333,0.956597,0.000000,0.000000,0.000000,0.000000,0.000000,0.000000,0.000000,0.000000,0.000000,0.000000,48
13,3,37,-0.363636,0.867769,0.636364,0.595041,0.000000,0.000000,0.000000,0.000000,0.000000,0.000000,0.000000,0.000000,0.000000,0.000000,22
13,3,37.5,-0.500000,0.750000,0.200000,0.960000,0.000000,0.000000,0.000000,0.000000,0.000000,0.000000,0.000000,0.000000,0.000000,0.000000,40
13,3,38,-0.392857,0.845663,0.321429,0.896684,0.000000,0.000000,0.000000,0.000000,0.000000,0.000000,0.000000,0.000000,0.000000,0.000000,56
13,3,38.5,-0.538462,0.710059,0.384615,0.852071,0.000000,0.000000,0.000000,0.000000,0.000000,0.000000,0.000000,0.000000,0.000000,0.000000,13
13,3,39,-0.464286,0.748724,0.071429,0.994898,0.000000,0.000000,0.000000,0.000000,0.000000,0.000000,0.000000,0.000000,0.000000,0.000000,28
13,3,39.5,-0.312500,0.839844,-0.125000,0.984375,0.000000,0.000000,0.000000,0.000000,0.000000,0.000000,0.000000,0.000000,0.000000,0.000000,16
13,3,40,-0.444444,0.802469,0.333333,0.888889,0.000000,0.000000,0.000000,0.000000,0.000000,0.000000,0.000000,0.000000,0.000000,0.000000,18
13,3,40.5,-0.466667,0.782222,0.200000,0.960000,0.000000,0.000000,0.000000,0.000000,0.000000,0.000000,0.000000,0.000000,0.000000,0.000000,15
13,3,41,0.000000,1.000000,-0.000000,1.000000,0.000000,0.000000,0.000000,0.000000,0.000000,0.000000,0.000000,0.000000,0.000000,0.000000,10
13,3,41.5,-0.333333,0.888889,0.111111,0.987654,0.000000,0.000000,0.000000,0.000000,0.000000,0.000000,0.000000,0.000000,0.000000,0.000000,9
13,3,42,0.000000,1.000000,-0.333333,0.888889,0.000000,0.000000,0.000000,0.000000,0.000000,0.000000,0.000000,0.000000,0.000000,0.000000,6
13,3,42.5,-0.600000,0.640000,0.200000,0.960000,0.000000,0.000000,0.000000,0.000000,0.000000,0.000000,0.000000,0.000000,0.000000,0.000000,15
13,3,43,-0.142857,0.979592,-0.142857,0.979592,0.000000,0.000000,0.000000,0.000000,0.000000,0.000000,0.000000,0.000000,0.000000,0.000000,7
13,3,43.5,-0.333333,0.888889,0.333333,0.888889,0.000000,0.000000,0.000000,0.000000,0.000000,0.000000,0.000000,0.000000,0.000000,0.000000,3
13,3,44,-0.666667,0.555556,0.000000,1.000000,0.000000,0.000000,0.000000,0.000000,0.000000,0.000000,0.000000,0.000000,0.000000,0.000000,6
13,3,44.5,-0.750000,0.187500,-1.000000,0.000000,0.000000,0.000000,0.000000,0.000000,0.000000,0.000000,0.000000,0.000000,0.000000,0.000000,4
13,3,45.5,1.000000,0.000000,1.000000,0.000000,0.000000,0.000000,0.000000,0.000000,0.000000,0.000000,0.000000,0.000000,0.000000,0.000000,1
13,3,46,-1.000000,0.000000,0.000000,1.000000,0.000000,0.000000,0.000000,0.000000,0.000000,0.000000,0.000000,0.000000,0.000000,0.000000,2
13,3,47,-1.000000,0.000000,-1.000000,0.000000,0.000000,0.000000,0.000000,0.000000,0.000000,0.000000,0.000000,0.000000,0.000000,0.000000,1
13,3,49,-0.333333,0.888889,0.333333,0.888889,0.000000,0.000000,0.000000,0.000000,0.000000,0.000000,0.000000,0.000000,0.000000,0.000000,3
13,3,52,-1.000000,0.000000,1.000000,0.000000,0.000000,0.000000,0.000000,0.000000,0.000000,0.000000,0.000000,0.000000,0.000000,0.000000,3
15,10,-52,-1.000000,0.000000,0.000000,1.000000,0.000000,0.000000,0.000000,0.000000,0.000000,0.000000,0.000000,0.000000,0.000000,0.000000,2
15,10,-50.5,-1.000000,0.000000,-1.000000,0.000000,0.000000,0.000000,0.000000,0.000000,0.000000,0.000000,0.000000,0.000000,0.000000,0.000000,1
15,10,-49,0.333333,0.888889,-0.333333,0.888889,0.000000,0.000000,0.000000,0.000000,0.000000,0.000000,0.000000,0.000000,0.000000,0.000000,3
15,10,-48,0.500000,0.250000,-1.000000,0.000000,0.000000,0.000000,0.000000,0.000000,0.000000,0.000000,0.000000,0.000000,0.000000,0.000000,2
15,10,-47.5,-1.000000,0.000000,-1.000000,0.000000,0.000000,0.000000,0.000000,0.000000,0.000000,0.000000,0.000000,0.000000,0.000000,0.000000,1
15,10,-47,0.333333,0.888889,-1.000000,0.000000,0.000000,0.000000,0.000000,0.000000,0.000000,0.000000,0.000000,0.000000,0.000000,0.000000,3
15,10,-46,-0.200000,0.960000,-0.600000,0.640000,0.000000,0.000000,0.000000,0.000000,0.000000,0.000000,0.000000,0.000000,0.000000,0.000000,5
15,10,-45.5,0.555556,0.691358,-0.777778,0.395062,0.000000,0.000000,0.000000,0.000000,0.000000,0.000000,0.000000,0.000000,0.000000,0.000000,9
15,10,-45,0.250000,0.687500,-0.500000,0.750000,0.000000,0.000000,0.000000,0.000000,0.000000,0.000000,0.000000,0.000000,0.000000,0.000000,4
15,10,-44.5,0.500000,0.250000,-0.500000,0.750000,0.000000,0.000000,0.000000,0.000000,0.000000,0.000000,0.000000,0.000000,0.000000,0.000000,4
15,10,-44,-0.166667,0.916667,-0.666667,0.555556,0.000000,0.000000,0.000000,0.000000,0.000000,0.000000,0.000000,0.000000,0.000000,0.000000,18
15,10,-43.5,-0.500000,0.583333,-0.333333,0.888889,0.000000,0.000000,0.000000,0.000000,0.000000,0.000000,0.000000,0.000000,0.000000,0.000000,6
15,10,-43,-0.083333,0.909722,-0.333333,0.888889,0.000000,0.000000,0.000000,0.000000,0.000000,0.000000,0.000000,0.000000,0.000000,0.000000,12
15,10,-42.5,0.256410,0.857331,-0.641026,0.589086,0.000000,0.000000,0.000000,0.000000,0.000000,0.000000,0.000000,0.000000,0.000000,0.000000,39
15,10,-42,0.066667,0.995556,-0.466667,0.782222,0.000000,0.000000,0.000000,0.000000,0.000000,0.000000,0.000000,0.000000,0.000000,0.000000,15
15,10,-41.5,0.025000,0.924375,-0.400000,0.840000,0.000000,0.000000,0.000000,0.000000,0.000000,0.000000,0.000000,0.000000,0.000000,0.000000,40
15,10,-41,-0.142857,0.789116,-0.809524,0.344671,0.000000,0.000000,0.000000,0.000000,0.000000,0.000000,0.000000,0.000000,0.000000,0.000000,21
15,10,-40.5,-0.156863,0.877355,-0.529412,0.719723,0.000000,0.000000,0.000000,0.000000,0.000000,0.000000,0.000000,0.000000,0.000000,0.000000,51
15,10,-40,-0.027778,0.915895,-0.777778,0.395062,0.000000,0.000000,0.000000,0.000000,0.000000,0.000000,0.000000,0.000000,0.000000,0.000000,36
15,10,-39.5,-0.214286,0.796939,-0.571429,0.673469,0.000000,0.000000,0.000000,0.000000,0.000000,0.000000,0.000000,0.000000,0.000000,0.000000,70
15,10,-39,-0.062500,0.933594,-0.562500,0.683594,0.000000,0.000000,0.000000,0.000000,0.000000,0.000000,0.000000,0.000000,0.000000,0.000000,64
15,10,-38.5,-0.220339,0.883654,-0.491525,0.758403,0.000000,0.000000,0.000000,0.000000,0.000000,0.000000,0.000000,0.000000,0.000000,0.000000,59
15,10,-38,-0.311927,0.838482,-0.504587,0.745392,0.000000,0.000000,0.000000,0.000000,0.000000,0.000000,0.000000,0.000000,0.000000,0.000000,109
15,10,-37.5,-0.097403,0.919084,-0.675325,0.543937,0.000000,0.000000,0.000000,0.000000,0.000000,0.000000,0.000000,0.000000,0.000000,0.000000,154
15,10,-37,-0.154639,0.914231,-0.690722,0.522904,0.000000,0.000000,0.000000,0.000000,0.000000,0.000000,0.000000,0.000000,0.000000,0.000000,97
15,10,-36.5,-0.182609,0.862306,-0.600000,0.640000,0.000000,0.000000,0.000000,0.000000,0.000000,0.000000,0.000000,0.000000,0.000000,0.000000,115
15,10,-36,-0.199357,0.899164,-0.491961,0.757974,0.000000,0.000000,0.000000,0.000000,0.000000,0.000000,0.000000,0.000000,0.000000,0.000000,311
15,10,-35.5,-0.063830,0.925004,-0.588652,0.653488,0.000000,0.000000,0.000000,0.000000,0.000000,0.000000,0.000000,0.000000,0.000000,0.000000,141
15,10,-35,-0.154321,0.932975,-0.493827,0.756135,0.000000,0.000000,0.000000,0.000000,0.000000,0.000000,0.000000,0.000000,0.000000,0.000000,162
15,10,-34.5,-0.171053,0.852320,-0.526316,0.722992,0.000000,0.000000,0.000000,0.000000,0.000000,0.000000,0.000000,0.000000,0.000000,0.000000,304
15,10,-34,-0.127349,0.904450,-0.498956,0.751043,0.000000,0.000000,0.000000,0.000000,0.000000,0.000000,0.000000,0.000000,0.000000,0.000000,479
15,10,-33.5,-0.232759,0.868237,-0.563218,0.682785,0.000000,0.000000,0.000000,0.000000,0.000000,0.000000,0.000000,0.000000,0.000000,0.000000,348
15,10,-33,-0.247170,0.850228,-0.516981,0.732731,0.000000,0.000000,0.000000,0.000000,0.000000,0.000000,0.000000,0.000000,0.000000,0.000000,530
15,10,-32.5,-0.195499,0.880205,-0.516174,0.733564,0.000000,0.000000,0.000000,0.000000,0.000000,0.000000,0.000000,0.000000,0.000000,0.000000,711
15,10,-32,-0.234450,0.830201,-0.575758,0.668503,0.000000,0.000000,0.000000,0.000000,0.000000,0.000000,0.000000,0.000000,0.000000,0.000000,627
15,10,-31.5,-0.295161,0.837073,-0.474194,0.775140,0.000000,0.000000,0.000000,0.000000,0.000000,0.000000,0.000000,0.000000,0.000000,0.000000,620
15,10,-31,-0.252297,0.850298,-0.533835,0.715021,0.000000,0.000000,0.000000,0.000000,0.000000,0.000000,0.000000,0.000000,0.000000,0.000000,1197
15,10,-30.5,-0.194303,0.884932,-0.491353,0.758572,0.000000,0.000000,0.000000,0.000000,0.000000,0.000000,0.000000,0.000000,0.000000,0.000000,983
15,10,-30,-0.248527,0.854738,-0.491159,0.758763,0.000000,0.000000,0.000000,0.000000,0.000000,0.000000,0.000000,0.000000,0.000000,0.000000,1018
15,10,-29.5,-0.225352,0.853939,-0.527755,0.721475,0.000000,0.000000,0.000000,0.000000,0.000000,0.000000,0.000000,0.000000,0.000000,0.000000,1207
15,10,-29,-0.222936,0.864289,-0.536332,0.712348,0.000000,0.000000,0.000000,0.000000,0.000000,0.000000,0.000000,0.000000,0.000000,0.000000,2023
15,10,-28.5,-0.250311,0.845190,-0.541719,0.706541,0.000000,0.000000,0.000000,0.000000,0.000000,0.000000,0.000000,0.000000,0.000000,0.000000,1606
15,10,-28,-0.233681,0.861466,-0.551289,0.696080,0.000000,0.000000,0.000000,0.000000,0.000000,0.000000,0.000000,0.000000,0.000000,0.000000,1823
15,10,-27.5,-0.259549,0.847788,-0.535379,0.713370,0.000000,0.000000,0.000000,0.000000,0.000000,0.000000,0.000000,0.000000,0.000000,0.000000,3194
15,10,-27,-0.202020,0.866034,-0.535354,0.713397,0.000000,0.000000,0.000000,0.000000,0.000000,0.000000,0.000000,0.000000,0.000000,0.000000,1782
15,10,-26.5,-0.227809,0.858297,-0.536755,0.711895,0.000000,0.000000,0.000000,0.000000,0.000000,0.000000,0.000000,0.000000,0.000000,0.000000,2884
15,10,-26,-0.264420,0.842894,-0.532077,0.716894,0.000000,0.000000,0.000000,0.000000,0.000000,0.000000,0.000000,0.000000,0.000000,0.000000,5253
15,10,-25.5,-0.257594,0.844459,-0.549453,0.698101,0.000000,0.000000,0.000000,0.000000,0.000000,0.000000,0.000000,0.000000,0.000000,0.000000,4115
15,10,-25,-0.269182,0.849228,-0.518706,0.730944,0.000000,0.000000,0.000000,0.000000,0.000000,0.000000,0.000000,0.000000,0.000000,0.000000,3154
15,10,-24.5,-0.280942,0.837481,-0.514937,0.734839,0.000000,0.000000,0.000000,0.000000,0.000000,0.000000,0.000000,0.000000,0.000000,0.000000,6795
15,10,-24,-0.314744,0.816373,-0.494441,0.755528,0.000000,0.000000,0.000000,0.000000,0.000000,0.000000,0.000000,0.000000,0.000000,0.000000,5487
15,10,-23.5,-0.295404,0.833573,-0.516210,0.733527,0.000000,0.000000,0.000000,0.000000,0.000000,0.000000,0.000000,0.000000,0.000000,0.000000,6354
15,10,-23,-0.292425,0.832357,-0.539443,0.709001,0.000000,0.000000,0.000000,0.000000,0.000000,0.000000,0.000000,0.000000,0.000000,0.000000,9558
15,10,-22.5,-0.310601,0.826819,-0.504012,0.745972,0.000000,0.000000,0.000000,0.000000,0.000000,0.000000,0.000000,0.000000,0.000000,0.000000,8226
15,10,-22,-0.298731,0.829618,-0.530598,0.718465,0.000000,0.000000,0.000000,0.000000,0.000000,0.000000,0.000000,0.000000,0.000000,0.000000,8824
15,10,-21.5,-0.316863,0.816755,-0.522043,0.727472,0.000000,0.000000,0.000000,0.000000,0.000000,0.000000,0.000000,0.000000,0.000000,0.000000,10888
15,10,-21,-0.314072,0.820784,-0.521812,0.727712,0.000000,0.000000,0.000000,0.000000,0.000000,0.000000,0.000000,0.000000,0.000000,0.000000,14831
15,10,-20.5,-0.316215,0.819868,-0.519673,0.729940,0.000000,0.000000,0.000000,0.000000,0.000000,0.000000,0.000000,0.000000,0.000000,0.000000,11742
15,10,-20,-0.348815,0.800878,-0.508136,0.741798,0.000000,0.000000,0.000000,0.000000,0.000000,0.000000,0.000000,0.000000,0.000000,0.000000,15610
15,10,-19.5,-0.327543,0.813609,-0.525567,0.723779,0.000000,0.000000,0.000000,0.000000,0.000000,0.000000,0.000000,0.000000,0.000000,0.000000,19341
15,10,-19,-0.343364,0.804716,-0.513495,0.736323,0.000000,0.000000,0.000000,0.000000,0.000000,0.000000,0.000000,0.000000,0.000000,0.000000,20637
15,10,-18.5,-0.335355,0.809763,-0.518433,0.731227,0.000000,0.000000,0.000000,0.000000,0.000000,0.000000,0.000000,0.000000,0.000000,0.000000,20778
15,10,-18,-0.345646,0.802928,-0.517565,0.732127,0.000000,0.000000,0.000000,0.000000,0.000000,0.000000,0.000000,0.000000,0.000000,0.000000,27100
15,10,-17.5,-0.344278,0.802786,-0.524329,0.725079,0.000000,0.000000,0.000000,0.000000,0.000000,0.000000,0.000000,0.000000,0.000000,0.000000,32102
15,10,-17,-0.361949,0.790837,-0.524803,0.724582,0.000000,0.000000,0.000000,0.000000,0.000000,0.000000,0.000000,0.000000,0.000000,0.000000,25219
15,10,-16.5,-0.360006,0.794383,-0.521889,0.727632,0.000000,0.000000,0.000000,0.000000,0.000000,0.000000,0.000000,0.000000,0.000000,0.000000,37941
15,10,-16,-0.366570,0.789467,-0.521970,0.727547,0.000000,0.000000,0.000000,0.000000,0.000000,0.000000,0.000000,0.000000,0.000000,0.000000,36345
15,10,-15.5,-0.371575,0.785302,-0.519969,0.729633,0.000000,0.000000,0.000000,0.000000,0.000000,0.000000,0.000000,0.000000,0.000000,0.000000,40689
15,10,-15,-0.371155,0.787633,-0.523193,0.726269,0.000000,0.000000,0.000000,0.000000,0.000000,0.000000,0.000000,0.000000,0.000000,0.000000,42621
15,10,-14.5,-0.384643,0.778480,-0.518906,0.730736,0.000000,0.000000,0.000000,0.000000,0.000000,0.000000,0.000000,0.000000,0.000000,0.000000,57864
15,10,-14,-0.375737,0.785951,-0.522466,0.727030,0.000000,0.000000,0.000000,0.000000,0.000000,0.000000,0.000000,0.000000,0.000000,0.000000,59736
15,10,-13.5,-0.390857,0.773371,-0.525588,0.723757,0.000000,0.000000,0.000000,0.000000,0.000000,0.000000,0.000000,0.000000,0.000000,0.000000,65909
15,10,-13,-0.390389,0.775854,-0.519804,0.729804,0.000000,0.000000,0.000000,0.000000,0.000000,0.000000,0.000000,0.000000,0.000000,0.000000,67589
15,10,-12.5,-0.394469,0.771051,-0.525118,0.724251,0.000000,0.000000,0.000000,0.000000,0.000000,0.000000,0.000000,0.000000,0.000000,0.000000,80062
15,10,-12,-0.401121,0.767821,-0.522025,0.727490,0.000000,0.000000,0.000000,0.000000,0.000000,0.000000,0.000000,0.000000,0.000000,0.000000,89716
15,10,-11.5,-0.405019,0.765396,-0.524264,0.725147,0.000000,0.000000,0.000000,0.000000,0.000000,0.000000,0.000000,0.000000,0.000000,0.000000,98067
15,10,-11,-0.410333,0.760466,-0.524042,0.725380,0.000000,0.000000,0.000000,0.000000,0.000000,0.000000,0.000000,0.000000,0.000000,0.000000,111451
15,10,-10.5,-0.413791,0.758179,-0.521848,0.727675,0.000000,0.000000,0.000000,0.000000,0.000000,0.000000,0.000000,0.000000,0.000000,0.000000,116716
15,10,-10,-0.421082,0.752653,-0.525168,0.724198,0.000000,0.000000,0.000000,0.000000,0.000000,0.000000,0.000000,0.000000,0.000000,0.000000,150605
15,10,-9.5,-0.427075,0.747037,-0.519675,0.729938,0.000000,0.000000,0.000000,0.000000,0.000000,0.000000,0.000000,0.000000,0.000000,0.000000,133726
15,10,-9,-0.429329,0.746882,-0.518734,0.730915,0.000000,0.000000,0.000000,0.000000,0.000000,0.000000,0.000000,0.000000,0.000000,0.000000,167105
15,10,-8.5,-0.431391,0.744750,-0.525178,0.724188,0.000000,0.000000,0.000000,0.000000,0.000000,0.000000,0.000000,0.000000,0.000000,0.000000,177637
15,10,-8,-0.436240,0.740919,-0.524806,0.724579,0.000000,0.000000,0.000000,0.000000,0.000000,0.000000,0.000000,0.000000,0.000000,0.000000,205655
15,10,-7.5,-0.441173,0.736592,-0.525309,0.724051,0.000000,0.000000,0.000000,0.000000,0.000000,0.000000,0.000000,0.000000,0.000000,0.000000,226029
15,10,-7,-0.448115,0.731283,-0.525638,0.723705,0.000000,0.000000,0.000000,0.000000,0.000000,0.000000,0.000000,0.000000,0.000000,0.000000,238653
15,10,-6.5,-0.452031,0.728868,-0.527159,0.722103,0.000000,0.000000,0.000000,0.000000,0.000000,0.000000,0.000000,0.000000,0.000000,0.000000,274490
15,10,-6,-0.457113,0.724330,-0.525571,0.723775,0.000000,0.000000,0.000000,0.000000,0.000000,0.000000,0.000000,0.000000,0.000000,0.000000,318429
15,10,-5.5,-0.462022,0.719583,-0.529088,0.720066,0.000000,0.000000,0.000000,0.000000,0.000000,0.000000,0.000000,0.000000,0.000000,0.000000,318017
15,10,-5,-0.465944,0.716292,-0.530249,0.718836,0.000000,0.000000,0.000000,0.000000,0.000000,0.000000,0.000000,0.000000,0.000000,0.000000,337532
15,10,-4.5,-0.469811,0.712940,-0.530529,0.718539,0.000000,0.000000,0.000000,0.000000,0.000000,0.000000,0.000000,0.000000,0.000000,0.000000,437744
15,10,-4,-0.476449,0.707993,-0.532292,0.716665,0.000000,0.000000,0.000000,0.000000,0.000000,0.000000,0.000000,0.000000,0.000000,0.000000,467916
15,10,-3.5,-0.478239,0.705957,-0.531451,0.717560,0.000000,0.000000,0.000000,0.000000,0.000000,0.000000,0.000000,0.000000,0.000000,0.000000,489490
15,10,-3,-0.484954,0.699858,-0.531287,0.717734,0.000000,0.000000,0.000000,0.000000,0.000000,0.000000,0.000000,0.000000,0.000000,0.000000,550875
15,10,-2.5,-0.486065,0.699125,-0.533161,0.715740,0.000000,0.000000,0.000000,0.000000,0.000000,0.000000,0.000000,0.000000,0.000000,0.000000,581502
15,10,-2,-0.491020,0.694150,-0.531771,0.717220,0.000000,0.000000,0.000000,0.000000,0.000000,0.000000,0.000000,0.000000,0.000000,0.000000,610372
15,10,-1.5,-0.495092,0.691104,-0.532483,0.716462,0.000000,0.000000,0.000000,0.000000,0.000000,0.000000,0.000000,0.000000,0.000000,0.000000,654119
15,10,-1,-0.502203,0.684804,-0.536865,0.711776,0.000000,0.000000,0.000000,0.000000,0.000000,0.000000,0.000000,0.000000,0.000000,0.000000,1453286
15,10,-0.5,-0.500885,0.684729,-0.534845,0.713940,0.000000,0.000000,0.000000,0.000000,0.000000,0.000000,0.000000,0.000000,0.000000,0.000000,925830
15,10,0,-0.507499,0.679781,-0.537333,0.711273,0.000000,0.000000,0.000000,0.000000,0.000000,0.000000,0.000000,0.000000,0.000000,0.000000,918250
15,10,0.5,-0.515268,0.672324,-0.538052,0.710500,0.000000,0.000000,0.000000,0.000000,0.000000,0.000000,0.000000,0.000000,0.000000,0.000000,435335
15,10,1,-0.518652,0.672208,-0.536891,0.711748,0.000000,0.000000,0.000000,0.000000,0.000000,0.000000,0.000000,0.000000,0.000000,0.000000,531806
15,10,1.5,-0.520180,0.672778,-0.538254,0.710283,0.000000,0.000000,0.000000,0.000000,0.000000,0.000000,0.000000,0.000000,0.000000,0.000000,504450
15,10,2,-0.522502,0.670320,-0.541585,0.706685,0.000000,0.000000,0.000000,0.000000,0.000000,0.000000,0.000000,0.000000,0.000000,0.000000,411348
15,10,2.5,-0.529215,0.664887,-0.541281,0.707015,0.000000,0.000000,0.000000,0.000000,0.000000,0.000000,0.000000,0.000000,0.000000,0.000000,419839
15,10,3,-0.531879,0.660968,-0.540619,0.707732,0.000000,0.000000,0.000000,0.000000,0.000000,0.000000,0.000000,0.000000,0.000000,0.000000,386855
15,10,3.5,-0.537421,0.656079,-0.544718,0.703283,0.000000,0.000000,0.000000,0.000000,0.000000,0.000000,0.000000,0.000000,0.000000,0.000000,309856
15,10,4,-0.539936,0.653866,-0.544328,0.703707,0.000000,0.000000,0.000000,0.000000,0.000000,0.000000,0.000000,0.000000,0.000000,0.000000,307344
15,10,4.5,-0.546017,0.647226,-0.544108,0.703947,0.000000,0.000000,0.000000,0.000000,0.000000,0.000000,0.000000,0.000000,0.000000,0.000000,280290
15,10,5,-0.551845,0.641256,-0.545933,0.701957,0.000000,0.000000,0.000000,0.000000,0.000000,0.000000,0.000000,0.000000,0.000000,0.000000,234952
15,10,5.5,-0.556834,0.636576,-0.549455,0.698099,0.000000,0.000000,0.000000,0.000000,0.000000,0.000000,0.000000,0.000000,0.000000,0.000000,206785
15,10,6,-0.558121,0.636090,-0.546660,0.701163,0.000000,0.000000,0.000000,0.000000,0.000000,0.000000,0.000000,0.000000,0.000000,0.000000,215869
15,10,6.5,-0.562940,0.628946,-0.548582,0.699058,0.000000,0.000000,0.000000,0.000000,0.000000,0.000000,0.000000,0.000000,0.000000,0.000000,183094
15,10,7,-0.568271,0.623500,-0.552210,0.695065,0.000000,0.000000,0.000000,0.000000,0.000000,0.000000,0.000000,0.000000,0.000000,0.000000,155278
15,10,7.5,-0.572675,0.619472,-0.552853,0.694353,0.000000,0.000000,0.000000,0.000000,0.000000,0.000000,0.000000,0.000000,0.000000,0.000000,152308
15,10,8,-0.575411,0.616222,-0.550556,0.696889,0.000000,0.000000,0.000000,0.000000,0.000000,0.000000,0.000000,0.000000,0.000000,0.000000,136711
15,10,8.5,-0.584023,0.607274,-0.557968,0.688672,0.000000,0.000000,0.000000,0.000000,0.000000,0.000000,0.000000,0.000000,0.000000,0.000000,117557
15,10,9,-0.586238,0.605945,-0.553822,0.693281,0.000000,0.000000,0.000000,0.000000,0.000000,0.000000,0.000000,0.000000,0.000000,0.000000,111552
15,10,9.5,-0.589800,0.601431,-0.558674,0.687884,0.000000,0.000000,0.000000,0.000000,0.000000,0.000000,0.000000,0.000000,0.000000,0.000000,88157
15,10,10,-0.592658,0.598110,-0.565720,0.679961,0.000000,0.000000,0.000000,0.000000,0.000000,0.000000,0.000000,0.000000,0.000000,0.000000,100304
15,10,10.5,-0.597423,0.593350,-0.564344,0.681516,0.000000,0.000000,0.000000,0.000000,0.000000,0.000000,0.000000,0.000000,0.000000,0.000000,76363
15,10,11,-0.598602,0.592074,-0.556440,0.690375,0.000000,0.000000,0.000000,0.000000,0.000000,0.000000,0.000000,0.000000,0.000000,0.000000,73406
15,10,11.5,-0.605048,0.584964,-0.562412,0.683692,0.000000,0.000000,0.000000,0.000000,0.000000,0.000000,0.000000,0.000000,0.000000,0.000000,64266
15,10,12,-0.605906,0.584714,-0.566940,0.678579,0.000000,0.000000,0.000000,0.000000,0.000000,0.000000,0.000000,0.000000,0.000000,0.000000,58717
15,10,12.5,-0.615867,0.572941,-0.568101,0.677262,0.000000,0.000000,0.000000,0.000000,0.000000,0.000000,0.000000,0.000000,0.000000,0.000000,53531
15,10,13,-0.620649,0.567519,-0.564608,0.681218,0.000000,0.000000,0.000000,0.000000,0.000000,0.000000,0.000000,0.000000,0.000000,0.000000,42665
15,10,13.5,-0.622487,0.564904,-0.570267,0.674796,0.000000,0.000000,0.000000,0.000000,0.000000,0.000000,0.000000,0.000000,0.000000,0.000000,43776
15,10,14,-0.624436,0.562091,-0.567016,0.678493,0.000000,0.000000,0.000000,0.000000,0.000000,0.000000,0.000000,0.000000,0.000000,0.000000,39655
15,10,14.5,-0.631283,0.554528,-0.568617,0.676675,0.000000,0.000000,0.000000,0.000000,0.000000,0.000000,0.000000,0.000000,0.000000,0.000000,38059
15,10,15,-0.631787,0.553770,-0.573751,0.670809,0.000000,0.000000,0.000000,0.000000,0.000000,0.000000,0.000000,0.000000,0.000000,0.000000,27552
15,10,15.5,-0.637161,0.547614,-0.578951,0.664815,0.000000,0.000000,0.000000,0.000000,0.000000,0.000000,0.000000,0.000000,0.000000,0.000000,25769
15,10,16,-0.637257,0.546725,-0.580423,0.663109,0.000000,0.000000,0.000000,0.000000,0.000000,0.000000,0.000000,0.000000,0.000000,0.000000,23824
15,10,16.5,-0.649073,0.536674,-0.581646,0.661688,0.000000,0.000000,0.000000,0.000000,0.000000,0.000000,0.000000,0.000000,0.000000,0.000000,24649
15,10,17,-0.644541,0.537996,-0.577285,0.666742,0.000000,0.000000,0.000000,0.000000,0.000000,0.000000,0.000000,0.000000,0.000000,0.000000,15954
15,10,17.5,-0.641054,0.542676,-0.580174,0.663398,0.000000,0.000000,0.000000,0.000000,0.000000,0.000000,0.000000,0.000000,0.000000,0.000000,20680
15,10,18,-0.653714,0.528129,-0.582944,0.660176,0.000000,0.000000,0.000000,0.000000,0.000000,0.000000,0.000000,0.000000,0.000000,0.000000,17988
15,10,18.5,-0.665936,0.514440,-0.586973,0.655463,0.000000,0.000000,0.000000,0.000000,0.000000,0.000000,0.000000,0.000000,0.000000,0.000000,13234
15,10,19,-0.679208,0.494908,-0.587954,0.654310,0.000000,0.000000,0.000000,0.000000,0.000000,0.000000,0.000000,0.000000,0.000000,0.000000,13183
15,10,19.5,-0.680617,0.496379,-0.587045,0.655378,0.000000,0.000000,0.000000,0.000000,0.000000,0.000000,0.000000,0.000000,0.000000,0.000000,12258
15,10,20,-0.680727,0.491467,-0.605760,0.633054,0.000000,0.000000,0.000000,0.000000,0.000000,0.000000,0.000000,0.000000,0.000000,0.000000,9791
15,10,20.5,-0.679386,0.499608,-0.598933,0.641280,0.000000,0.000000,0.000000,0.000000,0.000000,0.000000,0.000000,0.000000,0.000000,0.000000,7495
15,10,21,-0.688751,0.483452,-0.597346,0.643178,0.000000,0.000000,0.000000,0.000000,0.000000,0.000000,0.000000,0.000000,0.000000,0.000000,9343
15,10,21.5,-0.679372,0.494485,-0.584297,0.658597,0.000000,0.000000,0.000000,0.000000,0.000000,0.000000,0.000000,0.000000,0.000000,0.000000,7005
15,10,22,-0.698342,0.470396,-0.603876,0.635334,0.000000,0.000000,0.000000,0.000000,0.000000,0.000000,0.000000,0.000000,0.000000,0.000000,5367
15,10,22.5,-0.682941,0.494453,-0.613758,0.623302,0.000000,0.000000,0.000000,0.000000,0.000000,0.000000,0.000000,0.000000,0.000000,0.000000,5059
15,10,23,-0.691186,0.481879,-0.591488,0.650142,0.000000,0.000000,0.000000,0.000000,0.000000,0.000000,0.000000,0.000000,0.000000,0.000000,5968
15,10,23.5,-0.698104,0.475747,-0.593029,0.648316,0.000000,0.000000,0.000000,0.000000,0.000000,0.000000,0.000000,0.000000,0.000000,0.000000,3902
15,10,24,-0.692126,0.482035,-0.604836,0.634173,0.000000,0.000000,0.000000,0.000000,0.000000,0.000000,0.000000,0.000000,0.000000,0.000000,3391
15,10,24.5,-0.716990,0.445818,-0.607932,0.630419,0.000000,0.000000,0.000000,0.000000,0.000000,0.000000,0.000000,0.000000,0.000000,0.000000,4438
15,10,25,-0.695961,0.469241,-0.632096,0.600455,0.000000,0.000000,0.000000,0.000000,0.000000,0.000000,0.000000,0.000000,0.000000,0.000000,1832
15,10,25.5,-0.715264,0.455776,-0.606122,0.632617,0.000000,0.000000,0.000000,0.000000,0.000000,0.000000,0.000000,0.000000,0.000000,0.000000,2483
15,10,26,-0.721397,0.443196,-0.597671,0.642789,0.000000,0.000000,0.000000,0.000000,0.000000,0.000000,0.000000,0.000000,0.000000,0.000000,3435
15,10,26.5,-0.738754,0.406376,-0.632065,0.600494,0.000000,0.000000,0.000000,0.000000,0.000000,0.000000,0.000000,0.000000,0.000000,0.000000,1734
15,10,27,-0.720974,0.444616,-0.640449,0.589825,0.000000,0.000000,0.000000,0.000000,0.000000,0.000000,0.000000,0.000000,0.000000,0.000000,1068
15,10,27.5,-0.754528,0.397799,-0.623451,0.611309,0.000000,0.000000,0.000000,0.000000,0.000000,0.000000,0.000000,0.000000,0.000000,0.000000,2098
15,10,28,-0.696477,0.480593,-0.631436,0.601288,0.000000,0.000000,0.000000,0.000000,0.000000,0.000000,0.000000,0.000000,0.000000,0.000000,1107
15,10,28.5,-0.729353,0.434213,-0.623881,0.610773,0.000000,0.000000,0.000000,0.000000,0.000000,0.000000,0.000000,0.000000,0.000000,0.000000,1005
15,10,29,-0.739460,0.415256,-0.654300,0.571891,0.000000,0.000000,0.000000,0.000000,0.000000,0.000000,0.000000,0.000000,0.000000,0.000000,1186
15,10,29.5,-0.759547,0.377826,-0.635078,0.596676,0.000000,0.000000,0.000000,0.000000,0.000000,0.000000,0.000000,0.000000,0.000000,0.000000,707
15,10,30,-0.776817,0.363684,-0.685121,0.530609,0.000000,0.000000,0.000000,0.000000,0.000000,0.000000,0.000000,0.000000,0.000000,0.000000,578
15,10,30.5,-0.743590,0.412886,-0.586325,0.656223,0.000000,0.000000,0.000000,0.000000,0.000000,0.000000,0.000000,0.000000,0.000000,0.000000,585
15,10,31,-0.706056,0.464557,-0.651403,0.575674,0.000000,0.000000,0.000000,0.000000,0.000000,0.000000,0.000000,0.000000,0.000000,0.000000,677
15,10,31.5,-0.788204,0.349244,-0.656836,0.568566,0.000000,0.000000,0.000000,0.000000,0.000000,0.000000,0.000000,0.000000,0.000000,0.000000,373
15,10,32,-0.814815,0.305213,-0.641975,0.587868,0.000000,0.000000,0.000000,0.000000,0.000000,0.000000,0.000000,0.000000,0.000000,0.000000,324
15,10,32.5,-0.780600,0.337545,-0.644342,0.584824,0.000000,0.000000,0.000000,0.000000,0.000000,0.000000,0.000000,0.000000,0.000000,0.000000,433
15,10,33,-0.790850,0.328805,-0.699346,0.510915,0.000000,0.000000,0.000000,0.000000,0.000000,0.000000,0.000000,0.000000,0.000000,0.000000,306
15,10,33.5,-0.827225,0.279049,-0.591623,0.649982,0.000000,0.000000,0.000000,0.000000,0.000000,0.000000,0.000000,0.000000,0.000000,0.000000,191
15,10,34,-0.761566,0.373754,-0.708185,0.498474,0.000000,0.000000,0.000000,0.000000,0.000000,0.000000,0.000000,0.000000,0.000000,0.000000,281
15,10,34.5,-0.795580,0.328378,-0.591160,0.650530,0.000000,0.000000,0.000000,0.000000,0.000000,0.000000,0.000000,0.000000,0.000000,0.000000,181
15,10,35,-0.648936,0.546967,-0.680851,0.536442,0.000000,0.000000,0.000000,0.000000,0.000000,0.000000,0.000000,0.000000,0.000000,0.000000,94
15,10,35.5,-0.913043,0.137366,-0.536232,0.712455,0.000000,0.000000,0.000000,0.000000,0.000000,0.000000,0.000000,0.000000,0.000000,0.000000,69
15,10,36,-0.814607,0.330798,-0.640449,0.589825,0.000000,0.000000,0.000000,0.000000,0.000000,0.000000,0.000000,0.000000,0.000000,0.000000,178
15,10,36.5,-0.757143,0.383878,-0.714286,0.489796,0.000000,0.000000,0.000000,0.000000,0.000000,0.000000,0.000000,0.000000,0.000000,0.000000,70
15,10,37,-0.725490,0.395233,-0.568627,0.676663,0.000000,0.000000,0.000000,0.000000,0.000000,0.000000,0.000000,0.000000,0.000000,0.000000,51
15,10,37.5,-0.804598,0.295151,-0.678161,0.540098,0.000000,0.000000,0.000000,0.000000,0.000000,0.000000,0.000000,0.000000,0.000000,0.000000,87
15,10,38,-0.746032,0.411691,-0.714286,0.489796,0.000000,0.000000,0.000000,0.000000,0.000000,0.000000,0.000000,0.000000,0.000000,0.000000,63
15,10,38.5,-0.764706,0.415225,-0.647059,0.581315,0.000000,0.000000,0.000000,0.000000,0.000000,0.000000,0.000000,0.000000,0.000000,0.000000,17
15,10,39,-0.979592,0.019992,-0.469388,0.779675,0.000000,0.000000,0.000000,0.000000,0.000000,0.000000,0.000000,0.000000,0.000000,0.000000,49
15,10,39.5,-0.921053,0.125346,-0.631579,0.601108,0.000000,0.000000,0.000000,0.000000,0.000000,0.000000,0.000000,0.000000,0.000000,0.000000,38
15,10,40,-0.724138,0.475624,-0.517241,0.732461,0.000000,0.000000,0.000000,0.000000,0.000000,0.000000,0.000000,0.000000,0.000000,0.000000,29
15,10,40.5,-0.900000,0.156667,-0.733333,0.462222,0.000000,0.000000,0.000000,0.000000,0.000000,0.000000,0.000000,0.000000,0.000000,0.000000,30
15,10,41,-0.800000,0.293333,-0.866667,0.248889,0.000000,0.000000,0.000000,0.000000,0.000000,0.000000,0.000000,0.000000,0.000000,0.000000,15
15,10,41.5,-1.000000,0.000000,-0.666667,0.555556,0.000000,0.000000,0.000000,0.000000,0.000000,0.000000,0.000000,0.000000,0.000000,0.000000,18
15,10,42,-0.583333,0.576389,-0.666667,0.555556,0.000000,0.000000,0.000000,0.000000,0.000000,0.000000,0.000000,0.000000,0.000000,0.000000,12
15,10,42.5,-0.840000,0.294400,-0.680000,0.537600,0.000000,0.000000,0.000000,0.000000,0.000000,0.000000,0.000000,0.000000,0.000000,0.000000,25
15,10,43,-1.000000,0.000000,-0.600000,0.640000,0.000000,0.000000,0.000000,0.000000,0.000000,0.000000,0.000000,0.000000,0.000000,0.000000,10
15,10,43.5,-1.000000,0.000000,-1.000000,0.000000,0.000000,0.000000,0.000000,0.000000,0.000000,0.000000,0.000000,0.000000,0.000000,0.000000,2
15,10,44,-0.923077,0.071006,-0.846154,0.284024,0.000000,0.000000,0.000000,0.000000,0.000000,0.000000,0.000000,0.000000,0.000000,0.000000,13
15,10,44.5,-1.000000,0.000000,-1.000000,0.000000,0.000000,0.000000,0.000000,0.000000,0.000000,0.000000,0.000000,0.000000,0.000000,0.000000,3
15,10,45.5,-0.750000,0.437500,-0.500000,0.750000,0.000000,0.000000,0.000000,0.000000,0.000000,0.000000,0.000000,0.000000,0.000000,0.000000,8
15,10,46,-1.000000,0.000000,0.000000,1.000000,0.000000,0.000000,0.000000,0.000000,0.000000,0.000000,0.000000,0.000000,0.000000,0.000000,2
15,10,46.5,-1.000000,0.000000,-1.000000,0.000000,0.000000,0.000000,0.000000,0.000000,0.000000,0.000000,0.000000,0.000000,0.000000,0.000000,1
15,10,47,-1.000000,0.000000,-1.000000,0.000000,0.000000,0.000000,0.000000,0.000000,0.000000,0.000000,0.000000,0.000000,0.000000,0.000000,4
15,10,47.5,-1.000000,0.000000,-1.000000,0.000000,0.000000,0.000000,0.000000,0.000000,0.000000,0.000000,0.000000,0.000000,0.000000,0.000000,2
15,10,49,-0.500000,0.250000,0.000000,1.000000,0.000000,0.000000,0.000000,0.000000,0.000000,0.000000,0.000000,0.000000,0.000000,0.000000,2
16,10,-53.5,-1.000000,0.000000,-1.000000,0.000000,0.000000,0.000000,0.000000,0.000000,0.000000,0.000000,0.000000,0.000000,0.000000,0.000000,1
16,10,-49,-0.500000,0.500000,-0.500000,0.750000,0.000000,0.000000,0.000000,0.000000,0.000000,0.000000,0.000000,0.000000,0.000000,0.000000,8
16,10,-48,-1.000000,0.000000,-1.000000,0.000000,0.000000,0.000000,0.000000,0.000000,0.000000,0.000000,0.000000,0.000000,0.000000,0.000000,1
16,10,-47.5,-0.000000,1.000000,0.500000,0.750000,0.000000,0.000000,0.000000,0.000000,0.000000,0.000000,0.000000,0.000000,0.000000,0.000000,4
16,10,-47,1.000000,0.000000,-1.000000,0.000000,0.000000,0.000000,0.000000,0.000000,0.000000,0.000000,0.000000,0.000000,0.000000,0.000000,1
16,10,-46.5,1.000000,0.000000,-1.000000,0.000000,0.000000,0.000000,0.000000,0.000000,0.000000,0.000000,0.000000,0.000000,0.000000,0.000000,1
16,10,-46,-0.800000,0.160000,-1.000000,0.000000,0.000000,0.000000,0.000000,0.000000,0.000000,0.000000,0.000000,0.000000,0.000000,0.000000,5
16,10,-45.5,0.000000,1.000000,-0.500000,0.750000,0.000000,0.000000,0.000000,0.000000,0.000000,0.000000,0.000000,0.000000,0.000000,0.000000,8
16,10,-45,0.000000,0.800000,-0.600000,0.640000,0.000000,0.000000,0.000000,0.000000,0.000000,0.000000,0.000000,0.000000,0.000000,0.000000,5
16,10,-44.5,-0.714286,0.489796,-0.142857,0.979592,0.000000,0.000000,0.000000,0.000000,0.000000,0.000000,0.000000,0.000000,0.000000,0.000000,7
16,10,-44,0.045455,0.952479,-0.545455,0.702479,0.000000,0.000000,0.000000,0.000000,0.000000,0.000000,0.000000,0.000000,0.000000,0.000000,22
16,10,-43.5,-0.500000,0.583333,-0.666667,0.555556,0.000000,0.000000,0.000000,0.000000,0.000000,0.000000,0.000000,0.000000,0.000000,0.000000,6
16,10,-43,-0.142857,0.979592,-0.857143,0.265306,0.000000,0.000000,0.000000,0.000000,0.000000,0.000000,0.000000,0.000000,0.000000,0.000000,14
16,10,-42.5,-0.214286,0.811224,-0.928571,0.137755,0.000000,0.000000,0.000000,0.000000,0.000000,0.000000,0.000000,0.000000,0.000000,0.000000,28
16,10,-42,-0.300000,0.810000,-0.400000,0.840000,0.000000,0.000000,0.000000,0.000000,0.000000,0.000000,0.000000,0.000000,0.000000,0.000000,10
16,10,-41.5,0.000000,1.000000,-0.266667,0.928889,0.000000,0.000000,0.000000,0.000000,0.000000,0.000000,0.000000,0.000000,0.000000,0.000000,30
16,10,-41,-0.310345,0.765755,-0.586207,0.656361,0.000000,0.000000,0.000000,0.000000,0.000000,0.000000,0.000000,0.000000,0.000000,0.000000,29
16,10,-40.5,-0.162162,0.838568,-0.459459,0.788897,0.000000,0.000000,0.000000,0.000000,0.000000,0.000000,0.000000,0.000000,0.000000,0.000000,37
16,10,-40,-0.250000,0.869318,-0.454545,0.793388,0.000000,0.000000,0.000000,0.000000,0.000000,0.000000,0.000000,0.000000,0.000000,0.000000,44
16,10,-39.5,-0.179104,0.863444,-0.582090,0.661172,0.000000,0.000000,0.000000,0.000000,0.000000,0.000000,0.000000,0.000000,0.000000,0.000000,67
16,10,-39,-0.383333,0.703056,-0.500000,0.750000,0.000000,0.000000,0.000000,0.000000,0.000000,0.000000,0.000000,0.000000,0.000000,0.000000,60
16,10,-38.5,-0.236364,0.871405,-0.636364,0.595041,0.000000,0.000000,0.000000,0.000000,0.000000,0.000000,0.000000,0.000000,0.000000,0.000000,55
16,10,-38,-0.179245,0.882965,-0.509434,0.740477,0.000000,0.000000,0.000000,0.000000,0.000000,0.000000,0.000000,0.000000,0.000000,0.000000,106
16,10,-37.5,-0.260163,0.875405,-0.512195,0.737656,0.000000,0.000000,0.000000,0.000000,0.000000,0.000000,0.000000,0.000000,0.000000,0.000000,123
16,10,-37,-0.530864,0.619418,-0.456790,0.791343,0.000000,0.000000,0.000000,0.000000,0.000000,0.000000,0.000000,0.000000,0.000000,0.000000,81
16,10,-36.5,-0.264151,0.817017,-0.679245,0.538626,0.000000,0.000000,0.000000,0.000000,0.000000,0.000000,0.000000,0.000000,0.000000,0.000000,106
16,10,-36,-0.214286,0.875510,-0.557143,0.689592,0.000000,0.000000,0.000000,0.000000,0.000000,0.000000,0.000000,0.000000,0.000000,0.000000,280
16,10,-35.5,-0.266129,0.872724,-0.451613,0.796046,0.000000,0.000000,0.000000,0.000000,0.000000,0.000000,0.000000,0.000000,0.000000,0.000000,124
16,10,-35,-0.359788,0.822933,-0.407407,0.834019,0.000000,0.000000,0.000000,0.000000,0.000000,0.000000,0.000000,0.000000,0.000000,0.000000,189
16,10,-34.5,-0.289963,0.830420,-0.591078,0.650627,0.000000,0.000000,0.000000,0.000000,0.000000,0.000000,0.000000,0.000000,0.000000,0.000000,269
16,10,-34,-0.301455,0.834281,-0.542620,0.705564,0.000000,0.000000,0.000000,0.000000,0.000000,0.000000,0.000000,0.000000,0.000000,0.000000,481
16,10,-33.5,-0.375758,0.786079,-0.557576,0.689109,0.000000,0.000000,0.000000,0.000000,0.000000,0.000000,0.000000,0.000000,0.000000,0.000000,330
16,10,-33,-0.368110,0.795597,-0.535433,0.713311,0.000000,0.000000,0.000000,0.000000,0.000000,0.000000,0.000000,0.000000,0.000000,0.000000,508
16,10,-32.5,-0.270517,0.838675,-0.577508,0.666485,0.000000,0.000000,0.000000,0.000000,0.000000,0.000000,0.000000,0.000000,0.000000,0.000000,658
16,10,-32,-0.290000,0.819233,-0.553333,0.693822,0.000000,0.000000,0.000000,0.000000,0.000000,0.000000,0.000000,0.000000,0.000000,0.000000,600
16,10,-31.5,-0.232082,0.877879,-0.566553,0.679018,0.000000,0.000000,0.000000,0.000000,0.000000,0.000000,0.000000,0.000000,0.000000,0.000000,586
16,10,-31,-0.336073,0.811256,-0.541553,0.706721,0.000000,0.000000,0.000000,0.000000,0.000000,0.000000,0.000000,0.000000,0.000000,0.000000,1095
16,10,-30.5,-0.288260,0.836193,-0.505241,0.744731,0.000000,0.000000,0.000000,0.000000,0.000000,0.000000,0.000000,0.000000,0.000000,0.000000,954
16,10,-30,-0.276371,0.843450,-0.559072,0.687439,0.000000,0.000000,0.000000,0.000000,0.000000,0.000000,0.000000,0.000000,0.000000,0.000000,948
16,10,-29.5,-0.274697,0.850885,-0.538995,0.709485,0.000000,0.000000,0.000000,0.000000,0.000000,0.000000,0.000000,0.000000,0.000000,0.000000,1154
16,10,-29,-0.313094,0.820135,-0.556494,0.690314,0.000000,0.000000,0.000000,0.000000,0.000000,0.000000,0.000000,0.000000,0.000000,0.000000,1894
16,10,-28.5,-0.320596,0.818850,-0.559585,0.686864,0.000000,0.000000,0.000000,0.000000,0.000000,0.000000,0.000000,0.000000,0.000000,0.000000,1544
16,10,-28,-0.337902,0.808945,-0.535161,0.713603,0.000000,0.000000,0.000000,0.000000,0.000000,0.000000,0.000000,0.000000,0.000000,0.000000,1678
16,10,-27.5,-0.350860,0.797202,-0.538360,0.710169,0.000000,0.000000,0.000000,0.000000,0.000000,0.000000,0.000000,0.000000,0.000000,0.000000,3024
16,10,-27,-0.295986,0.830307,-0.531456,0.717555,0.000000,0.000000,0.000000,0.000000,0.000000,0.000000,0.000000,0.000000,0.000000,0.000000,1669
16,10,-26.5,-0.314098,0.821722,-0.548576,0.699065,0.000000,0.000000,0.000000,0.000000,0.000000,0.000000,0.000000,0.000000,0.000000,0.000000,2738
16,10,-26,-0.337793,0.809115,-0.534788,0.714002,0.000000,0.000000,0.000000,0.000000,0.000000,0.000000,0.000000,0.000000,0.000000,0.000000,4858
16,10,-25.5,-0.309142,0.827782,-0.530430,0.718644,0.000000,0.000000,0.000000,0.000000,0.000000,0.000000,0.000000,0.000000,0.000000,0.000000,3927
16,10,-25,-0.357342,0.789148,-0.503827,0.746158,0.000000,0.000000,0.000000,0.000000,0.000000,0.000000,0.000000,0.000000,0.000000,0.000000,2874
16,10,-24.5,-0.342637,0.810588,-0.502853,0.747139,0.000000,0.000000,0.000000,0.000000,0.000000,0.000000,0.000000,0.000000,0.000000,0.000000,6485
16,10,-24,-0.340612,0.814964,-0.541431,0.706852,0.000000,0.000000,0.000000,0.000000,0.000000,0.000000,0.000000,0.000000,0.000000,0.000000,5129
16,10,-23.5,-0.369058,0.793244,-0.531665,0.717333,0.000000,0.000000,0.000000,0.000000,0.000000,0.000000,0.000000,0.000000,0.000000,0.000000,5953
16,10,-23,-0.355160,0.799544,-0.535516,0.713223,0.000000,0.000000,0.000000,0.000000,0.000000,0.000000,0.000000,0.000000,0.000000,0.000000,8827
16,10,-22.5,-0.372751,0.781880,-0.526478,0.722821,0.000000,0.000000,0.000000,0.000000,0.000000,0.000000,0.000000,0.000000,0.000000,0.000000,7780
16,10,-22,-0.367067,0.791260,-0.520461,0.729121,0.000000,0.000000,0.000000,0.000000,0.000000,0.000000,0.000000,0.000000,0.000000,0.000000,8162
16,10,-21.5,-0.356582,0.799807,-0.528761,0.720412,0.000000,0.000000,0.000000,0.000000,0.000000,0.000000,0.000000,0.000000,0.000000,0.000000,10309
16,10,-21,-0.382068,0.782585,-0.514967,0.734809,0.000000,0.000000,0.000000,0.000000,0.000000,0.000000,0.000000,0.000000,0.000000,0.000000,13830
16,10,-20.5,-0.376742,0.787025,-0.516742,0.732978,0.000000,0.000000,0.000000,0.000000,0.000000,0.000000,0.000000,0.000000,0.000000,0.000000,11050
16,10,-20,-0.388113,0.778033,-0.517507,0.732186,0.000000,0.000000,0.000000,0.000000,0.000000,0.000000,0.000000,0.000000,0.000000,0.000000,14537
16,10,-19.5,-0.377898,0.782092,-0.525377,0.723979,0.000000,0.000000,0.000000,0.000000,0.000000,0.000000,0.000000,0.000000,0.000000,0.000000,17989
16,10,-19,-0.387669,0.777025,-0.526549,0.722746,0.000000,0.000000,0.000000,0.000000,0.000000,0.000000,0.000000,0.000000,0.000000,0.000000,19398
16,10,-18.5,-0.394487,0.774487,-0.520647,0.728927,0.000000,0.000000,0.000000,0.000000,0.000000,0.000000,0.000000,0.000000,0.000000,0.000000,19301
16,10,-18,-0.392178,0.773795,-0.520940,0.728622,0.000000,0.000000,0.000000,0.000000,0.000000,0.000000,0.000000,0.000000,0.000000,0.000000,25621
16,10,-17.5,-0.404428,0.765809,-0.516540,0.733186,0.000000,0.000000,0.000000,0.000000,0.000000,0.000000,0.000000,0.000000,0.000000,0.000000,29988
16,10,-17,-0.413604,0.757050,-0.523102,0.726364,0.000000,0.000000,0.000000,0.000000,0.000000,0.000000,0.000000,0.000000,0.000000,0.000000,23288
16,10,-16.5,-0.401162,0.764001,-0.530943,0.718100,0.000000,0.000000,0.000000,0.000000,0.000000,0.000000,0.000000,0.000000,0.000000,0.000000,35275
16,10,-16,-0.411936,0.758641,-0.524095,0.725324,0.000000,0.000000,0.000000,0.000000,0.000000,0.000000,0.000000,0.000000,0.000000,0.000000,34032
16,10,-15.5,-0.412373,0.759319,-0.523121,0.726345,0.000000,0.000000,0.000000,0.000000,0.000000,0.000000,0.000000,0.000000,0.000000,0.000000,37888
16,10,-15,-0.420543,0.752154,-0.524070,0.725351,0.000000,0.000000,0.000000,0.000000,0.000000,0.000000,0.000000,0.000000,0.000000,0.000000,40569
16,10,-14.5,-0.426686,0.749513,-0.521364,0.728180,0.000000,0.000000,0.000000,0.000000,0.000000,0.000000,0.000000,0.000000,0.000000,0.000000,54321
16,10,-14,-0.435251,0.743202,-0.518923,0.730719,0.000000,0.000000,0.000000,0.000000,0.000000,0.000000,0.000000,0.000000,0.000000,0.000000,55646
16,10,-13.5,-0.425892,0.750528,-0.526031,0.723291,0.000000,0.000000,0.000000,0.000000,0.000000,0.000000,0.000000,0.000000,0.000000,0.000000,61215
16,10,-13,-0.439017,0.739018,-0.526251,0.723060,0.000000,0.000000,0.000000,0.000000,0.000000,0.000000,0.000000,0.000000,0.000000,0.000000,63198
16,10,-12.5,-0.442161,0.736500,-0.520290,0.729299,0.000000,0.000000,0.000000,0.000000,0.000000,0.000000,0.000000,0.000000,0.000000,0.000000,74595
16,10,-12,-0.448525,0.729902,-0.527630,0.721606,0.000000,0.000000,0.000000,0.000000,0.000000,0.000000,0.000000,0.000000,0.000000,0.000000,83875
16,10,-11.5,-0.446459,0.733837,-0.525930,0.723397,0.000000,0.000000,0.000000,0.000000,0.000000,0.000000,0.000000,0.000000,0.000000,0.000000,91341
16,10,-11,-0.450573,0.731607,-0.519894,0.729710,0.000000,0.000000,0.000000,0.000000,0.000000,0.000000,0.000000,0.000000,0.000000,0.000000,103952
16,10,-10.5,-0.457346,0.724132,-0.526173,0.723142,0.000000,0.000000,0.000000,0.000000,0.000000,0.000000,0.000000,0.000000,0.000000,0.000000,109217
16,10,-10,-0.457835,0.724327,-0.525325,0.724034,0.000000,0.000000,0.000000,0.000000,0.000000,0.000000,0.000000,0.000000,0.000000,0.000000,139902
16,10,-9.5,-0.464396,0.718642,-0.524777,0.724609,0.000000,0.000000,0.000000,0.000000,0.000000,0.000000,0.000000,0.000000,0.000000,0.000000,124973
16,10,-9,-0.465855,0.716561,-0.523418,0.726033,0.000000,0.000000,0.000000,0.000000,0.000000,0.000000,0.000000,0.000000,0.000000,0.000000,156523
16,10,-8.5,-0.474947,0.709000,-0.526721,0.722566,0.000000,0.000000,0.000000,0.000000,0.000000,0.000000,0.000000,0.000000,0.000000,0.000000,165547
16,10,-8,-0.473330,0.711597,-0.525960,0.723366,0.000000,0.000000,0.000000,0.000000,0.000000,0.000000,0.000000,0.000000,0.000000,0.000000,191621
16,10,-7.5,-0.478904,0.705167,-0.525948,0.723378,0.000000,0.000000,0.000000,0.000000,0.000000,0.000000,0.000000,0.000000,0.000000,0.000000,210631
16,10,-7,-0.482001,0.703381,-0.531615,0.717385,0.000000,0.000000,0.000000,0.000000,0.000000,0.000000,0.000000,0.000000,0.000000,0.000000,222757
16,10,-6.5,-0.487550,0.698286,-0.528543,0.720642,0.000000,0.000000,0.000000,0.000000,0.000000,0.000000,0.000000,0.000000,0.000000,0.000000,255213
16,10,-6,-0.489116,0.697191,-0.528588,0.720595,0.000000,0.000000,0.000000,0.000000,0.000000,0.000000,0.000000,0.000000,0.000000,0.000000,296819
16,10,-5.5,-0.491156,0.695030,-0.529705,0.719413,0.000000,0.000000,0.000000,0.000000,0.000000,0.000000,0.000000,0.000000,0.000000,0.000000,297932
16,10,-5,-0.494299,0.691912,-0.529807,0.719305,0.000000,0.000000,0.000000,0.000000,0.000000,0.000000,0.000000,0.000000,0.000000,0.000000,315904
16,10,-4.5,-0.497898,0.689360,-0.530514,0.718555,0.000000,0.000000,0.000000,0.000000,0.000000,0.000000,0.000000,0.000000,0.000000,0.000000,406760
16,10,-4,-0.502350,0.684467,-0.531698,0.717298,0.000000,0.000000,0.000000,0.000000,0.000000,0.000000,0.000000,0.000000,0.000000,0.000000,441262
16,10,-3.5,-0.509166,0.678452,-0.531262,0.717761,0.000000,0.000000,0.000000,0.000000,0.000000,0.000000,0.000000,0.000000,0.000000,0.000000,451719
16,10,-3,-0.508991,0.679231,-0.530671,0.718388,0.000000,0.000000,0.000000,0.000000,0.000000,0.000000,0.000000,0.000000,0.000000,0.000000,507640
16,10,-2.5,-0.511814,0.675892,-0.534852,0.713933,0.000000,0.000000,0.000000,0.000000,0.000000,0.000000,0.000000,0.000000,0.000000,0.000000,541312
16,10,-2,-0.516495,0.671487,-0.535831,0.712885,0.000000,0.000000,0.000000,0.000000,0.000000,0.000000,0.000000,0.000000,0.000000,0.000000,563161
16,10,-1.5,-0.520067,0.668285,-0.535772,0.712948,0.000000,0.000000,0.000000,0.000000,0.000000,0.000000,0.000000,0.000000,0.000000,0.000000,586298
16,10,-1,-0.525286,0.662916,-0.538498,0.710020,0.000000,0.000000,0.000000,0.000000,0.000000,0.000000,0.000000,0.000000,0.000000,0.000000,1690497
16,10,-0.5,-0.526284,0.662021,-0.537265,0.711346,0.000000,0.000000,0.000000,0.000000,0.000000,0.000000,0.000000,0.000000,0.000000,0.000000,458790
16,10,0,-0.530979,0.657334,-0.537052,0.711575,0.000000,0.000000,0.000000,0.000000,0.000000,0.000000,0.000000,0.000000,0.000000,0.000000,815790
16,10,0.5,-0.533672,0.655355,-0.540288,0.708089,0.000000,0.000000,0.000000,0.000000,0.000000,0.000000,0.000000,0.000000,0.000000,0.000000,376340
16,10,1,-0.539027,0.650033,-0.537225,0.711390,0.000000,0.000000,0.000000,0.000000,0.000000,0.000000,0.000000,0.000000,0.000000,0.000000,467272
16,10,1.5,-0.542843,0.645258,-0.540726,0.707615,0.000000,0.000000,0.000000,0.000000,0.000000,0.000000,0.000000,0.000000,0.000000,0.000000,440687
16,10,2,-0.545041,0.643470,-0.542520,0.705673,0.000000,0.000000,0.000000,0.000000,0.000000,0.000000,0.000000,0.000000,0.000000,0.000000,359364
16,10,2.5,-0.550855,0.637422,-0.542933,0.705224,0.000000,0.000000,0.000000,0.000000,0.000000,0.000000,0.000000,0.000000,0.000000,0.000000,365408
16,10,3,-0.550176,0.637959,-0.542452,0.705746,0.000000,0.000000,0.000000,0.000000,0.000000,0.000000,0.000000,0.000000,0.000000,0.000000,337521
16,10,3.5,-0.557054,0.631500,-0.542566,0.705622,0.000000,0.000000,0.000000,0.000000,0.000000,0.000000,0.000000,0.000000,0.000000,0.000000,269543
16,10,4,-0.561822,0.625780,-0.545053,0.702917,0.000000,0.000000,0.000000,0.000000,0.000000,0.000000,0.000000,0.000000,0.000000,0.000000,266031
16,10,4.5,-0.563538,0.624648,-0.544168,0.703882,0.000000,0.000000,0.000000,0.000000,0.000000,0.000000,0.000000,0.000000,0.000000,0.000000,245270
16,10,5,-0.566158,0.621880,-0.546323,0.701531,0.000000,0.000000,0.000000,0.000000,0.000000,0.000000,0.000000,0.000000,0.000000,0.000000,204185
16,10,5.5,-0.572525,0.614601,-0.546579,0.701251,0.000000,0.000000,0.000000,0.000000,0.000000,0.000000,0.000000,0.000000,0.000000,0.000000,178986
16,10,6,-0.576480,0.610681,-0.547537,0.700204,0.000000,0.000000,0.000000,0.000000,0.000000,0.000000,0.000000,0.000000,0.000000,0.000000,188612
16,10,6.5,-0.580526,0.606714,-0.548405,0.699252,0.000000,0.000000,0.000000,0.000000,0.000000,0.000000,0.000000,0.000000,0.000000,0.000000,159147
16,10,7,-0.581366,0.606001,-0.553129,0.694048,0.000000,0.000000,0.000000,0.000000,0.000000,0.000000,0.000000,0.000000,0.000000,0.000000,134719
16,10,7.5,-0.587093,0.599831,-0.552362,0.694897,0.000000,0.000000,0.000000,0.000000,0.000000,0.000000,0.000000,0.000000,0.000000,0.000000,132473
16,10,8,-0.590368,0.595977,-0.555955,0.690914,0.000000,0.000000,0.000000,0.000000,0.000000,0.000000,0.000000,0.000000,0.000000,0.000000,118997
16,10,8.5,-0.595991,0.590710,-0.557522,0.689169,0.000000,0.000000,0.000000,0.000000,0.000000,0.000000,0.000000,0.000000,0.000000,0.000000,101822
16,10,9,-0.596353,0.589038,-0.555047,0.691923,0.000000,0.000000,0.000000,0.000000,0.000000,0.000000,0.000000,0.000000,0.000000,0.000000,97008
16,10,9.5,-0.601492,0.583188,-0.562921,0.683120,0.000000,0.000000,0.000000,0.000000,0.000000,0.000000,0.000000,0.000000,0.000000,0.000000,76119
16,10,10,-0.607339,0.576631,-0.556517,0.690289,0.000000,0.000000,0.000000,0.000000,0.000000,0.000000,0.000000,0.000000,0.000000,0.000000,87363
16,10,10.5,-0.607376,0.577433,-0.562750,0.683312,0.000000,0.000000,0.000000,0.000000,0.000000,0.000000,0.000000,0.000000,0.000000,0.000000,66621
16,10,11,-0.612120,0.571830,-0.561578,0.684631,0.000000,0.000000,0.000000,0.000000,0.000000,0.000000,0.000000,0.000000,0.000000,0.000000,64025
16,10,11.5,-0.619998,0.562500,-0.564825,0.680973,0.000000,0.000000,0.000000,0.000000,0.000000,0.000000,0.000000,0.000000,0.000000,0.000000,56005
16,10,12,-0.616869,0.566028,-0.564992,0.680784,0.000000,0.000000,0.000000,0.000000,0.000000,0.000000,0.000000,0.000000,0.000000,0.000000,51006
16,10,12.5,-0.635314,0.542846,-0.566789,0.678750,0.000000,0.000000,0.000000,0.000000,0.000000,0.000000,0.000000,0.000000,0.000000,0.000000,46684
16,10,13,-0.628913,0.553819,-0.572552,0.672184,0.000000,0.000000,0.000000,0.000000,0.000000,0.000000,0.000000,0.000000,0.000000,0.000000,37118
16,10,13.5,-0.631694,0.546829,-0.575857,0.668388,0.000000,0.000000,0.000000,0.000000,0.000000,0.000000,0.000000,0.000000,0.000000,0.000000,37610
16,10,14,-0.634582,0.547468,-0.569653,0.675496,0.000000,0.000000,0.000000,0.000000,0.000000,0.000000,0.000000,0.000000,0.000000,0.000000,34191
16,10,14.5,-0.644082,0.535946,-0.572922,0.671760,0.000000,0.000000,0.000000,0.000000,0.000000,0.000000,0.000000,0.000000,0.000000,0.000000,32898
16,10,15,-0.629194,0.553477,-0.571770,0.673079,0.000000,0.000000,0.000000,0.000000,0.000000,0.000000,0.000000,0.000000,0.000000,0.000000,23875
16,10,15.5,-0.648233,0.529098,-0.573010,0.671660,0.000000,0.000000,0.000000,0.000000,0.000000,0.000000,0.000000,0.000000,0.000000,0.000000,22586
16,10,16,-0.649846,0.528364,-0.582774,0.660374,0.000000,0.000000,0.000000,0.000000,0.000000,0.000000,0.000000,0.000000,0.000000,0.000000,20411
16,10,16.5,-0.653974,0.523353,-0.570527,0.674498,0.000000,0.000000,0.000000,0.000000,0.000000,0.000000,0.000000,0.000000,0.000000,0.000000,21403
16,10,17,-0.658338,0.519867,-0.580415,0.663119,0.000000,0.000000,0.000000,0.000000,0.000000,0.000000,0.000000,0.000000,0.000000,0.000000,13847
16,10,17.5,-0.661047,0.514241,-0.585750,0.656897,0.000000,0.000000,0.000000,0.000000,0.000000,0.000000,0.000000,0.000000,0.000000,0.000000,17796
16,10,18,-0.671909,0.496714,-0.591595,0.650016,0.000000,0.000000,0.000000,0.000000,0.000000,0.000000,0.000000,0.000000,0.000000,0.000000,15514
16,10,18.5,-0.661156,0.512562,-0.581867,0.661431,0.000000,0.000000,0.000000,0.000000,0.000000,0.000000,0.000000,0.000000,0.000000,0.000000,11250
16,10,19,-0.681055,0.488164,-0.587868,0.654411,0.000000,0.000000,0.000000,0.000000,0.000000,0.000000,0.000000,0.000000,0.000000,0.000000,11375
16,10,19.5,-0.682285,0.489390,-0.599407,0.640711,0.000000,0.000000,0.000000,0.000000,0.000000,0.000000,0.000000,0.000000,0.000000,0.000000,10799
16,10,20,-0.679711,0.486885,-0.614372,0.622547,0.000000,0.000000,0.000000,0.000000,0.000000,0.000000,0.000000,0.000000,0.000000,0.000000,8433
16,10,20.5,-0.676078,0.491310,-0.605961,0.632812,0.000000,0.000000,0.000000,0.000000,0.000000,0.000000,0.000000,0.000000,0.000000,0.000000,6375
16,10,21,-0.679231,0.491037,-0.590258,0.651595,0.000000,0.000000,0.000000,0.000000,0.000000,0.000000,0.000000,0.000000,0.000000,0.000000,8171
16,10,21.5,-0.681341,0.491751,-0.588554,0.653604,0.000000,0.000000,0.000000,0.000000,0.000000,0.000000,0.000000,0.000000,0.000000,0.000000,5906
16,10,22,-0.704950,0.463749,-0.588797,0.653318,0.000000,0.000000,0.000000,0.000000,0.000000,0.000000,0.000000,0.000000,0.000000,0.000000,4606
16,10,22.5,-0.696880,0.472682,-0.592348,0.649124,0.000000,0.000000,0.000000,0.000000,0.000000,0.000000,0.000000,0.000000,0.000000,0.000000,4391
16,10,23,-0.709968,0.455960,-0.597522,0.642967,0.000000,0.000000,0.000000,0.000000,0.000000,0.000000,0.000000,0.000000,0.000000,0.000000,5327
16,10,23.5,-0.710919,0.453127,-0.622912,0.611981,0.000000,0.000000,0.000000,0.000000,0.000000,0.000000,0.000000,0.000000,0.000000,0.000000,3352
16,10,24,-0.700771,0.459866,-0.589348,0.652669,0.000000,0.000000,0.000000,0.000000,0.000000,0.000000,0.000000,0.000000,0.000000,0.000000,2854
16,10,24.5,-0.701865,0.462994,-0.621224,0.614081,0.000000,0.000000,0.000000,0.000000,0.000000,0.000000,0.000000,0.000000,0.000000,0.000000,3807
16,10,25,-0.693865,0.469216,-0.607843,0.630527,0.000000,0.000000,0.000000,0.000000,0.000000,0.000000,0.000000,0.000000,0.000000,0.000000,1581
16,10,25.5,-0.717491,0.448119,-0.612637,0.624675,0.000000,0.000000,0.000000,0.000000,0.000000,0.000000,0.000000,0.000000,0.000000,0.000000,2184
16,10,26,-0.725093,0.437766,-0.635258,0.596447,0.000000,0.000000,0.000000,0.000000,0.000000,0.000000,0.000000,0.000000,0.000000,0.000000,2961
16,10,26.5,-0.698555,0.462469,-0.637990,0.592968,0.000000,0.000000,0.000000,0.000000,0.000000,0.000000,0.000000,0.000000,0.000000,0.000000,1453
16,10,27,-0.719048,0.440113,-0.600000,0.640000,0.000000,0.000000,0.000000,0.000000,0.000000,0.000000,0.000000,0.000000,0.000000,0.000000,840
16,10,27.5,-0.742433,0.414672,-0.622455,0.612550,0.000000,0.000000,0.000000,0.000000,0.000000,0.000000,0.000000,0.000000,0.000000,0.000000,1817
16,10,28,-0.740535,0.412633,-0.585746,0.656902,0.000000,0.000000,0.000000,0.000000,0.000000,0.000000,0.000000,0.000000,0.000000,0.000000,898
16,10,28.5,-0.724939,0.431676,-0.625917,0.608228,0.000000,0.000000,0.000000,0.000000,0.000000,0.000000,0.000000,0.000000,0.000000,0.000000,818
16,10,29,-0.784572,0.345877,-0.665099,0.557644,0.000000,0.000000,0.000000,0.000000,0.000000,0.000000,0.000000,0.000000,0.000000,0.000000,1063
16,10,29.5,-0.741652,0.420075,-0.659051,0.565652,0.000000,0.000000,0.000000,0.000000,0.000000,0.000000,0.000000,0.000000,0.000000,0.000000,569
16,10,30,-0.673664,0.521367,-0.660305,0.563997,0.000000,0.000000,0.000000,0.000000,0.000000,0.000000,0.000000,0.000000,0.000000,0.000000,524
16,10,30.5,-0.781955,0.354712,-0.563910,0.682006,0.000000,0.000000,0.000000,0.000000,0.000000,0.000000,0.000000,0.000000,0.000000,0.000000,532
16,10,31,-0.737458,0.424383,-0.665552,0.557041,0.000000,0.000000,0.000000,0.000000,0.000000,0.000000,0.000000,0.000000,0.000000,0.000000,598
16,10,31.5,-0.747541,0.385445,-0.619672,0.616006,0.000000,0.000000,0.000000,0.000000,0.000000,0.000000,0.000000,0.000000,0.000000,0.000000,305
16,10,32,-0.734899,0.409587,-0.657718,0.567407,0.000000,0.000000,0.000000,0.000000,0.000000,0.000000,0.000000,0.000000,0.000000,0.000000,298
16,10,32.5,-0.773067,0.384911,-0.670823,0.549997,0.000000,0.000000,0.000000,0.000000,0.000000,0.000000,0.000000,0.000000,0.000000,0.000000,401
16,10,33,-0.705628,0.441483,-0.662338,0.561309,0.000000,0.000000,0.000000,0.000000,0.000000,0.000000,0.000000,0.000000,0.000000,0.000000,231
16,10,33.5,-0.675393,0.501960,-0.685864,0.529591,0.000000,0.000000,0.000000,0.000000,0.000000,0.000000,0.000000,0.000000,0.000000,0.000000,191
16,10,34,-0.752294,0.397357,-0.715596,0.487922,0.000000,0.000000,0.000000,0.000000,0.000000,0.000000,0.000000,0.000000,0.000000,0.000000,218
16,10,34.5,-0.750000,0.398026,-0.565789,0.679882,0.000000,0.000000,0.000000,0.000000,0.000000,0.000000,0.000000,0.000000,0.000000,0.000000,152
16,10,35,-0.742268,0.418110,-0.670103,0.550962,0.000000,0.000000,0.000000,0.000000,0.000000,0.000000,0.000000,0.000000,0.000000,0.000000,97
16,10,35.5,-0.864865,0.224982,-0.783784,0.385683,0.000000,0.000000,0.000000,0.000000,0.000000,0.000000,0.000000,0.000000,0.000000,0.000000,74
16,10,36,-0.812155,0.318305,-0.591160,0.650530,0.000000,0.000000,0.000000,0.000000,0.000000,0.000000,0.000000,0.000000,0.000000,0.000000,181
16,10,36.5,-0.753623,0.388574,-0.913043,0.166352,0.000000,0.000000,0.000000,0.000000,0.000000,0.000000,0.000000,0.000000,0.000000,0.000000,69
16,10,37,-0.761905,0.371882,-0.666667,0.555556,0.000000,0.000000,0.000000,0.000000,0.000000,0.000000,0.000000,0.000000,0.000000,0.000000,42
16,10,37.5,-0.797297,0.323776,-0.594595,0.646457,0.000000,0.000000,0.000000,0.000000,0.000000,0.000000,0.000000,0.000000,0.000000,0.000000,74
16,10,38,-0.854167,0.249566,-0.708333,0.498264,0.000000,0.000000,0.000000,0.000000,0.000000,0.000000,0.000000,0.000000,0.000000,0.000000,48
16,10,38.5,-0.857143,0.217687,-0.809524,0.344671,0.000000,0.000000,0.000000,0.000000,0.000000,0.000000,0.000000,0.000000,0.000000,0.000000,21
16,10,39,-1.000000,0.000000,-0.266667,0.928889,0.000000,0.000000,0.000000,0.000000,0.000000,0.000000,0.000000,0.000000,0.000000,0.000000,30
16,10,39.5,-0.866667,0.182222,-0.600000,0.640000,0.000000,0.000000,0.000000,0.000000,0.000000,0.000000,0.000000,0.000000,0.000000,0.000000,30
16,10,40,-0.866667,0.115556,-0.200000,0.960000,0.000000,0.000000,0.000000,0.000000,0.000000,0.000000,0.000000,0.000000,0.000000,0.000000,15
16,10,40.5,-0.647059,0.581315,-0.882353,0.221453,0.000000,0.000000,0.000000,0.000000,0.000000,0.000000,0.000000,0.000000,0.000000,0.000000,17
16,10,41,-0.750000,0.312500,-0.875000,0.234375,0.000000,0.000000,0.000000,0.000000,0.000000,0.000000,0.000000,0.000000,0.000000,0.000000,16
16,10,41.5,-0.950000,0.047500,-0.700000,0.510000,0.000000,0.000000,0.000000,0.000000,0.000000,0.000000,0.000000,0.000000,0.000000,0.000000,20
16,10,42,-1.000000,0.000000,-1.000000,0.000000,0.000000,0.000000,0.000000,0.000000,0.000000,0.000000,0.000000,0.000000,0.000000,0.000000,5
16,10,42.5,-1.000000,0.000000,-0.538462,0.710059,0.000000,0.000000,0.000000,0.000000,0.000000,0.000000,0.000000,0.000000,0.000000,0.000000,13
16,10,43,-0.571429,0.530612,-1.000000,0.000000,0.000000,0.000000,0.000000,0.000000,0.000000,0.000000,0.000000,0.000000,0.000000,0.000000,7
16,10,43.5,-1.000000,0.000000,-1.000000,0.000000,0.000000,0.000000,0.000000,0.000000,0.000000,0.000000,0.000000,0.000000,0.000000,0.000000,5
16,10,44,-0.818182,0.330579,-0.636364,0.595041,0.000000,0.000000,0.000000,0.000000,0.000000,0.000000,0.000000,0.000000,0.000000,0.000000,11
16,10,44.5,-0.800000,0.160000,-1.000000,0.000000,0.000000,0.000000,0.000000,0.000000,0.000000,0.000000,0.000000,0.000000,0.000000,0.000000,5
16,10,45,-1.000000,0.000000,0.333333,0.888889,0.000000,0.000000,0.000000,0.000000,0.000000,0.000000,0.000000,0.000000,0.000000,0.000000,3
16,10,45.5,-1.000000,0.000000,-0.500000,0.750000,0.000000,0.000000,0.000000,0.000000,0.000000,0.000000,0.000000,0.000000,0.000000,0.000000,4
16,10,46,-1.000000,0.000000,0.000000,1.000000,0.000000,0.000000,0.000000,0.000000,0.000000,0.000000,0.000000,0.000000,0.000000,0.000000,2
16,10,47,-1.000000,0.000000,0.000000,1.000000,0.000000,0.000000,0.000000,0.000000,0.000000,0.000000,0.000000,0.000000,0.000000,0.000000,2
16,10,47.5,-1.000000,0.000000,-1.000000,0.000000,0.000000,0.000000,0.000000,0.000000,0.000000,0.000000,0.000000,0.000000,0.000000,0.000000,3
16,10,49,-1.000000,0.000000,-1.000000,0.000000,0.000000,0.000000,0.000000,0.000000,0.000000,0.000000,0.000000,0.000000,0.000000,0.000000,2
16,10,52,-1.000000,0.000000,-1.000000,0.000000,0.000000,0.000000,0.000000,0.000000,0.000000,0.000000,0.000000,0.000000,0.000000,0.000000,1
