UserValue,DealerValue,TrueCount,Hit EV,Hit Variance,Stand EV,Stand Variance,Double EV,Double Variance,Split EV,Split Variance,Surrender EV,Surrender Variance,Insurance Accept EV,Insurance Accept Variance,Insurance Decline EV,Insurance Decline Variance,Hands Played
9,2,-49,1.000000,0.000000,0.000000,0.000000,2.000000,0.000000,0.000000,0.000000,0.000000,0.000000,0.000000,0.000000,0.000000,0.000000,1
9,2,-47,-1.000000,0.000000,0.000000,0.000000,2.000000,0.000000,0.000000,0.000000,0.000000,0.000000,0.000000,0.000000,0.000000,0.000000,1
9,2,-44.5,1.000000,0.000000,0.000000,0.000000,2.000000,0.000000,0.000000,0.000000,0.000000,0.000000,0.000000,0.000000,0.000000,0.000000,1
9,2,-44,1.000000,0.000000,0.000000,0.000000,2.000000,0.000000,0.000000,0.000000,0.000000,0.000000,0.000000,0.000000,0.000000,0.000000,1
9,2,-41.5,-1.000000,0.000000,0.000000,0.000000,-2.000000,0.000000,0.000000,0.000000,0.000000,0.000000,0.000000,0.000000,0.000000,0.000000,2
9,2,-41,1.000000,0.000000,0.000000,0.000000,2.000000,0.000000,0.000000,0.000000,0.000000,0.000000,0.000000,0.000000,0.000000,0.000000,2
9,2,-40.5,-0.500000,0.583333,0.000000,0.000000,-1.000000,2.333333,0.000000,0.000000,0.000000,0.000000,0.000000,0.000000,0.000000,0.000000,6
9,2,-39.5,0.000000,1.000000,0.000000,0.000000,0.000000,4.000000,0.000000,0.000000,0.000000,0.000000,0.000000,0.000000,0.000000,0.000000,2
9,2,-39,-0.666667,0.222222,0.000000,0.000000,0.000000,2.666667,0.000000,0.000000,0.000000,0.000000,0.000000,0.000000,0.000000,0.000000,3
9,2,-38.5,0.200000,0.960000,0.000000,0.000000,-0.400000,3.840000,0.000000,0.000000,0.000000,0.000000,0.000000,0.000000,0.000000,0.000000,5
9,2,-38,-0.428571,0.816327,0.000000,0.000000,-0.857143,3.265306,0.000000,0.000000,0.000000,0.000000,0.000000,0.000000,0.000000,0.000000,7
9,2,-37.5,0.200000,0.960000,0.000000,0.000000,0.400000,3.840000,0.000000,0.000000,0.000000,0.000000,0.000000,0.000000,0.000000,0.000000,5
9,2,-37,-0.500000,0.250000,0.000000,0.000000,-1.000000,1.000000,0.000000,0.000000,0.000000,0.000000,0.000000,0.000000,0.000000,0.000000,2
9,2,-36.5,-0.000000,1.000000,0.000000,0.000000,1.000000,3.000000,0.000000,0.000000,0.000000,0.000000,0.000000,0.000000,0.000000,0.000000,4
9,2,-36,-0.400000,0.840000,0.000000,0.000000,-0.800000,3.360000,0.000000,0.000000,0.000000,0.000000,0.000000,0.000000,0.000000,0.000000,10
9,2,-35.5,-0.666667,0.444444,0.000000,0.000000,-1.111111,2.765432,0.000000,0.000000,0.000000,0.000000,0.000000,0.000000,0.000000,0.000000,9
9,2,-35,0.333333,0.888889,0.000000,0.000000,0.666667,3.555556,0.000000,0.000000,0.000000,0.000000,0.000000,0.000000,0.000000,0.000000,12
9,2,-34.5,0.000000,0.869565,0.000000,0.000000,-0.260870,3.584121,0.000000,0.000000,0.000000,0.000000,0.000000,0.000000,0.000000,0.000000,23
9,2,-34,-0.264706,0.900519,0.000000,0.000000,-0.529412,3.602076,0.000000,0.000000,0.000000,0.000000,0.000000,0.000000,0.000000,0.000000,34
9,2,-33.5,-0.272727,0.925620,0.000000,0.000000,-0.545455,3.702479,0.000000,0.000000,0.000000,0.000000,0.000000,0.000000,0.000000,0.000000,22
9,2,-33,-0.297297,0.857560,0.000000,0.000000,-0.702703,3.289993,0.000000,0.000000,0.000000,0.000000,0.000000,0.000000,0.000000,0.000000,37
9,2,-32.5,-0.070175,0.907356,0.000000,0.000000,-0.210526,3.604801,0.000000,0.000000,0.000000,0.000000,0.000000,0.000000,0.000000,0.000000,57
9,2,-32,-0.301887,0.814525,0.000000,0.000000,-0.679245,3.161267,0.000000,0.000000,0.000000,0.000000,0.000000,0.000000,0.000000,0.000000,53
9,2,-31.5,-0.054054,0.915997,0.000000,0.000000,-0.108108,3.663988,0.000000,0.000000,0.000000,0.000000,0.000000,0.000000,0.000000,0.000000,37
9,2,-31,-0.266667,0.808889,0.000000,0.000000,-0.506667,3.316622,0.000000,0.000000,0.000000,0.000000,0.000000,0.000000,0.000000,0.000000,75
9,2,-30.5,-0.250000,0.805147,0.000000,0.000000,-0.764706,3.062284,0.000000,0.000000,0.000000,0.000000,0.000000,0.000000,0.000000,0.000000,68
9,2,-30,-0.078125,0.915771,0.000000,0.000000,-0.250000,3.687500,0.000000,0.000000,0.000000,0.000000,0.000000,0.000000,0.000000,0.000000,64
9,2,-29.5,-0.256098,0.873438,0.000000,0.000000,-0.560976,3.441404,0.000000,0.000000,0.000000,0.000000,0.000000,0.000000,0.000000,0.000000,82
9,2,-29,-0.242857,0.898163,0.000000,0.000000,-0.542857,3.533878,0.000000,0.000000,0.000000,0.000000,0.000000,0.000000,0.000000,0.000000,140
9,2,-28.5,-0.206612,0.907725,0.000000,0.000000,-0.429752,3.650024,0.000000,0.000000,0.000000,0.000000,0.000000,0.000000,0.000000,0.000000,121
9,2,-28,-0.186207,0.910155,0.000000,0.000000,-0.482759,3.546254,0.000000,0.000000,0.000000,0.000000,0.000000,0.000000,0.000000,0.000000,145
9,2,-27.5,-0.110266,0.904191,0.000000,0.000000,-0.372624,3.587387,0.000000,0.000000,0.000000,0.000000,0.000000,0.000000,0.000000,0.000000,263
9,2,-27,-0.166667,0.888889,0.000000,0.000000,-0.483333,3.466389,0.000000,0.000000,0.000000,0.000000,0.000000,0.000000,0.000000,0.000000,120
9,2,-26.5,-0.066351,0.952944,0.000000,0.000000,-0.407583,3.720132,0.000000,0.000000,0.000000,0.000000,0.000000,0.000000,0.000000,0.000000,211
9,2,-26,-0.130982,0.919871,0.000000,0.000000,-0.468514,3.578983,0.000000,0.000000,0.000000,0.000000,0.000000,0.000000,0.000000,0.000000,397
9,2,-25.5,-0.122324,0.914700,0.000000,0.000000,-0.348624,3.658278,0.000000,0.000000,0.000000,0.000000,0.000000,0.000000,0.000000,0.000000,327
9,2,-25,-0.087156,0.914422,0.000000,0.000000,-0.321101,3.658362,0.000000,0.000000,0.000000,0.000000,0.000000,0.000000,0.000000,0.000000,218
9,2,-24.5,-0.152941,0.886413,0.000000,0.000000,-0.380392,3.533733,0.000000,0.000000,0.000000,0.000000,0.000000,0.000000,0.000000,0.000000,510
9,2,-24,-0.052506,0.932804,0.000000,0.000000,-0.267303,3.728072,0.000000,0.000000,0.000000,0.000000,0.000000,0.000000,0.000000,0.000000,419
9,2,-23.5,-0.127983,0.909868,0.000000,0.000000,-0.255965,3.674178,0.000000,0.000000,0.000000,0.000000,0.000000,0.000000,0.000000,0.000000,461
9,2,-23,-0.079838,0.909729,0.000000,0.000000,-0.289581,3.613031,0.000000,0.000000,0.000000,0.000000,0.000000,0.000000,0.000000,0.000000,739
9,2,-22.5,-0.094003,0.921471,0.000000,0.000000,-0.327391,3.659428,0.000000,0.000000,0.000000,0.000000,0.000000,0.000000,0.000000,0.000000,617
9,2,-22,-0.097183,0.935626,0.000000,0.000000,-0.335211,3.701718,0.000000,0.000000,0.000000,0.000000,0.000000,0.000000,0.000000,0.000000,710
9,2,-21.5,-0.134639,0.904761,0.000000,0.000000,-0.423501,3.546473,0.000000,0.000000,0.000000,0.000000,0.000000,0.000000,0.000000,0.000000,817
9,2,-21,-0.027441,0.925801,0.000000,0.000000,-0.166263,3.739911,0.000000,0.000000,0.000000,0.000000,0.000000,0.000000,0.000000,0.000000,1239
9,2,-20.5,-0.079434,0.921873,0.000000,0.000000,-0.235038,3.687956,0.000000,0.000000,0.000000,0.000000,0.000000,0.000000,0.000000,0.000000,919
9,2,-20,-0.141850,0.921101,0.000000,0.000000,-0.330721,3.693131,0.000000,0.000000,0.000000,0.000000,0.000000,0.000000,0.000000,0.000000,1276
9,2,-19.5,-0.106977,0.918124,0.000000,0.000000,-0.306977,3.671878,0.000000,0.000000,0.000000,0.000000,0.000000,0.000000,0.000000,0.000000,1505
9,2,-19,-0.135254,0.913453,0.000000,0.000000,-0.376957,3.622462,0.000000,0.000000,0.000000,0.000000,0.000000,0.000000,0.000000,0.000000,1597
9,2,-18.5,-0.103951,0.925972,0.000000,0.000000,-0.336778,3.687188,0.000000,0.000000,0.000000,0.000000,0.000000,0.000000,0.000000,0.000000,1645
9,2,-18,-0.067108,0.915585,0.000000,0.000000,-0.225166,3.673804,0.000000,0.000000,0.000000,0.000000,0.000000,0.000000,0.000000,0.000000,2265
9,2,-17.5,-0.062286,0.916743,0.000000,0.000000,-0.240790,3.677683,0.000000,0.000000,0.000000,0.000000,0.000000,0.000000,0.000000,0.000000,2633
9,2,-17,-0.060636,0.926741,0.000000,0.000000,-0.239563,3.710005,0.000000,0.000000,0.000000,0.000000,0.000000,0.000000,0.000000,0.000000,2012
9,2,-16.5,-0.078250,0.917863,0.000000,0.000000,-0.246567,3.684973,0.000000,0.000000,0.000000,0.000000,0.000000,0.000000,0.000000,0.000000,3131
9,2,-16,-0.072349,0.918122,0.000000,0.000000,-0.253717,3.670018,0.000000,0.000000,0.000000,0.000000,0.000000,0.000000,0.000000,0.000000,3027
9,2,-15.5,-0.036403,0.921824,0.000000,0.000000,-0.219664,3.676701,0.000000,0.000000,0.000000,0.000000,0.000000,0.000000,0.000000,0.000000,3214
9,2,-15,-0.068906,0.909406,0.000000,0.000000,-0.238300,3.660698,0.000000,0.000000,0.000000,0.000000,0.000000,0.000000,0.000000,0.000000,3483
9,2,-14.5,-0.077323,0.911086,0.000000,0.000000,-0.262316,3.643516,0.000000,0.000000,0.000000,0.000000,0.000000,0.000000,0.000000,0.000000,4811
9,2,-14,-0.043272,0.922916,0.000000,0.000000,-0.211416,3.698143,0.000000,0.000000,0.000000,0.000000,0.000000,0.000000,0.000000,0.000000,4853
9,2,-13.5,-0.047518,0.914763,0.000000,0.000000,-0.207447,3.671150,0.000000,0.000000,0.000000,0.000000,0.000000,0.000000,0.000000,0.000000,5640
9,2,-13,-0.030017,0.921697,0.000000,0.000000,-0.152917,3.712316,0.000000,0.000000,0.000000,0.000000,0.000000,0.000000,0.000000,0.000000,5297
9,2,-12.5,-0.017559,0.921553,0.000000,0.000000,-0.144864,3.711528,0.000000,0.000000,0.000000,0.000000,0.000000,0.000000,0.000000,0.000000,6834
9,2,-12,-0.045418,0.917645,0.000000,0.000000,-0.200865,3.677955,0.000000,0.000000,0.000000,0.000000,0.000000,0.000000,0.000000,0.000000,7398
9,2,-11.5,-0.017310,0.919582,0.000000,0.000000,-0.139466,3.707552,0.000000,0.000000,0.000000,0.000000,0.000000,0.000000,0.000000,0.000000,8088
9,2,-11,-0.022997,0.918171,0.000000,0.000000,-0.140790,3.699461,0.000000,0.000000,0.000000,0.000000,0.000000,0.000000,0.000000,0.000000,9262
9,2,-10.5,-0.023532,0.918647,0.000000,0.000000,-0.135985,3.696210,0.000000,0.000000,0.000000,0.000000,0.000000,0.000000,0.000000,0.000000,9604
9,2,-10,-0.012514,0.919330,0.000000,0.000000,-0.112230,3.703759,0.000000,0.000000,0.000000,0.000000,0.000000,0.000000,0.000000,0.000000,12706
9,2,-9.5,-0.007197,0.921406,0.000000,0.000000,-0.099325,3.718430,0.000000,0.000000,0.000000,0.000000,0.000000,0.000000,0.000000,0.000000,11115
9,2,-9,0.008117,0.918554,0.000000,0.000000,-0.075292,3.712475,0.000000,0.000000,0.000000,0.000000,0.000000,0.000000,0.000000,0.000000,14291
9,2,-8.5,0.011857,0.921318,0.000000,0.000000,-0.076897,3.725428,0.000000,0.000000,0.000000,0.000000,0.000000,0.000000,0.000000,0.000000,14591
9,2,-8,0.017390,0.919612,0.000000,0.000000,-0.056997,3.719445,0.000000,0.000000,0.000000,0.000000,0.000000,0.000000,0.000000,0.000000,17194
9,2,-7.5,0.015635,0.921270,0.000000,0.000000,-0.071785,3.719135,0.000000,0.000000,0.000000,0.000000,0.000000,0.000000,0.000000,0.000000,19252
9,2,-7,0.011110,0.917559,0.000000,0.000000,-0.055188,3.708819,0.000000,0.000000,0.000000,0.000000,0.000000,0.000000,0.000000,0.000000,19352
9,2,-6.5,0.014729,0.919824,0.000000,0.000000,-0.057371,3.710369,0.000000,0.000000,0.000000,0.000000,0.000000,0.000000,0.000000,0.000000,23287
9,2,-6,0.016186,0.917664,0.000000,0.000000,-0.045157,3.708836,0.000000,0.000000,0.000000,0.000000,0.000000,0.000000,0.000000,0.000000,27061
9,2,-5.5,0.035233,0.916313,0.000000,0.000000,-0.024742,3.708126,0.000000,0.000000,0.000000,0.000000,0.000000,0.000000,0.000000,0.000000,25544
9,2,-5,0.039296,0.920113,0.000000,0.000000,-0.015662,3.723516,0.000000,0.000000,0.000000,0.000000,0.000000,0.000000,0.000000,0.000000,28222
9,2,-4.5,0.030737,0.918048,0.000000,0.000000,-0.027833,3.715523,0.000000,0.000000,0.000000,0.000000,0.000000,0.000000,0.000000,0.000000,36503
9,2,-4,0.042541,0.918854,0.000000,0.000000,0.005215,3.722962,0.000000,0.000000,0.000000,0.000000,0.000000,0.000000,0.000000,0.000000,37587
9,2,-3.5,0.049760,0.915323,0.000000,0.000000,0.011393,3.711018,0.000000,0.000000,0.000000,0.000000,0.000000,0.000000,0.000000,0.000000,39148
9,2,-3,0.050246,0.916286,0.000000,0.000000,0.015065,3.712848,0.000000,0.000000,0.000000,0.000000,0.000000,0.000000,0.000000,0.000000,46730
9,2,-2.5,0.046274,0.915405,0.000000,0.000000,0.009363,3.711787,0.000000,0.000000,0.000000,0.000000,0.000000,0.000000,0.000000,0.000000,51908
9,2,-2,0.052714,0.915891,0.000000,0.000000,0.025242,3.713128,0.000000,0.000000,0.000000,0.000000,0.000000,0.000000,0.000000,0.000000,51580
9,2,-1.5,0.057847,0.915590,0.000000,0.000000,0.026097,3.713244,0.000000,0.000000,0.000000,0.000000,0.000000,0.000000,0.000000,0.000000,64221
9,2,-1,0.063211,0.914452,0.000000,0.000000,0.046883,3.711133,0.000000,0.000000,0.000000,0.000000,0.000000,0.000000,0.000000,0.000000,70004
9,2,-0.5,0.065194,0.914552,0.000000,0.000000,0.053763,3.710816,0.000000,0.000000,0.000000,0.000000,0.000000,0.000000,0.000000,0.000000,54238
9,2,0,0.070030,0.913395,0.000000,0.000000,0.059234,3.708931,0.000000,0.000000,0.000000,0.000000,0.000000,0.000000,0.000000,0.000000,124760
9,2,0.5,0.073477,0.912848,0.000000,0.000000,0.073711,3.705912,0.000000,0.000000,0.000000,0.000000,0.000000,0.000000,0.000000,0.000000,68511
9,2,1,0.075150,0.912199,0.000000,0.000000,0.073299,3.702231,0.000000,0.000000,0.000000,0.000000,0.000000,0.000000,0.000000,0.000000,95090
9,2,1.5,0.079497,0.913131,0.000000,0.000000,0.086904,3.707179,0.000000,0.000000,0.000000,0.000000,0.000000,0.000000,0.000000,0.000000,146346
9,2,2,0.084120,0.911712,0.000000,0.000000,0.092038,3.703283,0.000000,0.000000,0.000000,0.000000,0.000000,0.000000,0.000000,0.000000,148526
9,2,2.5,0.079931,0.911715,0.000000,0.000000,0.086831,3.700981,0.000000,0.000000,0.000000,0.000000,0.000000,0.000000,0.000000,0.000000,148127
9,2,3,0.097344,0.908506,0.000000,0.000000,0.120969,3.692644,0.000000,0.000000,0.000000,0.000000,0.000000,0.000000,0.000000,0.000000,92784
9,2,3.5,0.096755,0.909805,0.000000,0.000000,0.116688,3.698435,0.000000,0.000000,0.000000,0.000000,0.000000,0.000000,0.000000,0.000000,79014
9,2,4,0.086718,0.910748,0.000000,0.000000,0.096728,3.698887,0.000000,0.000000,0.000000,0.000000,0.000000,0.000000,0.000000,0.000000,78819
9,2,4.5,0.098439,0.907830,0.000000,0.000000,0.122760,3.689325,0.000000,0.000000,0.000000,0.000000,0.000000,0.000000,0.000000,0.000000,69241
9,2,5,0.100646,0.909698,0.000000,0.000000,0.118873,3.701139,0.000000,0.000000,0.000000,0.000000,0.000000,0.000000,0.000000,0.000000,60956
9,2,5.5,0.111695,0.906696,0.000000,0.000000,0.153213,3.685516,0.000000,0.000000,0.000000,0.000000,0.000000,0.000000,0.000000,0.000000,57084
9,2,6,0.116248,0.907552,0.000000,0.000000,0.164481,3.678868,0.000000,0.000000,0.000000,0.000000,0.000000,0.000000,0.000000,0.000000,55958
9,2,6.5,0.113308,0.908614,0.000000,0.000000,0.156843,3.681698,0.000000,0.000000,0.000000,0.000000,0.000000,0.000000,0.000000,0.000000,47640
9,2,7,0.113641,0.907836,0.000000,0.000000,0.156666,3.678138,0.000000,0.000000,0.000000,0.000000,0.000000,0.000000,0.000000,0.000000,41464
9,2,7.5,0.124536,0.902964,0.000000,0.000000,0.181170,3.662450,0.000000,0.000000,0.000000,0.000000,0.000000,0.000000,0.000000,0.000000,39852
9,2,8,0.130579,0.906972,0.000000,0.000000,0.192632,3.677027,0.000000,0.000000,0.000000,0.000000,0.000000,0.000000,0.000000,0.000000,35695
9,2,8.5,0.133108,0.906430,0.000000,0.000000,0.198589,3.673798,0.000000,0.000000,0.000000,0.000000,0.000000,0.000000,0.000000,0.000000,30757
9,2,9,0.132549,0.904489,0.000000,0.000000,0.193880,3.670413,0.000000,0.000000,0.000000,0.000000,0.000000,0.000000,0.000000,0.000000,29740
9,2,9.5,0.147165,0.899838,0.000000,0.000000,0.222804,3.654450,0.000000,0.000000,0.000000,0.000000,0.000000,0.000000,0.000000,0.000000,24075
9,2,10,0.136877,0.902341,0.000000,0.000000,0.209130,3.662140,0.000000,0.000000,0.000000,0.000000,0.000000,0.000000,0.000000,0.000000,25037
9,2,10.5,0.152219,0.899098,0.000000,0.000000,0.232903,3.657484,0.000000,0.000000,0.000000,0.000000,0.000000,0.000000,0.000000,0.000000,20661
9,2,11,0.156003,0.896830,0.000000,0.000000,0.245949,3.644951,0.000000,0.000000,0.000000,0.000000,0.000000,0.000000,0.000000,0.000000,19256
9,2,11.5,0.159067,0.894672,0.000000,0.000000,0.255410,3.630866,0.000000,0.000000,0.000000,0.000000,0.000000,0.000000,0.000000,0.000000,17282
9,2,12,0.147581,0.897605,0.000000,0.000000,0.227491,3.650907,0.000000,0.000000,0.000000,0.000000,0.000000,0.000000,0.000000,0.000000,15605
9,2,12.5,0.157375,0.897700,0.000000,0.000000,0.245943,3.651016,0.000000,0.000000,0.000000,0.000000,0.000000,0.000000,0.000000,0.000000,13865
9,2,13,0.157347,0.897922,0.000000,0.000000,0.244834,3.647173,0.000000,0.000000,0.000000,0.000000,0.000000,0.000000,0.000000,0.000000,12196
9,2,13.5,0.187304,0.884048,0.000000,0.000000,0.306609,3.601643,0.000000,0.000000,0.000000,0.000000,0.000000,0.000000,0.000000,0.000000,11500
9,2,14,0.190377,0.885082,0.000000,0.000000,0.311284,3.605864,0.000000,0.000000,0.000000,0.000000,0.000000,0.000000,0.000000,0.000000,10537
9,2,14.5,0.163249,0.891924,0.000000,0.000000,0.255425,3.625381,0.000000,0.000000,0.000000,0.000000,0.000000,0.000000,0.000000,0.000000,10046
9,2,15,0.185943,0.893056,0.000000,0.000000,0.306950,3.633517,0.000000,0.000000,0.000000,0.000000,0.000000,0.000000,0.000000,0.000000,7669
9,2,15.5,0.178886,0.891065,0.000000,0.000000,0.300795,3.618560,0.000000,0.000000,0.000000,0.000000,0.000000,0.000000,0.000000,0.000000,6915
9,2,16,0.192117,0.878672,0.000000,0.000000,0.320608,3.573809,0.000000,0.000000,0.000000,0.000000,0.000000,0.000000,0.000000,0.000000,6444
9,2,16.5,0.189193,0.882471,0.000000,0.000000,0.318113,3.590129,0.000000,0.000000,0.000000,0.000000,0.000000,0.000000,0.000000,0.000000,6570
9,2,17,0.188350,0.879529,0.000000,0.000000,0.292838,3.595116,0.000000,0.000000,0.000000,0.000000,0.000000,0.000000,0.000000,0.000000,4412
9,2,17.5,0.197559,0.880064,0.000000,0.000000,0.329904,3.586368,0.000000,0.000000,0.000000,0.000000,0.000000,0.000000,0.000000,0.000000,5735
9,2,18,0.194881,0.877272,0.000000,0.000000,0.326411,3.577115,0.000000,0.000000,0.000000,0.000000,0.000000,0.000000,0.000000,0.000000,4767
9,2,18.5,0.203463,0.878516,0.000000,0.000000,0.337121,3.580072,0.000000,0.000000,0.000000,0.000000,0.000000,0.000000,0.000000,0.000000,3696
9,2,19,0.195915,0.877769,0.000000,0.000000,0.326794,3.582537,0.000000,0.000000,0.000000,0.000000,0.000000,0.000000,0.000000,0.000000,3721
9,2,19.5,0.222605,0.874142,0.000000,0.000000,0.366609,3.577588,0.000000,0.000000,0.000000,0.000000,0.000000,0.000000,0.000000,0.000000,3486
9,2,20,0.186139,0.889518,0.000000,0.000000,0.317126,3.619315,0.000000,0.000000,0.000000,0.000000,0.000000,0.000000,0.000000,0.000000,2756
9,2,20.5,0.207556,0.866343,0.000000,0.000000,0.374147,3.517729,0.000000,0.000000,0.000000,0.000000,0.000000,0.000000,0.000000,0.000000,2197
9,2,21,0.208670,0.880042,0.000000,0.000000,0.346804,3.588765,0.000000,0.000000,0.000000,0.000000,0.000000,0.000000,0.000000,0.000000,2722
9,2,21.5,0.256256,0.858257,0.000000,0.000000,0.461461,3.504771,0.000000,0.000000,0.000000,0.000000,0.000000,0.000000,0.000000,0.000000,1998
9,2,22,0.244873,0.856134,0.000000,0.000000,0.420137,3.497817,0.000000,0.000000,0.000000,0.000000,0.000000,0.000000,0.000000,0.000000,1609
9,2,22.5,0.225183,0.876674,0.000000,0.000000,0.387742,3.583168,0.000000,0.000000,0.000000,0.000000,0.000000,0.000000,0.000000,0.000000,1501
9,2,23,0.204035,0.879407,0.000000,0.000000,0.329683,3.593903,0.000000,0.000000,0.000000,0.000000,0.000000,0.000000,0.000000,0.000000,1735
9,2,23.5,0.211424,0.876016,0.000000,0.000000,0.373402,3.567306,0.000000,0.000000,0.000000,0.000000,0.000000,0.000000,0.000000,0.000000,1173
9,2,24,0.205357,0.873503,0.000000,0.000000,0.384921,3.534376,0.000000,0.000000,0.000000,0.000000,0.000000,0.000000,0.000000,0.000000,1008
9,2,24.5,0.262990,0.852499,0.000000,0.000000,0.476419,3.482058,0.000000,0.000000,0.000000,0.000000,0.000000,0.000000,0.000000,0.000000,1251
9,2,25,0.295798,0.823428,0.000000,0.000000,0.547899,3.350227,0.000000,0.000000,0.000000,0.000000,0.000000,0.000000,0.000000,0.000000,595
9,2,25.5,0.228931,0.878408,0.000000,0.000000,0.394969,3.592428,0.000000,0.000000,0.000000,0.000000,0.000000,0.000000,0.000000,0.000000,795
9,2,26,0.267677,0.846531,0.000000,0.000000,0.458586,3.470507,0.000000,0.000000,0.000000,0.000000,0.000000,0.000000,0.000000,0.000000,990
9,2,26.5,0.239930,0.875884,0.000000,0.000000,0.416813,3.588089,0.000000,0.000000,0.000000,0.000000,0.000000,0.000000,0.000000,0.000000,571
9,2,27,0.331230,0.820886,0.000000,0.000000,0.561514,3.407099,0.000000,0.000000,0.000000,0.000000,0.000000,0.000000,0.000000,0.000000,317
9,2,27.5,0.231959,0.865439,0.000000,0.000000,0.412371,3.527545,0.000000,0.000000,0.000000,0.000000,0.000000,0.000000,0.000000,0.000000,582
9,2,28,0.227642,0.885848,0.000000,0.000000,0.449864,3.559140,0.000000,0.000000,0.000000,0.000000,0.000000,0.000000,0.000000,0.000000,369
9,2,28.5,0.125402,0.913535,0.000000,0.000000,0.173633,3.686893,0.000000,0.000000,0.000000,0.000000,0.000000,0.000000,0.000000,0.000000,311
9,2,29,0.244156,0.839089,0.000000,0.000000,0.431169,3.440067,0.000000,0.000000,0.000000,0.000000,0.000000,0.000000,0.000000,0.000000,385
9,2,29.5,0.209205,0.859999,0.000000,0.000000,0.368201,3.479491,0.000000,0.000000,0.000000,0.000000,0.000000,0.000000,0.000000,0.000000,239
9,2,30,0.276699,0.879748,0.000000,0.000000,0.495146,3.580074,0.000000,0.000000,0.000000,0.000000,0.000000,0.000000,0.000000,0.000000,206
9,2,30.5,0.182292,0.899061,0.000000,0.000000,0.343750,3.611003,0.000000,0.000000,0.000000,0.000000,0.000000,0.000000,0.000000,0.000000,192
9,2,31,0.247863,0.836000,0.000000,0.000000,0.504274,3.386734,0.000000,0.000000,0.000000,0.000000,0.000000,0.000000,0.000000,0.000000,234
9,2,31.5,0.357724,0.766343,0.000000,0.000000,0.682927,3.110847,0.000000,0.000000,0.000000,0.000000,0.000000,0.000000,0.000000,0.000000,123
9,2,32,0.445312,0.715759,0.000000,0.000000,0.828125,2.970459,0.000000,0.000000,0.000000,0.000000,0.000000,0.000000,0.000000,0.000000,128
9,2,32.5,0.486842,0.697195,0.000000,0.000000,0.907895,2.938885,0.000000,0.000000,0.000000,0.000000,0.000000,0.000000,0.000000,0.000000,152
9,2,33,0.372549,0.763168,0.000000,0.000000,0.686275,3.176086,0.000000,0.000000,0.000000,0.000000,0.000000,0.000000,0.000000,0.000000,102
9,2,33.5,0.243243,0.832725,0.000000,0.000000,0.486486,3.330898,0.000000,0.000000,0.000000,0.000000,0.000000,0.000000,0.000000,0.000000,74
9,2,34,0.293478,0.837784,0.000000,0.000000,0.543478,3.400284,0.000000,0.000000,0.000000,0.000000,0.000000,0.000000,0.000000,0.000000,92
9,2,34.5,0.345455,0.807934,0.000000,0.000000,0.690909,3.231736,0.000000,0.000000,0.000000,0.000000,0.000000,0.000000,0.000000,0.000000,55
9,2,35,0.194444,0.934414,0.000000,0.000000,0.166667,3.861111,0.000000,0.000000,0.000000,0.000000,0.000000,0.000000,0.000000,0.000000,36
9,2,35.5,0.093750,0.897461,0.000000,0.000000,0.062500,3.621094,0.000000,0.000000,0.000000,0.000000,0.000000,0.000000,0.000000,0.000000,32
9,2,36,0.409836,0.799248,0.000000,0.000000,0.754098,3.300188,0.000000,0.000000,0.000000,0.000000,0.000000,0.000000,0.000000,0.000000,61
9,2,36.5,0.194444,0.878858,0.000000,0.000000,0.388889,3.515432,0.000000,0.000000,0.000000,0.000000,0.000000,0.000000,0.000000,0.000000,36
9,2,37,0.368421,0.759003,0.000000,0.000000,0.526316,3.301939,0.000000,0.000000,0.000000,0.000000,0.000000,0.000000,0.000000,0.000000,19
9,2,37.5,0.120000,0.905600,0.000000,0.000000,0.240000,3.622400,0.000000,0.000000,0.000000,0.000000,0.000000,0.000000,0.000000,0.000000,25
9,2,38,0.243243,0.832725,0.000000,0.000000,0.486486,3.330898,0.000000,0.000000,0.000000,0.000000,0.000000,0.000000,0.000000,0.000000,37
9,2,38.5,0.235294,0.885813,0.000000,0.000000,0.470588,3.543253,0.000000,0.000000,0.000000,0.000000,0.000000,0.000000,0.000000,0.000000,17
9,2,39,0.200000,0.960000,0.000000,0.000000,0.400000,3.840000,0.000000,0.000000,0.000000,0.000000,0.000000,0.000000,0.000000,0.000000,10
9,2,39.5,0.363636,0.776860,0.000000,0.000000,0.727273,3.107438,0.000000,0.000000,0.000000,0.000000,0.000000,0.000000,0.000000,0.000000,11
9,2,40,0.222222,0.839506,0.000000,0.000000,-0.444444,3.358025,0.000000,0.000000,0.000000,0.000000,0.000000,0.000000,0.000000,0.000000,9
9,2,40.5,0.727273,0.380165,0.000000,0.000000,1.454545,1.520661,0.000000,0.000000,0.000000,0.000000,0.000000,0.000000,0.000000,0.000000,11
9,2,41,0.333333,0.888889,0.000000,0.000000,0.000000,4.000000,0.000000,0.000000,0.000000,0.000000,0.000000,0.000000,0.000000,0.000000,6
9,2,41.5,0.428571,0.530612,0.000000,0.000000,0.857143,2.122449,0.000000,0.000000,0.000000,0.000000,0.000000,0.000000,0.000000,0.000000,7
9,2,42,0.000000,1.000000,0.000000,0.000000,0.000000,4.000000,0.000000,0.000000,0.000000,0.000000,0.000000,0.000000,0.000000,0.000000,6
9,2,42.5,0.375000,0.734375,0.000000,0.000000,0.750000,2.937500,0.000000,0.000000,0.000000,0.000000,0.000000,0.000000,0.000000,0.000000,8
9,2,43,0.571429,0.530612,0.000000,0.000000,1.142857,2.122449,0.000000,0.000000,0.000000,0.000000,0.000000,0.000000,0.000000,0.000000,7
9,2,43.5,-1.000000,0.000000,0.000000,0.000000,-2.000000,0.000000,0.000000,0.000000,0.000000,0.000000,0.000000,0.000000,0.000000,0.000000,1
9,2,44,-0.333333,0.888889,0.000000,0.000000,-0.666667,3.555556,0.000000,0.000000,0.000000,0.000000,0.000000,0.000000,0.000000,0.000000,3
9,2,44.5,1.000000,0.000000,0.000000,0.000000,2.000000,0.000000,0.000000,0.000000,0.000000,0.000000,0.000000,0.000000,0.000000,0.000000,1
9,2,45,-1.000000,0.000000,0.000000,0.000000,-2.000000,0.000000,0.000000,0.000000,0.000000,0.000000,0.000000,0.000000,0.000000,0.000000,2
9,2,45.5,1.000000,0.000000,0.000000,0.000000,2.000000,0.000000,0.000000,0.000000,0.000000,0.000000,0.000000,0.000000,0.000000,0.000000,2
9,2,46,1.000000,0.000000,0.000000,0.000000,2.000000,0.000000,0.000000,0.000000,0.000000,0.000000,0.000000,0.000000,0.000000,0.000000,1
9,2,47.5,0.000000,1.000000,0.000000,0.000000,0.000000,4.000000,0.000000,0.000000,0.000000,0.000000,0.000000,0.000000,0.000000,0.000000,2
9,2,49.5,1.000000,0.000000,0.000000,0.000000,2.000000,0.000000,0.000000,0.000000,0.000000,0.000000,0.000000,0.000000,0.000000,0.000000,1
9,2,55,1.000000,0.000000,0.000000,0.000000,2.000000,0.000000,0.000000,0.000000,0.000000,0.000000,0.000000,0.000000,0.000000,0.000000,1
9,7,-43,0.000000,0.000000,0.000000,0.000000,-2.000000,0.000000,0.000000,0.000000,0.000000,0.000000,0.000000,0.000000,0.000000,0.000000,1
9,7,-42.5,-1.000000,0.000000,0.000000,0.000000,-2.000000,0.000000,0.000000,0.000000,0.000000,0.000000,0.000000,0.000000,0.000000,0.000000,1
9,7,-42,1.000000,0.000000,0.000000,0.000000,2.000000,0.000000,0.000000,0.000000,0.000000,0.000000,0.000000,0.000000,0.000000,0.000000,1
9,7,-41.5,-0.500000,0.250000,0.000000,0.000000,1.000000,1.000000,0.000000,0.000000,0.000000,0.000000,0.000000,0.000000,0.000000,0.000000,2
9,7,-41,-1.000000,0.000000,0.000000,0.000000,2.000000,0.000000,0.000000,0.000000,0.000000,0.000000,0.000000,0.000000,0.000000,0.000000,1
9,7,-40.5,-1.000000,0.000000,0.000000,0.000000,0.000000,4.000000,0.000000,0.000000,0.000000,0.000000,0.000000,0.000000,0.000000,0.000000,2
9,7,-40,0.000000,0.000000,0.000000,0.000000,0.000000,0.000000,0.000000,0.000000,0.000000,0.000000,0.000000,0.000000,0.000000,0.000000,1
9,7,-39.5,1.000000,0.000000,0.000000,0.000000,0.000000,4.000000,0.000000,0.000000,0.000000,0.000000,0.000000,0.000000,0.000000,0.000000,2
9,7,-39,-0.100000,0.690000,0.000000,0.000000,0.200000,3.560000,0.000000,0.000000,0.000000,0.000000,0.000000,0.000000,0.000000,0.000000,10
9,7,-38.5,-0.500000,0.250000,0.000000,0.000000,-2.000000,0.000000,0.000000,0.000000,0.000000,0.000000,0.000000,0.000000,0.000000,0.000000,2
9,7,-38,-0.222222,0.839506,0.000000,0.000000,-2.000000,0.000000,0.000000,0.000000,0.000000,0.000000,0.000000,0.000000,0.000000,0.000000,9
9,7,-37.5,-0.466667,0.515556,0.000000,0.000000,-0.933333,2.595556,0.000000,0.000000,0.000000,0.000000,0.000000,0.000000,0.000000,0.000000,15
9,7,-37,-0.000000,1.000000,0.000000,0.000000,-0.666667,3.555556,0.000000,0.000000,0.000000,0.000000,0.000000,0.000000,0.000000,0.000000,6
9,7,-36.5,-0.000000,0.666667,0.000000,0.000000,-0.333333,3.222222,0.000000,0.000000,0.000000,0.000000,0.000000,0.000000,0.000000,0.000000,6
9,7,-36,0.000000,0.933333,0.000000,0.000000,-0.800000,3.093333,0.000000,0.000000,0.000000,0.000000,0.000000,0.000000,0.000000,0.000000,15
9,7,-35.5,-0.000000,0.800000,0.000000,0.000000,0.266667,3.128889,0.000000,0.000000,0.000000,0.000000,0.000000,0.000000,0.000000,0.000000,15
9,7,-35,-0.272727,0.925620,0.000000,0.000000,-0.545455,3.702479,0.000000,0.000000,0.000000,0.000000,0.000000,0.000000,0.000000,0.000000,11
9,7,-34.5,-0.047619,0.902494,0.000000,0.000000,-0.666667,3.555556,0.000000,0.000000,0.000000,0.000000,0.000000,0.000000,0.000000,0.000000,21
9,7,-34,-0.062500,0.933594,0.000000,0.000000,-0.312500,3.777344,0.000000,0.000000,0.000000,0.000000,0.000000,0.000000,0.000000,0.000000,32
9,7,-33.5,0.160000,0.854400,0.000000,0.000000,0.080000,3.673600,0.000000,0.000000,0.000000,0.000000,0.000000,0.000000,0.000000,0.000000,25
9,7,-33,0.083333,0.826389,0.000000,0.000000,-0.500000,3.416667,0.000000,0.000000,0.000000,0.000000,0.000000,0.000000,0.000000,0.000000,24
9,7,-32.5,0.041667,0.873264,0.000000,0.000000,-0.541667,3.289931,0.000000,0.000000,0.000000,0.000000,0.000000,0.000000,0.000000,0.000000,48
9,7,-32,0.027778,0.915895,0.000000,0.000000,-0.611111,3.515432,0.000000,0.000000,0.000000,0.000000,0.000000,0.000000,0.000000,0.000000,36
9,7,-31.5,-0.220000,0.811600,0.000000,0.000000,-0.720000,3.161600,0.000000,0.000000,0.000000,0.000000,0.000000,0.000000,0.000000,0.000000,50
9,7,-31,-0.027397,0.903359,0.000000,0.000000,-0.219178,3.677988,0.000000,0.000000,0.000000,0.000000,0.000000,0.000000,0.000000,0.000000,73
9,7,-30.5,-0.171429,0.884898,0.000000,0.000000,-0.228571,3.719184,0.000000,0.000000,0.000000,0.000000,0.000000,0.000000,0.000000,0.000000,70
9,7,-30,0.102941,0.857050,0.000000,0.000000,-0.441176,3.628893,0.000000,0.000000,0.000000,0.000000,0.000000,0.000000,0.000000,0.000000,68
9,7,-29.5,0.021739,0.890832,0.000000,0.000000,-0.478261,3.597353,0.000000,0.000000,0.000000,0.000000,0.000000,0.000000,0.000000,0.000000,92
9,7,-29,0.070423,0.882365,0.000000,0.000000,-0.352113,3.622496,0.000000,0.000000,0.000000,0.000000,0.000000,0.000000,0.000000,0.000000,142
9,7,-28.5,0.143939,0.820191,0.000000,0.000000,-0.424242,3.577594,0.000000,0.000000,0.000000,0.000000,0.000000,0.000000,0.000000,0.000000,132
9,7,-28,0.231405,0.888601,0.000000,0.000000,-0.396694,3.743460,0.000000,0.000000,0.000000,0.000000,0.000000,0.000000,0.000000,0.000000,121
9,7,-27.5,0.027237,0.866962,0.000000,0.000000,-0.311284,3.638511,0.000000,0.000000,0.000000,0.000000,0.000000,0.000000,0.000000,0.000000,257
9,7,-27,0.152542,0.858087,0.000000,0.000000,-0.271186,3.587475,0.000000,0.000000,0.000000,0.000000,0.000000,0.000000,0.000000,0.000000,118
9,7,-26.5,-0.035354,0.852285,0.000000,0.000000,-0.656566,3.265891,0.000000,0.000000,0.000000,0.000000,0.000000,0.000000,0.000000,0.000000,198
9,7,-26,0.051345,0.855554,0.000000,0.000000,-0.425428,3.584292,0.000000,0.000000,0.000000,0.000000,0.000000,0.000000,0.000000,0.000000,409
9,7,-25.5,0.134228,0.867889,0.000000,0.000000,-0.342282,3.627810,0.000000,0.000000,0.000000,0.000000,0.000000,0.000000,0.000000,0.000000,298
9,7,-25,0.159292,0.850732,0.000000,0.000000,-0.256637,3.704049,0.000000,0.000000,0.000000,0.000000,0.000000,0.000000,0.000000,0.000000,226
9,7,-24.5,0.063406,0.881849,0.000000,0.000000,-0.358696,3.632207,0.000000,0.000000,0.000000,0.000000,0.000000,0.000000,0.000000,0.000000,552
9,7,-24,0.146766,0.836669,0.000000,0.000000,-0.402985,3.529145,0.000000,0.000000,0.000000,0.000000,0.000000,0.000000,0.000000,0.000000,402
9,7,-23.5,0.116484,0.889728,0.000000,0.000000,-0.325275,3.674416,0.000000,0.000000,0.000000,0.000000,0.000000,0.000000,0.000000,0.000000,455
9,7,-23,0.091794,0.876136,0.000000,0.000000,-0.208623,3.700565,0.000000,0.000000,0.000000,0.000000,0.000000,0.000000,0.000000,0.000000,719
9,7,-22.5,0.055092,0.860070,0.000000,0.000000,-0.417362,3.518630,0.000000,0.000000,0.000000,0.000000,0.000000,0.000000,0.000000,0.000000,599
9,7,-22,0.075214,0.886651,0.000000,0.000000,-0.201709,3.672134,0.000000,0.000000,0.000000,0.000000,0.000000,0.000000,0.000000,0.000000,585
9,7,-21.5,0.101083,0.873055,0.000000,0.000000,-0.322503,3.640877,0.000000,0.000000,0.000000,0.000000,0.000000,0.000000,0.000000,0.000000,831
9,7,-21,0.072760,0.862497,0.000000,0.000000,-0.291038,3.585217,0.000000,0.000000,0.000000,0.000000,0.000000,0.000000,0.000000,0.000000,1127
9,7,-20.5,0.035510,0.886482,0.000000,0.000000,-0.284078,3.685623,0.000000,0.000000,0.000000,0.000000,0.000000,0.000000,0.000000,0.000000,873
9,7,-20,0.104851,0.879460,0.000000,0.000000,-0.333333,3.616588,0.000000,0.000000,0.000000,0.000000,0.000000,0.000000,0.000000,0.000000,1278
9,7,-19.5,0.100577,0.879699,0.000000,0.000000,-0.258808,3.694709,0.000000,0.000000,0.000000,0.000000,0.000000,0.000000,0.000000,0.000000,1561
9,7,-19,0.102163,0.878986,0.000000,0.000000,-0.206731,3.702455,0.000000,0.000000,0.000000,0.000000,0.000000,0.000000,0.000000,0.000000,1664
9,7,-18.5,0.083333,0.881327,0.000000,0.000000,-0.145679,3.707173,0.000000,0.000000,0.000000,0.000000,0.000000,0.000000,0.000000,0.000000,1620
9,7,-18,0.071956,0.881354,0.000000,0.000000,-0.265683,3.696940,0.000000,0.000000,0.000000,0.000000,0.000000,0.000000,0.000000,0.000000,2168
9,7,-17.5,0.080816,0.890612,0.000000,0.000000,-0.187755,3.703524,0.000000,0.000000,0.000000,0.000000,0.000000,0.000000,0.000000,0.000000,2450
9,7,-17,0.110505,0.881247,0.000000,0.000000,-0.135778,3.733794,0.000000,0.000000,0.000000,0.000000,0.000000,0.000000,0.000000,0.000000,2018
9,7,-16.5,0.070659,0.884644,0.000000,0.000000,-0.222073,3.694964,0.000000,0.000000,0.000000,0.000000,0.000000,0.000000,0.000000,0.000000,2972
9,7,-16,0.107999,0.876625,0.000000,0.000000,-0.182923,3.699243,0.000000,0.000000,0.000000,0.000000,0.000000,0.000000,0.000000,0.000000,2963
9,7,-15.5,0.074491,0.883966,0.000000,0.000000,-0.179030,3.693770,0.000000,0.000000,0.000000,0.000000,0.000000,0.000000,0.000000,0.000000,3195
9,7,-15,0.067742,0.893651,0.000000,0.000000,-0.188856,3.729729,0.000000,0.000000,0.000000,0.000000,0.000000,0.000000,0.000000,0.000000,3410
9,7,-14.5,0.116761,0.864804,0.000000,0.000000,-0.114361,3.714552,0.000000,0.000000,0.000000,0.000000,0.000000,0.000000,0.000000,0.000000,4582
9,7,-14,0.117635,0.881871,0.000000,0.000000,-0.119893,3.738448,0.000000,0.000000,0.000000,0.000000,0.000000,0.000000,0.000000,0.000000,4871
9,7,-13.5,0.101364,0.886088,0.000000,0.000000,-0.084881,3.748763,0.000000,0.000000,0.000000,0.000000,0.000000,0.000000,0.000000,0.000000,5278
9,7,-13,0.103117,0.880957,0.000000,0.000000,-0.151343,3.714402,0.000000,0.000000,0.000000,0.000000,0.000000,0.000000,0.000000,0.000000,5101
9,7,-12.5,0.083003,0.870072,0.000000,0.000000,-0.119666,3.688276,0.000000,0.000000,0.000000,0.000000,0.000000,0.000000,0.000000,0.000000,6819
9,7,-12,0.118871,0.878294,0.000000,0.000000,-0.087879,3.710735,0.000000,0.000000,0.000000,0.000000,0.000000,0.000000,0.000000,0.000000,7260
9,7,-11.5,0.105815,0.885484,0.000000,0.000000,-0.111804,3.726956,0.000000,0.000000,0.000000,0.000000,0.000000,0.000000,0.000000,0.000000,8014
9,7,-11,0.120093,0.875603,0.000000,0.000000,-0.070944,3.722755,0.000000,0.000000,0.000000,0.000000,0.000000,0.000000,0.000000,0.000000,8993
9,7,-10.5,0.118040,0.873647,0.000000,0.000000,-0.057482,3.707376,0.000000,0.000000,0.000000,0.000000,0.000000,0.000000,0.000000,0.000000,9429
9,7,-10,0.114343,0.881612,0.000000,0.000000,-0.046824,3.730608,0.000000,0.000000,0.000000,0.000000,0.000000,0.000000,0.000000,0.000000,12515
9,7,-9.5,0.135007,0.868972,0.000000,0.000000,-0.027990,3.710357,0.000000,0.000000,0.000000,0.000000,0.000000,0.000000,0.000000,0.000000,10718
9,7,-9,0.122782,0.877862,0.000000,0.000000,-0.065194,3.733526,0.000000,0.000000,0.000000,0.000000,0.000000,0.000000,0.000000,0.000000,13805
9,7,-8.5,0.129090,0.878131,0.000000,0.000000,-0.032307,3.732216,0.000000,0.000000,0.000000,0.000000,0.000000,0.000000,0.000000,0.000000,14486
9,7,-8,0.137921,0.871259,0.000000,0.000000,-0.045835,3.710777,0.000000,0.000000,0.000000,0.000000,0.000000,0.000000,0.000000,0.000000,16843
9,7,-7.5,0.141086,0.871518,0.000000,0.000000,-0.012507,3.723171,0.000000,0.000000,0.000000,0.000000,0.000000,0.000000,0.000000,0.000000,18549
9,7,-7,0.139328,0.871285,0.000000,0.000000,-0.005689,3.708354,0.000000,0.000000,0.000000,0.000000,0.000000,0.000000,0.000000,0.000000,18984
9,7,-6.5,0.151293,0.870594,0.000000,0.000000,0.000087,3.722492,0.000000,0.000000,0.000000,0.000000,0.000000,0.000000,0.000000,0.000000,23048
9,7,-6,0.139070,0.871794,0.000000,0.000000,-0.006637,3.722268,0.000000,0.000000,0.000000,0.000000,0.000000,0.000000,0.000000,0.000000,26519
9,7,-5.5,0.145173,0.875020,0.000000,0.000000,0.020059,3.730341,0.000000,0.000000,0.000000,0.000000,0.000000,0.000000,0.000000,0.000000,25225
9,7,-5,0.139187,0.873610,0.000000,0.000000,0.024037,3.714428,0.000000,0.000000,0.000000,0.000000,0.000000,0.000000,0.000000,0.000000,27790
9,7,-4.5,0.147581,0.874162,0.000000,0.000000,0.032048,3.725290,0.000000,0.000000,0.000000,0.000000,0.000000,0.000000,0.000000,0.000000,35384
9,7,-4,0.154283,0.869138,0.000000,0.000000,0.045204,3.712539,0.000000,0.000000,0.000000,0.000000,0.000000,0.000000,0.000000,0.000000,36634
9,7,-3.5,0.150834,0.871967,0.000000,0.000000,0.042850,3.722155,0.000000,0.000000,0.000000,0.000000,0.000000,0.000000,0.000000,0.000000,38506
9,7,-3,0.150633,0.873633,0.000000,0.000000,0.053834,3.726832,0.000000,0.000000,0.000000,0.000000,0.000000,0.000000,0.000000,0.000000,45362
9,7,-2.5,0.160001,0.870479,0.000000,0.000000,0.055348,3.713424,0.000000,0.000000,0.000000,0.000000,0.000000,0.000000,0.000000,0.000000,50481
9,7,-2,0.163854,0.870419,0.000000,0.000000,0.077085,3.717092,0.000000,0.000000,0.000000,0.000000,0.000000,0.000000,0.000000,0.000000,50490
9,7,-1.5,0.160247,0.867276,0.000000,0.000000,0.077004,3.704161,0.000000,0.000000,0.000000,0.000000,0.000000,0.000000,0.000000,0.000000,62516
9,7,-1,0.156741,0.869904,0.000000,0.000000,0.082250,3.708860,0.000000,0.000000,0.000000,0.000000,0.000000,0.000000,0.000000,0.000000,67404
9,7,-0.5,0.161898,0.867411,0.000000,0.000000,0.083682,3.702307,0.000000,0.000000,0.000000,0.000000,0.000000,0.000000,0.000000,0.000000,53225
9,7,0,0.172880,0.866751,0.000000,0.000000,0.111608,3.704015,0.000000,0.000000,0.000000,0.000000,0.000000,0.000000,0.000000,0.000000,120905
9,7,0.5,0.178407,0.864753,0.000000,0.000000,0.119929,3.697134,0.000000,0.000000,0.000000,0.000000,0.000000,0.000000,0.000000,0.000000,67290
9,7,1,0.179432,0.864575,0.000000,0.000000,0.127601,3.700656,0.000000,0.000000,0.000000,0.000000,0.000000,0.000000,0.000000,0.000000,92319
9,7,1.5,0.176158,0.866210,0.000000,0.000000,0.133518,3.695447,0.000000,0.000000,0.000000,0.000000,0.000000,0.000000,0.000000,0.000000,142003
9,7,2,0.181599,0.864207,0.000000,0.000000,0.134740,3.691518,0.000000,0.000000,0.000000,0.000000,0.000000,0.000000,0.000000,0.000000,145436
9,7,2.5,0.181923,0.864269,0.000000,0.000000,0.148959,3.689705,0.000000,0.000000,0.000000,0.000000,0.000000,0.000000,0.000000,0.000000,144308
9,7,3,0.183651,0.865229,0.000000,0.000000,0.164611,3.687470,0.000000,0.000000,0.000000,0.000000,0.000000,0.000000,0.000000,0.000000,89338
9,7,3.5,0.194121,0.856664,0.000000,0.000000,0.168706,3.668682,0.000000,0.000000,0.000000,0.000000,0.000000,0.000000,0.000000,0.000000,75587
9,7,4,0.193314,0.861490,0.000000,0.000000,0.173591,3.682293,0.000000,0.000000,0.000000,0.000000,0.000000,0.000000,0.000000,0.000000,75292
9,7,4.5,0.193538,0.860738,0.000000,0.000000,0.185243,3.671983,0.000000,0.000000,0.000000,0.000000,0.000000,0.000000,0.000000,0.000000,66421
9,7,5,0.194001,0.862004,0.000000,0.000000,0.185747,3.674838,0.000000,0.000000,0.000000,0.000000,0.000000,0.000000,0.000000,0.000000,58639
9,7,5.5,0.197548,0.859442,0.000000,0.000000,0.186476,3.674203,0.000000,0.000000,0.000000,0.000000,0.000000,0.000000,0.000000,0.000000,54731
9,7,6,0.203406,0.856545,0.000000,0.000000,0.219910,3.659106,0.000000,0.000000,0.000000,0.000000,0.000000,0.000000,0.000000,0.000000,52958
9,7,6.5,0.207195,0.855222,0.000000,0.000000,0.209907,3.666557,0.000000,0.000000,0.000000,0.000000,0.000000,0.000000,0.000000,0.000000,45725
9,7,7,0.209015,0.854265,0.000000,0.000000,0.218151,3.657460,0.000000,0.000000,0.000000,0.000000,0.000000,0.000000,0.000000,0.000000,39844
9,7,7.5,0.214314,0.851630,0.000000,0.000000,0.241096,3.645324,0.000000,0.000000,0.000000,0.000000,0.000000,0.000000,0.000000,0.000000,38159
9,7,8,0.221776,0.849394,0.000000,0.000000,0.252301,3.639362,0.000000,0.000000,0.000000,0.000000,0.000000,0.000000,0.000000,0.000000,34332
9,7,8.5,0.221941,0.848369,0.000000,0.000000,0.245299,3.637879,0.000000,0.000000,0.000000,0.000000,0.000000,0.000000,0.000000,0.000000,29197
9,7,9,0.226430,0.849610,0.000000,0.000000,0.264156,3.631775,0.000000,0.000000,0.000000,0.000000,0.000000,0.000000,0.000000,0.000000,28521
9,7,9.5,0.228700,0.847770,0.000000,0.000000,0.268723,3.629612,0.000000,0.000000,0.000000,0.000000,0.000000,0.000000,0.000000,0.000000,23087
9,7,10,0.234072,0.845046,0.000000,0.000000,0.299918,3.610706,0.000000,0.000000,0.000000,0.000000,0.000000,0.000000,0.000000,0.000000,24360
9,7,10.5,0.237430,0.843270,0.000000,0.000000,0.298458,3.616785,0.000000,0.000000,0.000000,0.000000,0.000000,0.000000,0.000000,0.000000,19909
9,7,11,0.223908,0.848274,0.000000,0.000000,0.287897,3.609670,0.000000,0.000000,0.000000,0.000000,0.000000,0.000000,0.000000,0.000000,18722
9,7,11.5,0.231097,0.847518,0.000000,0.000000,0.324824,3.596410,0.000000,0.000000,0.000000,0.000000,0.000000,0.000000,0.000000,0.000000,16452
9,7,12,0.237226,0.845023,0.000000,0.000000,0.332960,3.588485,0.000000,0.000000,0.000000,0.000000,0.000000,0.000000,0.000000,0.000000,15167
9,7,12.5,0.249424,0.838226,0.000000,0.000000,0.329891,3.590110,0.000000,0.000000,0.000000,0.000000,0.000000,0.000000,0.000000,0.000000,13459
9,7,13,0.234342,0.844664,0.000000,0.000000,0.314969,3.587197,0.000000,0.000000,0.000000,0.000000,0.000000,0.000000,0.000000,0.000000,11671
9,7,13.5,0.231770,0.848048,0.000000,0.000000,0.324300,3.607078,0.000000,0.000000,0.000000,0.000000,0.000000,0.000000,0.000000,0.000000,11218
9,7,14,0.244681,0.845580,0.000000,0.000000,0.358123,3.586602,0.000000,0.000000,0.000000,0.000000,0.000000,0.000000,0.000000,0.000000,10058
9,7,14.5,0.255315,0.834065,0.000000,0.000000,0.324124,3.583143,0.000000,0.000000,0.000000,0.000000,0.000000,0.000000,0.000000,0.000000,9737
9,7,15,0.262807,0.829434,0.000000,0.000000,0.366485,3.549067,0.000000,0.000000,0.000000,0.000000,0.000000,0.000000,0.000000,0.000000,7340
9,7,15.5,0.250758,0.845686,0.000000,0.000000,0.365160,3.586433,0.000000,0.000000,0.000000,0.000000,0.000000,0.000000,0.000000,0.000000,6923
9,7,16,0.285237,0.821809,0.000000,0.000000,0.383819,3.549450,0.000000,0.000000,0.000000,0.000000,0.000000,0.000000,0.000000,0.000000,6279
9,7,16.5,0.271802,0.833599,0.000000,0.000000,0.409906,3.550604,0.000000,0.000000,0.000000,0.000000,0.000000,0.000000,0.000000,0.000000,6582
9,7,17,0.266406,0.828176,0.000000,0.000000,0.399724,3.520626,0.000000,0.000000,0.000000,0.000000,0.000000,0.000000,0.000000,0.000000,4343
9,7,17.5,0.253050,0.842990,0.000000,0.000000,0.377449,3.566959,0.000000,0.000000,0.000000,0.000000,0.000000,0.000000,0.000000,0.000000,5410
9,7,18,0.289376,0.821758,0.000000,0.000000,0.449272,3.507040,0.000000,0.000000,0.000000,0.000000,0.000000,0.000000,0.000000,0.000000,4603
9,7,18.5,0.266873,0.830635,0.000000,0.000000,0.419010,3.512844,0.000000,0.000000,0.000000,0.000000,0.000000,0.000000,0.000000,0.000000,3556
9,7,19,0.285105,0.817237,0.000000,0.000000,0.403638,3.520987,0.000000,0.000000,0.000000,0.000000,0.000000,0.000000,0.000000,0.000000,3518
9,7,19.5,0.303478,0.818951,0.000000,0.000000,0.508464,3.454607,0.000000,0.000000,0.000000,0.000000,0.000000,0.000000,0.000000,0.000000,3249
9,7,20,0.292776,0.813902,0.000000,0.000000,0.425095,3.510549,0.000000,0.000000,0.000000,0.000000,0.000000,0.000000,0.000000,0.000000,2630
9,7,20.5,0.317140,0.803180,0.000000,0.000000,0.470211,3.472761,0.000000,0.000000,0.000000,0.000000,0.000000,0.000000,0.000000,0.000000,2182
9,7,21,0.284274,0.824430,0.000000,0.000000,0.432258,3.506701,0.000000,0.000000,0.000000,0.000000,0.000000,0.000000,0.000000,0.000000,2480
9,7,21.5,0.316180,0.797643,0.000000,0.000000,0.442440,3.468968,0.000000,0.000000,0.000000,0.000000,0.000000,0.000000,0.000000,0.000000,1885
9,7,22,0.289078,0.821601,0.000000,0.000000,0.472204,3.484021,0.000000,0.000000,0.000000,0.000000,0.000000,0.000000,0.000000,0.000000,1529
9,7,22.5,0.321502,0.814725,0.000000,0.000000,0.510580,3.474461,0.000000,0.000000,0.000000,0.000000,0.000000,0.000000,0.000000,0.000000,1465
9,7,23,0.266871,0.823872,0.000000,0.000000,0.457669,3.429803,0.000000,0.000000,0.000000,0.000000,0.000000,0.000000,0.000000,0.000000,1630
9,7,23.5,0.339075,0.791646,0.000000,0.000000,0.524025,3.428027,0.000000,0.000000,0.000000,0.000000,0.000000,0.000000,0.000000,0.000000,1103
9,7,24,0.365462,0.784108,0.000000,0.000000,0.606426,3.367188,0.000000,0.000000,0.000000,0.000000,0.000000,0.000000,0.000000,0.000000,996
9,7,24.5,0.312500,0.812600,0.000000,0.000000,0.419872,3.548067,0.000000,0.000000,0.000000,0.000000,0.000000,0.000000,0.000000,0.000000,1248
9,7,25,0.402827,0.767059,0.000000,0.000000,0.720848,3.240095,0.000000,0.000000,0.000000,0.000000,0.000000,0.000000,0.000000,0.000000,566
9,7,25.5,0.277851,0.837609,0.000000,0.000000,0.505898,3.471459,0.000000,0.000000,0.000000,0.000000,0.000000,0.000000,0.000000,0.000000,763
9,7,26,0.389061,0.755752,0.000000,0.000000,0.596491,3.338729,0.000000,0.000000,0.000000,0.000000,0.000000,0.000000,0.000000,0.000000,969
9,7,26.5,0.327402,0.789605,0.000000,0.000000,0.569395,3.291448,0.000000,0.000000,0.000000,0.000000,0.000000,0.000000,0.000000,0.000000,562
9,7,27,0.364985,0.759961,0.000000,0.000000,0.593472,3.279839,0.000000,0.000000,0.000000,0.000000,0.000000,0.000000,0.000000,0.000000,337
9,7,27.5,0.349515,0.774280,0.000000,0.000000,0.601942,3.275207,0.000000,0.000000,0.000000,0.000000,0.000000,0.000000,0.000000,0.000000,618
9,7,28,0.348624,0.759195,0.000000,0.000000,0.636086,3.240655,0.000000,0.000000,0.000000,0.000000,0.000000,0.000000,0.000000,0.000000,327
9,7,28.5,0.358896,0.794507,0.000000,0.000000,0.638037,3.322970,0.000000,0.000000,0.000000,0.000000,0.000000,0.000000,0.000000,0.000000,326
9,7,29,0.414508,0.734919,0.000000,0.000000,0.663212,3.228543,0.000000,0.000000,0.000000,0.000000,0.000000,0.000000,0.000000,0.000000,386
9,7,29.5,0.413223,0.754866,0.000000,0.000000,0.694215,3.253603,0.000000,0.000000,0.000000,0.000000,0.000000,0.000000,0.000000,0.000000,242
9,7,30,0.309859,0.777227,0.000000,0.000000,0.338028,3.566488,0.000000,0.000000,0.000000,0.000000,0.000000,0.000000,0.000000,0.000000,213
9,7,30.5,0.393617,0.781236,0.000000,0.000000,0.712766,3.257922,0.000000,0.000000,0.000000,0.000000,0.000000,0.000000,0.000000,0.000000,188
9,7,31,0.422886,0.701765,0.000000,0.000000,0.606965,3.233583,0.000000,0.000000,0.000000,0.000000,0.000000,0.000000,0.000000,0.000000,201
9,7,31.5,0.356436,0.744241,0.000000,0.000000,0.653465,3.097736,0.000000,0.000000,0.000000,0.000000,0.000000,0.000000,0.000000,0.000000,101
9,7,32,0.379032,0.719238,0.000000,0.000000,0.612903,3.172737,0.000000,0.000000,0.000000,0.000000,0.000000,0.000000,0.000000,0.000000,124
9,7,32.5,0.261745,0.850953,0.000000,0.000000,0.536913,3.523805,0.000000,0.000000,0.000000,0.000000,0.000000,0.000000,0.000000,0.000000,149
9,7,33,0.407407,0.784636,0.000000,0.000000,0.543210,3.556775,0.000000,0.000000,0.000000,0.000000,0.000000,0.000000,0.000000,0.000000,81
9,7,33.5,0.476923,0.649467,0.000000,0.000000,0.861538,2.950059,0.000000,0.000000,0.000000,0.000000,0.000000,0.000000,0.000000,0.000000,65
9,7,34,0.282353,0.884983,0.000000,0.000000,0.564706,3.539931,0.000000,0.000000,0.000000,0.000000,0.000000,0.000000,0.000000,0.000000,85
9,7,34.5,0.517857,0.642538,0.000000,0.000000,0.964286,2.713010,0.000000,0.000000,0.000000,0.000000,0.000000,0.000000,0.000000,0.000000,56
9,7,35,0.302326,0.815576,0.000000,0.000000,0.697674,3.141157,0.000000,0.000000,0.000000,0.000000,0.000000,0.000000,0.000000,0.000000,43
9,7,35.5,0.411765,0.712803,0.000000,0.000000,0.941176,2.643599,0.000000,0.000000,0.000000,0.000000,0.000000,0.000000,0.000000,0.000000,34
9,7,36,0.456140,0.739304,0.000000,0.000000,0.982456,2.824254,0.000000,0.000000,0.000000,0.000000,0.000000,0.000000,0.000000,0.000000,57
9,7,36.5,0.038462,0.806213,0.000000,0.000000,0.153846,3.360947,0.000000,0.000000,0.000000,0.000000,0.000000,0.000000,0.000000,0.000000,26
9,7,37,0.714286,0.489796,0.000000,0.000000,1.238095,2.467120,0.000000,0.000000,0.000000,0.000000,0.000000,0.000000,0.000000,0.000000,21
9,7,37.5,0.296296,0.875171,0.000000,0.000000,0.592593,3.500686,0.000000,0.000000,0.000000,0.000000,0.000000,0.000000,0.000000,0.000000,27
9,7,38,0.227273,0.902893,0.000000,0.000000,0.454545,3.611570,0.000000,0.000000,0.000000,0.000000,0.000000,0.000000,0.000000,0.000000,22
9,7,38.5,-0.000000,0.833333,0.000000,0.000000,0.666667,2.888889,0.000000,0.000000,0.000000,0.000000,0.000000,0.000000,0.000000,0.000000,12
9,7,39,0.238095,0.848073,0.000000,0.000000,0.761905,3.229025,0.000000,0.000000,0.000000,0.000000,0.000000,0.000000,0.000000,0.000000,21
9,7,39.5,0.416667,0.576389,0.000000,0.000000,-0.000000,3.333333,0.000000,0.000000,0.000000,0.000000,0.000000,0.000000,0.000000,0.000000,12
9,7,40,0.727273,0.380165,0.000000,0.000000,1.454545,1.520661,0.000000,0.000000,0.000000,0.000000,0.000000,0.000000,0.000000,0.000000,11
9,7,40.5,0.500000,0.650000,0.000000,0.000000,1.000000,2.600000,0.000000,0.000000,0.000000,0.000000,0.000000,0.000000,0.000000,0.000000,10
9,7,41,1.000000,0.000000,0.000000,0.000000,1.111111,2.765432,0.000000,0.000000,0.000000,0.000000,0.000000,0.000000,0.000000,0.000000,9
9,7,41.5,1.000000,0.000000,0.000000,0.000000,2.000000,0.000000,0.000000,0.000000,0.000000,0.000000,0.000000,0.000000,0.000000,0.000000,3
9,7,42,0.750000,0.187500,0.000000,0.000000,1.500000,0.750000,0.000000,0.000000,0.000000,0.000000,0.000000,0.000000,0.000000,0.000000,4
9,7,42.5,0.625000,0.484375,0.000000,0.000000,0.750000,2.937500,0.000000,0.000000,0.000000,0.000000,0.000000,0.000000,0.000000,0.000000,8
9,7,43,0.500000,0.250000,0.000000,0.000000,1.000000,1.000000,0.000000,0.000000,0.000000,0.000000,0.000000,0.000000,0.000000,0.000000,2
9,7,43.5,1.000000,0.000000,0.000000,0.000000,2.000000,0.000000,0.000000,0.000000,0.000000,0.000000,0.000000,0.000000,0.000000,0.000000,1
9,7,44,1.000000,0.000000,0.000000,0.000000,2.000000,0.000000,0.000000,0.000000,0.000000,0.000000,0.000000,0.000000,0.000000,0.000000,6
9,7,44.5,0.000000,0.666667,0.000000,0.000000,0.000000,2.666667,0.000000,0.000000,0.000000,0.000000,0.000000,0.000000,0.000000,0.000000,3
9,7,45.5,1.000000,0.000000,0.000000,0.000000,2.000000,0.000000,0.000000,0.000000,0.000000,0.000000,0.000000,0.000000,0.000000,0.000000,2
9,7,46,1.000000,0.000000,0.000000,0.000000,2.000000,0.000000,0.000000,0.000000,0.000000,0.000000,0.000000,0.000000,0.000000,0.000000,2
9,7,47,1.000000,0.000000,0.000000,0.000000,2.000000,0.000000,0.000000,0.000000,0.000000,0.000000,0.000000,0.000000,0.000000,0.000000,1
9,7,47.5,1.000000,0.000000,0.000000,0.000000,2.000000,0.000000,0.000000,0.000000,0.000000,0.000000,0.000000,0.000000,0.000000,0.000000,1
9,7,52,1.000000,0.000000,0.000000,0.000000,2.000000,0.000000,0.000000,0.000000,0.000000,0.000000,0.000000,0.000000,0.000000,0.000000,1
9,7,53.5,1.000000,0.000000,0.000000,0.000000,2.000000,0.000000,0.000000,0.000000,0.000000,0.000000,0.000000,0.000000,0.000000,0.000000,1
10,10,-55,1.000000,0.000000,0.000000,0.000000,-2.000000,0.000000,0.000000,0.000000,0.000000,0.000000,0.000000,0.000000,0.000000,0.000000,1
10,10,-49,-1.000000,0.000000,0.000000,0.000000,-2.000000,0.000000,0.000000,0.000000,0.000000,0.000000,0.000000,0.000000,0.000000,0.000000,1
10,10,-47.5,0.000000,0.000000,0.000000,0.000000,-2.000000,0.000000,0.000000,0.000000,0.000000,0.000000,0.000000,0.000000,0.000000,0.000000,1
10,10,-47,-1.000000,0.000000,0.000000,0.000000,-2.000000,0.000000,0.000000,0.000000,0.000000,0.000000,0.000000,0.000000,0.000000,0.000000,3
10,10,-46.5,-1.000000,0.000000,0.000000,0.000000,2.000000,0.000000,0.000000,0.000000,0.000000,0.000000,0.000000,0.000000,0.000000,0.000000,1
10,10,-46,1.000000,0.000000,0.000000,0.000000,-2.000000,0.000000,0.000000,0.000000,0.000000,0.000000,0.000000,0.000000,0.000000,0.000000,1
10,10,-45.5,-0.000000,1.000000,0.000000,0.000000,0.000000,4.000000,0.000000,0.000000,0.000000,0.000000,0.000000,0.000000,0.000000,0.000000,4
10,10,-45,0.000000,1.000000,0.000000,0.000000,2.000000,0.000000,0.000000,0.000000,0.000000,0.000000,0.000000,0.000000,0.000000,0.000000,2
10,10,-44.5,-1.000000,0.000000,0.000000,0.000000,-2.000000,0.000000,0.000000,0.000000,0.000000,0.000000,0.000000,0.000000,0.000000,0.000000,2
10,10,-44,0.400000,0.640000,0.000000,0.000000,-0.600000,3.240000,0.000000,0.000000,0.000000,0.000000,0.000000,0.000000,0.000000,0.000000,10
10,10,-43.5,0.000000,1.000000,0.000000,0.000000,0.000000,4.000000,0.000000,0.000000,0.000000,0.000000,0.000000,0.000000,0.000000,0.000000,2
10,10,-43,-0.142857,0.979592,0.000000,0.000000,-0.285714,3.918367,0.000000,0.000000,0.000000,0.000000,0.000000,0.000000,0.000000,0.000000,7
10,10,-42.5,0.000000,0.888889,0.000000,0.000000,-1.111111,2.765432,0.000000,0.000000,0.000000,0.000000,0.000000,0.000000,0.000000,0.000000,9
10,10,-42,0.400000,0.640000,0.000000,0.000000,-0.400000,3.840000,0.000000,0.000000,0.000000,0.000000,0.000000,0.000000,0.000000,0.000000,5
10,10,-41.5,-0.083333,0.743056,0.000000,0.000000,-0.833333,2.972222,0.000000,0.000000,0.000000,0.000000,0.000000,0.000000,0.000000,0.000000,12
10,10,-41,-0.285714,0.775510,0.000000,0.000000,-0.571429,3.102041,0.000000,0.000000,0.000000,0.000000,0.000000,0.000000,0.000000,0.000000,14
10,10,-40.5,0.260870,0.801512,0.000000,0.000000,-0.347826,3.705104,0.000000,0.000000,0.000000,0.000000,0.000000,0.000000,0.000000,0.000000,23
10,10,-40,-0.407407,0.759945,0.000000,0.000000,-0.444444,3.654321,0.000000,0.000000,0.000000,0.000000,0.000000,0.000000,0.000000,0.000000,27
10,10,-39.5,0.080000,0.873600,0.000000,0.000000,-0.240000,3.622400,0.000000,0.000000,0.000000,0.000000,0.000000,0.000000,0.000000,0.000000,25
10,10,-39,0.116279,0.893456,0.000000,0.000000,-0.232558,3.573824,0.000000,0.000000,0.000000,0.000000,0.000000,0.000000,0.000000,0.000000,43
10,10,-38.5,-0.103448,0.920333,0.000000,0.000000,-0.758621,3.424495,0.000000,0.000000,0.000000,0.000000,0.000000,0.000000,0.000000,0.000000,29
10,10,-38,0.071429,0.887755,0.000000,0.000000,-0.571429,3.530612,0.000000,0.000000,0.000000,0.000000,0.000000,0.000000,0.000000,0.000000,56
10,10,-37.5,0.203704,0.754801,0.000000,0.000000,-0.296296,3.615912,0.000000,0.000000,0.000000,0.000000,0.000000,0.000000,0.000000,0.000000,54
10,10,-37,-0.100000,0.890000,0.000000,0.000000,-0.850000,3.177500,0.000000,0.000000,0.000000,0.000000,0.000000,0.000000,0.000000,0.000000,40
10,10,-36.5,0.048387,0.787981,0.000000,0.000000,-0.483871,3.314256,0.000000,0.000000,0.000000,0.000000,0.000000,0.000000,0.000000,0.000000,62
10,10,-36,-0.038961,0.803677,0.000000,0.000000,-0.428571,3.478664,0.000000,0.000000,0.000000,0.000000,0.000000,0.000000,0.000000,0.000000,154
10,10,-35.5,0.196078,0.824298,0.000000,0.000000,0.039216,3.841599,0.000000,0.000000,0.000000,0.000000,0.000000,0.000000,0.000000,0.000000,51
10,10,-35,-0.023256,0.883180,0.000000,0.000000,-0.604651,3.355327,0.000000,0.000000,0.000000,0.000000,0.000000,0.000000,0.000000,0.000000,86
10,10,-34.5,0.046875,0.888428,0.000000,0.000000,-0.250000,3.687500,0.000000,0.000000,0.000000,0.000000,0.000000,0.000000,0.000000,0.000000,128
10,10,-34,0.123288,0.875211,0.000000,0.000000,-0.410959,3.575405,0.000000,0.000000,0.000000,0.000000,0.000000,0.000000,0.000000,0.000000,219
10,10,-33.5,-0.057325,0.894803,0.000000,0.000000,-0.420382,3.619457,0.000000,0.000000,0.000000,0.000000,0.000000,0.000000,0.000000,0.000000,157
10,10,-33,-0.063433,0.835529,0.000000,0.000000,-0.320896,3.464190,0.000000,0.000000,0.000000,0.000000,0.000000,0.000000,0.000000,0.000000,268
10,10,-32.5,-0.054286,0.857053,0.000000,0.000000,-0.582857,3.431706,0.000000,0.000000,0.000000,0.000000,0.000000,0.000000,0.000000,0.000000,350
10,10,-32,0.072289,0.886341,0.000000,0.000000,-0.514056,3.559039,0.000000,0.000000,0.000000,0.000000,0.000000,0.000000,0.000000,0.000000,249
10,10,-31.5,0.071661,0.874343,0.000000,0.000000,-0.162866,3.712888,0.000000,0.000000,0.000000,0.000000,0.000000,0.000000,0.000000,0.000000,307
10,10,-31,-0.001761,0.871476,0.000000,0.000000,-0.281690,3.638961,0.000000,0.000000,0.000000,0.000000,0.000000,0.000000,0.000000,0.000000,568
10,10,-30.5,-0.013453,0.865290,0.000000,0.000000,-0.269058,3.604738,0.000000,0.000000,0.000000,0.000000,0.000000,0.000000,0.000000,0.000000,446
10,10,-30,0.046610,0.883421,0.000000,0.000000,-0.343220,3.602539,0.000000,0.000000,0.000000,0.000000,0.000000,0.000000,0.000000,0.000000,472
10,10,-29.5,0.047101,0.860100,0.000000,0.000000,-0.268116,3.623766,0.000000,0.000000,0.000000,0.000000,0.000000,0.000000,0.000000,0.000000,552
10,10,-29,0.040123,0.882135,0.000000,0.000000,-0.253086,3.660227,0.000000,0.000000,0.000000,0.000000,0.000000,0.000000,0.000000,0.000000,972
10,10,-28.5,-0.006196,0.873568,0.000000,0.000000,-0.307311,3.613119,0.000000,0.000000,0.000000,0.000000,0.000000,0.000000,0.000000,0.000000,807
10,10,-28,0.048193,0.884424,0.000000,0.000000,-0.221687,3.632783,0.000000,0.000000,0.000000,0.000000,0.000000,0.000000,0.000000,0.000000,830
10,10,-27.5,0.046825,0.873369,0.000000,0.000000,-0.182168,3.666622,0.000000,0.000000,0.000000,0.000000,0.000000,0.000000,0.000000,0.000000,1559
10,10,-27,0.075544,0.868813,0.000000,0.000000,-0.233035,3.648640,0.000000,0.000000,0.000000,0.000000,0.000000,0.000000,0.000000,0.000000,781
10,10,-26.5,0.023793,0.862975,0.000000,0.000000,-0.270119,3.585538,0.000000,0.000000,0.000000,0.000000,0.000000,0.000000,0.000000,0.000000,1429
10,10,-26,0.042047,0.862968,0.000000,0.000000,-0.232447,3.619114,0.000000,0.000000,0.000000,0.000000,0.000000,0.000000,0.000000,0.000000,2521
10,10,-25.5,0.008475,0.880225,0.000000,0.000000,-0.292373,3.613671,0.000000,0.000000,0.000000,0.000000,0.000000,0.000000,0.000000,0.000000,1888
10,10,-25,-0.000697,0.855648,0.000000,0.000000,-0.209205,3.604769,0.000000,0.000000,0.000000,0.000000,0.000000,0.000000,0.000000,0.000000,1434
10,10,-24.5,0.045343,0.872331,0.000000,0.000000,-0.210172,3.623720,0.000000,0.000000,0.000000,0.000000,0.000000,0.000000,0.000000,0.000000,3264
10,10,-24,0.034364,0.871671,0.000000,0.000000,-0.210004,3.616838,0.000000,0.000000,0.000000,0.000000,0.000000,0.000000,0.000000,0.000000,2619
10,10,-23.5,-0.004921,0.872351,0.000000,0.000000,-0.261155,3.587966,0.000000,0.000000,0.000000,0.000000,0.000000,0.000000,0.000000,0.000000,3048
10,10,-23,0.010053,0.871272,0.000000,0.000000,-0.180489,3.620154,0.000000,0.000000,0.000000,0.000000,0.000000,0.000000,0.000000,0.000000,4377
10,10,-22.5,0.004485,0.877289,0.000000,0.000000,-0.179420,3.665962,0.000000,0.000000,0.000000,0.000000,0.000000,0.000000,0.000000,0.000000,3790
10,10,-22,0.034968,0.866189,0.000000,0.000000,-0.171442,3.621895,0.000000,0.000000,0.000000,0.000000,0.000000,0.000000,0.000000,0.000000,4118
10,10,-21.5,0.009171,0.862354,0.000000,0.000000,-0.223921,3.575385,0.000000,0.000000,0.000000,0.000000,0.000000,0.000000,0.000000,0.000000,5234
10,10,-21,0.030689,0.871396,0.000000,0.000000,-0.150785,3.647668,0.000000,0.000000,0.000000,0.000000,0.000000,0.000000,0.000000,0.000000,7136
10,10,-20.5,0.022195,0.861901,0.000000,0.000000,-0.174361,3.602411,0.000000,0.000000,0.000000,0.000000,0.000000,0.000000,0.000000,0.000000,5632
10,10,-20,0.022336,0.867908,0.000000,0.000000,-0.142626,3.621208,0.000000,0.000000,0.000000,0.000000,0.000000,0.000000,0.000000,0.000000,7432
10,10,-19.5,0.038474,0.867730,0.000000,0.000000,-0.125559,3.625434,0.000000,0.000000,0.000000,0.000000,0.000000,0.000000,0.000000,0.000000,9175
10,10,-19,0.033982,0.866770,0.000000,0.000000,-0.145214,3.610643,0.000000,0.000000,0.000000,0.000000,0.000000,0.000000,0.000000,0.000000,10123
10,10,-18.5,0.024970,0.873717,0.000000,0.000000,-0.121600,3.636452,0.000000,0.000000,0.000000,0.000000,0.000000,0.000000,0.000000,0.000000,9852
10,10,-18,0.023626,0.864721,0.000000,0.000000,-0.125611,3.607389,0.000000,0.000000,0.000000,0.000000,0.000000,0.000000,0.000000,0.000000,13502
10,10,-17.5,0.020966,0.866843,0.000000,0.000000,-0.132333,3.593439,0.000000,0.000000,0.000000,0.000000,0.000000,0.000000,0.000000,0.000000,15597
10,10,-17,0.032842,0.865471,0.000000,0.000000,-0.109361,3.602277,0.000000,0.000000,0.000000,0.000000,0.000000,0.000000,0.000000,0.000000,11997
10,10,-16.5,0.030329,0.866348,0.000000,0.000000,-0.141972,3.603281,0.000000,0.000000,0.000000,0.000000,0.000000,0.000000,0.000000,0.000000,18398
10,10,-16,0.032506,0.864970,0.000000,0.000000,-0.142212,3.594223,0.000000,0.000000,0.000000,0.000000,0.000000,0.000000,0.000000,0.000000,17720
10,10,-15.5,0.018125,0.864495,0.000000,0.000000,-0.097449,3.602336,0.000000,0.000000,0.000000,0.000000,0.000000,0.000000,0.000000,0.000000,19641
10,10,-15,0.024744,0.865522,0.000000,0.000000,-0.129128,3.587614,0.000000,0.000000,0.000000,0.000000,0.000000,0.000000,0.000000,0.000000,20894
10,10,-14.5,0.020841,0.864862,0.000000,0.000000,-0.100771,3.585627,0.000000,0.000000,0.000000,0.000000,0.000000,0.000000,0.000000,0.000000,28262
10,10,-14,0.025787,0.862529,0.000000,0.000000,-0.106669,3.585832,0.000000,0.000000,0.000000,0.000000,0.000000,0.000000,0.000000,0.000000,28968
10,10,-13.5,0.020748,0.860133,0.000000,0.000000,-0.105557,3.566255,0.000000,0.000000,0.000000,0.000000,0.000000,0.000000,0.000000,0.000000,31907
10,10,-13,0.024116,0.858478,0.000000,0.000000,-0.099277,3.566760,0.000000,0.000000,0.000000,0.000000,0.000000,0.000000,0.000000,0.000000,31971
10,10,-12.5,0.021601,0.859617,0.000000,0.000000,-0.089242,3.571452,0.000000,0.000000,0.000000,0.000000,0.000000,0.000000,0.000000,0.000000,39488
10,10,-12,0.029120,0.858109,0.000000,0.000000,-0.060539,3.558944,0.000000,0.000000,0.000000,0.000000,0.000000,0.000000,0.000000,0.000000,43476
10,10,-11.5,0.023501,0.855762,0.000000,0.000000,-0.087092,3.557544,0.000000,0.000000,0.000000,0.000000,0.000000,0.000000,0.000000,0.000000,47444
10,10,-11,0.023589,0.853808,0.000000,0.000000,-0.069419,3.551106,0.000000,0.000000,0.000000,0.000000,0.000000,0.000000,0.000000,0.000000,54135
10,10,-10.5,0.028765,0.857607,0.000000,0.000000,-0.065184,3.557865,0.000000,0.000000,0.000000,0.000000,0.000000,0.000000,0.000000,0.000000,56179
10,10,-10,0.023646,0.857712,0.000000,0.000000,-0.062466,3.557008,0.000000,0.000000,0.000000,0.000000,0.000000,0.000000,0.000000,0.000000,73288
10,10,-9.5,0.018248,0.853090,0.000000,0.000000,-0.067912,3.539481,0.000000,0.000000,0.000000,0.000000,0.000000,0.000000,0.000000,0.000000,64171
10,10,-9,0.024364,0.852826,0.000000,0.000000,-0.064331,3.535982,0.000000,0.000000,0.000000,0.000000,0.000000,0.000000,0.000000,0.000000,81143
10,10,-8.5,0.026570,0.851669,0.000000,0.000000,-0.056006,3.536648,0.000000,0.000000,0.000000,0.000000,0.000000,0.000000,0.000000,0.000000,85812
10,10,-8,0.025805,0.852279,0.000000,0.000000,-0.051147,3.533743,0.000000,0.000000,0.000000,0.000000,0.000000,0.000000,0.000000,0.000000,99439
10,10,-7.5,0.029512,0.850120,0.000000,0.000000,-0.042022,3.527283,0.000000,0.000000,0.000000,0.000000,0.000000,0.000000,0.000000,0.000000,110228
10,10,-7,0.028443,0.849695,0.000000,0.000000,-0.030124,3.527108,0.000000,0.000000,0.000000,0.000000,0.000000,0.000000,0.000000,0.000000,114792
10,10,-6.5,0.026827,0.848548,0.000000,0.000000,-0.031639,3.514092,0.000000,0.000000,0.000000,0.000000,0.000000,0.000000,0.000000,0.000000,133634
10,10,-6,0.024144,0.847447,0.000000,0.000000,-0.039720,3.513222,0.000000,0.000000,0.000000,0.000000,0.000000,0.000000,0.000000,0.000000,155235
10,10,-5.5,0.026644,0.847714,0.000000,0.000000,-0.032543,3.511403,0.000000,0.000000,0.000000,0.000000,0.000000,0.000000,0.000000,0.000000,152907
10,10,-5,0.028120,0.843759,0.000000,0.000000,-0.030323,3.496510,0.000000,0.000000,0.000000,0.000000,0.000000,0.000000,0.000000,0.000000,162978
10,10,-4.5,0.026461,0.844692,0.000000,0.000000,-0.026707,3.496051,0.000000,0.000000,0.000000,0.000000,0.000000,0.000000,0.000000,0.000000,210804
10,10,-4,0.025498,0.842109,0.000000,0.000000,-0.021597,3.485859,0.000000,0.000000,0.000000,0.000000,0.000000,0.000000,0.000000,0.000000,219937
10,10,-3.5,0.026742,0.840940,0.000000,0.000000,-0.017942,3.481854,0.000000,0.000000,0.000000,0.000000,0.000000,0.000000,0.000000,0.000000,233863
10,10,-3,0.025472,0.842308,0.000000,0.000000,-0.020323,3.485274,0.000000,0.000000,0.000000,0.000000,0.000000,0.000000,0.000000,0.000000,272301
10,10,-2.5,0.027608,0.837901,0.000000,0.000000,-0.007932,3.466306,0.000000,0.000000,0.000000,0.000000,0.000000,0.000000,0.000000,0.000000,289196
10,10,-2,0.028614,0.837717,0.000000,0.000000,-0.009201,3.466574,0.000000,0.000000,0.000000,0.000000,0.000000,0.000000,0.000000,0.000000,307578
10,10,-1.5,0.027519,0.837267,0.000000,0.000000,-0.011424,3.461670,0.000000,0.000000,0.000000,0.000000,0.000000,0.000000,0.000000,0.000000,355571
10,10,-1,0.027431,0.836943,0.000000,0.000000,-0.008491,3.458518,0.000000,0.000000,0.000000,0.000000,0.000000,0.000000,0.000000,0.000000,361087
10,10,-0.5,0.027651,0.832962,0.000000,0.000000,-0.003019,3.442282,0.000000,0.000000,0.000000,0.000000,0.000000,0.000000,0.000000,0.000000,502226
10,10,0,0.026786,0.833740,0.000000,0.000000,0.001902,3.443452,0.000000,0.000000,0.000000,0.000000,0.000000,0.000000,0.000000,0.000000,770727
10,10,0.5,0.025508,0.831791,0.000000,0.000000,0.001321,3.432548,0.000000,0.000000,0.000000,0.000000,0.000000,0.000000,0.000000,0.000000,292304
10,10,1,0.030413,0.838144,0.000000,0.000000,0.007283,3.437636,0.000000,0.000000,0.000000,0.000000,0.000000,0.000000,0.000000,0.000000,657451
10,10,1.5,0.029889,0.835920,0.000000,0.000000,0.014493,3.424889,0.000000,0.000000,0.000000,0.000000,0.000000,0.000000,0.000000,0.000000,348853
10,10,2,0.030580,0.833543,0.000000,0.000000,0.014487,3.416981,0.000000,0.000000,0.000000,0.000000,0.000000,0.000000,0.000000,0.000000,299707
10,10,2.5,0.031203,0.833264,0.000000,0.000000,0.016414,3.414345,0.000000,0.000000,0.000000,0.000000,0.000000,0.000000,0.000000,0.000000,295484
10,10,3,0.032597,0.832290,0.000000,0.000000,0.021901,3.407181,0.000000,0.000000,0.000000,0.000000,0.000000,0.000000,0.000000,0.000000,282723
10,10,3.5,0.032685,0.833718,0.000000,0.000000,0.021992,3.403559,0.000000,0.000000,0.000000,0.000000,0.000000,0.000000,0.000000,0.000000,227996
10,10,4,0.031384,0.834581,0.000000,0.000000,0.024996,3.395021,0.000000,0.000000,0.000000,0.000000,0.000000,0.000000,0.000000,0.000000,229958
10,10,4.5,0.033094,0.832161,0.000000,0.000000,0.027891,3.386852,0.000000,0.000000,0.000000,0.000000,0.000000,0.000000,0.000000,0.000000,207378
10,10,5,0.038994,0.832811,0.000000,0.000000,0.034526,3.390575,0.000000,0.000000,0.000000,0.000000,0.000000,0.000000,0.000000,0.000000,176564
10,10,5.5,0.034466,0.831499,0.000000,0.000000,0.035218,3.381689,0.000000,0.000000,0.000000,0.000000,0.000000,0.000000,0.000000,0.000000,156909
10,10,6,0.038078,0.828838,0.000000,0.000000,0.044931,3.368493,0.000000,0.000000,0.000000,0.000000,0.000000,0.000000,0.000000,0.000000,158910
10,10,6.5,0.034732,0.828674,0.000000,0.000000,0.033310,3.369745,0.000000,0.000000,0.000000,0.000000,0.000000,0.000000,0.000000,0.000000,135034
10,10,7,0.035324,0.826245,0.000000,0.000000,0.038657,3.359918,0.000000,0.000000,0.000000,0.000000,0.000000,0.000000,0.000000,0.000000,116720
10,10,7.5,0.040862,0.825587,0.000000,0.000000,0.051693,3.355189,0.000000,0.000000,0.000000,0.000000,0.000000,0.000000,0.000000,0.000000,113284
10,10,8,0.038101,0.822615,0.000000,0.000000,0.041420,3.344554,0.000000,0.000000,0.000000,0.000000,0.000000,0.000000,0.000000,0.000000,101834
10,10,8.5,0.039415,0.818163,0.000000,0.000000,0.050744,3.327424,0.000000,0.000000,0.000000,0.000000,0.000000,0.000000,0.000000,0.000000,87379
10,10,9,0.045274,0.819204,0.000000,0.000000,0.063519,3.328266,0.000000,0.000000,0.000000,0.000000,0.000000,0.000000,0.000000,0.000000,83912
10,10,9.5,0.040522,0.819717,0.000000,0.000000,0.058462,3.331524,0.000000,0.000000,0.000000,0.000000,0.000000,0.000000,0.000000,0.000000,66334
10,10,10,0.037776,0.815687,0.000000,0.000000,0.055514,3.313882,0.000000,0.000000,0.000000,0.000000,0.000000,0.000000,0.000000,0.000000,73062
10,10,10.5,0.040672,0.815081,0.000000,0.000000,0.054710,3.312962,0.000000,0.000000,0.000000,0.000000,0.000000,0.000000,0.000000,0.000000,58271
10,10,11,0.042779,0.813718,0.000000,0.000000,0.064772,3.306001,0.000000,0.000000,0.000000,0.000000,0.000000,0.000000,0.000000,0.000000,54746
10,10,11.5,0.046406,0.811766,0.000000,0.000000,0.060517,3.295824,0.000000,0.000000,0.000000,0.000000,0.000000,0.000000,0.000000,0.000000,48119
10,10,12,0.042610,0.809956,0.000000,0.000000,0.056301,3.291076,0.000000,0.000000,0.000000,0.000000,0.000000,0.000000,0.000000,0.000000,44191
10,10,12.5,0.042733,0.807617,0.000000,0.000000,0.058323,3.278300,0.000000,0.000000,0.000000,0.000000,0.000000,0.000000,0.000000,0.000000,40156
10,10,13,0.037837,0.808398,0.000000,0.000000,0.051515,3.282771,0.000000,0.000000,0.000000,0.000000,0.000000,0.000000,0.000000,0.000000,32534
10,10,13.5,0.043355,0.805783,0.000000,0.000000,0.068919,3.268044,0.000000,0.000000,0.000000,0.000000,0.000000,0.000000,0.000000,0.000000,32937
10,10,14,0.048269,0.803108,0.000000,0.000000,0.074244,3.262179,0.000000,0.000000,0.000000,0.000000,0.000000,0.000000,0.000000,0.000000,29605
10,10,14.5,0.040190,0.799598,0.000000,0.000000,0.066475,3.241014,0.000000,0.000000,0.000000,0.000000,0.000000,0.000000,0.000000,0.000000,28191
10,10,15,0.050026,0.798055,0.000000,0.000000,0.073220,3.234660,0.000000,0.000000,0.000000,0.000000,0.000000,0.000000,0.000000,0.000000,21169
10,10,15.5,0.046038,0.795104,0.000000,0.000000,0.062715,3.228104,0.000000,0.000000,0.000000,0.000000,0.000000,0.000000,0.000000,0.000000,20027
10,10,16,0.057900,0.788536,0.000000,0.000000,0.089238,3.201740,0.000000,0.000000,0.000000,0.000000,0.000000,0.000000,0.000000,0.000000,18221
10,10,16.5,0.057659,0.788503,0.000000,0.000000,0.096277,3.199973,0.000000,0.000000,0.000000,0.000000,0.000000,0.000000,0.000000,0.000000,18696
10,10,17,0.052335,0.795200,0.000000,0.000000,0.090768,3.224405,0.000000,0.000000,0.000000,0.000000,0.000000,0.000000,0.000000,0.000000,12229
10,10,17.5,0.049129,0.792484,0.000000,0.000000,0.082849,3.208089,0.000000,0.000000,0.000000,0.000000,0.000000,0.000000,0.000000,0.000000,15836
10,10,18,0.042313,0.791720,0.000000,0.000000,0.064327,3.212215,0.000000,0.000000,0.000000,0.000000,0.000000,0.000000,0.000000,0.000000,13991
10,10,18.5,0.053839,0.783002,0.000000,0.000000,0.094316,3.179252,0.000000,0.000000,0.000000,0.000000,0.000000,0.000000,0.000000,0.000000,10327
10,10,19,0.047796,0.785224,0.000000,0.000000,0.072525,3.185435,0.000000,0.000000,0.000000,0.000000,0.000000,0.000000,0.000000,0.000000,10231
10,10,19.5,0.052954,0.777769,0.000000,0.000000,0.079696,3.152300,0.000000,0.000000,0.000000,0.000000,0.000000,0.000000,0.000000,0.000000,9461
10,10,20,0.064868,0.777058,0.000000,0.000000,0.119875,3.148059,0.000000,0.000000,0.000000,0.000000,0.000000,0.000000,0.000000,0.000000,7708
10,10,20.5,0.073610,0.775467,0.000000,0.000000,0.146534,3.137759,0.000000,0.000000,0.000000,0.000000,0.000000,0.000000,0.000000,0.000000,5828
10,10,21,0.052430,0.776033,0.000000,0.000000,0.090897,3.143552,0.000000,0.000000,0.000000,0.000000,0.000000,0.000000,0.000000,0.000000,7305
10,10,21.5,0.065688,0.766327,0.000000,0.000000,0.121468,3.096438,0.000000,0.000000,0.000000,0.000000,0.000000,0.000000,0.000000,0.000000,5450
10,10,22,0.038719,0.779094,0.000000,0.000000,0.078872,3.149611,0.000000,0.000000,0.000000,0.000000,0.000000,0.000000,0.000000,0.000000,4184
10,10,22.5,0.061036,0.774301,0.000000,0.000000,0.122571,3.125983,0.000000,0.000000,0.000000,0.000000,0.000000,0.000000,0.000000,0.000000,4014
10,10,23,0.056796,0.769807,0.000000,0.000000,0.110557,3.110257,0.000000,0.000000,0.000000,0.000000,0.000000,0.000000,0.000000,0.000000,4613
10,10,23.5,0.043831,0.767235,0.000000,0.000000,0.071429,3.103989,0.000000,0.000000,0.000000,0.000000,0.000000,0.000000,0.000000,0.000000,3080
10,10,24,0.056138,0.786519,0.000000,0.000000,0.081587,3.180469,0.000000,0.000000,0.000000,0.000000,0.000000,0.000000,0.000000,0.000000,2672
10,10,24.5,0.046158,0.761918,0.000000,0.000000,0.103211,3.071916,0.000000,0.000000,0.000000,0.000000,0.000000,0.000000,0.000000,0.000000,3488
10,10,25,0.048764,0.751056,0.000000,0.000000,0.118132,3.030001,0.000000,0.000000,0.000000,0.000000,0.000000,0.000000,0.000000,0.000000,1456
10,10,25.5,0.018156,0.751701,0.000000,0.000000,0.022934,3.019063,0.000000,0.000000,0.000000,0.000000,0.000000,0.000000,0.000000,0.000000,2093
10,10,26,0.039443,0.753278,0.000000,0.000000,0.048724,3.058724,0.000000,0.000000,0.000000,0.000000,0.000000,0.000000,0.000000,0.000000,2586
10,10,26.5,0.042040,0.766668,0.000000,0.000000,0.053756,3.103933,0.000000,0.000000,0.000000,0.000000,0.000000,0.000000,0.000000,0.000000,1451
10,10,27,0.052632,0.750090,0.000000,0.000000,0.116705,3.039012,0.000000,0.000000,0.000000,0.000000,0.000000,0.000000,0.000000,0.000000,874
10,10,27.5,0.072455,0.772595,0.000000,0.000000,0.117365,3.119160,0.000000,0.000000,0.000000,0.000000,0.000000,0.000000,0.000000,0.000000,1670
10,10,28,0.065068,0.734351,0.000000,0.000000,0.155251,2.953066,0.000000,0.000000,0.000000,0.000000,0.000000,0.000000,0.000000,0.000000,876
10,10,28.5,0.017677,0.744637,0.000000,0.000000,0.073232,2.989587,0.000000,0.000000,0.000000,0.000000,0.000000,0.000000,0.000000,0.000000,792
10,10,29,0.085907,0.738759,0.000000,0.000000,0.135135,2.993322,0.000000,0.000000,0.000000,0.000000,0.000000,0.000000,0.000000,0.000000,1036
10,10,29.5,0.071295,0.734129,0.000000,0.000000,0.090056,2.963747,0.000000,0.000000,0.000000,0.000000,0.000000,0.000000,0.000000,0.000000,533
10,10,30,0.016701,0.742936,0.000000,0.000000,0.083507,2.982588,0.000000,0.000000,0.000000,0.000000,0.000000,0.000000,0.000000,0.000000,479
10,10,30.5,0.073996,0.702770,0.000000,0.000000,0.135307,2.856956,0.000000,0.000000,0.000000,0.000000,0.000000,0.000000,0.000000,0.000000,473
10,10,31,0.032534,0.730106,0.000000,0.000000,0.006849,2.972556,0.000000,0.000000,0.000000,0.000000,0.000000,0.000000,0.000000,0.000000,584
10,10,31.5,0.126280,0.724668,0.000000,0.000000,0.238908,2.959988,0.000000,0.000000,0.000000,0.000000,0.000000,0.000000,0.000000,0.000000,293
10,10,32,0.085246,0.694372,0.000000,0.000000,0.190164,2.783510,0.000000,0.000000,0.000000,0.000000,0.000000,0.000000,0.000000,0.000000,305
10,10,32.5,0.087719,0.751704,0.000000,0.000000,0.190476,3.031388,0.000000,0.000000,0.000000,0.000000,0.000000,0.000000,0.000000,0.000000,399
10,10,33,-0.011494,0.731669,0.000000,0.000000,-0.007663,2.957796,0.000000,0.000000,0.000000,0.000000,0.000000,0.000000,0.000000,0.000000,261
10,10,33.5,0.128492,0.659468,0.000000,0.000000,0.156425,2.746481,0.000000,0.000000,0.000000,0.000000,0.000000,0.000000,0.000000,0.000000,179
10,10,34,0.007752,0.666607,0.000000,0.000000,-0.007752,2.744126,0.000000,0.000000,0.000000,0.000000,0.000000,0.000000,0.000000,0.000000,258
10,10,34.5,0.051095,0.647024,0.000000,0.000000,-0.014599,2.715115,0.000000,0.000000,0.000000,0.000000,0.000000,0.000000,0.000000,0.000000,137
10,10,35,-0.009901,0.762278,0.000000,0.000000,0.138614,3.030291,0.000000,0.000000,0.000000,0.000000,0.000000,0.000000,0.000000,0.000000,101
10,10,35.5,0.051724,0.635256,0.000000,0.000000,0.241379,2.493460,0.000000,0.000000,0.000000,0.000000,0.000000,0.000000,0.000000,0.000000,58
10,10,36,0.027972,0.698518,0.000000,0.000000,0.111888,2.784684,0.000000,0.000000,0.000000,0.000000,0.000000,0.000000,0.000000,0.000000,143
10,10,36.5,-0.183333,0.683056,0.000000,0.000000,-0.366667,2.732222,0.000000,0.000000,0.000000,0.000000,0.000000,0.000000,0.000000,0.000000,60
10,10,37,-0.000000,0.608696,0.000000,0.000000,-0.043478,2.519849,0.000000,0.000000,0.000000,0.000000,0.000000,0.000000,0.000000,0.000000,46
10,10,37.5,-0.039474,0.695810,0.000000,0.000000,-0.026316,2.788781,0.000000,0.000000,0.000000,0.000000,0.000000,0.000000,0.000000,0.000000,76
10,10,38,0.054054,0.645727,0.000000,0.000000,0.108108,2.582907,0.000000,0.000000,0.000000,0.000000,0.000000,0.000000,0.000000,0.000000,74
10,10,38.5,0.133333,0.715556,0.000000,0.000000,0.400000,2.773333,0.000000,0.000000,0.000000,0.000000,0.000000,0.000000,0.000000,0.000000,30
10,10,39,-0.027778,0.749228,0.000000,0.000000,-0.055556,2.996914,0.000000,0.000000,0.000000,0.000000,0.000000,0.000000,0.000000,0.000000,36
10,10,39.5,-0.153846,0.668639,0.000000,0.000000,-0.538462,2.633136,0.000000,0.000000,0.000000,0.000000,0.000000,0.000000,0.000000,0.000000,26
10,10,40,0.000000,0.782609,0.000000,0.000000,0.347826,3.009452,0.000000,0.000000,0.000000,0.000000,0.000000,0.000000,0.000000,0.000000,23
10,10,40.5,0.250000,0.687500,0.000000,0.000000,0.500000,2.750000,0.000000,0.000000,0.000000,0.000000,0.000000,0.000000,0.000000,0.000000,12
10,10,41,0.045455,0.679752,0.000000,0.000000,0.272727,2.652893,0.000000,0.000000,0.000000,0.000000,0.000000,0.000000,0.000000,0.000000,22
10,10,41.5,-0.368421,0.653740,0.000000,0.000000,-0.526316,2.880886,0.000000,0.000000,0.000000,0.000000,0.000000,0.000000,0.000000,0.000000,19
10,10,42,0.000000,0.571429,0.000000,0.000000,0.000000,2.285714,0.000000,0.000000,0.000000,0.000000,0.000000,0.000000,0.000000,0.000000,7
10,10,42.5,0.214286,0.596939,0.000000,0.000000,0.428571,2.387755,0.000000,0.000000,0.000000,0.000000,0.000000,0.000000,0.000000,0.000000,14
10,10,43,0.333333,0.888889,0.000000,0.000000,0.666667,3.555556,0.000000,0.000000,0.000000,0.000000,0.000000,0.000000,0.000000,0.000000,3
10,10,43.5,-0.500000,0.250000,0.000000,0.000000,-1.000000,1.000000,0.000000,0.000000,0.000000,0.000000,0.000000,0.000000,0.000000,0.000000,2
10,10,44,0.333333,0.444444,0.000000,0.000000,0.222222,2.172840,0.000000,0.000000,0.000000,0.000000,0.000000,0.000000,0.000000,0.000000,9
10,10,44.5,0.000000,1.000000,0.000000,0.000000,0.000000,4.000000,0.000000,0.000000,0.000000,0.000000,0.000000,0.000000,0.000000,0.000000,2
10,10,45.5,-0.142857,0.408163,0.000000,0.000000,-0.571429,1.959184,0.000000,0.000000,0.000000,0.000000,0.000000,0.000000,0.000000,0.000000,7
10,10,46,-0.000000,0.500000,0.000000,0.000000,-0.000000,2.000000,0.000000,0.000000,0.000000,0.000000,0.000000,0.000000,0.000000,0.000000,4
10,10,47,0.000000,0.000000,0.000000,0.000000,0.000000,0.000000,0.000000,0.000000,0.000000,0.000000,0.000000,0.000000,0.000000,0.000000,1
10,10,47.5,-0.500000,0.250000,0.000000,0.000000,-1.000000,1.000000,0.000000,0.000000,0.000000,0.000000,0.000000,0.000000,0.000000,0.000000,2
10,10,49,1.000000,0.000000,0.000000,0.000000,2.000000,0.000000,0.000000,0.000000,0.000000,0.000000,0.000000,0.000000,0.000000,0.000000,1
10,10,50.5,0.000000,0.666667,0.000000,0.000000,0.000000,2.666667,0.000000,0.000000,0.000000,0.000000,0.000000,0.000000,0.000000,0.000000,3
10,10,52,0.000000,1.000000,0.000000,0.000000,0.000000,4.000000,0.000000,0.000000,0.000000,0.000000,0.000000,0.000000,0.000000,0.000000,2
10,10,53.5,0.000000,0.000000,0.000000,0.000000,0.000000,0.000000,0.000000,0.000000,0.000000,0.000000,0.000000,0.000000,0.000000,0.000000,1
10,10,60,-1.000000,0.000000,0.000000,0.000000,-2.000000,0.000000,0.000000,0.000000,0.000000,0.000000,0.000000,0.000000,0.000000,0.000000,1
10,11,-52,-1.000000,0.000000,0.000000,0.000000,-2.000000,0.000000,0.000000,0.000000,0.000000,0.000000,0.000000,0.000000,0.000000,0.000000,1
10,11,-47,0.000000,0.000000,0.000000,0.000000,0.000000,0.000000,0.000000,0.000000,0.000000,0.000000,0.000000,0.000000,0.000000,0.000000,1
10,11,-45.5,0.000000,0.000000,0.000000,0.000000,-2.000000,0.000000,0.000000,0.000000,0.000000,0.000000,0.000000,0.000000,0.000000,0.000000,1
10,11,-44.5,1.000000,0.000000,0.000000,0.000000,2.000000,0.000000,0.000000,0.000000,0.000000,0.000000,0.000000,0.000000,0.000000,0.000000,1
10,11,-43,0.500000,0.250000,0.000000,0.000000,-0.000000,2.000000,0.000000,0.000000,0.000000,0.000000,0.000000,0.000000,0.000000,0.000000,4
10,11,-42.5,-0.500000,0.750000,0.000000,0.000000,-2.000000,0.000000,0.000000,0.000000,0.000000,0.000000,0.000000,0.000000,0.000000,0.000000,4
10,11,-42,1.000000,0.000000,0.000000,0.000000,2.000000,0.000000,0.000000,0.000000,0.000000,0.000000,0.000000,0.000000,0.000000,0.000000,1
10,11,-41.5,-0.333333,0.888889,0.000000,0.000000,-2.000000,0.000000,0.000000,0.000000,0.000000,0.000000,0.000000,0.000000,0.000000,0.000000,3
10,11,-40.5,0.000000,0.800000,0.000000,0.000000,-1.200000,2.560000,0.000000,0.000000,0.000000,0.000000,0.000000,0.000000,0.000000,0.000000,5
10,11,-40,-0.500000,0.250000,0.000000,0.000000,-1.000000,1.000000,0.000000,0.000000,0.000000,0.000000,0.000000,0.000000,0.000000,0.000000,2
10,11,-39.5,0.250000,0.687500,0.000000,0.000000,-1.000000,3.000000,0.000000,0.000000,0.000000,0.000000,0.000000,0.000000,0.000000,0.000000,4
10,11,-39,-0.428571,0.530612,0.000000,0.000000,-1.428571,0.816327,0.000000,0.000000,0.000000,0.000000,0.000000,0.000000,0.000000,0.000000,7
10,11,-38.5,-0.200000,0.960000,0.000000,0.000000,-0.400000,3.840000,0.000000,0.000000,0.000000,0.000000,0.000000,0.000000,0.000000,0.000000,5
10,11,-38,-0.428571,0.816327,0.000000,0.000000,-1.428571,1.959184,0.000000,0.000000,0.000000,0.000000,0.000000,0.000000,0.000000,0.000000,7
10,11,-37.5,-0.090909,0.809917,0.000000,0.000000,-0.727273,3.107438,0.000000,0.000000,0.000000,0.000000,0.000000,0.000000,0.000000,0.000000,11
10,11,-37,-0.500000,0.650000,0.000000,0.000000,-1.600000,1.440000,0.000000,0.000000,0.000000,0.000000,0.000000,0.000000,0.000000,0.000000,10
10,11,-36.5,-0.100000,0.690000,0.000000,0.000000,-0.800000,2.560000,0.000000,0.000000,0.000000,0.000000,0.000000,0.000000,0.000000,0.000000,10
10,11,-36,-0.304348,0.733459,0.000000,0.000000,-1.565217,1.376181,0.000000,0.000000,0.000000,0.000000,0.000000,0.000000,0.000000,0.000000,23
10,11,-35.5,-0.588235,0.595156,0.000000,0.000000,-0.941176,2.878893,0.000000,0.000000,0.000000,0.000000,0.000000,0.000000,0.000000,0.000000,17
10,11,-35,-0.285714,0.775510,0.000000,0.000000,-0.571429,3.673469,0.000000,0.000000,0.000000,0.000000,0.000000,0.000000,0.000000,0.000000,14
10,11,-34.5,-0.257143,0.819592,0.000000,0.000000,-0.628571,3.376327,0.000000,0.000000,0.000000,0.000000,0.000000,0.000000,0.000000,0.000000,35
10,11,-34,-0.023256,0.906436,0.000000,0.000000,-0.046512,3.811790,0.000000,0.000000,0.000000,0.000000,0.000000,0.000000,0.000000,0.000000,43
10,11,-33.5,-0.314286,0.786939,0.000000,0.000000,-1.257143,2.305306,0.000000,0.000000,0.000000,0.000000,0.000000,0.000000,0.000000,0.000000,35
10,11,-33,-0.000000,0.818182,0.000000,0.000000,-0.863636,2.981405,0.000000,0.000000,0.000000,0.000000,0.000000,0.000000,0.000000,0.000000,44
10,11,-32.5,-0.200000,0.814545,0.000000,0.000000,-0.836364,3.009587,0.000000,0.000000,0.000000,0.000000,0.000000,0.000000,0.000000,0.000000,55
10,11,-32,-0.106061,0.852388,0.000000,0.000000,-0.818182,3.148760,0.000000,0.000000,0.000000,0.000000,0.000000,0.000000,0.000000,0.000000,66
10,11,-31.5,-0.358491,0.682805,0.000000,0.000000,-0.867925,2.793877,0.000000,0.000000,0.000000,0.000000,0.000000,0.000000,0.000000,0.000000,53
10,11,-31,-0.108911,0.829723,0.000000,0.000000,-0.772277,3.007548,0.000000,0.000000,0.000000,0.000000,0.000000,0.000000,0.000000,0.000000,101
10,11,-30.5,-0.235294,0.791696,0.000000,0.000000,-0.682353,3.157924,0.000000,0.000000,0.000000,0.000000,0.000000,0.000000,0.000000,0.000000,85
10,11,-30,-0.031250,0.821940,0.000000,0.000000,-0.604167,3.176649,0.000000,0.000000,0.000000,0.000000,0.000000,0.000000,0.000000,0.000000,96
10,11,-29.5,0.021739,0.890832,0.000000,0.000000,-0.456522,3.487240,0.000000,0.000000,0.000000,0.000000,0.000000,0.000000,0.000000,0.000000,92
10,11,-29,-0.121053,0.864294,0.000000,0.000000,-0.684211,3.173961,0.000000,0.000000,0.000000,0.000000,0.000000,0.000000,0.000000,0.000000,190
10,11,-28.5,0.046053,0.872879,0.000000,0.000000,-0.381579,3.564924,0.000000,0.000000,0.000000,0.000000,0.000000,0.000000,0.000000,0.000000,152
10,11,-28,-0.060976,0.849941,0.000000,0.000000,-0.804878,2.961927,0.000000,0.000000,0.000000,0.000000,0.000000,0.000000,0.000000,0.000000,164
10,11,-27.5,-0.066202,0.828370,0.000000,0.000000,-0.557491,3.285022,0.000000,0.000000,0.000000,0.000000,0.000000,0.000000,0.000000,0.000000,287
10,11,-27,-0.116883,0.869455,0.000000,0.000000,-0.662338,3.275595,0.000000,0.000000,0.000000,0.000000,0.000000,0.000000,0.000000,0.000000,154
10,11,-26.5,0.000000,0.877076,0.000000,0.000000,-0.365449,3.574089,0.000000,0.000000,0.000000,0.000000,0.000000,0.000000,0.000000,0.000000,301
10,11,-26,-0.165158,0.830189,0.000000,0.000000,-0.624434,3.211892,0.000000,0.000000,0.000000,0.000000,0.000000,0.000000,0.000000,0.000000,442
10,11,-25.5,-0.080838,0.858735,0.000000,0.000000,-0.455090,3.409660,0.000000,0.000000,0.000000,0.000000,0.000000,0.000000,0.000000,0.000000,334
10,11,-25,-0.127737,0.870545,0.000000,0.000000,-0.744526,3.212105,0.000000,0.000000,0.000000,0.000000,0.000000,0.000000,0.000000,0.000000,274
10,11,-24.5,-0.109204,0.858589,0.000000,0.000000,-0.648986,3.310486,0.000000,0.000000,0.000000,0.000000,0.000000,0.000000,0.000000,0.000000,641
10,11,-24,-0.200413,0.804876,0.000000,0.000000,-0.743802,3.066594,0.000000,0.000000,0.000000,0.000000,0.000000,0.000000,0.000000,0.000000,484
10,11,-23.5,-0.070076,0.860620,0.000000,0.000000,-0.481061,3.382217,0.000000,0.000000,0.000000,0.000000,0.000000,0.000000,0.000000,0.000000,528
10,11,-23,-0.015796,0.880674,0.000000,0.000000,-0.495747,3.467479,0.000000,0.000000,0.000000,0.000000,0.000000,0.000000,0.000000,0.000000,823
10,11,-22.5,-0.080060,0.856128,0.000000,0.000000,-0.422961,3.482736,0.000000,0.000000,0.000000,0.000000,0.000000,0.000000,0.000000,0.000000,662
10,11,-22,-0.136552,0.846181,0.000000,0.000000,-0.460690,3.445696,0.000000,0.000000,0.000000,0.000000,0.000000,0.000000,0.000000,0.000000,725
10,11,-21.5,-0.049946,0.853097,0.000000,0.000000,-0.584148,3.293951,0.000000,0.000000,0.000000,0.000000,0.000000,0.000000,0.000000,0.000000,921
10,11,-21,-0.068994,0.854818,0.000000,0.000000,-0.522727,3.350133,0.000000,0.000000,0.000000,0.000000,0.000000,0.000000,0.000000,0.000000,1232
10,11,-20.5,-0.102463,0.866349,0.000000,0.000000,-0.425616,3.507521,0.000000,0.000000,0.000000,0.000000,0.000000,0.000000,0.000000,0.000000,1015
10,11,-20,-0.122336,0.822445,0.000000,0.000000,-0.525651,3.288016,0.000000,0.000000,0.000000,0.000000,0.000000,0.000000,0.000000,0.000000,1267
10,11,-19.5,-0.085160,0.875653,0.000000,0.000000,-0.488416,3.468401,0.000000,0.000000,0.000000,0.000000,0.000000,0.000000,0.000000,0.000000,1597
10,11,-19,-0.042148,0.864852,0.000000,0.000000,-0.435335,3.461754,0.000000,0.000000,0.000000,0.000000,0.000000,0.000000,0.000000,0.000000,1732
10,11,-18.5,-0.092614,0.863582,0.000000,0.000000,-0.522727,3.367665,0.000000,0.000000,0.000000,0.000000,0.000000,0.000000,0.000000,0.000000,1760
10,11,-18,-0.106487,0.854022,0.000000,0.000000,-0.501836,3.395651,0.000000,0.000000,0.000000,0.000000,0.000000,0.000000,0.000000,0.000000,2451
10,11,-17.5,-0.083269,0.856842,0.000000,0.000000,-0.394474,3.469870,0.000000,0.000000,0.000000,0.000000,0.000000,0.000000,0.000000,0.000000,2606
10,11,-17,-0.029750,0.871476,0.000000,0.000000,-0.357006,3.523219,0.000000,0.000000,0.000000,0.000000,0.000000,0.000000,0.000000,0.000000,2084
10,11,-16.5,-0.060089,0.851544,0.000000,0.000000,-0.372549,3.462725,0.000000,0.000000,0.000000,0.000000,0.000000,0.000000,0.000000,0.000000,3162
10,11,-16,-0.066010,0.861653,0.000000,0.000000,-0.386207,3.500105,0.000000,0.000000,0.000000,0.000000,0.000000,0.000000,0.000000,0.000000,3045
10,11,-15.5,-0.028433,0.861865,0.000000,0.000000,-0.310950,3.499196,0.000000,0.000000,0.000000,0.000000,0.000000,0.000000,0.000000,0.000000,3306
10,11,-15,-0.043429,0.865570,0.000000,0.000000,-0.325437,3.518456,0.000000,0.000000,0.000000,0.000000,0.000000,0.000000,0.000000,0.000000,3546
10,11,-14.5,-0.049812,0.857252,0.000000,0.000000,-0.313464,3.511578,0.000000,0.000000,0.000000,0.000000,0.000000,0.000000,0.000000,0.000000,4798
10,11,-14,-0.034858,0.866283,0.000000,0.000000,-0.287978,3.528873,0.000000,0.000000,0.000000,0.000000,0.000000,0.000000,0.000000,0.000000,5049
10,11,-13.5,-0.001448,0.856054,0.000000,0.000000,-0.247329,3.524561,0.000000,0.000000,0.000000,0.000000,0.000000,0.000000,0.000000,0.000000,5523
10,11,-13,-0.033537,0.866950,0.000000,0.000000,-0.329442,3.517927,0.000000,0.000000,0.000000,0.000000,0.000000,0.000000,0.000000,0.000000,5397
10,11,-12.5,-0.031455,0.869551,0.000000,0.000000,-0.298238,3.531849,0.000000,0.000000,0.000000,0.000000,0.000000,0.000000,0.000000,0.000000,6867
10,11,-12,-0.052734,0.856503,0.000000,0.000000,-0.295032,3.507183,0.000000,0.000000,0.000000,0.000000,0.000000,0.000000,0.000000,0.000000,7206
10,11,-11.5,-0.032706,0.863400,0.000000,0.000000,-0.268087,3.515840,0.000000,0.000000,0.000000,0.000000,0.000000,0.000000,0.000000,0.000000,8072
10,11,-11,-0.039602,0.862063,0.000000,0.000000,-0.248350,3.530670,0.000000,0.000000,0.000000,0.000000,0.000000,0.000000,0.000000,0.000000,8939
10,11,-10.5,-0.025184,0.866522,0.000000,0.000000,-0.221196,3.551492,0.000000,0.000000,0.000000,0.000000,0.000000,0.000000,0.000000,0.000000,9530
10,11,-10,-0.024352,0.866659,0.000000,0.000000,-0.223516,3.544334,0.000000,0.000000,0.000000,0.000000,0.000000,0.000000,0.000000,0.000000,12196
10,11,-9.5,-0.019146,0.867395,0.000000,0.000000,-0.215110,3.562925,0.000000,0.000000,0.000000,0.000000,0.000000,0.000000,0.000000,0.000000,10655
10,11,-9,-0.024367,0.864874,0.000000,0.000000,-0.209908,3.548746,0.000000,0.000000,0.000000,0.000000,0.000000,0.000000,0.000000,0.000000,13625
10,11,-8.5,-0.022361,0.863780,0.000000,0.000000,-0.219360,3.537502,0.000000,0.000000,0.000000,0.000000,0.000000,0.000000,0.000000,0.000000,14132
10,11,-8,-0.004612,0.864018,0.000000,0.000000,-0.167876,3.553419,0.000000,0.000000,0.000000,0.000000,0.000000,0.000000,0.000000,0.000000,16262
10,11,-7.5,-0.013372,0.865437,0.000000,0.000000,-0.179326,3.560585,0.000000,0.000000,0.000000,0.000000,0.000000,0.000000,0.000000,0.000000,18023
10,11,-7,-0.005827,0.862417,0.000000,0.000000,-0.165829,3.554881,0.000000,0.000000,0.000000,0.000000,0.000000,0.000000,0.000000,0.000000,18706
10,11,-6.5,-0.004248,0.867028,0.000000,0.000000,-0.152094,3.560454,0.000000,0.000000,0.000000,0.000000,0.000000,0.000000,0.000000,0.000000,21421
10,11,-6,0.004875,0.865870,0.000000,0.000000,-0.144604,3.564543,0.000000,0.000000,0.000000,0.000000,0.000000,0.000000,0.000000,0.000000,25435
10,11,-5.5,0.001601,0.865369,0.000000,0.000000,-0.144112,3.565535,0.000000,0.000000,0.000000,0.000000,0.000000,0.000000,0.000000,0.000000,24356
10,11,-5,-0.001878,0.863715,0.000000,0.000000,-0.133906,3.562953,0.000000,0.000000,0.000000,0.000000,0.000000,0.000000,0.000000,0.000000,26093
10,11,-4.5,0.004191,0.864408,0.000000,0.000000,-0.121039,3.562782,0.000000,0.000000,0.000000,0.000000,0.000000,0.000000,0.000000,0.000000,33642
10,11,-4,0.013367,0.862561,0.000000,0.000000,-0.099000,3.557866,0.000000,0.000000,0.000000,0.000000,0.000000,0.000000,0.000000,0.000000,34788
10,11,-3.5,0.013250,0.861893,0.000000,0.000000,-0.100513,3.560303,0.000000,0.000000,0.000000,0.000000,0.000000,0.000000,0.000000,0.000000,36453
10,11,-3,0.017335,0.863944,0.000000,0.000000,-0.083095,3.567324,0.000000,0.000000,0.000000,0.000000,0.000000,0.000000,0.000000,0.000000,42746
10,11,-2.5,0.019092,0.861842,0.000000,0.000000,-0.071444,3.560411,0.000000,0.000000,0.000000,0.000000,0.000000,0.000000,0.000000,0.000000,46722
10,11,-2,0.027215,0.860302,0.000000,0.000000,-0.059374,3.557497,0.000000,0.000000,0.000000,0.000000,0.000000,0.000000,0.000000,0.000000,48540
10,11,-1.5,0.016940,0.864727,0.000000,0.000000,-0.061597,3.569266,0.000000,0.000000,0.000000,0.000000,0.000000,0.000000,0.000000,0.000000,56139
10,11,-1,0.028879,0.861018,0.000000,0.000000,-0.042329,3.557837,0.000000,0.000000,0.000000,0.000000,0.000000,0.000000,0.000000,0.000000,60667
10,11,-0.5,0.028034,0.859522,0.000000,0.000000,-0.048399,3.550705,0.000000,0.000000,0.000000,0.000000,0.000000,0.000000,0.000000,0.000000,50332
10,11,0,0.039571,0.860768,0.000000,0.000000,-0.011032,3.556866,0.000000,0.000000,0.000000,0.000000,0.000000,0.000000,0.000000,0.000000,100250
10,11,0.5,0.036152,0.860848,0.000000,0.000000,-0.017144,3.556942,0.000000,0.000000,0.000000,0.000000,0.000000,0.000000,0.000000,0.000000,93910
10,11,1,0.035014,0.861264,0.000000,0.000000,-0.008657,3.553370,0.000000,0.000000,0.000000,0.000000,0.000000,0.000000,0.000000,0.000000,109272
10,11,1.5,0.032750,0.858566,0.000000,0.000000,-0.010137,3.541944,0.000000,0.000000,0.000000,0.000000,0.000000,0.000000,0.000000,0.000000,69649
10,11,2,0.038215,0.858841,0.000000,0.000000,-0.005278,3.545250,0.000000,0.000000,0.000000,0.000000,0.000000,0.000000,0.000000,0.000000,118226
10,11,2.5,0.046058,0.858732,0.000000,0.000000,0.031700,3.543901,0.000000,0.000000,0.000000,0.000000,0.000000,0.000000,0.000000,0.000000,61640
10,11,3,0.042019,0.858810,0.000000,0.000000,0.021290,3.540938,0.000000,0.000000,0.000000,0.000000,0.000000,0.000000,0.000000,0.000000,60592
10,11,3.5,0.054594,0.859958,0.000000,0.000000,0.060451,3.544932,0.000000,0.000000,0.000000,0.000000,0.000000,0.000000,0.000000,0.000000,50189
10,11,4,0.049115,0.860914,0.000000,0.000000,0.050226,3.545045,0.000000,0.000000,0.000000,0.000000,0.000000,0.000000,0.000000,0.000000,50412
10,11,4.5,0.055142,0.859385,0.000000,0.000000,0.054669,3.539917,0.000000,0.000000,0.000000,0.000000,0.000000,0.000000,0.000000,0.000000,44376
10,11,5,0.057311,0.853965,0.000000,0.000000,0.076124,3.516008,0.000000,0.000000,0.000000,0.000000,0.000000,0.000000,0.000000,0.000000,38963
10,11,5.5,0.052650,0.855157,0.000000,0.000000,0.065992,3.523958,0.000000,0.000000,0.000000,0.000000,0.000000,0.000000,0.000000,0.000000,34701
10,11,6,0.072114,0.856135,0.000000,0.000000,0.103317,3.517878,0.000000,0.000000,0.000000,0.000000,0.000000,0.000000,0.000000,0.000000,34515
10,11,6.5,0.063876,0.856987,0.000000,0.000000,0.085555,3.526800,0.000000,0.000000,0.000000,0.000000,0.000000,0.000000,0.000000,0.000000,29338
10,11,7,0.060683,0.854220,0.000000,0.000000,0.103894,3.514151,0.000000,0.000000,0.000000,0.000000,0.000000,0.000000,0.000000,0.000000,25757
10,11,7.5,0.069431,0.854017,0.000000,0.000000,0.118826,3.508278,0.000000,0.000000,0.000000,0.000000,0.000000,0.000000,0.000000,0.000000,24355
10,11,8,0.085089,0.849602,0.000000,0.000000,0.145265,3.490530,0.000000,0.000000,0.000000,0.000000,0.000000,0.000000,0.000000,0.000000,21836
10,11,8.5,0.085290,0.851771,0.000000,0.000000,0.151222,3.490955,0.000000,0.000000,0.000000,0.000000,0.000000,0.000000,0.000000,0.000000,18701
10,11,9,0.084889,0.855418,0.000000,0.000000,0.135734,3.511980,0.000000,0.000000,0.000000,0.000000,0.000000,0.000000,0.000000,0.000000,18271
10,11,9.5,0.080022,0.851840,0.000000,0.000000,0.164249,3.487282,0.000000,0.000000,0.000000,0.000000,0.000000,0.000000,0.000000,0.000000,14271
10,11,10,0.072553,0.848399,0.000000,0.000000,0.157803,3.466968,0.000000,0.000000,0.000000,0.000000,0.000000,0.000000,0.000000,0.000000,15437
10,11,10.5,0.089382,0.850762,0.000000,0.000000,0.195400,3.462716,0.000000,0.000000,0.000000,0.000000,0.000000,0.000000,0.000000,0.000000,12262
10,11,11,0.107042,0.845562,0.000000,0.000000,0.202590,3.465604,0.000000,0.000000,0.000000,0.000000,0.000000,0.000000,0.000000,0.000000,11659
10,11,11.5,0.100792,0.846425,0.000000,0.000000,0.212215,3.457923,0.000000,0.000000,0.000000,0.000000,0.000000,0.000000,0.000000,0.000000,9971
10,11,12,0.094268,0.851165,0.000000,0.000000,0.203620,3.456492,0.000000,0.000000,0.000000,0.000000,0.000000,0.000000,0.000000,0.000000,9282
10,11,12.5,0.092540,0.845915,0.000000,0.000000,0.185792,3.462749,0.000000,0.000000,0.000000,0.000000,0.000000,0.000000,0.000000,0.000000,8418
10,11,13,0.103394,0.846840,0.000000,0.000000,0.224472,3.451609,0.000000,0.000000,0.000000,0.000000,0.000000,0.000000,0.000000,0.000000,7012
10,11,13.5,0.120534,0.842573,0.000000,0.000000,0.234679,3.438391,0.000000,0.000000,0.000000,0.000000,0.000000,0.000000,0.000000,0.000000,6886
10,11,14,0.126965,0.843559,0.000000,0.000000,0.271851,3.437170,0.000000,0.000000,0.000000,0.000000,0.000000,0.000000,0.000000,0.000000,5915
10,11,14.5,0.107887,0.851292,0.000000,0.000000,0.255795,3.450327,0.000000,0.000000,0.000000,0.000000,0.000000,0.000000,0.000000,0.000000,5997
10,11,15,0.133362,0.832182,0.000000,0.000000,0.330375,3.362600,0.000000,0.000000,0.000000,0.000000,0.000000,0.000000,0.000000,0.000000,4619
10,11,15.5,0.131548,0.848586,0.000000,0.000000,0.328754,3.419744,0.000000,0.000000,0.000000,0.000000,0.000000,0.000000,0.000000,0.000000,4295
10,11,16,0.100106,0.851534,0.000000,0.000000,0.252396,3.452803,0.000000,0.000000,0.000000,0.000000,0.000000,0.000000,0.000000,0.000000,3756
10,11,16.5,0.136880,0.825789,0.000000,0.000000,0.336260,3.319780,0.000000,0.000000,0.000000,0.000000,0.000000,0.000000,0.000000,0.000000,3872
10,11,17,0.138456,0.833794,0.000000,0.000000,0.322153,3.357996,0.000000,0.000000,0.000000,0.000000,0.000000,0.000000,0.000000,0.000000,2564
10,11,17.5,0.163303,0.824000,0.000000,0.000000,0.352065,3.329636,0.000000,0.000000,0.000000,0.000000,0.000000,0.000000,0.000000,0.000000,3221
10,11,18,0.147698,0.825699,0.000000,0.000000,0.343278,3.335567,0.000000,0.000000,0.000000,0.000000,0.000000,0.000000,0.000000,0.000000,2715
10,11,18.5,0.115118,0.843428,0.000000,0.000000,0.336570,3.363374,0.000000,0.000000,0.000000,0.000000,0.000000,0.000000,0.000000,0.000000,2163
10,11,19,0.179653,0.840182,0.000000,0.000000,0.422829,3.358685,0.000000,0.000000,0.000000,0.000000,0.000000,0.000000,0.000000,0.000000,2015
10,11,19.5,0.130119,0.825474,0.000000,0.000000,0.340073,3.305813,0.000000,0.000000,0.000000,0.000000,0.000000,0.000000,0.000000,0.000000,1929
10,11,20,0.142300,0.838100,0.000000,0.000000,0.346979,3.370184,0.000000,0.000000,0.000000,0.000000,0.000000,0.000000,0.000000,0.000000,1539
10,11,20.5,0.166389,0.817572,0.000000,0.000000,0.440932,3.236528,0.000000,0.000000,0.000000,0.000000,0.000000,0.000000,0.000000,0.000000,1202
10,11,21,0.142955,0.827033,0.000000,0.000000,0.328317,3.334068,0.000000,0.000000,0.000000,0.000000,0.000000,0.000000,0.000000,0.000000,1462
10,11,21.5,0.169002,0.830458,0.000000,0.000000,0.397548,3.327069,0.000000,0.000000,0.000000,0.000000,0.000000,0.000000,0.000000,0.000000,1142
10,11,22,0.141705,0.831302,0.000000,0.000000,0.347926,3.339777,0.000000,0.000000,0.000000,0.000000,0.000000,0.000000,0.000000,0.000000,868
10,11,22.5,0.131414,0.805008,0.000000,0.000000,0.380476,3.179394,0.000000,0.000000,0.000000,0.000000,0.000000,0.000000,0.000000,0.000000,799
10,11,23,0.157418,0.814404,0.000000,0.000000,0.371461,3.268585,0.000000,0.000000,0.000000,0.000000,0.000000,0.000000,0.000000,0.000000,883
10,11,23.5,0.150242,0.828800,0.000000,0.000000,0.365105,3.323887,0.000000,0.000000,0.000000,0.000000,0.000000,0.000000,0.000000,0.000000,619
10,11,24,0.194118,0.838789,0.000000,0.000000,0.478431,3.331888,0.000000,0.000000,0.000000,0.000000,0.000000,0.000000,0.000000,0.000000,510
10,11,24.5,0.192956,0.814223,0.000000,0.000000,0.437979,3.232371,0.000000,0.000000,0.000000,0.000000,0.000000,0.000000,0.000000,0.000000,653
10,11,25,0.145570,0.858556,0.000000,0.000000,0.335443,3.444440,0.000000,0.000000,0.000000,0.000000,0.000000,0.000000,0.000000,0.000000,316
10,11,25.5,0.206235,0.772815,0.000000,0.000000,0.450839,3.077319,0.000000,0.000000,0.000000,0.000000,0.000000,0.000000,0.000000,0.000000,417
10,11,26,0.123845,0.822001,0.000000,0.000000,0.380776,3.248725,0.000000,0.000000,0.000000,0.000000,0.000000,0.000000,0.000000,0.000000,541
10,11,26.5,0.222222,0.772166,0.000000,0.000000,0.478114,3.098006,0.000000,0.000000,0.000000,0.000000,0.000000,0.000000,0.000000,0.000000,297
10,11,27,0.140244,0.779112,0.000000,0.000000,0.353659,3.070048,0.000000,0.000000,0.000000,0.000000,0.000000,0.000000,0.000000,0.000000,164
10,11,27.5,0.170347,0.816408,0.000000,0.000000,0.479495,3.151788,0.000000,0.000000,0.000000,0.000000,0.000000,0.000000,0.000000,0.000000,317
10,11,28,0.219895,0.799814,0.000000,0.000000,0.554974,3.105617,0.000000,0.000000,0.000000,0.000000,0.000000,0.000000,0.000000,0.000000,191
10,11,28.5,0.131579,0.719529,0.000000,0.000000,0.486842,2.789301,0.000000,0.000000,0.000000,0.000000,0.000000,0.000000,0.000000,0.000000,152
10,11,29,0.274194,0.779657,0.000000,0.000000,0.655914,3.032142,0.000000,0.000000,0.000000,0.000000,0.000000,0.000000,0.000000,0.000000,186
10,11,29.5,0.134752,0.825814,0.000000,0.000000,0.184397,3.341884,0.000000,0.000000,0.000000,0.000000,0.000000,0.000000,0.000000,0.000000,141
10,11,30,0.302521,0.732010,0.000000,0.000000,0.571429,2.967587,0.000000,0.000000,0.000000,0.000000,0.000000,0.000000,0.000000,0.000000,119
10,11,30.5,0.175439,0.846414,0.000000,0.000000,0.473684,3.319483,0.000000,0.000000,0.000000,0.000000,0.000000,0.000000,0.000000,0.000000,114
10,11,31,0.354167,0.770399,0.000000,0.000000,0.708333,3.081597,0.000000,0.000000,0.000000,0.000000,0.000000,0.000000,0.000000,0.000000,96
10,11,31.5,0.070175,0.731918,0.000000,0.000000,0.210526,2.903047,0.000000,0.000000,0.000000,0.000000,0.000000,0.000000,0.000000,0.000000,57
10,11,32,0.098361,0.875571,0.000000,0.000000,0.229508,3.553883,0.000000,0.000000,0.000000,0.000000,0.000000,0.000000,0.000000,0.000000,61
10,11,32.5,0.358025,0.723670,0.000000,0.000000,0.592593,3.105624,0.000000,0.000000,0.000000,0.000000,0.000000,0.000000,0.000000,0.000000,81
10,11,33,0.169811,0.782485,0.000000,0.000000,0.641509,2.833749,0.000000,0.000000,0.000000,0.000000,0.000000,0.000000,0.000000,0.000000,53
10,11,33.5,0.217391,0.865784,0.000000,0.000000,0.434783,3.463138,0.000000,0.000000,0.000000,0.000000,0.000000,0.000000,0.000000,0.000000,23
10,11,34,0.276596,0.753282,0.000000,0.000000,0.723404,2.795835,0.000000,0.000000,0.000000,0.000000,0.000000,0.000000,0.000000,0.000000,47
10,11,34.5,0.400000,0.506667,0.000000,0.000000,0.666667,2.222222,0.000000,0.000000,0.000000,0.000000,0.000000,0.000000,0.000000,0.000000,30
10,11,35,0.722222,0.311728,0.000000,0.000000,1.444444,1.246914,0.000000,0.000000,0.000000,0.000000,0.000000,0.000000,0.000000,0.000000,18
10,11,35.5,0.142857,0.693878,0.000000,0.000000,0.285714,2.775510,0.000000,0.000000,0.000000,0.000000,0.000000,0.000000,0.000000,0.000000,7
10,11,36,0.096774,0.797086,0.000000,0.000000,0.193548,3.188345,0.000000,0.000000,0.000000,0.000000,0.000000,0.000000,0.000000,0.000000,31
10,11,36.5,0.285714,0.918367,0.000000,0.000000,0.285714,3.918367,0.000000,0.000000,0.000000,0.000000,0.000000,0.000000,0.000000,0.000000,14
10,11,37,-0.000000,1.000000,0.000000,0.000000,1.000000,3.000000,0.000000,0.000000,0.000000,0.000000,0.000000,0.000000,0.000000,0.000000,4
10,11,37.5,0.076923,0.840237,0.000000,0.000000,0.769231,2.792899,0.000000,0.000000,0.000000,0.000000,0.000000,0.000000,0.000000,0.000000,13
10,11,38,0.300000,0.810000,0.000000,0.000000,1.400000,1.640000,0.000000,0.000000,0.000000,0.000000,0.000000,0.000000,0.000000,0.000000,10
10,11,38.5,-0.142857,0.693878,0.000000,0.000000,-0.285714,2.775510,0.000000,0.000000,0.000000,0.000000,0.000000,0.000000,0.000000,0.000000,7
10,11,39,0.500000,0.583333,0.000000,0.000000,1.000000,2.333333,0.000000,0.000000,0.000000,0.000000,0.000000,0.000000,0.000000,0.000000,6
10,11,39.5,0.428571,0.530612,0.000000,0.000000,0.857143,2.122449,0.000000,0.000000,0.000000,0.000000,0.000000,0.000000,0.000000,0.000000,7
10,11,40,0.272727,0.925620,0.000000,0.000000,0.545455,3.702479,0.000000,0.000000,0.000000,0.000000,0.000000,0.000000,0.000000,0.000000,11
10,11,40.5,0.500000,0.583333,0.000000,0.000000,1.000000,2.333333,0.000000,0.000000,0.000000,0.000000,0.000000,0.000000,0.000000,0.000000,6
10,11,41,0.666667,0.222222,0.000000,0.000000,1.333333,0.888889,0.000000,0.000000,0.000000,0.000000,0.000000,0.000000,0.000000,0.000000,3
10,11,41.5,0.500000,0.250000,0.000000,0.000000,1.000000,1.000000,0.000000,0.000000,0.000000,0.000000,0.000000,0.000000,0.000000,0.000000,2
10,11,42.5,1.000000,0.000000,0.000000,0.000000,0.000000,4.000000,0.000000,0.000000,0.000000,0.000000,0.000000,0.000000,0.000000,0.000000,2
10,11,43,1.000000,0.000000,0.000000,0.000000,2.000000,0.000000,0.000000,0.000000,0.000000,0.000000,0.000000,0.000000,0.000000,0.000000,1
10,11,43.5,1.000000,0.000000,0.000000,0.000000,2.000000,0.000000,0.000000,0.000000,0.000000,0.000000,0.000000,0.000000,0.000000,0.000000,1
10,11,44,1.000000,0.000000,0.000000,0.000000,2.000000,0.000000,0.000000,0.000000,0.000000,0.000000,0.000000,0.000000,0.000000,0.000000,3
10,11,44.5,0.500000,0.250000,0.000000,0.000000,1.000000,1.000000,0.000000,0.000000,0.000000,0.000000,0.000000,0.000000,0.000000,0.000000,4
10,11,45.5,-1.000000,0.000000,0.000000,0.000000,-2.000000,0.000000,0.000000,0.000000,0.000000,0.000000,0.000000,0.000000,0.000000,0.000000,1
10,11,47,1.000000,0.000000,0.000000,0.000000,2.000000,0.000000,0.000000,0.000000,0.000000,0.000000,0.000000,0.000000,0.000000,0.000000,1
10,11,50.5,1.000000,0.000000,0.000000,0.000000,2.000000,0.000000,0.000000,0.000000,0.000000,0.000000,0.000000,0.000000,0.000000,0.000000,1
11,11,-46,1.000000,0.000000,0.000000,0.000000,-2.000000,0.000000,0.000000,0.000000,0.000000,0.000000,0.000000,0.000000,0.000000,0.000000,1
11,11,-44,1.000000,0.000000,0.000000,0.000000,2.000000,0.000000,0.000000,0.000000,0.000000,0.000000,0.000000,0.000000,0.000000,0.000000,3
11,11,-43.5,-1.000000,0.000000,0.000000,0.000000,-2.000000,0.000000,0.000000,0.000000,0.000000,0.000000,0.000000,0.000000,0.000000,0.000000,2
11,11,-43,0.000000,0.666667,0.000000,0.000000,0.000000,2.666667,0.000000,0.000000,0.000000,0.000000,0.000000,0.000000,0.000000,0.000000,3
11,11,-42.5,0.500000,0.750000,0.000000,0.000000,1.000000,3.000000,0.000000,0.000000,0.000000,0.000000,0.000000,0.000000,0.000000,0.000000,4
11,11,-41.5,-0.250000,0.687500,0.000000,0.000000,-1.500000,0.750000,0.000000,0.000000,0.000000,0.000000,0.000000,0.000000,0.000000,0.000000,4
11,11,-41,0.500000,0.750000,0.000000,0.000000,0.000000,4.000000,0.000000,0.000000,0.000000,0.000000,0.000000,0.000000,0.000000,0.000000,4
11,11,-40.5,0.500000,0.250000,0.000000,0.000000,1.000000,1.000000,0.000000,0.000000,0.000000,0.000000,0.000000,0.000000,0.000000,0.000000,2
11,11,-40,-0.428571,0.816327,0.000000,0.000000,-0.857143,3.265306,0.000000,0.000000,0.000000,0.000000,0.000000,0.000000,0.000000,0.000000,7
11,11,-39.5,-0.000000,0.666667,0.000000,0.000000,-0.666667,3.555556,0.000000,0.000000,0.000000,0.000000,0.000000,0.000000,0.000000,0.000000,6
11,11,-39,0.333333,0.444444,0.000000,0.000000,0.222222,3.061728,0.000000,0.000000,0.000000,0.000000,0.000000,0.000000,0.000000,0.000000,9
11,11,-38.5,-0.285714,0.775510,0.000000,0.000000,-1.428571,1.959184,0.000000,0.000000,0.000000,0.000000,0.000000,0.000000,0.000000,0.000000,7
11,11,-38,-0.000000,0.909091,0.000000,0.000000,-0.909091,3.173554,0.000000,0.000000,0.000000,0.000000,0.000000,0.000000,0.000000,0.000000,11
11,11,-37.5,-0.187500,0.902344,0.000000,0.000000,-1.375000,1.859375,0.000000,0.000000,0.000000,0.000000,0.000000,0.000000,0.000000,0.000000,16
11,11,-37,-0.285714,0.489796,0.000000,0.000000,-1.428571,1.959184,0.000000,0.000000,0.000000,0.000000,0.000000,0.000000,0.000000,0.000000,7
11,11,-36.5,-0.000000,0.888889,0.000000,0.000000,-1.111111,2.765432,0.000000,0.000000,0.000000,0.000000,0.000000,0.000000,0.000000,0.000000,18
11,11,-36,-0.175000,0.794375,0.000000,0.000000,-1.200000,2.360000,0.000000,0.000000,0.000000,0.000000,0.000000,0.000000,0.000000,0.000000,40
11,11,-35.5,0.200000,0.826667,0.000000,0.000000,-0.533333,3.448889,0.000000,0.000000,0.000000,0.000000,0.000000,0.000000,0.000000,0.000000,15
11,11,-35,0.111111,0.876543,0.000000,0.000000,-0.333333,3.666667,0.000000,0.000000,0.000000,0.000000,0.000000,0.000000,0.000000,0.000000,18
11,11,-34.5,-0.108108,0.853178,0.000000,0.000000,-1.027027,2.728999,0.000000,0.000000,0.000000,0.000000,0.000000,0.000000,0.000000,0.000000,37
11,11,-34,-0.178571,0.860969,0.000000,0.000000,-0.714286,3.204082,0.000000,0.000000,0.000000,0.000000,0.000000,0.000000,0.000000,0.000000,56
11,11,-33.5,0.023256,0.813413,0.000000,0.000000,-0.093023,3.340184,0.000000,0.000000,0.000000,0.000000,0.000000,0.000000,0.000000,0.000000,43
11,11,-33,-0.188679,0.870061,0.000000,0.000000,-0.679245,3.161267,0.000000,0.000000,0.000000,0.000000,0.000000,0.000000,0.000000,0.000000,53
11,11,-32.5,-0.086420,0.893766,0.000000,0.000000,-0.814815,3.138546,0.000000,0.000000,0.000000,0.000000,0.000000,0.000000,0.000000,0.000000,81
11,11,-32,-0.191176,0.889922,0.000000,0.000000,-0.852941,3.213668,0.000000,0.000000,0.000000,0.000000,0.000000,0.000000,0.000000,0.000000,68
11,11,-31.5,0.074074,0.883402,0.000000,0.000000,-0.222222,3.654321,0.000000,0.000000,0.000000,0.000000,0.000000,0.000000,0.000000,0.000000,54
11,11,-31,-0.040000,0.870400,0.000000,0.000000,-0.784000,3.065344,0.000000,0.000000,0.000000,0.000000,0.000000,0.000000,0.000000,0.000000,125
11,11,-30.5,-0.060606,0.844812,0.000000,0.000000,-0.242424,3.577594,0.000000,0.000000,0.000000,0.000000,0.000000,0.000000,0.000000,0.000000,99
11,11,-30,-0.130435,0.852552,0.000000,0.000000,-0.478261,3.510397,0.000000,0.000000,0.000000,0.000000,0.000000,0.000000,0.000000,0.000000,92
11,11,-29.5,-0.056604,0.883588,0.000000,0.000000,-0.452830,3.518215,0.000000,0.000000,0.000000,0.000000,0.000000,0.000000,0.000000,0.000000,159
11,11,-29,-0.153465,0.832884,0.000000,0.000000,-0.504950,3.408391,0.000000,0.000000,0.000000,0.000000,0.000000,0.000000,0.000000,0.000000,202
11,11,-28.5,-0.206704,0.800849,0.000000,0.000000,-0.871508,2.905278,0.000000,0.000000,0.000000,0.000000,0.000000,0.000000,0.000000,0.000000,179
11,11,-28,-0.062500,0.881510,0.000000,0.000000,-0.479167,3.562066,0.000000,0.000000,0.000000,0.000000,0.000000,0.000000,0.000000,0.000000,192
11,11,-27.5,-0.077720,0.828156,0.000000,0.000000,-0.481865,3.301485,0.000000,0.000000,0.000000,0.000000,0.000000,0.000000,0.000000,0.000000,386
11,11,-27,-0.005587,0.832371,0.000000,0.000000,-0.413408,3.471552,0.000000,0.000000,0.000000,0.000000,0.000000,0.000000,0.000000,0.000000,179
11,11,-26.5,-0.101796,0.869877,0.000000,0.000000,-0.604790,3.286923,0.000000,0.000000,0.000000,0.000000,0.000000,0.000000,0.000000,0.000000,334
11,11,-26,-0.099644,0.886868,0.000000,0.000000,-0.594306,3.397690,0.000000,0.000000,0.000000,0.000000,0.000000,0.000000,0.000000,0.000000,562
11,11,-25.5,-0.111617,0.869091,0.000000,0.000000,-0.464692,3.465154,0.000000,0.000000,0.000000,0.000000,0.000000,0.000000,0.000000,0.000000,439
11,11,-25,-0.083601,0.854747,0.000000,0.000000,-0.482315,3.432967,0.000000,0.000000,0.000000,0.000000,0.000000,0.000000,0.000000,0.000000,311
11,11,-24.5,-0.104348,0.864474,0.000000,0.000000,-0.513043,3.406352,0.000000,0.000000,0.000000,0.000000,0.000000,0.000000,0.000000,0.000000,690
11,11,-24,-0.052101,0.876277,0.000000,0.000000,-0.406723,3.498442,0.000000,0.000000,0.000000,0.000000,0.000000,0.000000,0.000000,0.000000,595
11,11,-23.5,-0.034884,0.867969,0.000000,0.000000,-0.497093,3.444759,0.000000,0.000000,0.000000,0.000000,0.000000,0.000000,0.000000,0.000000,688
11,11,-23,-0.110558,0.867259,0.000000,0.000000,-0.484064,3.442973,0.000000,0.000000,0.000000,0.000000,0.000000,0.000000,0.000000,0.000000,1004
11,11,-22.5,-0.049031,0.883571,0.000000,0.000000,-0.435576,3.491003,0.000000,0.000000,0.000000,0.000000,0.000000,0.000000,0.000000,0.000000,877
11,11,-22,-0.037946,0.875792,0.000000,0.000000,-0.366071,3.535635,0.000000,0.000000,0.000000,0.000000,0.000000,0.000000,0.000000,0.000000,896
11,11,-21.5,-0.029960,0.877645,0.000000,0.000000,-0.340081,3.589608,0.000000,0.000000,0.000000,0.000000,0.000000,0.000000,0.000000,0.000000,1235
11,11,-21,-0.057516,0.859437,0.000000,0.000000,-0.452288,3.439880,0.000000,0.000000,0.000000,0.000000,0.000000,0.000000,0.000000,0.000000,1530
11,11,-20.5,-0.043440,0.873873,0.000000,0.000000,-0.357950,3.569526,0.000000,0.000000,0.000000,0.000000,0.000000,0.000000,0.000000,0.000000,1151
11,11,-20,-0.064556,0.880997,0.000000,0.000000,-0.356300,3.550269,0.000000,0.000000,0.000000,0.000000,0.000000,0.000000,0.000000,0.000000,1611
11,11,-19.5,-0.031078,0.866202,0.000000,0.000000,-0.303759,3.510738,0.000000,0.000000,0.000000,0.000000,0.000000,0.000000,0.000000,0.000000,1995
11,11,-19,-0.042354,0.884073,0.000000,0.000000,-0.345074,3.570626,0.000000,0.000000,0.000000,0.000000,0.000000,0.000000,0.000000,0.000000,2243
11,11,-18.5,0.011954,0.880777,0.000000,0.000000,-0.217011,3.638423,0.000000,0.000000,0.000000,0.000000,0.000000,0.000000,0.000000,0.000000,2175
11,11,-18,0.001056,0.879619,0.000000,0.000000,-0.294263,3.605067,0.000000,0.000000,0.000000,0.000000,0.000000,0.000000,0.000000,0.000000,2841
11,11,-17.5,-0.006974,0.877756,0.000000,0.000000,-0.273499,3.608643,0.000000,0.000000,0.000000,0.000000,0.000000,0.000000,0.000000,0.000000,3298
11,11,-17,-0.008557,0.886460,0.000000,0.000000,-0.251488,3.659968,0.000000,0.000000,0.000000,0.000000,0.000000,0.000000,0.000000,0.000000,2688
11,11,-16.5,-0.011137,0.886434,0.000000,0.000000,-0.240352,3.644899,0.000000,0.000000,0.000000,0.000000,0.000000,0.000000,0.000000,0.000000,3861
11,11,-16,-0.016573,0.874534,0.000000,0.000000,-0.272310,3.581125,0.000000,0.000000,0.000000,0.000000,0.000000,0.000000,0.000000,0.000000,3922
11,11,-15.5,0.012577,0.879003,0.000000,0.000000,-0.217016,3.640204,0.000000,0.000000,0.000000,0.000000,0.000000,0.000000,0.000000,0.000000,4055
11,11,-15,-0.011781,0.877807,0.000000,0.000000,-0.281810,3.598246,0.000000,0.000000,0.000000,0.000000,0.000000,0.000000,0.000000,0.000000,4244
11,11,-14.5,0.000000,0.879339,0.000000,0.000000,-0.226777,3.617994,0.000000,0.000000,0.000000,0.000000,0.000000,0.000000,0.000000,0.000000,6050
11,11,-14,0.024921,0.877315,0.000000,0.000000,-0.178730,3.637262,0.000000,0.000000,0.000000,0.000000,0.000000,0.000000,0.000000,0.000000,6300
11,11,-13.5,0.035371,0.882721,0.000000,0.000000,-0.136451,3.653425,0.000000,0.000000,0.000000,0.000000,0.000000,0.000000,0.000000,0.000000,6757
11,11,-13,0.007598,0.875538,0.000000,0.000000,-0.171633,3.610590,0.000000,0.000000,0.000000,0.000000,0.000000,0.000000,0.000000,0.000000,6712
11,11,-12.5,0.009675,0.883556,0.000000,0.000000,-0.189835,3.636712,0.000000,0.000000,0.000000,0.000000,0.000000,0.000000,0.000000,0.000000,8165
11,11,-12,0.047455,0.878055,0.000000,0.000000,-0.084685,3.657198,0.000000,0.000000,0.000000,0.000000,0.000000,0.000000,0.000000,0.000000,8998
11,11,-11.5,0.012228,0.881478,0.000000,0.000000,-0.123484,3.652387,0.000000,0.000000,0.000000,0.000000,0.000000,0.000000,0.000000,0.000000,9977
11,11,-11,0.050756,0.878903,0.000000,0.000000,-0.082893,3.652962,0.000000,0.000000,0.000000,0.000000,0.000000,0.000000,0.000000,0.000000,11171
11,11,-10.5,0.028748,0.882294,0.000000,0.000000,-0.114477,3.658739,0.000000,0.000000,0.000000,0.000000,0.000000,0.000000,0.000000,0.000000,11653
11,11,-10,0.050094,0.882610,0.000000,0.000000,-0.091504,3.676639,0.000000,0.000000,0.000000,0.000000,0.000000,0.000000,0.000000,0.000000,14972
11,11,-9.5,0.052093,0.883657,0.000000,0.000000,-0.058074,3.672107,0.000000,0.000000,0.000000,0.000000,0.000000,0.000000,0.000000,0.000000,12708
11,11,-9,0.042647,0.879500,0.000000,0.000000,-0.088126,3.651527,0.000000,0.000000,0.000000,0.000000,0.000000,0.000000,0.000000,0.000000,16953
11,11,-8.5,0.046317,0.882207,0.000000,0.000000,-0.035629,3.662302,0.000000,0.000000,0.000000,0.000000,0.000000,0.000000,0.000000,0.000000,17121
11,11,-8,0.053481,0.882056,0.000000,0.000000,-0.041299,3.671267,0.000000,0.000000,0.000000,0.000000,0.000000,0.000000,0.000000,0.000000,20194
11,11,-7.5,0.057408,0.888658,0.000000,0.000000,-0.043273,3.691463,0.000000,0.000000,0.000000,0.000000,0.000000,0.000000,0.000000,0.000000,21861
11,11,-7,0.061488,0.880560,0.000000,0.000000,-0.018377,3.665748,0.000000,0.000000,0.000000,0.000000,0.000000,0.000000,0.000000,0.000000,22964
11,11,-6.5,0.064721,0.885936,0.000000,0.000000,0.005223,3.677502,0.000000,0.000000,0.000000,0.000000,0.000000,0.000000,0.000000,0.000000,26421
11,11,-6,0.069346,0.883064,0.000000,0.000000,0.011158,3.672283,0.000000,0.000000,0.000000,0.000000,0.000000,0.000000,0.000000,0.000000,30831
11,11,-5.5,0.077033,0.881984,0.000000,0.000000,0.017274,3.674494,0.000000,0.000000,0.000000,0.000000,0.000000,0.000000,0.000000,0.000000,29987
11,11,-5,0.083589,0.881978,0.000000,0.000000,0.024633,3.673541,0.000000,0.000000,0.000000,0.000000,0.000000,0.000000,0.000000,0.000000,31990
11,11,-4.5,0.087034,0.880712,0.000000,0.000000,0.052322,3.670892,0.000000,0.000000,0.000000,0.000000,0.000000,0.000000,0.000000,0.000000,41168
11,11,-4,0.086632,0.879862,0.000000,0.000000,0.056057,3.661552,0.000000,0.000000,0.000000,0.000000,0.000000,0.000000,0.000000,0.000000,42421
11,11,-3.5,0.088306,0.880256,0.000000,0.000000,0.058886,3.664541,0.000000,0.000000,0.000000,0.000000,0.000000,0.000000,0.000000,0.000000,44459
11,11,-3,0.093990,0.881638,0.000000,0.000000,0.075445,3.669385,0.000000,0.000000,0.000000,0.000000,0.000000,0.000000,0.000000,0.000000,52197
11,11,-2.5,0.100978,0.879845,0.000000,0.000000,0.098380,3.661667,0.000000,0.000000,0.000000,0.000000,0.000000,0.000000,0.000000,0.000000,57349
11,11,-2,0.096882,0.883040,0.000000,0.000000,0.096967,3.667807,0.000000,0.000000,0.000000,0.000000,0.000000,0.000000,0.000000,0.000000,58267
11,11,-1.5,0.112846,0.879424,0.000000,0.000000,0.124484,3.659746,0.000000,0.000000,0.000000,0.000000,0.000000,0.000000,0.000000,0.000000,68137
11,11,-1,0.104803,0.881630,0.000000,0.000000,0.121043,3.661706,0.000000,0.000000,0.000000,0.000000,0.000000,0.000000,0.000000,0.000000,72784
11,11,-0.5,0.111252,0.879689,0.000000,0.000000,0.133685,3.660850,0.000000,0.000000,0.000000,0.000000,0.000000,0.000000,0.000000,0.000000,59064
11,11,0,0.112828,0.879845,0.000000,0.000000,0.138256,3.654056,0.000000,0.000000,0.000000,0.000000,0.000000,0.000000,0.000000,0.000000,155494
11,11,0.5,0.119741,0.878228,0.000000,0.000000,0.154612,3.649109,0.000000,0.000000,0.000000,0.000000,0.000000,0.000000,0.000000,0.000000,102463
11,11,1,0.127496,0.876116,0.000000,0.000000,0.171476,3.642878,0.000000,0.000000,0.000000,0.000000,0.000000,0.000000,0.000000,0.000000,80081
11,11,1.5,0.123799,0.878002,0.000000,0.000000,0.168137,3.647125,0.000000,0.000000,0.000000,0.000000,0.000000,0.000000,0.000000,0.000000,117238
11,11,2,0.123732,0.878495,0.000000,0.000000,0.174515,3.647538,0.000000,0.000000,0.000000,0.000000,0.000000,0.000000,0.000000,0.000000,109091
11,11,2.5,0.132826,0.877430,0.000000,0.000000,0.202296,3.632725,0.000000,0.000000,0.000000,0.000000,0.000000,0.000000,0.000000,0.000000,69324
11,11,3,0.137271,0.878343,0.000000,0.000000,0.211480,3.642239,0.000000,0.000000,0.000000,0.000000,0.000000,0.000000,0.000000,0.000000,67647
11,11,3.5,0.133915,0.878434,0.000000,0.000000,0.217606,3.629312,0.000000,0.000000,0.000000,0.000000,0.000000,0.000000,0.000000,0.000000,55311
11,11,4,0.142515,0.875406,0.000000,0.000000,0.230496,3.624377,0.000000,0.000000,0.000000,0.000000,0.000000,0.000000,0.000000,0.000000,56001
11,11,4.5,0.136890,0.875737,0.000000,0.000000,0.234067,3.613151,0.000000,0.000000,0.000000,0.000000,0.000000,0.000000,0.000000,0.000000,49003
11,11,5,0.154181,0.872140,0.000000,0.000000,0.263435,3.603915,0.000000,0.000000,0.000000,0.000000,0.000000,0.000000,0.000000,0.000000,42781
11,11,5.5,0.151479,0.873856,0.000000,0.000000,0.261135,3.611682,0.000000,0.000000,0.000000,0.000000,0.000000,0.000000,0.000000,0.000000,39022
11,11,6,0.165980,0.868544,0.000000,0.000000,0.290387,3.593209,0.000000,0.000000,0.000000,0.000000,0.000000,0.000000,0.000000,0.000000,38342
11,11,6.5,0.150760,0.877074,0.000000,0.000000,0.275559,3.607093,0.000000,0.000000,0.000000,0.000000,0.000000,0.000000,0.000000,0.000000,32356
11,11,7,0.163840,0.870951,0.000000,0.000000,0.300846,3.584643,0.000000,0.000000,0.000000,0.000000,0.000000,0.000000,0.000000,0.000000,28247
11,11,7.5,0.164601,0.871373,0.000000,0.000000,0.314051,3.577024,0.000000,0.000000,0.000000,0.000000,0.000000,0.000000,0.000000,0.000000,27193
11,11,8,0.179575,0.865548,0.000000,0.000000,0.349070,3.555390,0.000000,0.000000,0.000000,0.000000,0.000000,0.000000,0.000000,0.000000,24402
11,11,8.5,0.194482,0.862158,0.000000,0.000000,0.375742,3.548030,0.000000,0.000000,0.000000,0.000000,0.000000,0.000000,0.000000,0.000000,20876
11,11,9,0.188415,0.862945,0.000000,0.000000,0.371314,3.537953,0.000000,0.000000,0.000000,0.000000,0.000000,0.000000,0.000000,0.000000,19940
11,11,9.5,0.187228,0.861541,0.000000,0.000000,0.359042,3.537313,0.000000,0.000000,0.000000,0.000000,0.000000,0.000000,0.000000,0.000000,15831
11,11,10,0.189038,0.866422,0.000000,0.000000,0.358834,3.558002,0.000000,0.000000,0.000000,0.000000,0.000000,0.000000,0.000000,0.000000,17150
11,11,10.5,0.190352,0.865693,0.000000,0.000000,0.397219,3.532787,0.000000,0.000000,0.000000,0.000000,0.000000,0.000000,0.000000,0.000000,13806
11,11,11,0.187456,0.866635,0.000000,0.000000,0.384526,3.542969,0.000000,0.000000,0.000000,0.000000,0.000000,0.000000,0.000000,0.000000,12899
11,11,11.5,0.182027,0.868702,0.000000,0.000000,0.396716,3.525879,0.000000,0.000000,0.000000,0.000000,0.000000,0.000000,0.000000,0.000000,11328
11,11,12,0.215173,0.849725,0.000000,0.000000,0.429190,3.483072,0.000000,0.000000,0.000000,0.000000,0.000000,0.000000,0.000000,0.000000,10387
11,11,12.5,0.212885,0.858364,0.000000,0.000000,0.434820,3.496344,0.000000,0.000000,0.000000,0.000000,0.000000,0.000000,0.000000,0.000000,9282
11,11,13,0.199762,0.869475,0.000000,0.000000,0.441593,3.519244,0.000000,0.000000,0.000000,0.000000,0.000000,0.000000,0.000000,0.000000,7559
11,11,13.5,0.203552,0.863585,0.000000,0.000000,0.456881,3.486134,0.000000,0.000000,0.000000,0.000000,0.000000,0.000000,0.000000,0.000000,7433
11,11,14,0.225797,0.855289,0.000000,0.000000,0.470104,3.472847,0.000000,0.000000,0.000000,0.000000,0.000000,0.000000,0.000000,0.000000,6807
11,11,14.5,0.207623,0.863762,0.000000,0.000000,0.427232,3.511956,0.000000,0.000000,0.000000,0.000000,0.000000,0.000000,0.000000,0.000000,6507
11,11,15,0.219680,0.857503,0.000000,0.000000,0.459746,3.480749,0.000000,0.000000,0.000000,0.000000,0.000000,0.000000,0.000000,0.000000,4807
11,11,15.5,0.225922,0.854658,0.000000,0.000000,0.517989,3.413475,0.000000,0.000000,0.000000,0.000000,0.000000,0.000000,0.000000,0.000000,4475
11,11,16,0.218350,0.854554,0.000000,0.000000,0.468288,3.460827,0.000000,0.000000,0.000000,0.000000,0.000000,0.000000,0.000000,0.000000,3989
11,11,16.5,0.251418,0.847470,0.000000,0.000000,0.526938,3.426496,0.000000,0.000000,0.000000,0.000000,0.000000,0.000000,0.000000,0.000000,4232
11,11,17,0.269727,0.833990,0.000000,0.000000,0.587518,3.343488,0.000000,0.000000,0.000000,0.000000,0.000000,0.000000,0.000000,0.000000,2788
11,11,17.5,0.247890,0.845416,0.000000,0.000000,0.514350,3.433812,0.000000,0.000000,0.000000,0.000000,0.000000,0.000000,0.000000,0.000000,3554
11,11,18,0.258184,0.835467,0.000000,0.000000,0.560243,3.349982,0.000000,0.000000,0.000000,0.000000,0.000000,0.000000,0.000000,0.000000,2963
11,11,18.5,0.264848,0.828228,0.000000,0.000000,0.581610,3.323850,0.000000,0.000000,0.000000,0.000000,0.000000,0.000000,0.000000,0.000000,2273
11,11,19,0.250574,0.836708,0.000000,0.000000,0.569068,3.343899,0.000000,0.000000,0.000000,0.000000,0.000000,0.000000,0.000000,0.000000,2179
11,11,19.5,0.277882,0.838902,0.000000,0.000000,0.610122,3.348464,0.000000,0.000000,0.000000,0.000000,0.000000,0.000000,0.000000,0.000000,2134
11,11,20,0.269097,0.839045,0.000000,0.000000,0.571759,3.376795,0.000000,0.000000,0.000000,0.000000,0.000000,0.000000,0.000000,0.000000,1728
11,11,20.5,0.276832,0.830840,0.000000,0.000000,0.535899,3.401931,0.000000,0.000000,0.000000,0.000000,0.000000,0.000000,0.000000,0.000000,1351
11,11,21,0.260897,0.840966,0.000000,0.000000,0.579912,3.360481,0.000000,0.000000,0.000000,0.000000,0.000000,0.000000,0.000000,0.000000,1583
11,11,21.5,0.250850,0.842686,0.000000,0.000000,0.549320,3.388724,0.000000,0.000000,0.000000,0.000000,0.000000,0.000000,0.000000,0.000000,1176
11,11,22,0.226571,0.861127,0.000000,0.000000,0.642636,3.269820,0.000000,0.000000,0.000000,0.000000,0.000000,0.000000,0.000000,0.000000,971
11,11,22.5,0.245810,0.840136,0.000000,0.000000,0.529609,3.370911,0.000000,0.000000,0.000000,0.000000,0.000000,0.000000,0.000000,0.000000,895
11,11,23,0.363730,0.792906,0.000000,0.000000,0.817623,3.089689,0.000000,0.000000,0.000000,0.000000,0.000000,0.000000,0.000000,0.000000,976
11,11,23.5,0.255605,0.859927,0.000000,0.000000,0.654709,3.296319,0.000000,0.000000,0.000000,0.000000,0.000000,0.000000,0.000000,0.000000,669
11,11,24,0.276336,0.822875,0.000000,0.000000,0.647328,3.208447,0.000000,0.000000,0.000000,0.000000,0.000000,0.000000,0.000000,0.000000,655
11,11,24.5,0.344928,0.796967,0.000000,0.000000,0.710145,3.200042,0.000000,0.000000,0.000000,0.000000,0.000000,0.000000,0.000000,0.000000,690
11,11,25,0.313218,0.812814,0.000000,0.000000,0.712644,3.193288,0.000000,0.000000,0.000000,0.000000,0.000000,0.000000,0.000000,0.000000,348
11,11,25.5,0.292906,0.820384,0.000000,0.000000,0.645309,3.235750,0.000000,0.000000,0.000000,0.000000,0.000000,0.000000,0.000000,0.000000,437
11,11,26,0.351630,0.797454,0.000000,0.000000,0.881647,2.948257,0.000000,0.000000,0.000000,0.000000,0.000000,0.000000,0.000000,0.000000,583
11,11,26.5,0.241611,0.854376,0.000000,0.000000,0.624161,3.274852,0.000000,0.000000,0.000000,0.000000,0.000000,0.000000,0.000000,0.000000,298
11,11,27,0.223529,0.855917,0.000000,0.000000,0.658824,3.236540,0.000000,0.000000,0.000000,0.000000,0.000000,0.000000,0.000000,0.000000,170
11,11,27.5,0.283626,0.828913,0.000000,0.000000,0.719298,3.143429,0.000000,0.000000,0.000000,0.000000,0.000000,0.000000,0.000000,0.000000,342
11,11,28,0.385870,0.736974,0.000000,0.000000,0.673913,3.154537,0.000000,0.000000,0.000000,0.000000,0.000000,0.000000,0.000000,0.000000,184
11,11,28.5,0.346591,0.806011,0.000000,0.000000,0.806818,3.144499,0.000000,0.000000,0.000000,0.000000,0.000000,0.000000,0.000000,0.000000,176
11,11,29,0.339450,0.783857,0.000000,0.000000,0.908257,2.789748,0.000000,0.000000,0.000000,0.000000,0.000000,0.000000,0.000000,0.000000,218
11,11,29.5,0.385965,0.763312,0.000000,0.000000,1.035088,2.612804,0.000000,0.000000,0.000000,0.000000,0.000000,0.000000,0.000000,0.000000,114
11,11,30,0.381818,0.726942,0.000000,0.000000,0.909091,2.809917,0.000000,0.000000,0.000000,0.000000,0.000000,0.000000,0.000000,0.000000,110
11,11,30.5,0.293478,0.881262,0.000000,0.000000,0.608696,3.542533,0.000000,0.000000,0.000000,0.000000,0.000000,0.000000,0.000000,0.000000,92
11,11,31,0.361345,0.802203,0.000000,0.000000,0.857143,2.996399,0.000000,0.000000,0.000000,0.000000,0.000000,0.000000,0.000000,0.000000,119
11,11,31.5,0.380282,0.770879,0.000000,0.000000,0.845070,3.004166,0.000000,0.000000,0.000000,0.000000,0.000000,0.000000,0.000000,0.000000,71
11,11,32,0.440000,0.686400,0.000000,0.000000,0.960000,2.598400,0.000000,0.000000,0.000000,0.000000,0.000000,0.000000,0.000000,0.000000,50
11,11,32.5,0.554217,0.632603,0.000000,0.000000,1.132530,2.524604,0.000000,0.000000,0.000000,0.000000,0.000000,0.000000,0.000000,0.000000,83
11,11,33,0.370370,0.751715,0.000000,0.000000,0.814815,2.891632,0.000000,0.000000,0.000000,0.000000,0.000000,0.000000,0.000000,0.000000,54
11,11,33.5,0.117647,0.927336,0.000000,0.000000,0.705882,3.266436,0.000000,0.000000,0.000000,0.000000,0.000000,0.000000,0.000000,0.000000,34
11,11,34,0.318182,0.853306,0.000000,0.000000,0.772727,3.311983,0.000000,0.000000,0.000000,0.000000,0.000000,0.000000,0.000000,0.000000,44
11,11,34.5,0.241379,0.872771,0.000000,0.000000,0.758621,3.148633,0.000000,0.000000,0.000000,0.000000,0.000000,0.000000,0.000000,0.000000,29
11,11,35,0.444444,0.617284,0.000000,0.000000,0.962963,2.480110,0.000000,0.000000,0.000000,0.000000,0.000000,0.000000,0.000000,0.000000,27
11,11,35.5,-0.200000,0.760000,0.000000,0.000000,-0.000000,3.200000,0.000000,0.000000,0.000000,0.000000,0.000000,0.000000,0.000000,0.000000,10
11,11,36,0.500000,0.704545,0.000000,0.000000,1.181818,2.421488,0.000000,0.000000,0.000000,0.000000,0.000000,0.000000,0.000000,0.000000,22
11,11,36.5,0.714286,0.489796,0.000000,0.000000,1.428571,1.959184,0.000000,0.000000,0.000000,0.000000,0.000000,0.000000,0.000000,0.000000,14
11,11,37,0.642857,0.515306,0.000000,0.000000,1.285714,2.061224,0.000000,0.000000,0.000000,0.000000,0.000000,0.000000,0.000000,0.000000,14
11,11,37.5,0.437500,0.746094,0.000000,0.000000,1.625000,1.109375,0.000000,0.000000,0.000000,0.000000,0.000000,0.000000,0.000000,0.000000,16
11,11,38,0.588235,0.595156,0.000000,0.000000,1.176471,2.380623,0.000000,0.000000,0.000000,0.000000,0.000000,0.000000,0.000000,0.000000,17
11,11,38.5,1.000000,0.000000,0.000000,0.000000,2.000000,0.000000,0.000000,0.000000,0.000000,0.000000,0.000000,0.000000,0.000000,0.000000,6
11,11,39,0.090909,0.991736,0.000000,0.000000,0.181818,3.966942,0.000000,0.000000,0.000000,0.000000,0.000000,0.000000,0.000000,0.000000,11
11,11,39.5,0.600000,0.640000,0.000000,0.000000,1.200000,2.560000,0.000000,0.000000,0.000000,0.000000,0.000000,0.000000,0.000000,0.000000,5
11,11,40,-0.333333,0.888889,0.000000,0.000000,-0.000000,4.000000,0.000000,0.000000,0.000000,0.000000,0.000000,0.000000,0.000000,0.000000,6
11,11,40.5,0.400000,0.640000,0.000000,0.000000,0.000000,3.200000,0.000000,0.000000,0.000000,0.000000,0.000000,0.000000,0.000000,0.000000,5
11,11,41,0.333333,0.888889,0.000000,0.000000,2.000000,0.000000,0.000000,0.000000,0.000000,0.000000,0.000000,0.000000,0.000000,0.000000,3
11,11,41.5,1.000000,0.000000,0.000000,0.000000,2.000000,0.000000,0.000000,0.000000,0.000000,0.000000,0.000000,0.000000,0.000000,0.000000,2
11,11,42,0.000000,0.000000,0.000000,0.000000,0.000000,0.000000,0.000000,0.000000,0.000000,0.000000,0.000000,0.000000,0.000000,0.000000,1
11,11,42.5,0.333333,0.888889,0.000000,0.000000,0.666667,3.555556,0.000000,0.000000,0.000000,0.000000,0.000000,0.000000,0.000000,0.000000,3
11,11,43,-0.000000,1.000000,0.000000,0.000000,1.000000,3.000000,0.000000,0.000000,0.000000,0.000000,0.000000,0.000000,0.000000,0.000000,4
11,11,43.5,1.000000,0.000000,0.000000,0.000000,2.000000,0.000000,0.000000,0.000000,0.000000,0.000000,0.000000,0.000000,0.000000,0.000000,1
11,11,44.5,1.000000,0.000000,0.000000,0.000000,2.000000,0.000000,0.000000,0.000000,0.000000,0.000000,0.000000,0.000000,0.000000,0.000000,1
