UserValue,DealerValue,TrueCount,Hit EV,Hit Variance,Stand EV,Stand Variance,Double EV,Double Variance,Split EV,Split Variance,Surrender EV,Surrender Variance,Insurance Accept EV,Insurance Accept Variance,Insurance Decline EV,Insurance Decline Variance,Hands Played
14,10,-55,1.000000,0.000000,0.000000,0.000000,0.000000,0.000000,0.000000,0.000000,-0.500000,0.000000,0.000000,0.000000,0.000000,0.000000,1
14,10,-52,0.000000,1.000000,0.000000,0.000000,0.000000,0.000000,0.000000,0.000000,-0.500000,0.000000,0.000000,0.000000,0.000000,0.000000,2
14,10,-50.5,1.000000,0.000000,0.000000,0.000000,0.000000,0.000000,0.000000,0.000000,-0.500000,0.000000,0.000000,0.000000,0.000000,0.000000,1
14,10,-49,0.500000,0.750000,0.000000,0.000000,0.000000,0.000000,0.000000,0.000000,-0.500000,0.000000,0.000000,0.000000,0.000000,0.000000,4
14,10,-48,0.000000,0.000000,0.000000,0.000000,0.000000,0.000000,0.000000,0.000000,-0.500000,0.000000,0.000000,0.000000,0.000000,0.000000,1
14,10,-47.5,0.375000,0.734375,0.000000,0.000000,0.000000,0.000000,0.000000,0.000000,-0.500000,0.000000,0.000000,0.000000,0.000000,0.000000,8
14,10,-47,0.000000,1.000000,0.000000,0.000000,0.000000,0.000000,0.000000,0.000000,-0.500000,0.000000,0.000000,0.000000,0.000000,0.000000,2
14,10,-46.5,1.000000,0.000000,0.000000,0.000000,0.000000,0.000000,0.000000,0.000000,-0.500000,0.000000,0.000000,0.000000,0.000000,0.000000,1
14,10,-46,0.000000,0.750000,0.000000,0.000000,0.000000,0.000000,0.000000,0.000000,-0.500000,0.000000,0.000000,0.000000,0.000000,0.000000,8
14,10,-45.5,0.500000,0.650000,0.000000,0.000000,0.000000,0.000000,0.000000,0.000000,-0.500000,0.000000,0.000000,0.000000,0.000000,0.000000,10
14,10,-45,1.000000,0.000000,0.000000,0.000000,0.000000,0.000000,0.000000,0.000000,-0.500000,0.000000,0.000000,0.000000,0.000000,0.000000,1
14,10,-44.5,0.222222,0.839506,0.000000,0.000000,0.000000,0.000000,0.000000,0.000000,-0.500000,0.000000,0.000000,0.000000,0.000000,0.000000,9
14,10,-44,0.047619,0.902494,0.000000,0.000000,0.000000,0.000000,0.000000,0.000000,-0.500000,0.000000,0.000000,0.000000,0.000000,0.000000,21
14,10,-43.5,-0.000000,0.571429,0.000000,0.000000,0.000000,0.000000,0.000000,0.000000,-0.500000,0.000000,0.000000,0.000000,0.000000,0.000000,7
14,10,-43,-0.227273,0.902893,0.000000,0.000000,0.000000,0.000000,0.000000,0.000000,-0.500000,0.000000,0.000000,0.000000,0.000000,0.000000,22
14,10,-42.5,-0.216216,0.872169,0.000000,0.000000,0.000000,0.000000,0.000000,0.000000,-0.500000,0.000000,0.000000,0.000000,0.000000,0.000000,37
14,10,-42,0.214286,0.882653,0.000000,0.000000,0.000000,0.000000,0.000000,0.000000,-0.500000,0.000000,0.000000,0.000000,0.000000,0.000000,14
14,10,-41.5,0.161290,0.909469,0.000000,0.000000,0.000000,0.000000,0.000000,0.000000,-0.500000,0.000000,0.000000,0.000000,0.000000,0.000000,31
14,10,-41,-0.062500,0.933594,0.000000,0.000000,0.000000,0.000000,0.000000,0.000000,-0.500000,0.000000,0.000000,0.000000,0.000000,0.000000,32
14,10,-40.5,-0.222222,0.839506,0.000000,0.000000,0.000000,0.000000,0.000000,0.000000,-0.500000,0.000000,0.000000,0.000000,0.000000,0.000000,36
14,10,-40,0.050000,0.847500,0.000000,0.000000,0.000000,0.000000,0.000000,0.000000,-0.500000,0.000000,0.000000,0.000000,0.000000,0.000000,40
14,10,-39.5,-0.036364,0.907769,0.000000,0.000000,0.000000,0.000000,0.000000,0.000000,-0.500000,0.000000,0.000000,0.000000,0.000000,0.000000,55
14,10,-39,-0.075758,0.857897,0.000000,0.000000,0.000000,0.000000,0.000000,0.000000,-0.500000,0.000000,0.000000,0.000000,0.000000,0.000000,66
14,10,-38.5,-0.382979,0.661838,0.000000,0.000000,0.000000,0.000000,0.000000,0.000000,-0.500000,0.000000,0.000000,0.000000,0.000000,0.000000,47
14,10,-38,0.008333,0.858264,0.000000,0.000000,0.000000,0.000000,0.000000,0.000000,-0.500000,0.000000,0.000000,0.000000,0.000000,0.000000,120
14,10,-37.5,-0.156463,0.853070,0.000000,0.000000,0.000000,0.000000,0.000000,0.000000,-0.500000,0.000000,0.000000,0.000000,0.000000,0.000000,147
14,10,-37,-0.197368,0.816309,0.000000,0.000000,0.000000,0.000000,0.000000,0.000000,-0.500000,0.000000,0.000000,0.000000,0.000000,0.000000,76
14,10,-36.5,-0.027027,0.945215,0.000000,0.000000,0.000000,0.000000,0.000000,0.000000,-0.500000,0.000000,0.000000,0.000000,0.000000,0.000000,111
14,10,-36,-0.165138,0.853464,0.000000,0.000000,0.000000,0.000000,0.000000,0.000000,-0.500000,0.000000,0.000000,0.000000,0.000000,0.000000,327
14,10,-35.5,-0.086957,0.876497,0.000000,0.000000,0.000000,0.000000,0.000000,0.000000,-0.500000,0.000000,0.000000,0.000000,0.000000,0.000000,138
14,10,-35,-0.041451,0.899836,0.000000,0.000000,0.000000,0.000000,0.000000,0.000000,-0.500000,0.000000,0.000000,0.000000,0.000000,0.000000,193
14,10,-34.5,-0.126316,0.889307,0.000000,0.000000,0.000000,0.000000,0.000000,0.000000,-0.500000,0.000000,0.000000,0.000000,0.000000,0.000000,285
14,10,-34,-0.163355,0.843072,0.000000,0.000000,0.000000,0.000000,0.000000,0.000000,-0.500000,0.000000,0.000000,0.000000,0.000000,0.000000,453
14,10,-33.5,-0.150769,0.878807,0.000000,0.000000,0.000000,0.000000,0.000000,0.000000,-0.500000,0.000000,0.000000,0.000000,0.000000,0.000000,325
14,10,-33,-0.197154,0.857472,0.000000,0.000000,0.000000,0.000000,0.000000,0.000000,-0.500000,0.000000,0.000000,0.000000,0.000000,0.000000,492
14,10,-32.5,-0.089796,0.898059,0.000000,0.000000,0.000000,0.000000,0.000000,0.000000,-0.500000,0.000000,0.000000,0.000000,0.000000,0.000000,735
14,10,-32,-0.166932,0.873565,0.000000,0.000000,0.000000,0.000000,0.000000,0.000000,-0.500000,0.000000,0.000000,0.000000,0.000000,0.000000,629
14,10,-31.5,-0.191388,0.840564,0.000000,0.000000,0.000000,0.000000,0.000000,0.000000,-0.500000,0.000000,0.000000,0.000000,0.000000,0.000000,627
14,10,-31,-0.147905,0.891846,0.000000,0.000000,0.000000,0.000000,0.000000,0.000000,-0.500000,0.000000,0.000000,0.000000,0.000000,0.000000,1217
14,10,-30.5,-0.124117,0.887723,0.000000,0.000000,0.000000,0.000000,0.000000,0.000000,-0.500000,0.000000,0.000000,0.000000,0.000000,0.000000,991
14,10,-30,-0.187382,0.856602,0.000000,0.000000,0.000000,0.000000,0.000000,0.000000,-0.500000,0.000000,0.000000,0.000000,0.000000,0.000000,1062
14,10,-29.5,-0.130709,0.874254,0.000000,0.000000,0.000000,0.000000,0.000000,0.000000,-0.500000,0.000000,0.000000,0.000000,0.000000,0.000000,1270
14,10,-29,-0.151857,0.874448,0.000000,0.000000,0.000000,0.000000,0.000000,0.000000,-0.500000,0.000000,0.000000,0.000000,0.000000,0.000000,2127
14,10,-28.5,-0.192893,0.859577,0.000000,0.000000,0.000000,0.000000,0.000000,0.000000,-0.500000,0.000000,0.000000,0.000000,0.000000,0.000000,1773
14,10,-28,-0.239120,0.849275,0.000000,0.000000,0.000000,0.000000,0.000000,0.000000,-0.500000,0.000000,0.000000,0.000000,0.000000,0.000000,1999
14,10,-27.5,-0.144205,0.878939,0.000000,0.000000,0.000000,0.000000,0.000000,0.000000,-0.500000,0.000000,0.000000,0.000000,0.000000,0.000000,3391
14,10,-27,-0.192135,0.867579,0.000000,0.000000,0.000000,0.000000,0.000000,0.000000,-0.500000,0.000000,0.000000,0.000000,0.000000,0.000000,1780
14,10,-26.5,-0.225987,0.849259,0.000000,0.000000,0.000000,0.000000,0.000000,0.000000,-0.500000,0.000000,0.000000,0.000000,0.000000,0.000000,3040
14,10,-26,-0.196233,0.859993,0.000000,0.000000,0.000000,0.000000,0.000000,0.000000,-0.500000,0.000000,0.000000,0.000000,0.000000,0.000000,5468
14,10,-25.5,-0.229313,0.859290,0.000000,0.000000,0.000000,0.000000,0.000000,0.000000,-0.500000,0.000000,0.000000,0.000000,0.000000,0.000000,4278
14,10,-25,-0.242771,0.850500,0.000000,0.000000,0.000000,0.000000,0.000000,0.000000,-0.500000,0.000000,0.000000,0.000000,0.000000,0.000000,3147
14,10,-24.5,-0.247070,0.847611,0.000000,0.000000,0.000000,0.000000,0.000000,0.000000,-0.500000,0.000000,0.000000,0.000000,0.000000,0.000000,7083
14,10,-24,-0.226205,0.855948,0.000000,0.000000,0.000000,0.000000,0.000000,0.000000,-0.500000,0.000000,0.000000,0.000000,0.000000,0.000000,5663
14,10,-23.5,-0.249482,0.848288,0.000000,0.000000,0.000000,0.000000,0.000000,0.000000,-0.500000,0.000000,0.000000,0.000000,0.000000,0.000000,6762
14,10,-23,-0.250276,0.846206,0.000000,0.000000,0.000000,0.000000,0.000000,0.000000,-0.500000,0.000000,0.000000,0.000000,0.000000,0.000000,9961
14,10,-22.5,-0.260554,0.843116,0.000000,0.000000,0.000000,0.000000,0.000000,0.000000,-0.500000,0.000000,0.000000,0.000000,0.000000,0.000000,8551
14,10,-22,-0.254420,0.849154,0.000000,0.000000,0.000000,0.000000,0.000000,0.000000,-0.500000,0.000000,0.000000,0.000000,0.000000,0.000000,9162
14,10,-21.5,-0.268805,0.839814,0.000000,0.000000,0.000000,0.000000,0.000000,0.000000,-0.500000,0.000000,0.000000,0.000000,0.000000,0.000000,11566
14,10,-21,-0.266503,0.839020,0.000000,0.000000,0.000000,0.000000,0.000000,0.000000,-0.500000,0.000000,0.000000,0.000000,0.000000,0.000000,15452
14,10,-20.5,-0.255350,0.841362,0.000000,0.000000,0.000000,0.000000,0.000000,0.000000,-0.500000,0.000000,0.000000,0.000000,0.000000,0.000000,12383
14,10,-20,-0.273990,0.840319,0.000000,0.000000,0.000000,0.000000,0.000000,0.000000,-0.500000,0.000000,0.000000,0.000000,0.000000,0.000000,16121
14,10,-19.5,-0.281123,0.835159,0.000000,0.000000,0.000000,0.000000,0.000000,0.000000,-0.500000,0.000000,0.000000,0.000000,0.000000,0.000000,19881
14,10,-19,-0.295318,0.824790,0.000000,0.000000,0.000000,0.000000,0.000000,0.000000,-0.500000,0.000000,0.000000,0.000000,0.000000,0.000000,21421
14,10,-18.5,-0.294311,0.826471,0.000000,0.000000,0.000000,0.000000,0.000000,0.000000,-0.500000,0.000000,0.000000,0.000000,0.000000,0.000000,21620
14,10,-18,-0.295825,0.826464,0.000000,0.000000,0.000000,0.000000,0.000000,0.000000,-0.500000,0.000000,0.000000,0.000000,0.000000,0.000000,28527
14,10,-17.5,-0.295225,0.827127,0.000000,0.000000,0.000000,0.000000,0.000000,0.000000,-0.500000,0.000000,0.000000,0.000000,0.000000,0.000000,33693
14,10,-17,-0.299266,0.823608,0.000000,0.000000,0.000000,0.000000,0.000000,0.000000,-0.500000,0.000000,0.000000,0.000000,0.000000,0.000000,26154
14,10,-16.5,-0.318550,0.816583,0.000000,0.000000,0.000000,0.000000,0.000000,0.000000,-0.500000,0.000000,0.000000,0.000000,0.000000,0.000000,39796
14,10,-16,-0.323731,0.812129,0.000000,0.000000,0.000000,0.000000,0.000000,0.000000,-0.500000,0.000000,0.000000,0.000000,0.000000,0.000000,38149
14,10,-15.5,-0.324861,0.808095,0.000000,0.000000,0.000000,0.000000,0.000000,0.000000,-0.500000,0.000000,0.000000,0.000000,0.000000,0.000000,41901
14,10,-15,-0.331928,0.804473,0.000000,0.000000,0.000000,0.000000,0.000000,0.000000,-0.500000,0.000000,0.000000,0.000000,0.000000,0.000000,45061
14,10,-14.5,-0.330054,0.808443,0.000000,0.000000,0.000000,0.000000,0.000000,0.000000,-0.500000,0.000000,0.000000,0.000000,0.000000,0.000000,60069
14,10,-14,-0.342735,0.799828,0.000000,0.000000,0.000000,0.000000,0.000000,0.000000,-0.500000,0.000000,0.000000,0.000000,0.000000,0.000000,62681
14,10,-13.5,-0.337798,0.803407,0.000000,0.000000,0.000000,0.000000,0.000000,0.000000,-0.500000,0.000000,0.000000,0.000000,0.000000,0.000000,69503
14,10,-13,-0.344380,0.800259,0.000000,0.000000,0.000000,0.000000,0.000000,0.000000,-0.500000,0.000000,0.000000,0.000000,0.000000,0.000000,70492
14,10,-12.5,-0.355325,0.792879,0.000000,0.000000,0.000000,0.000000,0.000000,0.000000,-0.500000,0.000000,0.000000,0.000000,0.000000,0.000000,84486
14,10,-12,-0.360258,0.790103,0.000000,0.000000,0.000000,0.000000,0.000000,0.000000,-0.500000,0.000000,0.000000,0.000000,0.000000,0.000000,93819
14,10,-11.5,-0.360050,0.790095,0.000000,0.000000,0.000000,0.000000,0.000000,0.000000,-0.500000,0.000000,0.000000,0.000000,0.000000,0.000000,102294
14,10,-11,-0.368047,0.785035,0.000000,0.000000,0.000000,0.000000,0.000000,0.000000,-0.500000,0.000000,0.000000,0.000000,0.000000,0.000000,116833
14,10,-10.5,-0.366854,0.787807,0.000000,0.000000,0.000000,0.000000,0.000000,0.000000,-0.500000,0.000000,0.000000,0.000000,0.000000,0.000000,122185
14,10,-10,-0.378885,0.777810,0.000000,0.000000,0.000000,0.000000,0.000000,0.000000,-0.500000,0.000000,0.000000,0.000000,0.000000,0.000000,157536
14,10,-9.5,-0.377554,0.780717,0.000000,0.000000,0.000000,0.000000,0.000000,0.000000,-0.500000,0.000000,0.000000,0.000000,0.000000,0.000000,139686
14,10,-9,-0.382019,0.776923,0.000000,0.000000,0.000000,0.000000,0.000000,0.000000,-0.500000,0.000000,0.000000,0.000000,0.000000,0.000000,175944
14,10,-8.5,-0.391656,0.769982,0.000000,0.000000,0.000000,0.000000,0.000000,0.000000,-0.500000,0.000000,0.000000,0.000000,0.000000,0.000000,185229
14,10,-8,-0.394821,0.767965,0.000000,0.000000,0.000000,0.000000,0.000000,0.000000,-0.500000,0.000000,0.000000,0.000000,0.000000,0.000000,214639
14,10,-7.5,-0.400561,0.763596,0.000000,0.000000,0.000000,0.000000,0.000000,0.000000,-0.500000,0.000000,0.000000,0.000000,0.000000,0.000000,236603
14,10,-7,-0.404487,0.760904,0.000000,0.000000,0.000000,0.000000,0.000000,0.000000,-0.500000,0.000000,0.000000,0.000000,0.000000,0.000000,250468
14,10,-6.5,-0.409154,0.757550,0.000000,0.000000,0.000000,0.000000,0.000000,0.000000,-0.500000,0.000000,0.000000,0.000000,0.000000,0.000000,287009
14,10,-6,-0.413465,0.754725,0.000000,0.000000,0.000000,0.000000,0.000000,0.000000,-0.500000,0.000000,0.000000,0.000000,0.000000,0.000000,334626
14,10,-5.5,-0.416363,0.752948,0.000000,0.000000,0.000000,0.000000,0.000000,0.000000,-0.500000,0.000000,0.000000,0.000000,0.000000,0.000000,334739
14,10,-5,-0.423111,0.748967,0.000000,0.000000,0.000000,0.000000,0.000000,0.000000,-0.500000,0.000000,0.000000,0.000000,0.000000,0.000000,353697
14,10,-4.5,-0.426052,0.745651,0.000000,0.000000,0.000000,0.000000,0.000000,0.000000,-0.500000,0.000000,0.000000,0.000000,0.000000,0.000000,456494
14,10,-4,-0.431334,0.741559,0.000000,0.000000,0.000000,0.000000,0.000000,0.000000,-0.500000,0.000000,0.000000,0.000000,0.000000,0.000000,490777
14,10,-3.5,-0.436120,0.737818,0.000000,0.000000,0.000000,0.000000,0.000000,0.000000,-0.500000,0.000000,0.000000,0.000000,0.000000,0.000000,510020
14,10,-3,-0.438895,0.736124,0.000000,0.000000,0.000000,0.000000,0.000000,0.000000,-0.500000,0.000000,0.000000,0.000000,0.000000,0.000000,579499
14,10,-2.5,-0.446806,0.729561,0.000000,0.000000,0.000000,0.000000,0.000000,0.000000,-0.500000,0.000000,0.000000,0.000000,0.000000,0.000000,614999
14,10,-2,-0.448322,0.728720,0.000000,0.000000,0.000000,0.000000,0.000000,0.000000,-0.500000,0.000000,0.000000,0.000000,0.000000,0.000000,641246
14,10,-1.5,-0.456039,0.722265,0.000000,0.000000,0.000000,0.000000,0.000000,0.000000,-0.500000,0.000000,0.000000,0.000000,0.000000,0.000000,692234
14,10,-1,-0.456755,0.721853,0.000000,0.000000,0.000000,0.000000,0.000000,0.000000,-0.500000,0.000000,0.000000,0.000000,0.000000,0.000000,1505944
14,10,-0.5,-0.461774,0.716965,0.000000,0.000000,0.000000,0.000000,0.000000,0.000000,-0.500000,0.000000,0.000000,0.000000,0.000000,0.000000,754928
14,10,0,-0.468458,0.712353,0.000000,0.000000,0.000000,0.000000,0.000000,0.000000,-0.500000,0.000000,0.000000,0.000000,0.000000,0.000000,1289295
14,10,0.5,-0.470246,0.710767,0.000000,0.000000,0.000000,0.000000,0.000000,0.000000,-0.500000,0.000000,0.000000,0.000000,0.000000,0.000000,479868
14,10,1,-0.476771,0.708094,0.000000,0.000000,0.000000,0.000000,0.000000,0.000000,-0.500000,0.000000,0.000000,0.000000,0.000000,0.000000,585038
14,10,1.5,-0.480913,0.706568,0.000000,0.000000,0.000000,0.000000,0.000000,0.000000,-0.500000,0.000000,0.000000,0.000000,0.000000,0.000000,553688
14,10,2,-0.485157,0.702747,0.000000,0.000000,0.000000,0.000000,0.000000,0.000000,-0.500000,0.000000,0.000000,0.000000,0.000000,0.000000,455984
14,10,2.5,-0.486648,0.702407,0.000000,0.000000,0.000000,0.000000,0.000000,0.000000,-0.500000,0.000000,0.000000,0.000000,0.000000,0.000000,460828
14,10,3,-0.494343,0.694237,0.000000,0.000000,0.000000,0.000000,0.000000,0.000000,-0.500000,0.000000,0.000000,0.000000,0.000000,0.000000,428470
14,10,3.5,-0.495627,0.696400,0.000000,0.000000,0.000000,0.000000,0.000000,0.000000,-0.500000,0.000000,0.000000,0.000000,0.000000,0.000000,342808
14,10,4,-0.503106,0.691597,0.000000,0.000000,0.000000,0.000000,0.000000,0.000000,-0.500000,0.000000,0.000000,0.000000,0.000000,0.000000,340131
14,10,4.5,-0.505747,0.689330,0.000000,0.000000,0.000000,0.000000,0.000000,0.000000,-0.500000,0.000000,0.000000,0.000000,0.000000,0.000000,311660
14,10,5,-0.510539,0.685013,0.000000,0.000000,0.000000,0.000000,0.000000,0.000000,-0.500000,0.000000,0.000000,0.000000,0.000000,0.000000,261130
14,10,5.5,-0.515310,0.680181,0.000000,0.000000,0.000000,0.000000,0.000000,0.000000,-0.500000,0.000000,0.000000,0.000000,0.000000,0.000000,228779
14,10,6,-0.519647,0.676922,0.000000,0.000000,0.000000,0.000000,0.000000,0.000000,-0.500000,0.000000,0.000000,0.000000,0.000000,0.000000,237440
14,10,6.5,-0.520279,0.675420,0.000000,0.000000,0.000000,0.000000,0.000000,0.000000,-0.500000,0.000000,0.000000,0.000000,0.000000,0.000000,202005
14,10,7,-0.529499,0.667738,0.000000,0.000000,0.000000,0.000000,0.000000,0.000000,-0.500000,0.000000,0.000000,0.000000,0.000000,0.000000,172529
14,10,7.5,-0.528662,0.668304,0.000000,0.000000,0.000000,0.000000,0.000000,0.000000,-0.500000,0.000000,0.000000,0.000000,0.000000,0.000000,168885
14,10,8,-0.532415,0.663360,0.000000,0.000000,0.000000,0.000000,0.000000,0.000000,-0.500000,0.000000,0.000000,0.000000,0.000000,0.000000,151613
14,10,8.5,-0.535472,0.661552,0.000000,0.000000,0.000000,0.000000,0.000000,0.000000,-0.500000,0.000000,0.000000,0.000000,0.000000,0.000000,128776
14,10,9,-0.541441,0.654943,0.000000,0.000000,0.000000,0.000000,0.000000,0.000000,-0.500000,0.000000,0.000000,0.000000,0.000000,0.000000,123838
14,10,9.5,-0.542105,0.653882,0.000000,0.000000,0.000000,0.000000,0.000000,0.000000,-0.500000,0.000000,0.000000,0.000000,0.000000,0.000000,97970
14,10,10,-0.553605,0.643306,0.000000,0.000000,0.000000,0.000000,0.000000,0.000000,-0.500000,0.000000,0.000000,0.000000,0.000000,0.000000,111081
14,10,10.5,-0.553990,0.643194,0.000000,0.000000,0.000000,0.000000,0.000000,0.000000,-0.500000,0.000000,0.000000,0.000000,0.000000,0.000000,85330
14,10,11,-0.560653,0.637075,0.000000,0.000000,0.000000,0.000000,0.000000,0.000000,-0.500000,0.000000,0.000000,0.000000,0.000000,0.000000,81760
14,10,11.5,-0.566049,0.630887,0.000000,0.000000,0.000000,0.000000,0.000000,0.000000,-0.500000,0.000000,0.000000,0.000000,0.000000,0.000000,71538
14,10,12,-0.569453,0.626364,0.000000,0.000000,0.000000,0.000000,0.000000,0.000000,-0.500000,0.000000,0.000000,0.000000,0.000000,0.000000,64871
14,10,12.5,-0.574951,0.620638,0.000000,0.000000,0.000000,0.000000,0.000000,0.000000,-0.500000,0.000000,0.000000,0.000000,0.000000,0.000000,59332
14,10,13,-0.569328,0.628865,0.000000,0.000000,0.000000,0.000000,0.000000,0.000000,-0.500000,0.000000,0.000000,0.000000,0.000000,0.000000,47744
14,10,13.5,-0.578839,0.615561,0.000000,0.000000,0.000000,0.000000,0.000000,0.000000,-0.500000,0.000000,0.000000,0.000000,0.000000,0.000000,47889
14,10,14,-0.583810,0.612092,0.000000,0.000000,0.000000,0.000000,0.000000,0.000000,-0.500000,0.000000,0.000000,0.000000,0.000000,0.000000,43867
14,10,14.5,-0.588979,0.606233,0.000000,0.000000,0.000000,0.000000,0.000000,0.000000,-0.500000,0.000000,0.000000,0.000000,0.000000,0.000000,41774
14,10,15,-0.598761,0.596134,0.000000,0.000000,0.000000,0.000000,0.000000,0.000000,-0.500000,0.000000,0.000000,0.000000,0.000000,0.000000,30341
14,10,15.5,-0.593472,0.600568,0.000000,0.000000,0.000000,0.000000,0.000000,0.000000,-0.500000,0.000000,0.000000,0.000000,0.000000,0.000000,28800
14,10,16,-0.597224,0.596936,0.000000,0.000000,0.000000,0.000000,0.000000,0.000000,-0.500000,0.000000,0.000000,0.000000,0.000000,0.000000,26516
14,10,16.5,-0.602136,0.592518,0.000000,0.000000,0.000000,0.000000,0.000000,0.000000,-0.500000,0.000000,0.000000,0.000000,0.000000,0.000000,27341
14,10,17,-0.625162,0.567386,0.000000,0.000000,0.000000,0.000000,0.000000,0.000000,-0.500000,0.000000,0.000000,0.000000,0.000000,0.000000,17733
14,10,17.5,-0.608155,0.587515,0.000000,0.000000,0.000000,0.000000,0.000000,0.000000,-0.500000,0.000000,0.000000,0.000000,0.000000,0.000000,22588
14,10,18,-0.613404,0.580413,0.000000,0.000000,0.000000,0.000000,0.000000,0.000000,-0.500000,0.000000,0.000000,0.000000,0.000000,0.000000,19920
14,10,18.5,-0.620257,0.572011,0.000000,0.000000,0.000000,0.000000,0.000000,0.000000,-0.500000,0.000000,0.000000,0.000000,0.000000,0.000000,14652
14,10,19,-0.632027,0.558280,0.000000,0.000000,0.000000,0.000000,0.000000,0.000000,-0.500000,0.000000,0.000000,0.000000,0.000000,0.000000,14694
14,10,19.5,-0.638427,0.551132,0.000000,0.000000,0.000000,0.000000,0.000000,0.000000,-0.500000,0.000000,0.000000,0.000000,0.000000,0.000000,13881
14,10,20,-0.631661,0.561909,0.000000,0.000000,0.000000,0.000000,0.000000,0.000000,-0.500000,0.000000,0.000000,0.000000,0.000000,0.000000,10922
14,10,20.5,-0.632626,0.555814,0.000000,0.000000,0.000000,0.000000,0.000000,0.000000,-0.500000,0.000000,0.000000,0.000000,0.000000,0.000000,8392
14,10,21,-0.654380,0.530619,0.000000,0.000000,0.000000,0.000000,0.000000,0.000000,-0.500000,0.000000,0.000000,0.000000,0.000000,0.000000,10445
14,10,21.5,-0.645031,0.541099,0.000000,0.000000,0.000000,0.000000,0.000000,0.000000,-0.500000,0.000000,0.000000,0.000000,0.000000,0.000000,7657
14,10,22,-0.657272,0.523873,0.000000,0.000000,0.000000,0.000000,0.000000,0.000000,-0.500000,0.000000,0.000000,0.000000,0.000000,0.000000,5961
14,10,22.5,-0.646909,0.542115,0.000000,0.000000,0.000000,0.000000,0.000000,0.000000,-0.500000,0.000000,0.000000,0.000000,0.000000,0.000000,5483
14,10,23,-0.668780,0.511066,0.000000,0.000000,0.000000,0.000000,0.000000,0.000000,-0.500000,0.000000,0.000000,0.000000,0.000000,0.000000,6624
14,10,23.5,-0.662181,0.522537,0.000000,0.000000,0.000000,0.000000,0.000000,0.000000,-0.500000,0.000000,0.000000,0.000000,0.000000,0.000000,4310
14,10,24,-0.671406,0.513278,0.000000,0.000000,0.000000,0.000000,0.000000,0.000000,-0.500000,0.000000,0.000000,0.000000,0.000000,0.000000,3868
14,10,24.5,-0.650940,0.533998,0.000000,0.000000,0.000000,0.000000,0.000000,0.000000,-0.500000,0.000000,0.000000,0.000000,0.000000,0.000000,4896
14,10,25,-0.698596,0.470339,0.000000,0.000000,0.000000,0.000000,0.000000,0.000000,-0.500000,0.000000,0.000000,0.000000,0.000000,0.000000,1994
14,10,25.5,-0.664179,0.514445,0.000000,0.000000,0.000000,0.000000,0.000000,0.000000,-0.500000,0.000000,0.000000,0.000000,0.000000,0.000000,2814
14,10,26,-0.684443,0.492853,0.000000,0.000000,0.000000,0.000000,0.000000,0.000000,-0.500000,0.000000,0.000000,0.000000,0.000000,0.000000,3619
14,10,26.5,-0.665600,0.513777,0.000000,0.000000,0.000000,0.000000,0.000000,0.000000,-0.500000,0.000000,0.000000,0.000000,0.000000,0.000000,1875
14,10,27,-0.735412,0.421600,0.000000,0.000000,0.000000,0.000000,0.000000,0.000000,-0.500000,0.000000,0.000000,0.000000,0.000000,0.000000,1251
14,10,27.5,-0.677826,0.504465,0.000000,0.000000,0.000000,0.000000,0.000000,0.000000,-0.500000,0.000000,0.000000,0.000000,0.000000,0.000000,2300
14,10,28,-0.724255,0.436305,0.000000,0.000000,0.000000,0.000000,0.000000,0.000000,-0.500000,0.000000,0.000000,0.000000,0.000000,0.000000,1175
14,10,28.5,-0.725245,0.438337,0.000000,0.000000,0.000000,0.000000,0.000000,0.000000,-0.500000,0.000000,0.000000,0.000000,0.000000,0.000000,1121
14,10,29,-0.708638,0.468549,0.000000,0.000000,0.000000,0.000000,0.000000,0.000000,-0.500000,0.000000,0.000000,0.000000,0.000000,0.000000,1366
14,10,29.5,-0.711990,0.454751,0.000000,0.000000,0.000000,0.000000,0.000000,0.000000,-0.500000,0.000000,0.000000,0.000000,0.000000,0.000000,809
14,10,30,-0.701534,0.466009,0.000000,0.000000,0.000000,0.000000,0.000000,0.000000,-0.500000,0.000000,0.000000,0.000000,0.000000,0.000000,717
14,10,30.5,-0.741627,0.424471,0.000000,0.000000,0.000000,0.000000,0.000000,0.000000,-0.500000,0.000000,0.000000,0.000000,0.000000,0.000000,627
14,10,31,-0.700000,0.477568,0.000000,0.000000,0.000000,0.000000,0.000000,0.000000,-0.500000,0.000000,0.000000,0.000000,0.000000,0.000000,740
14,10,31.5,-0.744681,0.407625,0.000000,0.000000,0.000000,0.000000,0.000000,0.000000,-0.500000,0.000000,0.000000,0.000000,0.000000,0.000000,423
14,10,32,-0.694175,0.484141,0.000000,0.000000,0.000000,0.000000,0.000000,0.000000,-0.500000,0.000000,0.000000,0.000000,0.000000,0.000000,412
14,10,32.5,-0.691332,0.488234,0.000000,0.000000,0.000000,0.000000,0.000000,0.000000,-0.500000,0.000000,0.000000,0.000000,0.000000,0.000000,473
14,10,33,-0.774390,0.382027,0.000000,0.000000,0.000000,0.000000,0.000000,0.000000,-0.500000,0.000000,0.000000,0.000000,0.000000,0.000000,328
14,10,33.5,-0.672862,0.502646,0.000000,0.000000,0.000000,0.000000,0.000000,0.000000,-0.500000,0.000000,0.000000,0.000000,0.000000,0.000000,269
14,10,34,-0.714286,0.458740,0.000000,0.000000,0.000000,0.000000,0.000000,0.000000,-0.500000,0.000000,0.000000,0.000000,0.000000,0.000000,322
14,10,34.5,-0.732240,0.425573,0.000000,0.000000,0.000000,0.000000,0.000000,0.000000,-0.500000,0.000000,0.000000,0.000000,0.000000,0.000000,183
14,10,35,-0.735043,0.434071,0.000000,0.000000,0.000000,0.000000,0.000000,0.000000,-0.500000,0.000000,0.000000,0.000000,0.000000,0.000000,117
14,10,35.5,-0.597403,0.578175,0.000000,0.000000,0.000000,0.000000,0.000000,0.000000,-0.500000,0.000000,0.000000,0.000000,0.000000,0.000000,77
14,10,36,-0.794643,0.350686,0.000000,0.000000,0.000000,0.000000,0.000000,0.000000,-0.500000,0.000000,0.000000,0.000000,0.000000,0.000000,224
14,10,36.5,-0.729412,0.409135,0.000000,0.000000,0.000000,0.000000,0.000000,0.000000,-0.500000,0.000000,0.000000,0.000000,0.000000,0.000000,85
14,10,37,-0.711864,0.476300,0.000000,0.000000,0.000000,0.000000,0.000000,0.000000,-0.500000,0.000000,0.000000,0.000000,0.000000,0.000000,59
14,10,37.5,-0.698925,0.468493,0.000000,0.000000,0.000000,0.000000,0.000000,0.000000,-0.500000,0.000000,0.000000,0.000000,0.000000,0.000000,93
14,10,38,-0.825000,0.294375,0.000000,0.000000,0.000000,0.000000,0.000000,0.000000,-0.500000,0.000000,0.000000,0.000000,0.000000,0.000000,80
14,10,38.5,-0.805556,0.323302,0.000000,0.000000,0.000000,0.000000,0.000000,0.000000,-0.500000,0.000000,0.000000,0.000000,0.000000,0.000000,36
14,10,39,-0.739130,0.410208,0.000000,0.000000,0.000000,0.000000,0.000000,0.000000,-0.500000,0.000000,0.000000,0.000000,0.000000,0.000000,46
14,10,39.5,-0.807692,0.309172,0.000000,0.000000,0.000000,0.000000,0.000000,0.000000,-0.500000,0.000000,0.000000,0.000000,0.000000,0.000000,26
14,10,40,-0.941176,0.114187,0.000000,0.000000,0.000000,0.000000,0.000000,0.000000,-0.500000,0.000000,0.000000,0.000000,0.000000,0.000000,34
14,10,40.5,-0.833333,0.305556,0.000000,0.000000,0.000000,0.000000,0.000000,0.000000,-0.500000,0.000000,0.000000,0.000000,0.000000,0.000000,36
14,10,41,-0.857143,0.265306,0.000000,0.000000,0.000000,0.000000,0.000000,0.000000,-0.500000,0.000000,0.000000,0.000000,0.000000,0.000000,14
14,10,41.5,-0.692308,0.520710,0.000000,0.000000,0.000000,0.000000,0.000000,0.000000,-0.500000,0.000000,0.000000,0.000000,0.000000,0.000000,13
14,10,42,-1.000000,0.000000,0.000000,0.000000,0.000000,0.000000,0.000000,0.000000,-0.500000,0.000000,0.000000,0.000000,0.000000,0.000000,5
14,10,42.5,-0.800000,0.320000,0.000000,0.000000,0.000000,0.000000,0.000000,0.000000,-0.500000,0.000000,0.000000,0.000000,0.000000,0.000000,25
14,10,43,-0.285714,0.775510,0.000000,0.000000,0.000000,0.000000,0.000000,0.000000,-0.500000,0.000000,0.000000,0.000000,0.000000,0.000000,7
14,10,43.5,-1.000000,0.000000,0.000000,0.000000,0.000000,0.000000,0.000000,0.000000,-0.500000,0.000000,0.000000,0.000000,0.000000,0.000000,2
14,10,44,-0.923077,0.071006,0.000000,0.000000,0.000000,0.000000,0.000000,0.000000,-0.500000,0.000000,0.000000,0.000000,0.000000,0.000000,13
14,10,44.5,-1.000000,0.000000,0.000000,0.000000,0.000000,0.000000,0.000000,0.000000,-0.500000,0.000000,0.000000,0.000000,0.000000,0.000000,4
14,10,45,-1.000000,0.000000,0.000000,0.000000,0.000000,0.000000,0.000000,0.000000,-0.500000,0.000000,0.000000,0.000000,0.000000,0.000000,1
14,10,45.5,-1.000000,0.000000,0.000000,0.000000,0.000000,0.000000,0.000000,0.000000,-0.500000,0.000000,0.000000,0.000000,0.000000,0.000000,7
14,10,46,-1.000000,0.000000,0.000000,0.000000,0.000000,0.000000,0.000000,0.000000,-0.500000,0.000000,0.000000,0.000000,0.000000,0.000000,5
14,10,46.5,-1.000000,0.000000,0.000000,0.000000,0.000000,0.000000,0.000000,0.000000,-0.500000,0.000000,0.000000,0.000000,0.000000,0.000000,1
14,10,47,-1.000000,0.000000,0.000000,0.000000,0.000000,0.000000,0.000000,0.000000,-0.500000,0.000000,0.000000,0.000000,0.000000,0.000000,3
14,10,47.5,-1.000000,0.000000,0.000000,0.000000,0.000000,0.000000,0.000000,0.000000,-0.500000,0.000000,0.000000,0.000000,0.000000,0.000000,4
14,10,49.5,-1.000000,0.000000,0.000000,0.000000,0.000000,0.000000,0.000000,0.000000,-0.500000,0.000000,0.000000,0.000000,0.000000,0.000000,1
14,10,50.5,-1.000000,0.000000,0.000000,0.000000,0.000000,0.000000,0.000000,0.000000,-0.500000,0.000000,0.000000,0.000000,0.000000,0.000000,3
15,9,-52,-1.000000,0.000000,0.000000,0.000000,0.000000,0.000000,0.000000,0.000000,-0.500000,0.000000,0.000000,0.000000,0.000000,0.000000,1
15,9,-49,-1.000000,0.000000,0.000000,0.000000,0.000000,0.000000,0.000000,0.000000,-0.500000,0.000000,0.000000,0.000000,0.000000,0.000000,1
15,9,-48,1.000000,0.000000,0.000000,0.000000,0.000000,0.000000,0.000000,0.000000,-0.500000,0.000000,0.000000,0.000000,0.000000,0.000000,1
15,9,-47,-0.000000,1.000000,0.000000,0.000000,0.000000,0.000000,0.000000,0.000000,-0.500000,0.000000,0.000000,0.000000,0.000000,0.000000,4
15,9,-46.5,1.000000,0.000000,0.000000,0.000000,0.000000,0.000000,0.000000,0.000000,-0.500000,0.000000,0.000000,0.000000,0.000000,0.000000,1
15,9,-45.5,-0.600000,0.640000,0.000000,0.000000,0.000000,0.000000,0.000000,0.000000,-0.500000,0.000000,0.000000,0.000000,0.000000,0.000000,5
15,9,-44,0.000000,0.000000,0.000000,0.000000,0.000000,0.000000,0.000000,0.000000,-0.500000,0.000000,0.000000,0.000000,0.000000,0.000000,1
15,9,-43.5,0.000000,0.000000,0.000000,0.000000,0.000000,0.000000,0.000000,0.000000,-0.500000,0.000000,0.000000,0.000000,0.000000,0.000000,1
15,9,-43,0.333333,0.222222,0.000000,0.000000,0.000000,0.000000,0.000000,0.000000,-0.500000,0.000000,0.000000,0.000000,0.000000,0.000000,3
15,9,-42.5,0.222222,0.839506,0.000000,0.000000,0.000000,0.000000,0.000000,0.000000,-0.500000,0.000000,0.000000,0.000000,0.000000,0.000000,9
15,9,-42,0.000000,0.000000,0.000000,0.000000,0.000000,0.000000,0.000000,0.000000,-0.500000,0.000000,0.000000,0.000000,0.000000,0.000000,1
15,9,-41.5,-0.500000,0.250000,0.000000,0.000000,0.000000,0.000000,0.000000,0.000000,-0.500000,0.000000,0.000000,0.000000,0.000000,0.000000,4
15,9,-41,0.125000,0.859375,0.000000,0.000000,0.000000,0.000000,0.000000,0.000000,-0.500000,0.000000,0.000000,0.000000,0.000000,0.000000,8
15,9,-40.5,-0.666667,0.555556,0.000000,0.000000,0.000000,0.000000,0.000000,0.000000,-0.500000,0.000000,0.000000,0.000000,0.000000,0.000000,12
15,9,-40,-0.176471,0.733564,0.000000,0.000000,0.000000,0.000000,0.000000,0.000000,-0.500000,0.000000,0.000000,0.000000,0.000000,0.000000,17
15,9,-39.5,0.090909,0.991736,0.000000,0.000000,0.000000,0.000000,0.000000,0.000000,-0.500000,0.000000,0.000000,0.000000,0.000000,0.000000,11
15,9,-39,-0.235294,0.885813,0.000000,0.000000,0.000000,0.000000,0.000000,0.000000,-0.500000,0.000000,0.000000,0.000000,0.000000,0.000000,17
15,9,-38.5,-0.350000,0.827500,0.000000,0.000000,0.000000,0.000000,0.000000,0.000000,-0.500000,0.000000,0.000000,0.000000,0.000000,0.000000,20
15,9,-38,-0.258065,0.901145,0.000000,0.000000,0.000000,0.000000,0.000000,0.000000,-0.500000,0.000000,0.000000,0.000000,0.000000,0.000000,31
15,9,-37.5,0.153846,0.899408,0.000000,0.000000,0.000000,0.000000,0.000000,0.000000,-0.500000,0.000000,0.000000,0.000000,0.000000,0.000000,26
15,9,-37,0.062500,0.933594,0.000000,0.000000,0.000000,0.000000,0.000000,0.000000,-0.500000,0.000000,0.000000,0.000000,0.000000,0.000000,16
15,9,-36.5,0.138889,0.897377,0.000000,0.000000,0.000000,0.000000,0.000000,0.000000,-0.500000,0.000000,0.000000,0.000000,0.000000,0.000000,36
15,9,-36,-0.164384,0.822293,0.000000,0.000000,0.000000,0.000000,0.000000,0.000000,-0.500000,0.000000,0.000000,0.000000,0.000000,0.000000,73
15,9,-35.5,-0.272727,0.834711,0.000000,0.000000,0.000000,0.000000,0.000000,0.000000,-0.500000,0.000000,0.000000,0.000000,0.000000,0.000000,22
15,9,-35,-0.128205,0.880999,0.000000,0.000000,0.000000,0.000000,0.000000,0.000000,-0.500000,0.000000,0.000000,0.000000,0.000000,0.000000,39
15,9,-34.5,-0.272727,0.834711,0.000000,0.000000,0.000000,0.000000,0.000000,0.000000,-0.500000,0.000000,0.000000,0.000000,0.000000,0.000000,88
15,9,-34,-0.180328,0.869121,0.000000,0.000000,0.000000,0.000000,0.000000,0.000000,-0.500000,0.000000,0.000000,0.000000,0.000000,0.000000,122
15,9,-33.5,-0.283951,0.820607,0.000000,0.000000,0.000000,0.000000,0.000000,0.000000,-0.500000,0.000000,0.000000,0.000000,0.000000,0.000000,81
15,9,-33,-0.112069,0.909854,0.000000,0.000000,0.000000,0.000000,0.000000,0.000000,-0.500000,0.000000,0.000000,0.000000,0.000000,0.000000,116
15,9,-32.5,-0.177665,0.866912,0.000000,0.000000,0.000000,0.000000,0.000000,0.000000,-0.500000,0.000000,0.000000,0.000000,0.000000,0.000000,197
15,9,-32,-0.348101,0.821863,0.000000,0.000000,0.000000,0.000000,0.000000,0.000000,-0.500000,0.000000,0.000000,0.000000,0.000000,0.000000,158
15,9,-31.5,-0.155844,0.858829,0.000000,0.000000,0.000000,0.000000,0.000000,0.000000,-0.500000,0.000000,0.000000,0.000000,0.000000,0.000000,154
15,9,-31,-0.252595,0.880832,0.000000,0.000000,0.000000,0.000000,0.000000,0.000000,-0.500000,0.000000,0.000000,0.000000,0.000000,0.000000,289
15,9,-30.5,-0.107477,0.890318,0.000000,0.000000,0.000000,0.000000,0.000000,0.000000,-0.500000,0.000000,0.000000,0.000000,0.000000,0.000000,214
15,9,-30,-0.194853,0.884826,0.000000,0.000000,0.000000,0.000000,0.000000,0.000000,-0.500000,0.000000,0.000000,0.000000,0.000000,0.000000,272
15,9,-29.5,-0.288079,0.807739,0.000000,0.000000,0.000000,0.000000,0.000000,0.000000,-0.500000,0.000000,0.000000,0.000000,0.000000,0.000000,302
15,9,-29,-0.182171,0.889295,0.000000,0.000000,0.000000,0.000000,0.000000,0.000000,-0.500000,0.000000,0.000000,0.000000,0.000000,0.000000,516
15,9,-28.5,-0.133172,0.890256,0.000000,0.000000,0.000000,0.000000,0.000000,0.000000,-0.500000,0.000000,0.000000,0.000000,0.000000,0.000000,413
15,9,-28,-0.300866,0.825064,0.000000,0.000000,0.000000,0.000000,0.000000,0.000000,-0.500000,0.000000,0.000000,0.000000,0.000000,0.000000,462
15,9,-27.5,-0.251490,0.843785,0.000000,0.000000,0.000000,0.000000,0.000000,0.000000,-0.500000,0.000000,0.000000,0.000000,0.000000,0.000000,839
15,9,-27,-0.305677,0.814859,0.000000,0.000000,0.000000,0.000000,0.000000,0.000000,-0.500000,0.000000,0.000000,0.000000,0.000000,0.000000,458
15,9,-26.5,-0.328608,0.800522,0.000000,0.000000,0.000000,0.000000,0.000000,0.000000,-0.500000,0.000000,0.000000,0.000000,0.000000,0.000000,776
15,9,-26,-0.239099,0.860710,0.000000,0.000000,0.000000,0.000000,0.000000,0.000000,-0.500000,0.000000,0.000000,0.000000,0.000000,0.000000,1376
15,9,-25.5,-0.248378,0.859532,0.000000,0.000000,0.000000,0.000000,0.000000,0.000000,-0.500000,0.000000,0.000000,0.000000,0.000000,0.000000,1079
15,9,-25,-0.274900,0.828812,0.000000,0.000000,0.000000,0.000000,0.000000,0.000000,-0.500000,0.000000,0.000000,0.000000,0.000000,0.000000,753
15,9,-24.5,-0.264196,0.845921,0.000000,0.000000,0.000000,0.000000,0.000000,0.000000,-0.500000,0.000000,0.000000,0.000000,0.000000,0.000000,1673
15,9,-24,-0.312684,0.824057,0.000000,0.000000,0.000000,0.000000,0.000000,0.000000,-0.500000,0.000000,0.000000,0.000000,0.000000,0.000000,1356
15,9,-23.5,-0.290545,0.824788,0.000000,0.000000,0.000000,0.000000,0.000000,0.000000,-0.500000,0.000000,0.000000,0.000000,0.000000,0.000000,1597
15,9,-23,-0.276123,0.841087,0.000000,0.000000,0.000000,0.000000,0.000000,0.000000,-0.500000,0.000000,0.000000,0.000000,0.000000,0.000000,2383
15,9,-22.5,-0.273077,0.828314,0.000000,0.000000,0.000000,0.000000,0.000000,0.000000,-0.500000,0.000000,0.000000,0.000000,0.000000,0.000000,2080
15,9,-22,-0.300651,0.814349,0.000000,0.000000,0.000000,0.000000,0.000000,0.000000,-0.500000,0.000000,0.000000,0.000000,0.000000,0.000000,2152
15,9,-21.5,-0.262160,0.845793,0.000000,0.000000,0.000000,0.000000,0.000000,0.000000,-0.500000,0.000000,0.000000,0.000000,0.000000,0.000000,2796
15,9,-21,-0.306482,0.828182,0.000000,0.000000,0.000000,0.000000,0.000000,0.000000,-0.500000,0.000000,0.000000,0.000000,0.000000,0.000000,3749
15,9,-20.5,-0.296561,0.828293,0.000000,0.000000,0.000000,0.000000,0.000000,0.000000,-0.500000,0.000000,0.000000,0.000000,0.000000,0.000000,2937
15,9,-20,-0.289148,0.835373,0.000000,0.000000,0.000000,0.000000,0.000000,0.000000,-0.500000,0.000000,0.000000,0.000000,0.000000,0.000000,4036
15,9,-19.5,-0.301581,0.828790,0.000000,0.000000,0.000000,0.000000,0.000000,0.000000,-0.500000,0.000000,0.000000,0.000000,0.000000,0.000000,4934
15,9,-19,-0.326441,0.816469,0.000000,0.000000,0.000000,0.000000,0.000000,0.000000,-0.500000,0.000000,0.000000,0.000000,0.000000,0.000000,5223
15,9,-18.5,-0.333462,0.803409,0.000000,0.000000,0.000000,0.000000,0.000000,0.000000,-0.500000,0.000000,0.000000,0.000000,0.000000,0.000000,5176
15,9,-18,-0.323983,0.814447,0.000000,0.000000,0.000000,0.000000,0.000000,0.000000,-0.500000,0.000000,0.000000,0.000000,0.000000,0.000000,6738
15,9,-17.5,-0.333829,0.803552,0.000000,0.000000,0.000000,0.000000,0.000000,0.000000,-0.500000,0.000000,0.000000,0.000000,0.000000,0.000000,8070
15,9,-17,-0.342853,0.807309,0.000000,0.000000,0.000000,0.000000,0.000000,0.000000,-0.500000,0.000000,0.000000,0.000000,0.000000,0.000000,6268
15,9,-16.5,-0.347425,0.800937,0.000000,0.000000,0.000000,0.000000,0.000000,0.000000,-0.500000,0.000000,0.000000,0.000000,0.000000,0.000000,9533
15,9,-16,-0.338878,0.806391,0.000000,0.000000,0.000000,0.000000,0.000000,0.000000,-0.500000,0.000000,0.000000,0.000000,0.000000,0.000000,9077
15,9,-15.5,-0.348244,0.806331,0.000000,0.000000,0.000000,0.000000,0.000000,0.000000,-0.500000,0.000000,0.000000,0.000000,0.000000,0.000000,10194
15,9,-15,-0.351124,0.801141,0.000000,0.000000,0.000000,0.000000,0.000000,0.000000,-0.500000,0.000000,0.000000,0.000000,0.000000,0.000000,10811
15,9,-14.5,-0.364793,0.791324,0.000000,0.000000,0.000000,0.000000,0.000000,0.000000,-0.500000,0.000000,0.000000,0.000000,0.000000,0.000000,14378
15,9,-14,-0.357086,0.797279,0.000000,0.000000,0.000000,0.000000,0.000000,0.000000,-0.500000,0.000000,0.000000,0.000000,0.000000,0.000000,15184
15,9,-13.5,-0.355938,0.799570,0.000000,0.000000,0.000000,0.000000,0.000000,0.000000,-0.500000,0.000000,0.000000,0.000000,0.000000,0.000000,16545
15,9,-13,-0.359071,0.794932,0.000000,0.000000,0.000000,0.000000,0.000000,0.000000,-0.500000,0.000000,0.000000,0.000000,0.000000,0.000000,16707
15,9,-12.5,-0.373494,0.787136,0.000000,0.000000,0.000000,0.000000,0.000000,0.000000,-0.500000,0.000000,0.000000,0.000000,0.000000,0.000000,20418
15,9,-12,-0.387115,0.778605,0.000000,0.000000,0.000000,0.000000,0.000000,0.000000,-0.500000,0.000000,0.000000,0.000000,0.000000,0.000000,22492
15,9,-11.5,-0.370548,0.786341,0.000000,0.000000,0.000000,0.000000,0.000000,0.000000,-0.500000,0.000000,0.000000,0.000000,0.000000,0.000000,24426
15,9,-11,-0.388861,0.777170,0.000000,0.000000,0.000000,0.000000,0.000000,0.000000,-0.500000,0.000000,0.000000,0.000000,0.000000,0.000000,28010
15,9,-10.5,-0.391337,0.771878,0.000000,0.000000,0.000000,0.000000,0.000000,0.000000,-0.500000,0.000000,0.000000,0.000000,0.000000,0.000000,29182
15,9,-10,-0.400391,0.764693,0.000000,0.000000,0.000000,0.000000,0.000000,0.000000,-0.500000,0.000000,0.000000,0.000000,0.000000,0.000000,37883
15,9,-9.5,-0.393844,0.773624,0.000000,0.000000,0.000000,0.000000,0.000000,0.000000,-0.500000,0.000000,0.000000,0.000000,0.000000,0.000000,33173
15,9,-9,-0.406833,0.764863,0.000000,0.000000,0.000000,0.000000,0.000000,0.000000,-0.500000,0.000000,0.000000,0.000000,0.000000,0.000000,42327
15,9,-8.5,-0.399570,0.766984,0.000000,0.000000,0.000000,0.000000,0.000000,0.000000,-0.500000,0.000000,0.000000,0.000000,0.000000,0.000000,44643
15,9,-8,-0.405928,0.764133,0.000000,0.000000,0.000000,0.000000,0.000000,0.000000,-0.500000,0.000000,0.000000,0.000000,0.000000,0.000000,51386
15,9,-7.5,-0.416813,0.755977,0.000000,0.000000,0.000000,0.000000,0.000000,0.000000,-0.500000,0.000000,0.000000,0.000000,0.000000,0.000000,56409
15,9,-7,-0.415605,0.758323,0.000000,0.000000,0.000000,0.000000,0.000000,0.000000,-0.500000,0.000000,0.000000,0.000000,0.000000,0.000000,59595
15,9,-6.5,-0.420406,0.752260,0.000000,0.000000,0.000000,0.000000,0.000000,0.000000,-0.500000,0.000000,0.000000,0.000000,0.000000,0.000000,68353
15,9,-6,-0.421122,0.752656,0.000000,0.000000,0.000000,0.000000,0.000000,0.000000,-0.500000,0.000000,0.000000,0.000000,0.000000,0.000000,80200
15,9,-5.5,-0.429235,0.745867,0.000000,0.000000,0.000000,0.000000,0.000000,0.000000,-0.500000,0.000000,0.000000,0.000000,0.000000,0.000000,79453
15,9,-5,-0.433132,0.743649,0.000000,0.000000,0.000000,0.000000,0.000000,0.000000,-0.500000,0.000000,0.000000,0.000000,0.000000,0.000000,83799
15,9,-4.5,-0.439673,0.738793,0.000000,0.000000,0.000000,0.000000,0.000000,0.000000,-0.500000,0.000000,0.000000,0.000000,0.000000,0.000000,109420
15,9,-4,-0.438889,0.740272,0.000000,0.000000,0.000000,0.000000,0.000000,0.000000,-0.500000,0.000000,0.000000,0.000000,0.000000,0.000000,114464
15,9,-3.5,-0.446438,0.733655,0.000000,0.000000,0.000000,0.000000,0.000000,0.000000,-0.500000,0.000000,0.000000,0.000000,0.000000,0.000000,123184
15,9,-3,-0.451337,0.729325,0.000000,0.000000,0.000000,0.000000,0.000000,0.000000,-0.500000,0.000000,0.000000,0.000000,0.000000,0.000000,140899
15,9,-2.5,-0.449205,0.730851,0.000000,0.000000,0.000000,0.000000,0.000000,0.000000,-0.500000,0.000000,0.000000,0.000000,0.000000,0.000000,145212
15,9,-2,-0.458986,0.722940,0.000000,0.000000,0.000000,0.000000,0.000000,0.000000,-0.500000,0.000000,0.000000,0.000000,0.000000,0.000000,157203
15,9,-1.5,-0.462588,0.720636,0.000000,0.000000,0.000000,0.000000,0.000000,0.000000,-0.500000,0.000000,0.000000,0.000000,0.000000,0.000000,175601
15,9,-1,-0.464390,0.718892,0.000000,0.000000,0.000000,0.000000,0.000000,0.000000,-0.500000,0.000000,0.000000,0.000000,0.000000,0.000000,176059
15,9,-0.5,-0.470875,0.713879,0.000000,0.000000,0.000000,0.000000,0.000000,0.000000,-0.500000,0.000000,0.000000,0.000000,0.000000,0.000000,367144
15,9,0,-0.468414,0.715957,0.000000,0.000000,0.000000,0.000000,0.000000,0.000000,-0.500000,0.000000,0.000000,0.000000,0.000000,0.000000,364746
15,9,0.5,-0.478545,0.705498,0.000000,0.000000,0.000000,0.000000,0.000000,0.000000,-0.500000,0.000000,0.000000,0.000000,0.000000,0.000000,130297
15,9,1,-0.484649,0.701265,0.000000,0.000000,0.000000,0.000000,0.000000,0.000000,-0.500000,0.000000,0.000000,0.000000,0.000000,0.000000,157054
15,9,1.5,-0.483194,0.703921,0.000000,0.000000,0.000000,0.000000,0.000000,0.000000,-0.500000,0.000000,0.000000,0.000000,0.000000,0.000000,148396
15,9,2,-0.497438,0.689639,0.000000,0.000000,0.000000,0.000000,0.000000,0.000000,-0.500000,0.000000,0.000000,0.000000,0.000000,0.000000,122958
15,9,2.5,-0.496162,0.693078,0.000000,0.000000,0.000000,0.000000,0.000000,0.000000,-0.500000,0.000000,0.000000,0.000000,0.000000,0.000000,124931
15,9,3,-0.494329,0.692550,0.000000,0.000000,0.000000,0.000000,0.000000,0.000000,-0.500000,0.000000,0.000000,0.000000,0.000000,0.000000,116819
15,9,3.5,-0.501601,0.687821,0.000000,0.000000,0.000000,0.000000,0.000000,0.000000,-0.500000,0.000000,0.000000,0.000000,0.000000,0.000000,93403
15,9,4,-0.509450,0.679339,0.000000,0.000000,0.000000,0.000000,0.000000,0.000000,-0.500000,0.000000,0.000000,0.000000,0.000000,0.000000,94074
15,9,4.5,-0.511156,0.676730,0.000000,0.000000,0.000000,0.000000,0.000000,0.000000,-0.500000,0.000000,0.000000,0.000000,0.000000,0.000000,84708
15,9,5,-0.515140,0.673900,0.000000,0.000000,0.000000,0.000000,0.000000,0.000000,-0.500000,0.000000,0.000000,0.000000,0.000000,0.000000,71233
15,9,5.5,-0.521186,0.668145,0.000000,0.000000,0.000000,0.000000,0.000000,0.000000,-0.500000,0.000000,0.000000,0.000000,0.000000,0.000000,62753
15,9,6,-0.523075,0.666182,0.000000,0.000000,0.000000,0.000000,0.000000,0.000000,-0.500000,0.000000,0.000000,0.000000,0.000000,0.000000,65071
15,9,6.5,-0.522855,0.667479,0.000000,0.000000,0.000000,0.000000,0.000000,0.000000,-0.500000,0.000000,0.000000,0.000000,0.000000,0.000000,55239
15,9,7,-0.543816,0.647471,0.000000,0.000000,0.000000,0.000000,0.000000,0.000000,-0.500000,0.000000,0.000000,0.000000,0.000000,0.000000,47312
15,9,7.5,-0.532980,0.657494,0.000000,0.000000,0.000000,0.000000,0.000000,0.000000,-0.500000,0.000000,0.000000,0.000000,0.000000,0.000000,45724
15,9,8,-0.531379,0.660251,0.000000,0.000000,0.000000,0.000000,0.000000,0.000000,-0.500000,0.000000,0.000000,0.000000,0.000000,0.000000,41509
15,9,8.5,-0.540988,0.651126,0.000000,0.000000,0.000000,0.000000,0.000000,0.000000,-0.500000,0.000000,0.000000,0.000000,0.000000,0.000000,35779
15,9,9,-0.549523,0.639980,0.000000,0.000000,0.000000,0.000000,0.000000,0.000000,-0.500000,0.000000,0.000000,0.000000,0.000000,0.000000,34146
15,9,9.5,-0.549336,0.641132,0.000000,0.000000,0.000000,0.000000,0.000000,0.000000,-0.500000,0.000000,0.000000,0.000000,0.000000,0.000000,26796
15,9,10,-0.560671,0.631473,0.000000,0.000000,0.000000,0.000000,0.000000,0.000000,-0.500000,0.000000,0.000000,0.000000,0.000000,0.000000,30715
15,9,10.5,-0.563340,0.624630,0.000000,0.000000,0.000000,0.000000,0.000000,0.000000,-0.500000,0.000000,0.000000,0.000000,0.000000,0.000000,23579
15,9,11,-0.563525,0.625704,0.000000,0.000000,0.000000,0.000000,0.000000,0.000000,-0.500000,0.000000,0.000000,0.000000,0.000000,0.000000,22684
15,9,11.5,-0.574563,0.614381,0.000000,0.000000,0.000000,0.000000,0.000000,0.000000,-0.500000,0.000000,0.000000,0.000000,0.000000,0.000000,19641
15,9,12,-0.565696,0.622925,0.000000,0.000000,0.000000,0.000000,0.000000,0.000000,-0.500000,0.000000,0.000000,0.000000,0.000000,0.000000,18243
15,9,12.5,-0.575859,0.613609,0.000000,0.000000,0.000000,0.000000,0.000000,0.000000,-0.500000,0.000000,0.000000,0.000000,0.000000,0.000000,16412
15,9,13,-0.576750,0.612003,0.000000,0.000000,0.000000,0.000000,0.000000,0.000000,-0.500000,0.000000,0.000000,0.000000,0.000000,0.000000,13368
15,9,13.5,-0.587655,0.601439,0.000000,0.000000,0.000000,0.000000,0.000000,0.000000,-0.500000,0.000000,0.000000,0.000000,0.000000,0.000000,13171
15,9,14,-0.596106,0.591861,0.000000,0.000000,0.000000,0.000000,0.000000,0.000000,-0.500000,0.000000,0.000000,0.000000,0.000000,0.000000,12122
15,9,14.5,-0.599121,0.589447,0.000000,0.000000,0.000000,0.000000,0.000000,0.000000,-0.500000,0.000000,0.000000,0.000000,0.000000,0.000000,11607
15,9,15,-0.596648,0.587395,0.000000,0.000000,0.000000,0.000000,0.000000,0.000000,-0.500000,0.000000,0.000000,0.000000,0.000000,0.000000,8531
15,9,15.5,-0.606057,0.581322,0.000000,0.000000,0.000000,0.000000,0.000000,0.000000,-0.500000,0.000000,0.000000,0.000000,0.000000,0.000000,8156
15,9,16,-0.604823,0.582855,0.000000,0.000000,0.000000,0.000000,0.000000,0.000000,-0.500000,0.000000,0.000000,0.000000,0.000000,0.000000,7422
15,9,16.5,-0.603324,0.586684,0.000000,0.000000,0.000000,0.000000,0.000000,0.000000,-0.500000,0.000000,0.000000,0.000000,0.000000,0.000000,7462
15,9,17,-0.615183,0.572691,0.000000,0.000000,0.000000,0.000000,0.000000,0.000000,-0.500000,0.000000,0.000000,0.000000,0.000000,0.000000,4953
15,9,17.5,-0.586888,0.599481,0.000000,0.000000,0.000000,0.000000,0.000000,0.000000,-0.500000,0.000000,0.000000,0.000000,0.000000,0.000000,6330
15,9,18,-0.602864,0.582722,0.000000,0.000000,0.000000,0.000000,0.000000,0.000000,-0.500000,0.000000,0.000000,0.000000,0.000000,0.000000,5517
15,9,18.5,-0.630735,0.543219,0.000000,0.000000,0.000000,0.000000,0.000000,0.000000,-0.500000,0.000000,0.000000,0.000000,0.000000,0.000000,4054
15,9,19,-0.660908,0.520752,0.000000,0.000000,0.000000,0.000000,0.000000,0.000000,-0.500000,0.000000,0.000000,0.000000,0.000000,0.000000,4052
15,9,19.5,-0.651362,0.527997,0.000000,0.000000,0.000000,0.000000,0.000000,0.000000,-0.500000,0.000000,0.000000,0.000000,0.000000,0.000000,3855
15,9,20,-0.635999,0.541976,0.000000,0.000000,0.000000,0.000000,0.000000,0.000000,-0.500000,0.000000,0.000000,0.000000,0.000000,0.000000,2989
15,9,20.5,-0.622213,0.570001,0.000000,0.000000,0.000000,0.000000,0.000000,0.000000,-0.500000,0.000000,0.000000,0.000000,0.000000,0.000000,2287
15,9,21,-0.652792,0.520394,0.000000,0.000000,0.000000,0.000000,0.000000,0.000000,-0.500000,0.000000,0.000000,0.000000,0.000000,0.000000,2955
15,9,21.5,-0.654355,0.527132,0.000000,0.000000,0.000000,0.000000,0.000000,0.000000,-0.500000,0.000000,0.000000,0.000000,0.000000,0.000000,2193
15,9,22,-0.653609,0.528587,0.000000,0.000000,0.000000,0.000000,0.000000,0.000000,-0.500000,0.000000,0.000000,0.000000,0.000000,0.000000,1787
15,9,22.5,-0.641298,0.543198,0.000000,0.000000,0.000000,0.000000,0.000000,0.000000,-0.500000,0.000000,0.000000,0.000000,0.000000,0.000000,1603
15,9,23,-0.686519,0.481589,0.000000,0.000000,0.000000,0.000000,0.000000,0.000000,-0.500000,0.000000,0.000000,0.000000,0.000000,0.000000,1847
15,9,23.5,-0.679054,0.498345,0.000000,0.000000,0.000000,0.000000,0.000000,0.000000,-0.500000,0.000000,0.000000,0.000000,0.000000,0.000000,1184
15,9,24,-0.671918,0.504040,0.000000,0.000000,0.000000,0.000000,0.000000,0.000000,-0.500000,0.000000,0.000000,0.000000,0.000000,0.000000,1079
15,9,24.5,-0.716726,0.447870,0.000000,0.000000,0.000000,0.000000,0.000000,0.000000,-0.500000,0.000000,0.000000,0.000000,0.000000,0.000000,1405
15,9,25,-0.688103,0.478283,0.000000,0.000000,0.000000,0.000000,0.000000,0.000000,-0.500000,0.000000,0.000000,0.000000,0.000000,0.000000,622
15,9,25.5,-0.661146,0.517025,0.000000,0.000000,0.000000,0.000000,0.000000,0.000000,-0.500000,0.000000,0.000000,0.000000,0.000000,0.000000,785
15,9,26,-0.724068,0.433429,0.000000,0.000000,0.000000,0.000000,0.000000,0.000000,-0.500000,0.000000,0.000000,0.000000,0.000000,0.000000,993
15,9,26.5,-0.737478,0.418129,0.000000,0.000000,0.000000,0.000000,0.000000,0.000000,-0.500000,0.000000,0.000000,0.000000,0.000000,0.000000,579
15,9,27,-0.696970,0.475666,0.000000,0.000000,0.000000,0.000000,0.000000,0.000000,-0.500000,0.000000,0.000000,0.000000,0.000000,0.000000,363
15,9,27.5,-0.696613,0.482330,0.000000,0.000000,0.000000,0.000000,0.000000,0.000000,-0.500000,0.000000,0.000000,0.000000,0.000000,0.000000,679
15,9,28,-0.699438,0.468651,0.000000,0.000000,0.000000,0.000000,0.000000,0.000000,-0.500000,0.000000,0.000000,0.000000,0.000000,0.000000,356
15,9,28.5,-0.681957,0.498237,0.000000,0.000000,0.000000,0.000000,0.000000,0.000000,-0.500000,0.000000,0.000000,0.000000,0.000000,0.000000,327
15,9,29,-0.703614,0.463963,0.000000,0.000000,0.000000,0.000000,0.000000,0.000000,-0.500000,0.000000,0.000000,0.000000,0.000000,0.000000,415
15,9,29.5,-0.694915,0.483194,0.000000,0.000000,0.000000,0.000000,0.000000,0.000000,-0.500000,0.000000,0.000000,0.000000,0.000000,0.000000,236
15,9,30,-0.747368,0.378283,0.000000,0.000000,0.000000,0.000000,0.000000,0.000000,-0.500000,0.000000,0.000000,0.000000,0.000000,0.000000,190
15,9,30.5,-0.704301,0.466326,0.000000,0.000000,0.000000,0.000000,0.000000,0.000000,-0.500000,0.000000,0.000000,0.000000,0.000000,0.000000,186
15,9,31,-0.792929,0.325809,0.000000,0.000000,0.000000,0.000000,0.000000,0.000000,-0.500000,0.000000,0.000000,0.000000,0.000000,0.000000,198
15,9,31.5,-0.760000,0.390400,0.000000,0.000000,0.000000,0.000000,0.000000,0.000000,-0.500000,0.000000,0.000000,0.000000,0.000000,0.000000,125
15,9,32,-0.696721,0.473596,0.000000,0.000000,0.000000,0.000000,0.000000,0.000000,-0.500000,0.000000,0.000000,0.000000,0.000000,0.000000,122
15,9,32.5,-0.825175,0.298107,0.000000,0.000000,0.000000,0.000000,0.000000,0.000000,-0.500000,0.000000,0.000000,0.000000,0.000000,0.000000,143
15,9,33,-0.759615,0.374908,0.000000,0.000000,0.000000,0.000000,0.000000,0.000000,-0.500000,0.000000,0.000000,0.000000,0.000000,0.000000,104
15,9,33.5,-0.774194,0.400624,0.000000,0.000000,0.000000,0.000000,0.000000,0.000000,-0.500000,0.000000,0.000000,0.000000,0.000000,0.000000,62
15,9,34,-0.796117,0.337072,0.000000,0.000000,0.000000,0.000000,0.000000,0.000000,-0.500000,0.000000,0.000000,0.000000,0.000000,0.000000,103
15,9,34.5,-0.767857,0.356824,0.000000,0.000000,0.000000,0.000000,0.000000,0.000000,-0.500000,0.000000,0.000000,0.000000,0.000000,0.000000,56
15,9,35,-0.707317,0.450922,0.000000,0.000000,0.000000,0.000000,0.000000,0.000000,-0.500000,0.000000,0.000000,0.000000,0.000000,0.000000,41
15,9,35.5,-0.606061,0.602388,0.000000,0.000000,0.000000,0.000000,0.000000,0.000000,-0.500000,0.000000,0.000000,0.000000,0.000000,0.000000,33
15,9,36,-0.789474,0.341644,0.000000,0.000000,0.000000,0.000000,0.000000,0.000000,-0.500000,0.000000,0.000000,0.000000,0.000000,0.000000,57
15,9,36.5,-0.800000,0.320000,0.000000,0.000000,0.000000,0.000000,0.000000,0.000000,-0.500000,0.000000,0.000000,0.000000,0.000000,0.000000,25
15,9,37,-0.444444,0.802469,0.000000,0.000000,0.000000,0.000000,0.000000,0.000000,-0.500000,0.000000,0.000000,0.000000,0.000000,0.000000,18
15,9,37.5,-0.756757,0.400292,0.000000,0.000000,0.000000,0.000000,0.000000,0.000000,-0.500000,0.000000,0.000000,0.000000,0.000000,0.000000,37
15,9,38,-0.866667,0.182222,0.000000,0.000000,0.000000,0.000000,0.000000,0.000000,-0.500000,0.000000,0.000000,0.000000,0.000000,0.000000,30
15,9,38.5,-0.500000,0.750000,0.000000,0.000000,0.000000,0.000000,0.000000,0.000000,-0.500000,0.000000,0.000000,0.000000,0.000000,0.000000,12
15,9,39,-0.916667,0.076389,0.000000,0.000000,0.000000,0.000000,0.000000,0.000000,-0.500000,0.000000,0.000000,0.000000,0.000000,0.000000,12
15,9,39.5,-1.000000,0.000000,0.000000,0.000000,0.000000,0.000000,0.000000,0.000000,-0.500000,0.000000,0.000000,0.000000,0.000000,0.000000,8
15,9,40,-0.833333,0.305556,0.000000,0.000000,0.000000,0.000000,0.000000,0.000000,-0.500000,0.000000,0.000000,0.000000,0.000000,0.000000,12
15,9,40.5,-1.000000,0.000000,0.000000,0.000000,0.000000,0.000000,0.000000,0.000000,-0.500000,0.000000,0.000000,0.000000,0.000000,0.000000,7
15,9,41,-1.000000,0.000000,0.000000,0.000000,0.000000,0.000000,0.000000,0.000000,-0.500000,0.000000,0.000000,0.000000,0.000000,0.000000,8
15,9,41.5,-1.000000,0.000000,0.000000,0.000000,0.000000,0.000000,0.000000,0.000000,-0.500000,0.000000,0.000000,0.000000,0.000000,0.000000,9
15,9,42,-0.500000,0.750000,0.000000,0.000000,0.000000,0.000000,0.000000,0.000000,-0.500000,0.000000,0.000000,0.000000,0.000000,0.000000,4
15,9,42.5,-0.714286,0.489796,0.000000,0.000000,0.000000,0.000000,0.000000,0.000000,-0.500000,0.000000,0.000000,0.000000,0.000000,0.000000,7
15,9,43,-1.000000,0.000000,0.000000,0.000000,0.000000,0.000000,0.000000,0.000000,-0.500000,0.000000,0.000000,0.000000,0.000000,0.000000,2
15,9,43.5,-1.000000,0.000000,0.000000,0.000000,0.000000,0.000000,0.000000,0.000000,-0.500000,0.000000,0.000000,0.000000,0.000000,0.000000,2
15,9,44,-1.000000,0.000000,0.000000,0.000000,0.000000,0.000000,0.000000,0.000000,-0.500000,0.000000,0.000000,0.000000,0.000000,0.000000,5
15,9,44.5,-1.000000,0.000000,0.000000,0.000000,0.000000,0.000000,0.000000,0.000000,-0.500000,0.000000,0.000000,0.000000,0.000000,0.000000,1
15,9,45,-1.000000,0.000000,0.000000,0.000000,0.000000,0.000000,0.000000,0.000000,-0.500000,0.000000,0.000000,0.000000,0.000000,0.000000,1
15,9,46,-1.000000,0.000000,0.000000,0.000000,0.000000,0.000000,0.000000,0.000000,-0.500000,0.000000,0.000000,0.000000,0.000000,0.000000,1
15,9,46.5,-1.000000,0.000000,0.000000,0.000000,0.000000,0.000000,0.000000,0.000000,-0.500000,0.000000,0.000000,0.000000,0.000000,0.000000,1
15,9,47.5,-1.000000,0.000000,0.000000,0.000000,0.000000,0.000000,0.000000,0.000000,-0.500000,0.000000,0.000000,0.000000,0.000000,0.000000,1
15,9,49,-1.000000,0.000000,0.000000,0.000000,0.000000,0.000000,0.000000,0.000000,-0.500000,0.000000,0.000000,0.000000,0.000000,0.000000,1
15,9,50.5,-1.000000,0.000000,0.000000,0.000000,0.000000,0.000000,0.000000,0.000000,-0.500000,0.000000,0.000000,0.000000,0.000000,0.000000,2
15,10,-52,-1.000000,0.000000,0.000000,0.000000,0.000000,0.000000,0.000000,0.000000,-0.500000,0.000000,0.000000,0.000000,0.000000,0.000000,2
15,10,-50.5,-1.000000,0.000000,0.000000,0.000000,0.000000,0.000000,0.000000,0.000000,-0.500000,0.000000,0.000000,0.000000,0.000000,0.000000,1
15,10,-49,0.333333,0.888889,0.000000,0.000000,0.000000,0.000000,0.000000,0.000000,-0.500000,0.000000,0.000000,0.000000,0.000000,0.000000,3
15,10,-48,0.500000,0.250000,0.000000,0.000000,0.000000,0.000000,0.000000,0.000000,-0.500000,0.000000,0.000000,0.000000,0.000000,0.000000,2
15,10,-47.5,-1.000000,0.000000,0.000000,0.000000,0.000000,0.000000,0.000000,0.000000,-0.500000,0.000000,0.000000,0.000000,0.000000,0.000000,1
15,10,-47,0.333333,0.888889,0.000000,0.000000,0.000000,0.000000,0.000000,0.000000,-0.500000,0.000000,0.000000,0.000000,0.000000,0.000000,3
15,10,-46,-0.200000,0.960000,0.000000,0.000000,0.000000,0.000000,0.000000,0.000000,-0.500000,0.000000,0.000000,0.000000,0.000000,0.000000,5
15,10,-45.5,0.555556,0.691358,0.000000,0.000000,0.000000,0.000000,0.000000,0.000000,-0.500000,0.000000,0.000000,0.000000,0.000000,0.000000,9
15,10,-45,0.250000,0.687500,0.000000,0.000000,0.000000,0.000000,0.000000,0.000000,-0.500000,0.000000,0.000000,0.000000,0.000000,0.000000,4
15,10,-44.5,0.500000,0.250000,0.000000,0.000000,0.000000,0.000000,0.000000,0.000000,-0.500000,0.000000,0.000000,0.000000,0.000000,0.000000,4
15,10,-44,-0.166667,0.916667,0.000000,0.000000,0.000000,0.000000,0.000000,0.000000,-0.500000,0.000000,0.000000,0.000000,0.000000,0.000000,18
15,10,-43.5,-0.500000,0.583333,0.000000,0.000000,0.000000,0.000000,0.000000,0.000000,-0.500000,0.000000,0.000000,0.000000,0.000000,0.000000,6
15,10,-43,-0.083333,0.909722,0.000000,0.000000,0.000000,0.000000,0.000000,0.000000,-0.500000,0.000000,0.000000,0.000000,0.000000,0.000000,12
15,10,-42.5,0.256410,0.857331,0.000000,0.000000,0.000000,0.000000,0.000000,0.000000,-0.500000,0.000000,0.000000,0.000000,0.000000,0.000000,39
15,10,-42,0.066667,0.995556,0.000000,0.000000,0.000000,0.000000,0.000000,0.000000,-0.500000,0.000000,0.000000,0.000000,0.000000,0.000000,15
15,10,-41.5,0.025000,0.924375,0.000000,0.000000,0.000000,0.000000,0.000000,0.000000,-0.500000,0.000000,0.000000,0.000000,0.000000,0.000000,40
15,10,-41,-0.142857,0.789116,0.000000,0.000000,0.000000,0.000000,0.000000,0.000000,-0.500000,0.000000,0.000000,0.000000,0.000000,0.000000,21
15,10,-40.5,-0.156863,0.877355,0.000000,0.000000,0.000000,0.000000,0.000000,0.000000,-0.500000,0.000000,0.000000,0.000000,0.000000,0.000000,51
15,10,-40,-0.027778,0.915895,0.000000,0.000000,0.000000,0.000000,0.000000,0.000000,-0.500000,0.000000,0.000000,0.000000,0.000000,0.000000,36
15,10,-39.5,-0.214286,0.796939,0.000000,0.000000,0.000000,0.000000,0.000000,0.000000,-0.500000,0.000000,0.000000,0.000000,0.000000,0.000000,70
15,10,-39,-0.062500,0.933594,0.000000,0.000000,0.000000,0.000000,0.000000,0.000000,-0.500000,0.000000,0.000000,0.000000,0.000000,0.000000,64
15,10,-38.5,-0.220339,0.883654,0.000000,0.000000,0.000000,0.000000,0.000000,0.000000,-0.500000,0.000000,0.000000,0.000000,0.000000,0.000000,59
15,10,-38,-0.311927,0.838482,0.000000,0.000000,0.000000,0.000000,0.000000,0.000000,-0.500000,0.000000,0.000000,0.000000,0.000000,0.000000,109
15,10,-37.5,-0.097403,0.919084,0.000000,0.000000,0.000000,0.000000,0.000000,0.000000,-0.500000,0.000000,0.000000,0.000000,0.000000,0.000000,154
15,10,-37,-0.154639,0.914231,0.000000,0.000000,0.000000,0.000000,0.000000,0.000000,-0.500000,0.000000,0.000000,0.000000,0.000000,0.000000,97
15,10,-36.5,-0.182609,0.862306,0.000000,0.000000,0.000000,0.000000,0.000000,0.000000,-0.500000,0.000000,0.000000,0.000000,0.000000,0.000000,115
15,10,-36,-0.199357,0.899164,0.000000,0.000000,0.000000,0.000000,0.000000,0.000000,-0.500000,0.000000,0.000000,0.000000,0.000000,0.000000,311
15,10,-35.5,-0.063830,0.925004,0.000000,0.000000,0.000000,0.000000,0.000000,0.000000,-0.500000,0.000000,0.000000,0.000000,0.000000,0.000000,141
15,10,-35,-0.154321,0.932975,0.000000,0.000000,0.000000,0.000000,0.000000,0.000000,-0.500000,0.000000,0.000000,0.000000,0.000000,0.000000,162
15,10,-34.5,-0.171053,0.852320,0.000000,0.000000,0.000000,0.000000,0.000000,0.000000,-0.500000,0.000000,0.000000,0.000000,0.000000,0.000000,304
15,10,-34,-0.127349,0.904450,0.000000,0.000000,0.000000,0.000000,0.000000,0.000000,-0.500000,0.000000,0.000000,0.000000,0.000000,0.000000,479
15,10,-33.5,-0.232759,0.868237,0.000000,0.000000,0.000000,0.000000,0.000000,0.000000,-0.500000,0.000000,0.000000,0.000000,0.000000,0.000000,348
15,10,-33,-0.247170,0.850228,0.000000,0.000000,0.000000,0.000000,0.000000,0.000000,-0.500000,0.000000,0.000000,0.000000,0.000000,0.000000,530
15,10,-32.5,-0.195499,0.880205,0.000000,0.000000,0.000000,0.000000,0.000000,0.000000,-0.500000,0.000000,0.000000,0.000000,0.000000,0.000000,711
15,10,-32,-0.234450,0.830201,0.000000,0.000000,0.000000,0.000000,0.000000,0.000000,-0.500000,0.000000,0.000000,0.000000,0.000000,0.000000,627
15,10,-31.5,-0.295161,0.837073,0.000000,0.000000,0.000000,0.000000,0.000000,0.000000,-0.500000,0.000000,0.000000,0.000000,0.000000,0.000000,620
15,10,-31,-0.252297,0.850298,0.000000,0.000000,0.000000,0.000000,0.000000,0.000000,-0.500000,0.000000,0.000000,0.000000,0.000000,0.000000,1197
15,10,-30.5,-0.194303,0.884932,0.000000,0.000000,0.000000,0.000000,0.000000,0.000000,-0.500000,0.000000,0.000000,0.000000,0.000000,0.000000,983
15,10,-30,-0.248527,0.854738,0.000000,0.000000,0.000000,0.000000,0.000000,0.000000,-0.500000,0.000000,0.000000,0.000000,0.000000,0.000000,1018
15,10,-29.5,-0.225352,0.853939,0.000000,0.000000,0.000000,0.000000,0.000000,0.000000,-0.500000,0.000000,0.000000,0.000000,0.000000,0.000000,1207
15,10,-29,-0.222936,0.864289,0.000000,0.000000,0.000000,0.000000,0.000000,0.000000,-0.500000,0.000000,0.000000,0.000000,0.000000,0.000000,2023
15,10,-28.5,-0.250311,0.845190,0.000000,0.000000,0.000000,0.000000,0.000000,0.000000,-0.500000,0.000000,0.000000,0.000000,0.000000,0.000000,1606
15,10,-28,-0.233681,0.861466,0.000000,0.000000,0.000000,0.000000,0.000000,0.000000,-0.500000,0.000000,0.000000,0.000000,0.000000,0.000000,1823
15,10,-27.5,-0.259549,0.847788,0.000000,0.000000,0.000000,0.000000,0.000000,0.000000,-0.500000,0.000000,0.000000,0.000000,0.000000,0.000000,3194
15,10,-27,-0.202020,0.866034,0.000000,0.000000,0.000000,0.000000,0.000000,0.000000,-0.500000,0.000000,0.000000,0.000000,0.000000,0.000000,1782
15,10,-26.5,-0.227809,0.858297,0.000000,0.000000,0.000000,0.000000,0.000000,0.000000,-0.500000,0.000000,0.000000,0.000000,0.000000,0.000000,2884
15,10,-26,-0.264420,0.842894,0.000000,0.000000,0.000000,0.000000,0.000000,0.000000,-0.500000,0.000000,0.000000,0.000000,0.000000,0.000000,5253
15,10,-25.5,-0.257594,0.844459,0.000000,0.000000,0.000000,0.000000,0.000000,0.000000,-0.500000,0.000000,0.000000,0.000000,0.000000,0.000000,4115
15,10,-25,-0.269182,0.849228,0.000000,0.000000,0.000000,0.000000,0.000000,0.000000,-0.500000,0.000000,0.000000,0.000000,0.000000,0.000000,3154
15,10,-24.5,-0.280942,0.837481,0.000000,0.000000,0.000000,0.000000,0.000000,0.000000,-0.500000,0.000000,0.000000,0.000000,0.000000,0.000000,6795
15,10,-24,-0.314744,0.816373,0.000000,0.000000,0.000000,0.000000,0.000000,0.000000,-0.500000,0.000000,0.000000,0.000000,0.000000,0.000000,5487
15,10,-23.5,-0.295404,0.833573,0.000000,0.000000,0.000000,0.000000,0.000000,0.000000,-0.500000,0.000000,0.000000,0.000000,0.000000,0.000000,6354
15,10,-23,-0.292425,0.832357,0.000000,0.000000,0.000000,0.000000,0.000000,0.000000,-0.500000,0.000000,0.000000,0.000000,0.000000,0.000000,9558
15,10,-22.5,-0.310601,0.826819,0.000000,0.000000,0.000000,0.000000,0.000000,0.000000,-0.500000,0.000000,0.000000,0.000000,0.000000,0.000000,8226
15,10,-22,-0.298731,0.829618,0.000000,0.000000,0.000000,0.000000,0.000000,0.000000,-0.500000,0.000000,0.000000,0.000000,0.000000,0.000000,8824
15,10,-21.5,-0.316863,0.816755,0.000000,0.000000,0.000000,0.000000,0.000000,0.000000,-0.500000,0.000000,0.000000,0.000000,0.000000,0.000000,10888
15,10,-21,-0.314072,0.820784,0.000000,0.000000,0.000000,0.000000,0.000000,0.000000,-0.500000,0.000000,0.000000,0.000000,0.000000,0.000000,14831
15,10,-20.5,-0.316215,0.819868,0.000000,0.000000,0.000000,0.000000,0.000000,0.000000,-0.500000,0.000000,0.000000,0.000000,0.000000,0.000000,11742
15,10,-20,-0.348815,0.800878,0.000000,0.000000,0.000000,0.000000,0.000000,0.000000,-0.500000,0.000000,0.000000,0.000000,0.000000,0.000000,15610
15,10,-19.5,-0.327543,0.813609,0.000000,0.000000,0.000000,0.000000,0.000000,0.000000,-0.500000,0.000000,0.000000,0.000000,0.000000,0.000000,19341
15,10,-19,-0.343364,0.804716,0.000000,0.000000,0.000000,0.000000,0.000000,0.000000,-0.500000,0.000000,0.000000,0.000000,0.000000,0.000000,20637
15,10,-18.5,-0.335355,0.809763,0.000000,0.000000,0.000000,0.000000,0.000000,0.000000,-0.500000,0.000000,0.000000,0.000000,0.000000,0.000000,20778
15,10,-18,-0.345646,0.802928,0.000000,0.000000,0.000000,0.000000,0.000000,0.000000,-0.500000,0.000000,0.000000,0.000000,0.000000,0.000000,27100
15,10,-17.5,-0.344278,0.802786,0.000000,0.000000,0.000000,0.000000,0.000000,0.000000,-0.500000,0.000000,0.000000,0.000000,0.000000,0.000000,32102
15,10,-17,-0.361949,0.790837,0.000000,0.000000,0.000000,0.000000,0.000000,0.000000,-0.500000,0.000000,0.000000,0.000000,0.000000,0.000000,25219
15,10,-16.5,-0.360006,0.794383,0.000000,0.000000,0.000000,0.000000,0.000000,0.000000,-0.500000,0.000000,0.000000,0.000000,0.000000,0.000000,37941
15,10,-16,-0.366570,0.789467,0.000000,0.000000,0.000000,0.000000,0.000000,0.000000,-0.500000,0.000000,0.000000,0.000000,0.000000,0.000000,36345
15,10,-15.5,-0.371575,0.785302,0.000000,0.000000,0.000000,0.000000,0.000000,0.000000,-0.500000,0.000000,0.000000,0.000000,0.000000,0.000000,40689
15,10,-15,-0.371155,0.787633,0.000000,0.000000,0.000000,0.000000,0.000000,0.000000,-0.500000,0.000000,0.000000,0.000000,0.000000,0.000000,42621
15,10,-14.5,-0.384643,0.778480,0.000000,0.000000,0.000000,0.000000,0.000000,0.000000,-0.500000,0.000000,0.000000,0.000000,0.000000,0.000000,57864
15,10,-14,-0.375737,0.785951,0.000000,0.000000,0.000000,0.000000,0.000000,0.000000,-0.500000,0.000000,0.000000,0.000000,0.000000,0.000000,59736
15,10,-13.5,-0.390857,0.773371,0.000000,0.000000,0.000000,0.000000,0.000000,0.000000,-0.500000,0.000000,0.000000,0.000000,0.000000,0.000000,65909
15,10,-13,-0.390389,0.775854,0.000000,0.000000,0.000000,0.000000,0.000000,0.000000,-0.500000,0.000000,0.000000,0.000000,0.000000,0.000000,67589
15,10,-12.5,-0.394469,0.771051,0.000000,0.000000,0.000000,0.000000,0.000000,0.000000,-0.500000,0.000000,0.000000,0.000000,0.000000,0.000000,80062
15,10,-12,-0.401121,0.767821,0.000000,0.000000,0.000000,0.000000,0.000000,0.000000,-0.500000,0.000000,0.000000,0.000000,0.000000,0.000000,89716
15,10,-11.5,-0.405019,0.765396,0.000000,0.000000,0.000000,0.000000,0.000000,0.000000,-0.500000,0.000000,0.000000,0.000000,0.000000,0.000000,98067
15,10,-11,-0.410333,0.760466,0.000000,0.000000,0.000000,0.000000,0.000000,0.000000,-0.500000,0.000000,0.000000,0.000000,0.000000,0.000000,111451
15,10,-10.5,-0.413791,0.758179,0.000000,0.000000,0.000000,0.000000,0.000000,0.000000,-0.500000,0.000000,0.000000,0.000000,0.000000,0.000000,116716
15,10,-10,-0.421082,0.752653,0.000000,0.000000,0.000000,0.000000,0.000000,0.000000,-0.500000,0.000000,0.000000,0.000000,0.000000,0.000000,150605
15,10,-9.5,-0.427075,0.747037,0.000000,0.000000,0.000000,0.000000,0.000000,0.000000,-0.500000,0.000000,0.000000,0.000000,0.000000,0.000000,133726
15,10,-9,-0.429329,0.746882,0.000000,0.000000,0.000000,0.000000,0.000000,0.000000,-0.500000,0.000000,0.000000,0.000000,0.000000,0.000000,167105
15,10,-8.5,-0.431391,0.744750,0.000000,0.000000,0.000000,0.000000,0.000000,0.000000,-0.500000,0.000000,0.000000,0.000000,0.000000,0.000000,177637
15,10,-8,-0.436240,0.740919,0.000000,0.000000,0.000000,0.000000,0.000000,0.000000,-0.500000,0.000000,0.000000,0.000000,0.000000,0.000000,205655
15,10,-7.5,-0.441173,0.736592,0.000000,0.000000,0.000000,0.000000,0.000000,0.000000,-0.500000,0.000000,0.000000,0.000000,0.000000,0.000000,226029
15,10,-7,-0.448115,0.731283,0.000000,0.000000,0.000000,0.000000,0.000000,0.000000,-0.500000,0.000000,0.000000,0.000000,0.000000,0.000000,238653
15,10,-6.5,-0.452031,0.728868,0.000000,0.000000,0.000000,0.000000,0.000000,0.000000,-0.500000,0.000000,0.000000,0.000000,0.000000,0.000000,274490
15,10,-6,-0.457113,0.724330,0.000000,0.000000,0.000000,0.000000,0.000000,0.000000,-0.500000,0.000000,0.000000,0.000000,0.000000,0.000000,318429
15,10,-5.5,-0.462022,0.719583,0.000000,0.000000,0.000000,0.000000,0.000000,0.000000,-0.500000,0.000000,0.000000,0.000000,0.000000,0.000000,318017
15,10,-5,-0.465944,0.716292,0.000000,0.000000,0.000000,0.000000,0.000000,0.000000,-0.500000,0.000000,0.000000,0.000000,0.000000,0.000000,337532
15,10,-4.5,-0.469811,0.712940,0.000000,0.000000,0.000000,0.000000,0.000000,0.000000,-0.500000,0.000000,0.000000,0.000000,0.000000,0.000000,437744
15,10,-4,-0.476449,0.707993,0.000000,0.000000,0.000000,0.000000,0.000000,0.000000,-0.500000,0.000000,0.000000,0.000000,0.000000,0.000000,467916
15,10,-3.5,-0.478239,0.705957,0.000000,0.000000,0.000000,0.000000,0.000000,0.000000,-0.500000,0.000000,0.000000,0.000000,0.000000,0.000000,489490
15,10,-3,-0.484954,0.699858,0.000000,0.000000,0.000000,0.000000,0.000000,0.000000,-0.500000,0.000000,0.000000,0.000000,0.000000,0.000000,550875
15,10,-2.5,-0.486065,0.699125,0.000000,0.000000,0.000000,0.000000,0.000000,0.000000,-0.500000,0.000000,0.000000,0.000000,0.000000,0.000000,581502
15,10,-2,-0.491020,0.694150,0.000000,0.000000,0.000000,0.000000,0.000000,0.000000,-0.500000,0.000000,0.000000,0.000000,0.000000,0.000000,610372
15,10,-1.5,-0.495092,0.691104,0.000000,0.000000,0.000000,0.000000,0.000000,0.000000,-0.500000,0.000000,0.000000,0.000000,0.000000,0.000000,654119
15,10,-1,-0.502203,0.684804,0.000000,0.000000,0.000000,0.000000,0.000000,0.000000,-0.500000,0.000000,0.000000,0.000000,0.000000,0.000000,1453286
15,10,-0.5,-0.500885,0.684729,0.000000,0.000000,0.000000,0.000000,0.000000,0.000000,-0.500000,0.000000,0.000000,0.000000,0.000000,0.000000,925830
15,10,0,-0.507499,0.679781,0.000000,0.000000,0.000000,0.000000,0.000000,0.000000,-0.500000,0.000000,0.000000,0.000000,0.000000,0.000000,918250
15,10,0.5,-0.515268,0.672324,0.000000,0.000000,0.000000,0.000000,0.000000,0.000000,-0.500000,0.000000,0.000000,0.000000,0.000000,0.000000,435335
15,10,1,-0.518652,0.672208,0.000000,0.000000,0.000000,0.000000,0.000000,0.000000,-0.500000,0.000000,0.000000,0.000000,0.000000,0.000000,531806
15,10,1.5,-0.520180,0.672778,0.000000,0.000000,0.000000,0.000000,0.000000,0.000000,-0.500000,0.000000,0.000000,0.000000,0.000000,0.000000,504450
15,10,2,-0.522502,0.670320,0.000000,0.000000,0.000000,0.000000,0.000000,0.000000,-0.500000,0.000000,0.000000,0.000000,0.000000,0.000000,411348
15,10,2.5,-0.529215,0.664887,0.000000,0.000000,0.000000,0.000000,0.000000,0.000000,-0.500000,0.000000,0.000000,0.000000,0.000000,0.000000,419839
15,10,3,-0.531879,0.660968,0.000000,0.000000,0.000000,0.000000,0.000000,0.000000,-0.500000,0.000000,0.000000,0.000000,0.000000,0.000000,386855
15,10,3.5,-0.537421,0.656079,0.000000,0.000000,0.000000,0.000000,0.000000,0.000000,-0.500000,0.000000,0.000000,0.000000,0.000000,0.000000,309856
15,10,4,-0.539936,0.653866,0.000000,0.000000,0.000000,0.000000,0.000000,0.000000,-0.500000,0.000000,0.000000,0.000000,0.000000,0.000000,307344
15,10,4.5,-0.546017,0.647226,0.000000,0.000000,0.000000,0.000000,0.000000,0.000000,-0.500000,0.000000,0.000000,0.000000,0.000000,0.000000,280290
15,10,5,-0.551845,0.641256,0.000000,0.000000,0.000000,0.000000,0.000000,0.000000,-0.500000,0.000000,0.000000,0.000000,0.000000,0.000000,234952
15,10,5.5,-0.556834,0.636576,0.000000,0.000000,0.000000,0.000000,0.000000,0.000000,-0.500000,0.000000,0.000000,0.000000,0.000000,0.000000,206785
15,10,6,-0.558121,0.636090,0.000000,0.000000,0.000000,0.000000,0.000000,0.000000,-0.500000,0.000000,0.000000,0.000000,0.000000,0.000000,215869
15,10,6.5,-0.562940,0.628946,0.000000,0.000000,0.000000,0.000000,0.000000,0.000000,-0.500000,0.000000,0.000000,0.000000,0.000000,0.000000,183094
15,10,7,-0.568271,0.623500,0.000000,0.000000,0.000000,0.000000,0.000000,0.000000,-0.500000,0.000000,0.000000,0.000000,0.000000,0.000000,155278
15,10,7.5,-0.572675,0.619472,0.000000,0.000000,0.000000,0.000000,0.000000,0.000000,-0.500000,0.000000,0.000000,0.000000,0.000000,0.000000,152308
15,10,8,-0.575411,0.616222,0.000000,0.000000,0.000000,0.000000,0.000000,0.000000,-0.500000,0.000000,0.000000,0.000000,0.000000,0.000000,136711
15,10,8.5,-0.584023,0.607274,0.000000,0.000000,0.000000,0.000000,0.000000,0.000000,-0.500000,0.000000,0.000000,0.000000,0.000000,0.000000,117557
15,10,9,-0.586238,0.605945,0.000000,0.000000,0.000000,0.000000,0.000000,0.000000,-0.500000,0.000000,0.000000,0.000000,0.000000,0.000000,111552
15,10,9.5,-0.589800,0.601431,0.000000,0.000000,0.000000,0.000000,0.000000,0.000000,-0.500000,0.000000,0.000000,0.000000,0.000000,0.000000,88157
15,10,10,-0.592658,0.598110,0.000000,0.000000,0.000000,0.000000,0.000000,0.000000,-0.500000,0.000000,0.000000,0.000000,0.000000,0.000000,100304
15,10,10.5,-0.597423,0.593350,0.000000,0.000000,0.000000,0.000000,0.000000,0.000000,-0.500000,0.000000,0.000000,0.000000,0.000000,0.000000,76363
15,10,11,-0.598602,0.592074,0.000000,0.000000,0.000000,0.000000,0.000000,0.000000,-0.500000,0.000000,0.000000,0.000000,0.000000,0.000000,73406
15,10,11.5,-0.605048,0.584964,0.000000,0.000000,0.000000,0.000000,0.000000,0.000000,-0.500000,0.000000,0.000000,0.000000,0.000000,0.000000,64266
15,10,12,-0.605906,0.584714,0.000000,0.000000,0.000000,0.000000,0.000000,0.000000,-0.500000,0.000000,0.000000,0.000000,0.000000,0.000000,58717
15,10,12.5,-0.615867,0.572941,0.000000,0.000000,0.000000,0.000000,0.000000,0.000000,-0.500000,0.000000,0.000000,0.000000,0.000000,0.000000,53531
15,10,13,-0.620649,0.567519,0.000000,0.000000,0.000000,0.000000,0.000000,0.000000,-0.500000,0.000000,0.000000,0.000000,0.000000,0.000000,42665
15,10,13.5,-0.622487,0.564904,0.000000,0.000000,0.000000,0.000000,0.000000,0.000000,-0.500000,0.000000,0.000000,0.000000,0.000000,0.000000,43776
15,10,14,-0.624436,0.562091,0.000000,0.000000,0.000000,0.000000,0.000000,0.000000,-0.500000,0.000000,0.000000,0.000000,0.000000,0.000000,39655
15,10,14.5,-0.631283,0.554528,0.000000,0.000000,0.000000,0.000000,0.000000,0.000000,-0.500000,0.000000,0.000000,0.000000,0.000000,0.000000,38059
15,10,15,-0.631787,0.553770,0.000000,0.000000,0.000000,0.000000,0.000000,0.000000,-0.500000,0.000000,0.000000,0.000000,0.000000,0.000000,27552
15,10,15.5,-0.637161,0.547614,0.000000,0.000000,0.000000,0.000000,0.000000,0.000000,-0.500000,0.000000,0.000000,0.000000,0.000000,0.000000,25769
15,10,16,-0.637257,0.546725,0.000000,0.000000,0.000000,0.000000,0.000000,0.000000,-0.500000,0.000000,0.000000,0.000000,0.000000,0.000000,23824
15,10,16.5,-0.649073,0.536674,0.000000,0.000000,0.000000,0.000000,0.000000,0.000000,-0.500000,0.000000,0.000000,0.000000,0.000000,0.000000,24649
15,10,17,-0.644541,0.537996,0.000000,0.000000,0.000000,0.000000,0.000000,0.000000,-0.500000,0.000000,0.000000,0.000000,0.000000,0.000000,15954
15,10,17.5,-0.641054,0.542676,0.000000,0.000000,0.000000,0.000000,0.000000,0.000000,-0.500000,0.000000,0.000000,0.000000,0.000000,0.000000,20680
15,10,18,-0.653714,0.528129,0.000000,0.000000,0.000000,0.000000,0.000000,0.000000,-0.500000,0.000000,0.000000,0.000000,0.000000,0.000000,17988
15,10,18.5,-0.665936,0.514440,0.000000,0.000000,0.000000,0.000000,0.000000,0.000000,-0.500000,0.000000,0.000000,0.000000,0.000000,0.000000,13234
15,10,19,-0.679208,0.494908,0.000000,0.000000,0.000000,0.000000,0.000000,0.000000,-0.500000,0.000000,0.000000,0.000000,0.000000,0.000000,13183
15,10,19.5,-0.680617,0.496379,0.000000,0.000000,0.000000,0.000000,0.000000,0.000000,-0.500000,0.000000,0.000000,0.000000,0.000000,0.000000,12258
15,10,20,-0.680727,0.491467,0.000000,0.000000,0.000000,0.000000,0.000000,0.000000,-0.500000,0.000000,0.000000,0.000000,0.000000,0.000000,9791
15,10,20.5,-0.679386,0.499608,0.000000,0.000000,0.000000,0.000000,0.000000,0.000000,-0.500000,0.000000,0.000000,0.000000,0.000000,0.000000,7495
15,10,21,-0.688751,0.483452,0.000000,0.000000,0.000000,0.000000,0.000000,0.000000,-0.500000,0.000000,0.000000,0.000000,0.000000,0.000000,9343
15,10,21.5,-0.679372,0.494485,0.000000,0.000000,0.000000,0.000000,0.000000,0.000000,-0.500000,0.000000,0.000000,0.000000,0.000000,0.000000,7005
15,10,22,-0.698342,0.470396,0.000000,0.000000,0.000000,0.000000,0.000000,0.000000,-0.500000,0.000000,0.000000,0.000000,0.000000,0.000000,5367
15,10,22.5,-0.682941,0.494453,0.000000,0.000000,0.000000,0.000000,0.000000,0.000000,-0.500000,0.000000,0.000000,0.000000,0.000000,0.000000,5059
15,10,23,-0.691186,0.481879,0.000000,0.000000,0.000000,0.000000,0.000000,0.000000,-0.500000,0.000000,0.000000,0.000000,0.000000,0.000000,5968
15,10,23.5,-0.698104,0.475747,0.000000,0.000000,0.000000,0.000000,0.000000,0.000000,-0.500000,0.000000,0.000000,0.000000,0.000000,0.000000,3902
15,10,24,-0.692126,0.482035,0.000000,0.000000,0.000000,0.000000,0.000000,0.000000,-0.500000,0.000000,0.000000,0.000000,0.000000,0.000000,3391
15,10,24.5,-0.716990,0.445818,0.000000,0.000000,0.000000,0.000000,0.000000,0.000000,-0.500000,0.000000,0.000000,0.000000,0.000000,0.000000,4438
15,10,25,-0.695961,0.469241,0.000000,0.000000,0.000000,0.000000,0.000000,0.000000,-0.500000,0.000000,0.000000,0.000000,0.000000,0.000000,1832
15,10,25.5,-0.715264,0.455776,0.000000,0.000000,0.000000,0.000000,0.000000,0.000000,-0.500000,0.000000,0.000000,0.000000,0.000000,0.000000,2483
15,10,26,-0.721397,0.443196,0.000000,0.000000,0.000000,0.000000,0.000000,0.000000,-0.500000,0.000000,0.000000,0.000000,0.000000,0.000000,3435
15,10,26.5,-0.738754,0.406376,0.000000,0.000000,0.000000,0.000000,0.000000,0.000000,-0.500000,0.000000,0.000000,0.000000,0.000000,0.000000,1734
15,10,27,-0.720974,0.444616,0.000000,0.000000,0.000000,0.000000,0.000000,0.000000,-0.500000,0.000000,0.000000,0.000000,0.000000,0.000000,1068
15,10,27.5,-0.754528,0.397799,0.000000,0.000000,0.000000,0.000000,0.000000,0.000000,-0.500000,0.000000,0.000000,0.000000,0.000000,0.000000,2098
15,10,28,-0.696477,0.480593,0.000000,0.000000,0.000000,0.000000,0.000000,0.000000,-0.500000,0.000000,0.000000,0.000000,0.000000,0.000000,1107
15,10,28.5,-0.729353,0.434213,0.000000,0.000000,0.000000,0.000000,0.000000,0.000000,-0.500000,0.000000,0.000000,0.000000,0.000000,0.000000,1005
15,10,29,-0.739460,0.415256,0.000000,0.000000,0.000000,0.000000,0.000000,0.000000,-0.500000,0.000000,0.000000,0.000000,0.000000,0.000000,1186
15,10,29.5,-0.759547,0.377826,0.000000,0.000000,0.000000,0.000000,0.000000,0.000000,-0.500000,0.000000,0.000000,0.000000,0.000000,0.000000,707
15,10,30,-0.776817,0.363684,0.000000,0.000000,0.000000,0.000000,0.000000,0.000000,-0.500000,0.000000,0.000000,0.000000,0.000000,0.000000,578
15,10,30.5,-0.743590,0.412886,0.000000,0.000000,0.000000,0.000000,0.000000,0.000000,-0.500000,0.000000,0.000000,0.000000,0.000000,0.000000,585
15,10,31,-0.706056,0.464557,0.000000,0.000000,0.000000,0.000000,0.000000,0.000000,-0.500000,0.000000,0.000000,0.000000,0.000000,0.000000,677
15,10,31.5,-0.788204,0.349244,0.000000,0.000000,0.000000,0.000000,0.000000,0.000000,-0.500000,0.000000,0.000000,0.000000,0.000000,0.000000,373
15,10,32,-0.814815,0.305213,0.000000,0.000000,0.000000,0.000000,0.000000,0.000000,-0.500000,0.000000,0.000000,0.000000,0.000000,0.000000,324
15,10,32.5,-0.780600,0.337545,0.000000,0.000000,0.000000,0.000000,0.000000,0.000000,-0.500000,0.000000,0.000000,0.000000,0.000000,0.000000,433
15,10,33,-0.790850,0.328805,0.000000,0.000000,0.000000,0.000000,0.000000,0.000000,-0.500000,0.000000,0.000000,0.000000,0.000000,0.000000,306
15,10,33.5,-0.827225,0.279049,0.000000,0.000000,0.000000,0.000000,0.000000,0.000000,-0.500000,0.000000,0.000000,0.000000,0.000000,0.000000,191
15,10,34,-0.761566,0.373754,0.000000,0.000000,0.000000,0.000000,0.000000,0.000000,-0.500000,0.000000,0.000000,0.000000,0.000000,0.000000,281
15,10,34.5,-0.795580,0.328378,0.000000,0.000000,0.000000,0.000000,0.000000,0.000000,-0.500000,0.000000,0.000000,0.000000,0.000000,0.000000,181
15,10,35,-0.648936,0.546967,0.000000,0.000000,0.000000,0.000000,0.000000,0.000000,-0.500000,0.000000,0.000000,0.000000,0.000000,0.000000,94
15,10,35.5,-0.913043,0.137366,0.000000,0.000000,0.000000,0.000000,0.000000,0.000000,-0.500000,0.000000,0.000000,0.000000,0.000000,0.000000,69
15,10,36,-0.814607,0.330798,0.000000,0.000000,0.000000,0.000000,0.000000,0.000000,-0.500000,0.000000,0.000000,0.000000,0.000000,0.000000,178
15,10,36.5,-0.757143,0.383878,0.000000,0.000000,0.000000,0.000000,0.000000,0.000000,-0.500000,0.000000,0.000000,0.000000,0.000000,0.000000,70
15,10,37,-0.725490,0.395233,0.000000,0.000000,0.000000,0.000000,0.000000,0.000000,-0.500000,0.000000,0.000000,0.000000,0.000000,0.000000,51
15,10,37.5,-0.804598,0.295151,0.000000,0.000000,0.000000,0.000000,0.000000,0.000000,-0.500000,0.000000,0.000000,0.000000,0.000000,0.000000,87
15,10,38,-0.746032,0.411691,0.000000,0.000000,0.000000,0.000000,0.000000,0.000000,-0.500000,0.000000,0.000000,0.000000,0.000000,0.000000,63
15,10,38.5,-0.764706,0.415225,0.000000,0.000000,0.000000,0.000000,0.000000,0.000000,-0.500000,0.000000,0.000000,0.000000,0.000000,0.000000,17
15,10,39,-0.979592,0.019992,0.000000,0.000000,0.000000,0.000000,0.000000,0.000000,-0.500000,0.000000,0.000000,0.000000,0.000000,0.000000,49
15,10,39.5,-0.921053,0.125346,0.000000,0.000000,0.000000,0.000000,0.000000,0.000000,-0.500000,0.000000,0.000000,0.000000,0.000000,0.000000,38
15,10,40,-0.724138,0.475624,0.000000,0.000000,0.000000,0.000000,0.000000,0.000000,-0.500000,0.000000,0.000000,0.000000,0.000000,0.000000,29
15,10,40.5,-0.900000,0.156667,0.000000,0.000000,0.000000,0.000000,0.000000,0.000000,-0.500000,0.000000,0.000000,0.000000,0.000000,0.000000,30
15,10,41,-0.800000,0.293333,0.000000,0.000000,0.000000,0.000000,0.000000,0.000000,-0.500000,0.000000,0.000000,0.000000,0.000000,0.000000,15
15,10,41.5,-1.000000,0.000000,0.000000,0.000000,0.000000,0.000000,0.000000,0.000000,-0.500000,0.000000,0.000000,0.000000,0.000000,0.000000,18
15,10,42,-0.583333,0.576389,0.000000,0.000000,0.000000,0.000000,0.000000,0.000000,-0.500000,0.000000,0.000000,0.000000,0.000000,0.000000,12
15,10,42.5,-0.840000,0.294400,0.000000,0.000000,0.000000,0.000000,0.000000,0.000000,-0.500000,0.000000,0.000000,0.000000,0.000000,0.000000,25
15,10,43,-1.000000,0.000000,0.000000,0.000000,0.000000,0.000000,0.000000,0.000000,-0.500000,0.000000,0.000000,0.000000,0.000000,0.000000,10
15,10,43.5,-1.000000,0.000000,0.000000,0.000000,0.000000,0.000000,0.000000,0.000000,-0.500000,0.000000,0.000000,0.000000,0.000000,0.000000,2
15,10,44,-0.923077,0.071006,0.000000,0.000000,0.000000,0.000000,0.000000,0.000000,-0.500000,0.000000,0.000000,0.000000,0.000000,0.000000,13
15,10,44.5,-1.000000,0.000000,0.000000,0.000000,0.000000,0.000000,0.000000,0.000000,-0.500000,0.000000,0.000000,0.000000,0.000000,0.000000,3
15,10,45.5,-0.750000,0.437500,0.000000,0.000000,0.000000,0.000000,0.000000,0.000000,-0.500000,0.000000,0.000000,0.000000,0.000000,0.000000,8
15,10,46,-1.000000,0.000000,0.000000,0.000000,0.000000,0.000000,0.000000,0.000000,-0.500000,0.000000,0.000000,0.000000,0.000000,0.000000,2
15,10,46.5,-1.000000,0.000000,0.000000,0.000000,0.000000,0.000000,0.000000,0.000000,-0.500000,0.000000,0.000000,0.000000,0.000000,0.000000,1
15,10,47,-1.000000,0.000000,0.000000,0.000000,0.000000,0.000000,0.000000,0.000000,-0.500000,0.000000,0.000000,0.000000,0.000000,0.000000,4
15,10,47.5,-1.000000,0.000000,0.000000,0.000000,0.000000,0.000000,0.000000,0.000000,-0.500000,0.000000,0.000000,0.000000,0.000000,0.000000,2
15,10,49,-0.500000,0.250000,0.000000,0.000000,0.000000,0.000000,0.000000,0.000000,-0.500000,0.000000,0.000000,0.000000,0.000000,0.000000,2
15,11,-52,1.000000,0.000000,0.000000,0.000000,0.000000,0.000000,0.000000,0.000000,-0.500000,0.000000,0.000000,0.000000,0.000000,0.000000,1
15,11,-47,0.000000,0.000000,0.000000,0.000000,0.000000,0.000000,0.000000,0.000000,-0.500000,0.000000,0.000000,0.000000,0.000000,0.000000,1
15,11,-46.5,-1.000000,0.000000,0.000000,0.000000,0.000000,0.000000,0.000000,0.000000,-0.500000,0.000000,0.000000,0.000000,0.000000,0.000000,1
15,11,-46,0.000000,1.000000,0.000000,0.000000,0.000000,0.000000,0.000000,0.000000,-0.500000,0.000000,0.000000,0.000000,0.000000,0.000000,2
15,11,-45.5,-1.000000,0.000000,0.000000,0.000000,0.000000,0.000000,0.000000,0.000000,-0.500000,0.000000,0.000000,0.000000,0.000000,0.000000,1
15,11,-45,-1.000000,0.000000,0.000000,0.000000,0.000000,0.000000,0.000000,0.000000,-0.500000,0.000000,0.000000,0.000000,0.000000,0.000000,1
15,11,-44,-0.333333,0.888889,0.000000,0.000000,0.000000,0.000000,0.000000,0.000000,-0.500000,0.000000,0.000000,0.000000,0.000000,0.000000,3
15,11,-43.5,1.000000,0.000000,0.000000,0.000000,0.000000,0.000000,0.000000,0.000000,-0.500000,0.000000,0.000000,0.000000,0.000000,0.000000,1
15,11,-43,-1.000000,0.000000,0.000000,0.000000,0.000000,0.000000,0.000000,0.000000,-0.500000,0.000000,0.000000,0.000000,0.000000,0.000000,1
15,11,-42.5,-0.300000,0.810000,0.000000,0.000000,0.000000,0.000000,0.000000,0.000000,-0.500000,0.000000,0.000000,0.000000,0.000000,0.000000,10
15,11,-42,-0.333333,0.888889,0.000000,0.000000,0.000000,0.000000,0.000000,0.000000,-0.500000,0.000000,0.000000,0.000000,0.000000,0.000000,6
15,11,-41.5,-0.142857,0.979592,0.000000,0.000000,0.000000,0.000000,0.000000,0.000000,-0.500000,0.000000,0.000000,0.000000,0.000000,0.000000,7
15,11,-41,0.200000,0.960000,0.000000,0.000000,0.000000,0.000000,0.000000,0.000000,-0.500000,0.000000,0.000000,0.000000,0.000000,0.000000,5
15,11,-40.5,-0.200000,0.960000,0.000000,0.000000,0.000000,0.000000,0.000000,0.000000,-0.500000,0.000000,0.000000,0.000000,0.000000,0.000000,10
15,11,-40,-0.200000,0.560000,0.000000,0.000000,0.000000,0.000000,0.000000,0.000000,-0.500000,0.000000,0.000000,0.000000,0.000000,0.000000,5
15,11,-39.5,-0.250000,0.937500,0.000000,0.000000,0.000000,0.000000,0.000000,0.000000,-0.500000,0.000000,0.000000,0.000000,0.000000,0.000000,8
15,11,-39,-0.312500,0.714844,0.000000,0.000000,0.000000,0.000000,0.000000,0.000000,-0.500000,0.000000,0.000000,0.000000,0.000000,0.000000,16
15,11,-38.5,-0.125000,0.859375,0.000000,0.000000,0.000000,0.000000,0.000000,0.000000,-0.500000,0.000000,0.000000,0.000000,0.000000,0.000000,8
15,11,-38,-0.350000,0.827500,0.000000,0.000000,0.000000,0.000000,0.000000,0.000000,-0.500000,0.000000,0.000000,0.000000,0.000000,0.000000,20
15,11,-37.5,-0.307692,0.828402,0.000000,0.000000,0.000000,0.000000,0.000000,0.000000,-0.500000,0.000000,0.000000,0.000000,0.000000,0.000000,26
15,11,-37,-0.555556,0.469136,0.000000,0.000000,0.000000,0.000000,0.000000,0.000000,-0.500000,0.000000,0.000000,0.000000,0.000000,0.000000,18
15,11,-36.5,-0.230769,0.946746,0.000000,0.000000,0.000000,0.000000,0.000000,0.000000,-0.500000,0.000000,0.000000,0.000000,0.000000,0.000000,26
15,11,-36,-0.174603,0.874276,0.000000,0.000000,0.000000,0.000000,0.000000,0.000000,-0.500000,0.000000,0.000000,0.000000,0.000000,0.000000,63
15,11,-35.5,-0.320000,0.857600,0.000000,0.000000,0.000000,0.000000,0.000000,0.000000,-0.500000,0.000000,0.000000,0.000000,0.000000,0.000000,25
15,11,-35,-0.136364,0.754132,0.000000,0.000000,0.000000,0.000000,0.000000,0.000000,-0.500000,0.000000,0.000000,0.000000,0.000000,0.000000,44
15,11,-34.5,-0.403509,0.696830,0.000000,0.000000,0.000000,0.000000,0.000000,0.000000,-0.500000,0.000000,0.000000,0.000000,0.000000,0.000000,57
15,11,-34,-0.321839,0.769983,0.000000,0.000000,0.000000,0.000000,0.000000,0.000000,-0.500000,0.000000,0.000000,0.000000,0.000000,0.000000,87
15,11,-33.5,-0.246753,0.809243,0.000000,0.000000,0.000000,0.000000,0.000000,0.000000,-0.500000,0.000000,0.000000,0.000000,0.000000,0.000000,77
15,11,-33,-0.406593,0.790726,0.000000,0.000000,0.000000,0.000000,0.000000,0.000000,-0.500000,0.000000,0.000000,0.000000,0.000000,0.000000,91
15,11,-32.5,-0.436047,0.722654,0.000000,0.000000,0.000000,0.000000,0.000000,0.000000,-0.500000,0.000000,0.000000,0.000000,0.000000,0.000000,172
15,11,-32,-0.234234,0.809999,0.000000,0.000000,0.000000,0.000000,0.000000,0.000000,-0.500000,0.000000,0.000000,0.000000,0.000000,0.000000,111
15,11,-31.5,-0.352459,0.802002,0.000000,0.000000,0.000000,0.000000,0.000000,0.000000,-0.500000,0.000000,0.000000,0.000000,0.000000,0.000000,122
15,11,-31,-0.354839,0.785380,0.000000,0.000000,0.000000,0.000000,0.000000,0.000000,-0.500000,0.000000,0.000000,0.000000,0.000000,0.000000,248
15,11,-30.5,-0.272277,0.772400,0.000000,0.000000,0.000000,0.000000,0.000000,0.000000,-0.500000,0.000000,0.000000,0.000000,0.000000,0.000000,202
15,11,-30,-0.302198,0.804281,0.000000,0.000000,0.000000,0.000000,0.000000,0.000000,-0.500000,0.000000,0.000000,0.000000,0.000000,0.000000,182
15,11,-29.5,-0.318841,0.816215,0.000000,0.000000,0.000000,0.000000,0.000000,0.000000,-0.500000,0.000000,0.000000,0.000000,0.000000,0.000000,207
15,11,-29,-0.363636,0.765840,0.000000,0.000000,0.000000,0.000000,0.000000,0.000000,-0.500000,0.000000,0.000000,0.000000,0.000000,0.000000,363
15,11,-28.5,-0.396040,0.740842,0.000000,0.000000,0.000000,0.000000,0.000000,0.000000,-0.500000,0.000000,0.000000,0.000000,0.000000,0.000000,303
15,11,-28,-0.358696,0.784381,0.000000,0.000000,0.000000,0.000000,0.000000,0.000000,-0.500000,0.000000,0.000000,0.000000,0.000000,0.000000,368
15,11,-27.5,-0.345541,0.780283,0.000000,0.000000,0.000000,0.000000,0.000000,0.000000,-0.500000,0.000000,0.000000,0.000000,0.000000,0.000000,628
15,11,-27,-0.352201,0.769036,0.000000,0.000000,0.000000,0.000000,0.000000,0.000000,-0.500000,0.000000,0.000000,0.000000,0.000000,0.000000,318
15,11,-26.5,-0.410909,0.729336,0.000000,0.000000,0.000000,0.000000,0.000000,0.000000,-0.500000,0.000000,0.000000,0.000000,0.000000,0.000000,550
15,11,-26,-0.356674,0.750245,0.000000,0.000000,0.000000,0.000000,0.000000,0.000000,-0.500000,0.000000,0.000000,0.000000,0.000000,0.000000,914
15,11,-25.5,-0.333333,0.792889,0.000000,0.000000,0.000000,0.000000,0.000000,0.000000,-0.500000,0.000000,0.000000,0.000000,0.000000,0.000000,750
15,11,-25,-0.416071,0.739385,0.000000,0.000000,0.000000,0.000000,0.000000,0.000000,-0.500000,0.000000,0.000000,0.000000,0.000000,0.000000,560
15,11,-24.5,-0.384973,0.760394,0.000000,0.000000,0.000000,0.000000,0.000000,0.000000,-0.500000,0.000000,0.000000,0.000000,0.000000,0.000000,1291
15,11,-24,-0.354713,0.771166,0.000000,0.000000,0.000000,0.000000,0.000000,0.000000,-0.500000,0.000000,0.000000,0.000000,0.000000,0.000000,1029
15,11,-23.5,-0.332781,0.786607,0.000000,0.000000,0.000000,0.000000,0.000000,0.000000,-0.500000,0.000000,0.000000,0.000000,0.000000,0.000000,1208
15,11,-23,-0.369994,0.770042,0.000000,0.000000,0.000000,0.000000,0.000000,0.000000,-0.500000,0.000000,0.000000,0.000000,0.000000,0.000000,1773
15,11,-22.5,-0.413588,0.742533,0.000000,0.000000,0.000000,0.000000,0.000000,0.000000,-0.500000,0.000000,0.000000,0.000000,0.000000,0.000000,1516
15,11,-22,-0.393432,0.757639,0.000000,0.000000,0.000000,0.000000,0.000000,0.000000,-0.500000,0.000000,0.000000,0.000000,0.000000,0.000000,1553
15,11,-21.5,-0.408451,0.750673,0.000000,0.000000,0.000000,0.000000,0.000000,0.000000,-0.500000,0.000000,0.000000,0.000000,0.000000,0.000000,1988
15,11,-21,-0.372961,0.784060,0.000000,0.000000,0.000000,0.000000,0.000000,0.000000,-0.500000,0.000000,0.000000,0.000000,0.000000,0.000000,2759
15,11,-20.5,-0.375523,0.756609,0.000000,0.000000,0.000000,0.000000,0.000000,0.000000,-0.500000,0.000000,0.000000,0.000000,0.000000,0.000000,2149
15,11,-20,-0.397096,0.760645,0.000000,0.000000,0.000000,0.000000,0.000000,0.000000,-0.500000,0.000000,0.000000,0.000000,0.000000,0.000000,2755
15,11,-19.5,-0.387390,0.762170,0.000000,0.000000,0.000000,0.000000,0.000000,0.000000,-0.500000,0.000000,0.000000,0.000000,0.000000,0.000000,3521
15,11,-19,-0.415927,0.743335,0.000000,0.000000,0.000000,0.000000,0.000000,0.000000,-0.500000,0.000000,0.000000,0.000000,0.000000,0.000000,3717
15,11,-18.5,-0.395922,0.758765,0.000000,0.000000,0.000000,0.000000,0.000000,0.000000,-0.500000,0.000000,0.000000,0.000000,0.000000,0.000000,3776
15,11,-18,-0.406836,0.740149,0.000000,0.000000,0.000000,0.000000,0.000000,0.000000,-0.500000,0.000000,0.000000,0.000000,0.000000,0.000000,5120
15,11,-17.5,-0.424317,0.734140,0.000000,0.000000,0.000000,0.000000,0.000000,0.000000,-0.500000,0.000000,0.000000,0.000000,0.000000,0.000000,5675
15,11,-17,-0.430357,0.733096,0.000000,0.000000,0.000000,0.000000,0.000000,0.000000,-0.500000,0.000000,0.000000,0.000000,0.000000,0.000000,4480
15,11,-16.5,-0.407109,0.754830,0.000000,0.000000,0.000000,0.000000,0.000000,0.000000,-0.500000,0.000000,0.000000,0.000000,0.000000,0.000000,6836
15,11,-16,-0.419536,0.735191,0.000000,0.000000,0.000000,0.000000,0.000000,0.000000,-0.500000,0.000000,0.000000,0.000000,0.000000,0.000000,6419
15,11,-15.5,-0.398535,0.759068,0.000000,0.000000,0.000000,0.000000,0.000000,0.000000,-0.500000,0.000000,0.000000,0.000000,0.000000,0.000000,7101
15,11,-15,-0.426753,0.739929,0.000000,0.000000,0.000000,0.000000,0.000000,0.000000,-0.500000,0.000000,0.000000,0.000000,0.000000,0.000000,7543
15,11,-14.5,-0.434132,0.735050,0.000000,0.000000,0.000000,0.000000,0.000000,0.000000,-0.500000,0.000000,0.000000,0.000000,0.000000,0.000000,10225
15,11,-14,-0.423649,0.740941,0.000000,0.000000,0.000000,0.000000,0.000000,0.000000,-0.500000,0.000000,0.000000,0.000000,0.000000,0.000000,10681
15,11,-13.5,-0.433360,0.731201,0.000000,0.000000,0.000000,0.000000,0.000000,0.000000,-0.500000,0.000000,0.000000,0.000000,0.000000,0.000000,11457
15,11,-13,-0.446220,0.723827,0.000000,0.000000,0.000000,0.000000,0.000000,0.000000,-0.500000,0.000000,0.000000,0.000000,0.000000,0.000000,11705
15,11,-12.5,-0.440821,0.725413,0.000000,0.000000,0.000000,0.000000,0.000000,0.000000,-0.500000,0.000000,0.000000,0.000000,0.000000,0.000000,14228
15,11,-12,-0.440364,0.729684,0.000000,0.000000,0.000000,0.000000,0.000000,0.000000,-0.500000,0.000000,0.000000,0.000000,0.000000,0.000000,15603
15,11,-11.5,-0.440768,0.729063,0.000000,0.000000,0.000000,0.000000,0.000000,0.000000,-0.500000,0.000000,0.000000,0.000000,0.000000,0.000000,16984
15,11,-11,-0.442415,0.730071,0.000000,0.000000,0.000000,0.000000,0.000000,0.000000,-0.500000,0.000000,0.000000,0.000000,0.000000,0.000000,19111
15,11,-10.5,-0.444444,0.728917,0.000000,0.000000,0.000000,0.000000,0.000000,0.000000,-0.500000,0.000000,0.000000,0.000000,0.000000,0.000000,19809
15,11,-10,-0.455348,0.717690,0.000000,0.000000,0.000000,0.000000,0.000000,0.000000,-0.500000,0.000000,0.000000,0.000000,0.000000,0.000000,26158
15,11,-9.5,-0.459280,0.715646,0.000000,0.000000,0.000000,0.000000,0.000000,0.000000,-0.500000,0.000000,0.000000,0.000000,0.000000,0.000000,22679
15,11,-9,-0.456732,0.714145,0.000000,0.000000,0.000000,0.000000,0.000000,0.000000,-0.500000,0.000000,0.000000,0.000000,0.000000,0.000000,28647
15,11,-8.5,-0.471067,0.701860,0.000000,0.000000,0.000000,0.000000,0.000000,0.000000,-0.500000,0.000000,0.000000,0.000000,0.000000,0.000000,30104
15,11,-8,-0.466803,0.708609,0.000000,0.000000,0.000000,0.000000,0.000000,0.000000,-0.500000,0.000000,0.000000,0.000000,0.000000,0.000000,34687
15,11,-7.5,-0.464642,0.708903,0.000000,0.000000,0.000000,0.000000,0.000000,0.000000,-0.500000,0.000000,0.000000,0.000000,0.000000,0.000000,37644
15,11,-7,-0.481359,0.697398,0.000000,0.000000,0.000000,0.000000,0.000000,0.000000,-0.500000,0.000000,0.000000,0.000000,0.000000,0.000000,39241
15,11,-6.5,-0.474795,0.703134,0.000000,0.000000,0.000000,0.000000,0.000000,0.000000,-0.500000,0.000000,0.000000,0.000000,0.000000,0.000000,45468
15,11,-6,-0.475090,0.705253,0.000000,0.000000,0.000000,0.000000,0.000000,0.000000,-0.500000,0.000000,0.000000,0.000000,0.000000,0.000000,53392
15,11,-5.5,-0.479987,0.697877,0.000000,0.000000,0.000000,0.000000,0.000000,0.000000,-0.500000,0.000000,0.000000,0.000000,0.000000,0.000000,52066
15,11,-5,-0.484549,0.693090,0.000000,0.000000,0.000000,0.000000,0.000000,0.000000,-0.500000,0.000000,0.000000,0.000000,0.000000,0.000000,54754
15,11,-4.5,-0.485916,0.692201,0.000000,0.000000,0.000000,0.000000,0.000000,0.000000,-0.500000,0.000000,0.000000,0.000000,0.000000,0.000000,71076
15,11,-4,-0.486617,0.693855,0.000000,0.000000,0.000000,0.000000,0.000000,0.000000,-0.500000,0.000000,0.000000,0.000000,0.000000,0.000000,73715
15,11,-3.5,-0.494827,0.685462,0.000000,0.000000,0.000000,0.000000,0.000000,0.000000,-0.500000,0.000000,0.000000,0.000000,0.000000,0.000000,78482
15,11,-3,-0.493417,0.688655,0.000000,0.000000,0.000000,0.000000,0.000000,0.000000,-0.500000,0.000000,0.000000,0.000000,0.000000,0.000000,91302
15,11,-2.5,-0.498242,0.682323,0.000000,0.000000,0.000000,0.000000,0.000000,0.000000,-0.500000,0.000000,0.000000,0.000000,0.000000,0.000000,97866
15,11,-2,-0.497014,0.684531,0.000000,0.000000,0.000000,0.000000,0.000000,0.000000,-0.500000,0.000000,0.000000,0.000000,0.000000,0.000000,100474
15,11,-1.5,-0.497183,0.686972,0.000000,0.000000,0.000000,0.000000,0.000000,0.000000,-0.500000,0.000000,0.000000,0.000000,0.000000,0.000000,116605
15,11,-1,-0.497459,0.685596,0.000000,0.000000,0.000000,0.000000,0.000000,0.000000,-0.500000,0.000000,0.000000,0.000000,0.000000,0.000000,121216
15,11,-0.5,-0.500988,0.682115,0.000000,0.000000,0.000000,0.000000,0.000000,0.000000,-0.500000,0.000000,0.000000,0.000000,0.000000,0.000000,98168
15,11,0,-0.513587,0.671057,0.000000,0.000000,0.000000,0.000000,0.000000,0.000000,-0.500000,0.000000,0.000000,0.000000,0.000000,0.000000,337483
15,11,0.5,-0.506891,0.679250,0.000000,0.000000,0.000000,0.000000,0.000000,0.000000,-0.500000,0.000000,0.000000,0.000000,0.000000,0.000000,172915
15,11,1,-0.515053,0.671712,0.000000,0.000000,0.000000,0.000000,0.000000,0.000000,-0.500000,0.000000,0.000000,0.000000,0.000000,0.000000,116254
15,11,1.5,-0.517587,0.668806,0.000000,0.000000,0.000000,0.000000,0.000000,0.000000,-0.500000,0.000000,0.000000,0.000000,0.000000,0.000000,109798
15,11,2,-0.521658,0.664106,0.000000,0.000000,0.000000,0.000000,0.000000,0.000000,-0.500000,0.000000,0.000000,0.000000,0.000000,0.000000,93199
15,11,2.5,-0.532020,0.653873,0.000000,0.000000,0.000000,0.000000,0.000000,0.000000,-0.500000,0.000000,0.000000,0.000000,0.000000,0.000000,91959
15,11,3,-0.533983,0.652928,0.000000,0.000000,0.000000,0.000000,0.000000,0.000000,-0.500000,0.000000,0.000000,0.000000,0.000000,0.000000,87883
15,11,3.5,-0.537441,0.651005,0.000000,0.000000,0.000000,0.000000,0.000000,0.000000,-0.500000,0.000000,0.000000,0.000000,0.000000,0.000000,70804
15,11,4,-0.529189,0.658825,0.000000,0.000000,0.000000,0.000000,0.000000,0.000000,-0.500000,0.000000,0.000000,0.000000,0.000000,0.000000,70763
15,11,4.5,-0.537921,0.649612,0.000000,0.000000,0.000000,0.000000,0.000000,0.000000,-0.500000,0.000000,0.000000,0.000000,0.000000,0.000000,62855
15,11,5,-0.543628,0.644600,0.000000,0.000000,0.000000,0.000000,0.000000,0.000000,-0.500000,0.000000,0.000000,0.000000,0.000000,0.000000,54002
15,11,5.5,-0.545632,0.641010,0.000000,0.000000,0.000000,0.000000,0.000000,0.000000,-0.500000,0.000000,0.000000,0.000000,0.000000,0.000000,47017
15,11,6,-0.548576,0.639953,0.000000,0.000000,0.000000,0.000000,0.000000,0.000000,-0.500000,0.000000,0.000000,0.000000,0.000000,0.000000,48079
15,11,6.5,-0.542489,0.647057,0.000000,0.000000,0.000000,0.000000,0.000000,0.000000,-0.500000,0.000000,0.000000,0.000000,0.000000,0.000000,40069
15,11,7,-0.555594,0.634348,0.000000,0.000000,0.000000,0.000000,0.000000,0.000000,-0.500000,0.000000,0.000000,0.000000,0.000000,0.000000,34932
15,11,7.5,-0.567345,0.621771,0.000000,0.000000,0.000000,0.000000,0.000000,0.000000,-0.500000,0.000000,0.000000,0.000000,0.000000,0.000000,33967
15,11,8,-0.562106,0.628512,0.000000,0.000000,0.000000,0.000000,0.000000,0.000000,-0.500000,0.000000,0.000000,0.000000,0.000000,0.000000,30311
15,11,8.5,-0.567883,0.619462,0.000000,0.000000,0.000000,0.000000,0.000000,0.000000,-0.500000,0.000000,0.000000,0.000000,0.000000,0.000000,25669
15,11,9,-0.559069,0.631627,0.000000,0.000000,0.000000,0.000000,0.000000,0.000000,-0.500000,0.000000,0.000000,0.000000,0.000000,0.000000,24886
15,11,9.5,-0.569197,0.621035,0.000000,0.000000,0.000000,0.000000,0.000000,0.000000,-0.500000,0.000000,0.000000,0.000000,0.000000,0.000000,19589
15,11,10,-0.580676,0.608252,0.000000,0.000000,0.000000,0.000000,0.000000,0.000000,-0.500000,0.000000,0.000000,0.000000,0.000000,0.000000,21828
15,11,10.5,-0.586615,0.607319,0.000000,0.000000,0.000000,0.000000,0.000000,0.000000,-0.500000,0.000000,0.000000,0.000000,0.000000,0.000000,16885
15,11,11,-0.582397,0.608598,0.000000,0.000000,0.000000,0.000000,0.000000,0.000000,-0.500000,0.000000,0.000000,0.000000,0.000000,0.000000,16202
15,11,11.5,-0.591223,0.597835,0.000000,0.000000,0.000000,0.000000,0.000000,0.000000,-0.500000,0.000000,0.000000,0.000000,0.000000,0.000000,14196
15,11,12,-0.595045,0.595894,0.000000,0.000000,0.000000,0.000000,0.000000,0.000000,-0.500000,0.000000,0.000000,0.000000,0.000000,0.000000,12673
15,11,12.5,-0.597424,0.589521,0.000000,0.000000,0.000000,0.000000,0.000000,0.000000,-0.500000,0.000000,0.000000,0.000000,0.000000,0.000000,11799
15,11,13,-0.579972,0.611637,0.000000,0.000000,0.000000,0.000000,0.000000,0.000000,-0.500000,0.000000,0.000000,0.000000,0.000000,0.000000,9347
15,11,13.5,-0.613094,0.576492,0.000000,0.000000,0.000000,0.000000,0.000000,0.000000,-0.500000,0.000000,0.000000,0.000000,0.000000,0.000000,9302
15,11,14,-0.598486,0.592128,0.000000,0.000000,0.000000,0.000000,0.000000,0.000000,-0.500000,0.000000,0.000000,0.000000,0.000000,0.000000,8453
15,11,14.5,-0.612074,0.577289,0.000000,0.000000,0.000000,0.000000,0.000000,0.000000,-0.500000,0.000000,0.000000,0.000000,0.000000,0.000000,8133
15,11,15,-0.602979,0.590047,0.000000,0.000000,0.000000,0.000000,0.000000,0.000000,-0.500000,0.000000,0.000000,0.000000,0.000000,0.000000,5909
15,11,15.5,-0.614784,0.572459,0.000000,0.000000,0.000000,0.000000,0.000000,0.000000,-0.500000,0.000000,0.000000,0.000000,0.000000,0.000000,5506
15,11,16,-0.621600,0.560401,0.000000,0.000000,0.000000,0.000000,0.000000,0.000000,-0.500000,0.000000,0.000000,0.000000,0.000000,0.000000,5074
15,11,16.5,-0.635171,0.557965,0.000000,0.000000,0.000000,0.000000,0.000000,0.000000,-0.500000,0.000000,0.000000,0.000000,0.000000,0.000000,5260
15,11,17,-0.611789,0.582249,0.000000,0.000000,0.000000,0.000000,0.000000,0.000000,-0.500000,0.000000,0.000000,0.000000,0.000000,0.000000,3359
15,11,17.5,-0.619487,0.570980,0.000000,0.000000,0.000000,0.000000,0.000000,0.000000,-0.500000,0.000000,0.000000,0.000000,0.000000,0.000000,4331
15,11,18,-0.627105,0.562427,0.000000,0.000000,0.000000,0.000000,0.000000,0.000000,-0.500000,0.000000,0.000000,0.000000,0.000000,0.000000,3859
15,11,18.5,-0.634568,0.550763,0.000000,0.000000,0.000000,0.000000,0.000000,0.000000,-0.500000,0.000000,0.000000,0.000000,0.000000,0.000000,2835
15,11,19,-0.625499,0.557534,0.000000,0.000000,0.000000,0.000000,0.000000,0.000000,-0.500000,0.000000,0.000000,0.000000,0.000000,0.000000,2753
15,11,19.5,-0.638616,0.551667,0.000000,0.000000,0.000000,0.000000,0.000000,0.000000,-0.500000,0.000000,0.000000,0.000000,0.000000,0.000000,2543
15,11,20,-0.652992,0.530647,0.000000,0.000000,0.000000,0.000000,0.000000,0.000000,-0.500000,0.000000,0.000000,0.000000,0.000000,0.000000,2072
15,11,20.5,-0.611631,0.586469,0.000000,0.000000,0.000000,0.000000,0.000000,0.000000,-0.500000,0.000000,0.000000,0.000000,0.000000,0.000000,1496
15,11,21,-0.660705,0.517480,0.000000,0.000000,0.000000,0.000000,0.000000,0.000000,-0.500000,0.000000,0.000000,0.000000,0.000000,0.000000,1957
15,11,21.5,-0.688935,0.478743,0.000000,0.000000,0.000000,0.000000,0.000000,0.000000,-0.500000,0.000000,0.000000,0.000000,0.000000,0.000000,1437
15,11,22,-0.681250,0.490363,0.000000,0.000000,0.000000,0.000000,0.000000,0.000000,-0.500000,0.000000,0.000000,0.000000,0.000000,0.000000,1120
15,11,22.5,-0.645102,0.550572,0.000000,0.000000,0.000000,0.000000,0.000000,0.000000,-0.500000,0.000000,0.000000,0.000000,0.000000,0.000000,1082
15,11,23,-0.662966,0.520032,0.000000,0.000000,0.000000,0.000000,0.000000,0.000000,-0.500000,0.000000,0.000000,0.000000,0.000000,0.000000,1261
15,11,23.5,-0.667853,0.518385,0.000000,0.000000,0.000000,0.000000,0.000000,0.000000,-0.500000,0.000000,0.000000,0.000000,0.000000,0.000000,843
15,11,24,-0.656334,0.519360,0.000000,0.000000,0.000000,0.000000,0.000000,0.000000,-0.500000,0.000000,0.000000,0.000000,0.000000,0.000000,742
15,11,24.5,-0.658158,0.524653,0.000000,0.000000,0.000000,0.000000,0.000000,0.000000,-0.500000,0.000000,0.000000,0.000000,0.000000,0.000000,901
15,11,25,-0.696602,0.483192,0.000000,0.000000,0.000000,0.000000,0.000000,0.000000,-0.500000,0.000000,0.000000,0.000000,0.000000,0.000000,412
15,11,25.5,-0.707692,0.464556,0.000000,0.000000,0.000000,0.000000,0.000000,0.000000,-0.500000,0.000000,0.000000,0.000000,0.000000,0.000000,520
15,11,26,-0.707646,0.461756,0.000000,0.000000,0.000000,0.000000,0.000000,0.000000,-0.500000,0.000000,0.000000,0.000000,0.000000,0.000000,667
15,11,26.5,-0.667638,0.513443,0.000000,0.000000,0.000000,0.000000,0.000000,0.000000,-0.500000,0.000000,0.000000,0.000000,0.000000,0.000000,343
15,11,27,-0.669767,0.518853,0.000000,0.000000,0.000000,0.000000,0.000000,0.000000,-0.500000,0.000000,0.000000,0.000000,0.000000,0.000000,215
15,11,27.5,-0.695755,0.480548,0.000000,0.000000,0.000000,0.000000,0.000000,0.000000,-0.500000,0.000000,0.000000,0.000000,0.000000,0.000000,424
15,11,28,-0.611607,0.585758,0.000000,0.000000,0.000000,0.000000,0.000000,0.000000,-0.500000,0.000000,0.000000,0.000000,0.000000,0.000000,224
15,11,28.5,-0.624413,0.581939,0.000000,0.000000,0.000000,0.000000,0.000000,0.000000,-0.500000,0.000000,0.000000,0.000000,0.000000,0.000000,213
15,11,29,-0.723849,0.450937,0.000000,0.000000,0.000000,0.000000,0.000000,0.000000,-0.500000,0.000000,0.000000,0.000000,0.000000,0.000000,239
15,11,29.5,-0.727891,0.456569,0.000000,0.000000,0.000000,0.000000,0.000000,0.000000,-0.500000,0.000000,0.000000,0.000000,0.000000,0.000000,147
15,11,30,-0.732673,0.433487,0.000000,0.000000,0.000000,0.000000,0.000000,0.000000,-0.500000,0.000000,0.000000,0.000000,0.000000,0.000000,101
15,11,30.5,-0.739837,0.436380,0.000000,0.000000,0.000000,0.000000,0.000000,0.000000,-0.500000,0.000000,0.000000,0.000000,0.000000,0.000000,123
15,11,31,-0.750000,0.390625,0.000000,0.000000,0.000000,0.000000,0.000000,0.000000,-0.500000,0.000000,0.000000,0.000000,0.000000,0.000000,128
15,11,31.5,-0.742424,0.403352,0.000000,0.000000,0.000000,0.000000,0.000000,0.000000,-0.500000,0.000000,0.000000,0.000000,0.000000,0.000000,66
15,11,32,-0.815789,0.308172,0.000000,0.000000,0.000000,0.000000,0.000000,0.000000,-0.500000,0.000000,0.000000,0.000000,0.000000,0.000000,76
15,11,32.5,-0.854167,0.270399,0.000000,0.000000,0.000000,0.000000,0.000000,0.000000,-0.500000,0.000000,0.000000,0.000000,0.000000,0.000000,96
15,11,33,-0.737705,0.390218,0.000000,0.000000,0.000000,0.000000,0.000000,0.000000,-0.500000,0.000000,0.000000,0.000000,0.000000,0.000000,61
15,11,33.5,-0.655172,0.570749,0.000000,0.000000,0.000000,0.000000,0.000000,0.000000,-0.500000,0.000000,0.000000,0.000000,0.000000,0.000000,29
15,11,34,-0.681818,0.489669,0.000000,0.000000,0.000000,0.000000,0.000000,0.000000,-0.500000,0.000000,0.000000,0.000000,0.000000,0.000000,44
15,11,34.5,-0.689655,0.489893,0.000000,0.000000,0.000000,0.000000,0.000000,0.000000,-0.500000,0.000000,0.000000,0.000000,0.000000,0.000000,29
15,11,35,-0.866667,0.248889,0.000000,0.000000,0.000000,0.000000,0.000000,0.000000,-0.500000,0.000000,0.000000,0.000000,0.000000,0.000000,30
15,11,35.5,-0.411765,0.830450,0.000000,0.000000,0.000000,0.000000,0.000000,0.000000,-0.500000,0.000000,0.000000,0.000000,0.000000,0.000000,17
15,11,36,-0.636364,0.595041,0.000000,0.000000,0.000000,0.000000,0.000000,0.000000,-0.500000,0.000000,0.000000,0.000000,0.000000,0.000000,33
15,11,36.5,-0.923077,0.071006,0.000000,0.000000,0.000000,0.000000,0.000000,0.000000,-0.500000,0.000000,0.000000,0.000000,0.000000,0.000000,13
15,11,37,-1.000000,0.000000,0.000000,0.000000,0.000000,0.000000,0.000000,0.000000,-0.500000,0.000000,0.000000,0.000000,0.000000,0.000000,4
15,11,37.5,-0.666667,0.555556,0.000000,0.000000,0.000000,0.000000,0.000000,0.000000,-0.500000,0.000000,0.000000,0.000000,0.000000,0.000000,18
15,11,38,-0.750000,0.437500,0.000000,0.000000,0.000000,0.000000,0.000000,0.000000,-0.500000,0.000000,0.000000,0.000000,0.000000,0.000000,16
15,11,38.5,-0.500000,0.250000,0.000000,0.000000,0.000000,0.000000,0.000000,0.000000,-0.500000,0.000000,0.000000,0.000000,0.000000,0.000000,2
15,11,39,-1.000000,0.000000,0.000000,0.000000,0.000000,0.000000,0.000000,0.000000,-0.500000,0.000000,0.000000,0.000000,0.000000,0.000000,9
15,11,39.5,-1.000000,0.000000,0.000000,0.000000,0.000000,0.000000,0.000000,0.000000,-0.500000,0.000000,0.000000,0.000000,0.000000,0.000000,4
15,11,40,-1.000000,0.000000,0.000000,0.000000,0.000000,0.000000,0.000000,0.000000,-0.500000,0.000000,0.000000,0.000000,0.000000,0.000000,8
15,11,40.5,-0.714286,0.489796,0.000000,0.000000,0.000000,0.000000,0.000000,0.000000,-0.500000,0.000000,0.000000,0.000000,0.000000,0.000000,7
15,11,41,-0.666667,0.222222,0.000000,0.000000,0.000000,0.000000,0.000000,0.000000,-0.500000,0.000000,0.000000,0.000000,0.000000,0.000000,3
15,11,41.5,-1.000000,0.000000,0.000000,0.000000,0.000000,0.000000,0.000000,0.000000,-0.500000,0.000000,0.000000,0.000000,0.000000,0.000000,4
15,11,42.5,-1.000000,0.000000,0.000000,0.000000,0.000000,0.000000,0.000000,0.000000,-0.500000,0.000000,0.000000,0.000000,0.000000,0.000000,1
15,11,43,-1.000000,0.000000,0.000000,0.000000,0.000000,0.000000,0.000000,0.000000,-0.500000,0.000000,0.000000,0.000000,0.000000,0.000000,1
15,11,44,-1.000000,0.000000,0.000000,0.000000,0.000000,0.000000,0.000000,0.000000,-0.500000,0.000000,0.000000,0.000000,0.000000,0.000000,4
15,11,44.5,-1.000000,0.000000,0.000000,0.000000,0.000000,0.000000,0.000000,0.000000,-0.500000,0.000000,0.000000,0.000000,0.000000,0.000000,1
15,11,45,-1.000000,0.000000,0.000000,0.000000,0.000000,0.000000,0.000000,0.000000,-0.500000,0.000000,0.000000,0.000000,0.000000,0.000000,1
15,11,45.5,1.000000,0.000000,0.000000,0.000000,0.000000,0.000000,0.000000,0.000000,-0.500000,0.000000,0.000000,0.000000,0.000000,0.000000,1
15,11,46,-1.000000,0.000000,0.000000,0.000000,0.000000,0.000000,0.000000,0.000000,-0.500000,0.000000,0.000000,0.000000,0.000000,0.000000,1
15,11,47,-1.000000,0.000000,0.000000,0.000000,0.000000,0.000000,0.000000,0.000000,-0.500000,0.000000,0.000000,0.000000,0.000000,0.000000,1
15,11,50.5,-1.000000,0.000000,0.000000,0.000000,0.000000,0.000000,0.000000,0.000000,-0.500000,0.000000,0.000000,0.000000,0.000000,0.000000,1
16,9,-50.5,-1.000000,0.000000,0.000000,0.000000,0.000000,0.000000,0.000000,0.000000,-0.500000,0.000000,0.000000,0.000000,0.000000,0.000000,2
16,9,-49,0.333333,0.888889,0.000000,0.000000,0.000000,0.000000,0.000000,0.000000,-0.500000,0.000000,0.000000,0.000000,0.000000,0.000000,3
16,9,-47.5,0.333333,0.888889,0.000000,0.000000,0.000000,0.000000,0.000000,0.000000,-0.500000,0.000000,0.000000,0.000000,0.000000,0.000000,3
16,9,-47,0.000000,1.000000,0.000000,0.000000,0.000000,0.000000,0.000000,0.000000,-0.500000,0.000000,0.000000,0.000000,0.000000,0.000000,2
16,9,-46.5,1.000000,0.000000,0.000000,0.000000,0.000000,0.000000,0.000000,0.000000,-0.500000,0.000000,0.000000,0.000000,0.000000,0.000000,1
16,9,-45.5,-0.500000,0.250000,0.000000,0.000000,0.000000,0.000000,0.000000,0.000000,-0.500000,0.000000,0.000000,0.000000,0.000000,0.000000,2
16,9,-44,-0.142857,0.979592,0.000000,0.000000,0.000000,0.000000,0.000000,0.000000,-0.500000,0.000000,0.000000,0.000000,0.000000,0.000000,7
16,9,-43,-1.000000,0.000000,0.000000,0.000000,0.000000,0.000000,0.000000,0.000000,-0.500000,0.000000,0.000000,0.000000,0.000000,0.000000,2
16,9,-42.5,-0.200000,0.960000,0.000000,0.000000,0.000000,0.000000,0.000000,0.000000,-0.500000,0.000000,0.000000,0.000000,0.000000,0.000000,10
16,9,-42,-0.400000,0.640000,0.000000,0.000000,0.000000,0.000000,0.000000,0.000000,-0.500000,0.000000,0.000000,0.000000,0.000000,0.000000,5
16,9,-41.5,-0.500000,0.650000,0.000000,0.000000,0.000000,0.000000,0.000000,0.000000,-0.500000,0.000000,0.000000,0.000000,0.000000,0.000000,10
16,9,-41,-0.500000,0.750000,0.000000,0.000000,0.000000,0.000000,0.000000,0.000000,-0.500000,0.000000,0.000000,0.000000,0.000000,0.000000,4
16,9,-40.5,-0.714286,0.489796,0.000000,0.000000,0.000000,0.000000,0.000000,0.000000,-0.500000,0.000000,0.000000,0.000000,0.000000,0.000000,7
16,9,-40,-0.333333,0.722222,0.000000,0.000000,0.000000,0.000000,0.000000,0.000000,-0.500000,0.000000,0.000000,0.000000,0.000000,0.000000,12
16,9,-39.5,-0.642857,0.515306,0.000000,0.000000,0.000000,0.000000,0.000000,0.000000,-0.500000,0.000000,0.000000,0.000000,0.000000,0.000000,14
16,9,-39,-0.240000,0.822400,0.000000,0.000000,0.000000,0.000000,0.000000,0.000000,-0.500000,0.000000,0.000000,0.000000,0.000000,0.000000,25
16,9,-38.5,0.000000,0.909091,0.000000,0.000000,0.000000,0.000000,0.000000,0.000000,-0.500000,0.000000,0.000000,0.000000,0.000000,0.000000,11
16,9,-38,-0.384615,0.775148,0.000000,0.000000,0.000000,0.000000,0.000000,0.000000,-0.500000,0.000000,0.000000,0.000000,0.000000,0.000000,26
16,9,-37.5,-0.400000,0.773333,0.000000,0.000000,0.000000,0.000000,0.000000,0.000000,-0.500000,0.000000,0.000000,0.000000,0.000000,0.000000,30
16,9,-37,-0.518519,0.620027,0.000000,0.000000,0.000000,0.000000,0.000000,0.000000,-0.500000,0.000000,0.000000,0.000000,0.000000,0.000000,27
16,9,-36.5,-0.130435,0.896030,0.000000,0.000000,0.000000,0.000000,0.000000,0.000000,-0.500000,0.000000,0.000000,0.000000,0.000000,0.000000,23
16,9,-36,-0.225352,0.878794,0.000000,0.000000,0.000000,0.000000,0.000000,0.000000,-0.500000,0.000000,0.000000,0.000000,0.000000,0.000000,71
16,9,-35.5,-0.354839,0.809573,0.000000,0.000000,0.000000,0.000000,0.000000,0.000000,-0.500000,0.000000,0.000000,0.000000,0.000000,0.000000,31
16,9,-35,0.063830,0.868266,0.000000,0.000000,0.000000,0.000000,0.000000,0.000000,-0.500000,0.000000,0.000000,0.000000,0.000000,0.000000,47
16,9,-34.5,-0.212121,0.894399,0.000000,0.000000,0.000000,0.000000,0.000000,0.000000,-0.500000,0.000000,0.000000,0.000000,0.000000,0.000000,66
16,9,-34,-0.328000,0.828416,0.000000,0.000000,0.000000,0.000000,0.000000,0.000000,-0.500000,0.000000,0.000000,0.000000,0.000000,0.000000,125
16,9,-33.5,-0.344086,0.806336,0.000000,0.000000,0.000000,0.000000,0.000000,0.000000,-0.500000,0.000000,0.000000,0.000000,0.000000,0.000000,93
16,9,-33,-0.314685,0.831043,0.000000,0.000000,0.000000,0.000000,0.000000,0.000000,-0.500000,0.000000,0.000000,0.000000,0.000000,0.000000,143
16,9,-32.5,-0.297753,0.793366,0.000000,0.000000,0.000000,0.000000,0.000000,0.000000,-0.500000,0.000000,0.000000,0.000000,0.000000,0.000000,178
16,9,-32,-0.414815,0.746447,0.000000,0.000000,0.000000,0.000000,0.000000,0.000000,-0.500000,0.000000,0.000000,0.000000,0.000000,0.000000,135
16,9,-31.5,-0.362319,0.810754,0.000000,0.000000,0.000000,0.000000,0.000000,0.000000,-0.500000,0.000000,0.000000,0.000000,0.000000,0.000000,138
16,9,-31,-0.306338,0.832213,0.000000,0.000000,0.000000,0.000000,0.000000,0.000000,-0.500000,0.000000,0.000000,0.000000,0.000000,0.000000,284
16,9,-30.5,-0.268085,0.851535,0.000000,0.000000,0.000000,0.000000,0.000000,0.000000,-0.500000,0.000000,0.000000,0.000000,0.000000,0.000000,235
16,9,-30,-0.284444,0.834647,0.000000,0.000000,0.000000,0.000000,0.000000,0.000000,-0.500000,0.000000,0.000000,0.000000,0.000000,0.000000,225
16,9,-29.5,-0.282051,0.824293,0.000000,0.000000,0.000000,0.000000,0.000000,0.000000,-0.500000,0.000000,0.000000,0.000000,0.000000,0.000000,312
16,9,-29,-0.286957,0.843743,0.000000,0.000000,0.000000,0.000000,0.000000,0.000000,-0.500000,0.000000,0.000000,0.000000,0.000000,0.000000,460
16,9,-28.5,-0.326531,0.821949,0.000000,0.000000,0.000000,0.000000,0.000000,0.000000,-0.500000,0.000000,0.000000,0.000000,0.000000,0.000000,392
16,9,-28,-0.335586,0.813058,0.000000,0.000000,0.000000,0.000000,0.000000,0.000000,-0.500000,0.000000,0.000000,0.000000,0.000000,0.000000,444
16,9,-27.5,-0.341804,0.806931,0.000000,0.000000,0.000000,0.000000,0.000000,0.000000,-0.500000,0.000000,0.000000,0.000000,0.000000,0.000000,787
16,9,-27,-0.343891,0.809341,0.000000,0.000000,0.000000,0.000000,0.000000,0.000000,-0.500000,0.000000,0.000000,0.000000,0.000000,0.000000,442
16,9,-26.5,-0.289398,0.824558,0.000000,0.000000,0.000000,0.000000,0.000000,0.000000,-0.500000,0.000000,0.000000,0.000000,0.000000,0.000000,698
16,9,-26,-0.332006,0.831651,0.000000,0.000000,0.000000,0.000000,0.000000,0.000000,-0.500000,0.000000,0.000000,0.000000,0.000000,0.000000,1256
16,9,-25.5,-0.376812,0.785549,0.000000,0.000000,0.000000,0.000000,0.000000,0.000000,-0.500000,0.000000,0.000000,0.000000,0.000000,0.000000,966
16,9,-25,-0.366255,0.794527,0.000000,0.000000,0.000000,0.000000,0.000000,0.000000,-0.500000,0.000000,0.000000,0.000000,0.000000,0.000000,729
16,9,-24.5,-0.333934,0.813413,0.000000,0.000000,0.000000,0.000000,0.000000,0.000000,-0.500000,0.000000,0.000000,0.000000,0.000000,0.000000,1665
16,9,-24,-0.323077,0.817160,0.000000,0.000000,0.000000,0.000000,0.000000,0.000000,-0.500000,0.000000,0.000000,0.000000,0.000000,0.000000,1300
16,9,-23.5,-0.352485,0.791183,0.000000,0.000000,0.000000,0.000000,0.000000,0.000000,-0.500000,0.000000,0.000000,0.000000,0.000000,0.000000,1549
16,9,-23,-0.350067,0.805736,0.000000,0.000000,0.000000,0.000000,0.000000,0.000000,-0.500000,0.000000,0.000000,0.000000,0.000000,0.000000,2231
16,9,-22.5,-0.362311,0.784920,0.000000,0.000000,0.000000,0.000000,0.000000,0.000000,-0.500000,0.000000,0.000000,0.000000,0.000000,0.000000,1921
16,9,-22,-0.316231,0.829944,0.000000,0.000000,0.000000,0.000000,0.000000,0.000000,-0.500000,0.000000,0.000000,0.000000,0.000000,0.000000,2027
16,9,-21.5,-0.354651,0.800192,0.000000,0.000000,0.000000,0.000000,0.000000,0.000000,-0.500000,0.000000,0.000000,0.000000,0.000000,0.000000,2580
16,9,-21,-0.348423,0.811137,0.000000,0.000000,0.000000,0.000000,0.000000,0.000000,-0.500000,0.000000,0.000000,0.000000,0.000000,0.000000,3424
16,9,-20.5,-0.375480,0.787761,0.000000,0.000000,0.000000,0.000000,0.000000,0.000000,-0.500000,0.000000,0.000000,0.000000,0.000000,0.000000,2863
16,9,-20,-0.369997,0.794493,0.000000,0.000000,0.000000,0.000000,0.000000,0.000000,-0.500000,0.000000,0.000000,0.000000,0.000000,0.000000,3673
16,9,-19.5,-0.374522,0.788385,0.000000,0.000000,0.000000,0.000000,0.000000,0.000000,-0.500000,0.000000,0.000000,0.000000,0.000000,0.000000,4443
16,9,-19,-0.385668,0.773065,0.000000,0.000000,0.000000,0.000000,0.000000,0.000000,-0.500000,0.000000,0.000000,0.000000,0.000000,0.000000,4898
16,9,-18.5,-0.375283,0.792633,0.000000,0.000000,0.000000,0.000000,0.000000,0.000000,-0.500000,0.000000,0.000000,0.000000,0.000000,0.000000,4855
16,9,-18,-0.359580,0.799579,0.000000,0.000000,0.000000,0.000000,0.000000,0.000000,-0.500000,0.000000,0.000000,0.000000,0.000000,0.000000,6566
16,9,-17.5,-0.376523,0.795739,0.000000,0.000000,0.000000,0.000000,0.000000,0.000000,-0.500000,0.000000,0.000000,0.000000,0.000000,0.000000,7633
16,9,-17,-0.399379,0.760069,0.000000,0.000000,0.000000,0.000000,0.000000,0.000000,-0.500000,0.000000,0.000000,0.000000,0.000000,0.000000,5794
16,9,-16.5,-0.389802,0.784938,0.000000,0.000000,0.000000,0.000000,0.000000,0.000000,-0.500000,0.000000,0.000000,0.000000,0.000000,0.000000,8825
16,9,-16,-0.406898,0.764307,0.000000,0.000000,0.000000,0.000000,0.000000,0.000000,-0.500000,0.000000,0.000000,0.000000,0.000000,0.000000,8727
16,9,-15.5,-0.398048,0.772812,0.000000,0.000000,0.000000,0.000000,0.000000,0.000000,-0.500000,0.000000,0.000000,0.000000,0.000000,0.000000,9426
16,9,-15,-0.414961,0.756975,0.000000,0.000000,0.000000,0.000000,0.000000,0.000000,-0.500000,0.000000,0.000000,0.000000,0.000000,0.000000,10066
16,9,-14.5,-0.390955,0.776814,0.000000,0.000000,0.000000,0.000000,0.000000,0.000000,-0.500000,0.000000,0.000000,0.000000,0.000000,0.000000,13577
16,9,-14,-0.396422,0.771999,0.000000,0.000000,0.000000,0.000000,0.000000,0.000000,-0.500000,0.000000,0.000000,0.000000,0.000000,0.000000,14086
16,9,-13.5,-0.405150,0.769342,0.000000,0.000000,0.000000,0.000000,0.000000,0.000000,-0.500000,0.000000,0.000000,0.000000,0.000000,0.000000,15456
16,9,-13,-0.411697,0.762261,0.000000,0.000000,0.000000,0.000000,0.000000,0.000000,-0.500000,0.000000,0.000000,0.000000,0.000000,0.000000,15679
16,9,-12.5,-0.412088,0.763510,0.000000,0.000000,0.000000,0.000000,0.000000,0.000000,-0.500000,0.000000,0.000000,0.000000,0.000000,0.000000,18763
16,9,-12,-0.418477,0.756311,0.000000,0.000000,0.000000,0.000000,0.000000,0.000000,-0.500000,0.000000,0.000000,0.000000,0.000000,0.000000,21031
16,9,-11.5,-0.416345,0.758873,0.000000,0.000000,0.000000,0.000000,0.000000,0.000000,-0.500000,0.000000,0.000000,0.000000,0.000000,0.000000,23029
16,9,-11,-0.413831,0.763724,0.000000,0.000000,0.000000,0.000000,0.000000,0.000000,-0.500000,0.000000,0.000000,0.000000,0.000000,0.000000,26100
16,9,-10.5,-0.422170,0.756620,0.000000,0.000000,0.000000,0.000000,0.000000,0.000000,-0.500000,0.000000,0.000000,0.000000,0.000000,0.000000,26937
16,9,-10,-0.431671,0.747037,0.000000,0.000000,0.000000,0.000000,0.000000,0.000000,-0.500000,0.000000,0.000000,0.000000,0.000000,0.000000,35168
16,9,-9.5,-0.445315,0.736276,0.000000,0.000000,0.000000,0.000000,0.000000,0.000000,-0.500000,0.000000,0.000000,0.000000,0.000000,0.000000,31398
16,9,-9,-0.439267,0.741855,0.000000,0.000000,0.000000,0.000000,0.000000,0.000000,-0.500000,0.000000,0.000000,0.000000,0.000000,0.000000,39270
16,9,-8.5,-0.440239,0.742511,0.000000,0.000000,0.000000,0.000000,0.000000,0.000000,-0.500000,0.000000,0.000000,0.000000,0.000000,0.000000,41348
16,9,-8,-0.444231,0.737156,0.000000,0.000000,0.000000,0.000000,0.000000,0.000000,-0.500000,0.000000,0.000000,0.000000,0.000000,0.000000,47876
16,9,-7.5,-0.453163,0.730547,0.000000,0.000000,0.000000,0.000000,0.000000,0.000000,-0.500000,0.000000,0.000000,0.000000,0.000000,0.000000,52811
16,9,-7,-0.449490,0.734679,0.000000,0.000000,0.000000,0.000000,0.000000,0.000000,-0.500000,0.000000,0.000000,0.000000,0.000000,0.000000,55247
16,9,-6.5,-0.458645,0.725716,0.000000,0.000000,0.000000,0.000000,0.000000,0.000000,-0.500000,0.000000,0.000000,0.000000,0.000000,0.000000,63947
16,9,-6,-0.457913,0.727841,0.000000,0.000000,0.000000,0.000000,0.000000,0.000000,-0.500000,0.000000,0.000000,0.000000,0.000000,0.000000,74014
16,9,-5.5,-0.463913,0.721592,0.000000,0.000000,0.000000,0.000000,0.000000,0.000000,-0.500000,0.000000,0.000000,0.000000,0.000000,0.000000,74376
16,9,-5,-0.464016,0.722415,0.000000,0.000000,0.000000,0.000000,0.000000,0.000000,-0.500000,0.000000,0.000000,0.000000,0.000000,0.000000,77368
16,9,-4.5,-0.466744,0.720119,0.000000,0.000000,0.000000,0.000000,0.000000,0.000000,-0.500000,0.000000,0.000000,0.000000,0.000000,0.000000,101756
16,9,-4,-0.473086,0.714680,0.000000,0.000000,0.000000,0.000000,0.000000,0.000000,-0.500000,0.000000,0.000000,0.000000,0.000000,0.000000,106226
16,9,-3.5,-0.473340,0.713739,0.000000,0.000000,0.000000,0.000000,0.000000,0.000000,-0.500000,0.000000,0.000000,0.000000,0.000000,0.000000,115849
16,9,-3,-0.476608,0.710593,0.000000,0.000000,0.000000,0.000000,0.000000,0.000000,-0.500000,0.000000,0.000000,0.000000,0.000000,0.000000,128976
16,9,-2.5,-0.481221,0.706894,0.000000,0.000000,0.000000,0.000000,0.000000,0.000000,-0.500000,0.000000,0.000000,0.000000,0.000000,0.000000,134938
16,9,-2,-0.486239,0.702189,0.000000,0.000000,0.000000,0.000000,0.000000,0.000000,-0.500000,0.000000,0.000000,0.000000,0.000000,0.000000,147045
16,9,-1.5,-0.484847,0.703753,0.000000,0.000000,0.000000,0.000000,0.000000,0.000000,-0.500000,0.000000,0.000000,0.000000,0.000000,0.000000,160962
16,9,-1,-0.491361,0.696790,0.000000,0.000000,0.000000,0.000000,0.000000,0.000000,-0.500000,0.000000,0.000000,0.000000,0.000000,0.000000,158867
16,9,-0.5,-0.493422,0.695072,0.000000,0.000000,0.000000,0.000000,0.000000,0.000000,-0.500000,0.000000,0.000000,0.000000,0.000000,0.000000,426941
16,9,0,-0.498836,0.690031,0.000000,0.000000,0.000000,0.000000,0.000000,0.000000,-0.500000,0.000000,0.000000,0.000000,0.000000,0.000000,232010
16,9,0.5,-0.502285,0.686265,0.000000,0.000000,0.000000,0.000000,0.000000,0.000000,-0.500000,0.000000,0.000000,0.000000,0.000000,0.000000,113581
16,9,1,-0.504479,0.684018,0.000000,0.000000,0.000000,0.000000,0.000000,0.000000,-0.500000,0.000000,0.000000,0.000000,0.000000,0.000000,138200
16,9,1.5,-0.504349,0.685581,0.000000,0.000000,0.000000,0.000000,0.000000,0.000000,-0.500000,0.000000,0.000000,0.000000,0.000000,0.000000,130606
16,9,2,-0.514477,0.676600,0.000000,0.000000,0.000000,0.000000,0.000000,0.000000,-0.500000,0.000000,0.000000,0.000000,0.000000,0.000000,108273
16,9,2.5,-0.511235,0.677291,0.000000,0.000000,0.000000,0.000000,0.000000,0.000000,-0.500000,0.000000,0.000000,0.000000,0.000000,0.000000,109261
16,9,3,-0.521048,0.667219,0.000000,0.000000,0.000000,0.000000,0.000000,0.000000,-0.500000,0.000000,0.000000,0.000000,0.000000,0.000000,101077
16,9,3.5,-0.518083,0.672397,0.000000,0.000000,0.000000,0.000000,0.000000,0.000000,-0.500000,0.000000,0.000000,0.000000,0.000000,0.000000,81429
16,9,4,-0.527949,0.662284,0.000000,0.000000,0.000000,0.000000,0.000000,0.000000,-0.500000,0.000000,0.000000,0.000000,0.000000,0.000000,81900
16,9,4.5,-0.525359,0.664566,0.000000,0.000000,0.000000,0.000000,0.000000,0.000000,-0.500000,0.000000,0.000000,0.000000,0.000000,0.000000,74589
16,9,5,-0.530304,0.660216,0.000000,0.000000,0.000000,0.000000,0.000000,0.000000,-0.500000,0.000000,0.000000,0.000000,0.000000,0.000000,62004
16,9,5.5,-0.530656,0.658062,0.000000,0.000000,0.000000,0.000000,0.000000,0.000000,-0.500000,0.000000,0.000000,0.000000,0.000000,0.000000,54655
16,9,6,-0.531228,0.657808,0.000000,0.000000,0.000000,0.000000,0.000000,0.000000,-0.500000,0.000000,0.000000,0.000000,0.000000,0.000000,56744
16,9,6.5,-0.543261,0.647364,0.000000,0.000000,0.000000,0.000000,0.000000,0.000000,-0.500000,0.000000,0.000000,0.000000,0.000000,0.000000,48658
16,9,7,-0.547191,0.644371,0.000000,0.000000,0.000000,0.000000,0.000000,0.000000,-0.500000,0.000000,0.000000,0.000000,0.000000,0.000000,41735
16,9,7.5,-0.547210,0.644758,0.000000,0.000000,0.000000,0.000000,0.000000,0.000000,-0.500000,0.000000,0.000000,0.000000,0.000000,0.000000,40087
16,9,8,-0.549478,0.639549,0.000000,0.000000,0.000000,0.000000,0.000000,0.000000,-0.500000,0.000000,0.000000,0.000000,0.000000,0.000000,36087
16,9,8.5,-0.550476,0.639568,0.000000,0.000000,0.000000,0.000000,0.000000,0.000000,-0.500000,0.000000,0.000000,0.000000,0.000000,0.000000,30797
16,9,9,-0.561976,0.626396,0.000000,0.000000,0.000000,0.000000,0.000000,0.000000,-0.500000,0.000000,0.000000,0.000000,0.000000,0.000000,29834
16,9,9.5,-0.560825,0.629342,0.000000,0.000000,0.000000,0.000000,0.000000,0.000000,-0.500000,0.000000,0.000000,0.000000,0.000000,0.000000,23658
16,9,10,-0.563317,0.628769,0.000000,0.000000,0.000000,0.000000,0.000000,0.000000,-0.500000,0.000000,0.000000,0.000000,0.000000,0.000000,26454
16,9,10.5,-0.572042,0.619889,0.000000,0.000000,0.000000,0.000000,0.000000,0.000000,-0.500000,0.000000,0.000000,0.000000,0.000000,0.000000,20481
16,9,11,-0.570736,0.618415,0.000000,0.000000,0.000000,0.000000,0.000000,0.000000,-0.500000,0.000000,0.000000,0.000000,0.000000,0.000000,19608
16,9,11.5,-0.567810,0.620869,0.000000,0.000000,0.000000,0.000000,0.000000,0.000000,-0.500000,0.000000,0.000000,0.000000,0.000000,0.000000,17136
16,9,12,-0.586975,0.599574,0.000000,0.000000,0.000000,0.000000,0.000000,0.000000,-0.500000,0.000000,0.000000,0.000000,0.000000,0.000000,15585
16,9,12.5,-0.584579,0.600526,0.000000,0.000000,0.000000,0.000000,0.000000,0.000000,-0.500000,0.000000,0.000000,0.000000,0.000000,0.000000,14253
16,9,13,-0.590937,0.596812,0.000000,0.000000,0.000000,0.000000,0.000000,0.000000,-0.500000,0.000000,0.000000,0.000000,0.000000,0.000000,11541
16,9,13.5,-0.582968,0.603579,0.000000,0.000000,0.000000,0.000000,0.000000,0.000000,-0.500000,0.000000,0.000000,0.000000,0.000000,0.000000,11402
16,9,14,-0.590399,0.595936,0.000000,0.000000,0.000000,0.000000,0.000000,0.000000,-0.500000,0.000000,0.000000,0.000000,0.000000,0.000000,10686
16,9,14.5,-0.594141,0.593645,0.000000,0.000000,0.000000,0.000000,0.000000,0.000000,-0.500000,0.000000,0.000000,0.000000,0.000000,0.000000,10309
16,9,15,-0.585848,0.603299,0.000000,0.000000,0.000000,0.000000,0.000000,0.000000,-0.500000,0.000000,0.000000,0.000000,0.000000,0.000000,7292
16,9,15.5,-0.598394,0.586012,0.000000,0.000000,0.000000,0.000000,0.000000,0.000000,-0.500000,0.000000,0.000000,0.000000,0.000000,0.000000,6850
16,9,16,-0.611374,0.571183,0.000000,0.000000,0.000000,0.000000,0.000000,0.000000,-0.500000,0.000000,0.000000,0.000000,0.000000,0.000000,6559
16,9,16.5,-0.623361,0.560931,0.000000,0.000000,0.000000,0.000000,0.000000,0.000000,-0.500000,0.000000,0.000000,0.000000,0.000000,0.000000,6635
16,9,17,-0.612903,0.568857,0.000000,0.000000,0.000000,0.000000,0.000000,0.000000,-0.500000,0.000000,0.000000,0.000000,0.000000,0.000000,4433
16,9,17.5,-0.624093,0.558258,0.000000,0.000000,0.000000,0.000000,0.000000,0.000000,-0.500000,0.000000,0.000000,0.000000,0.000000,0.000000,5512
16,9,18,-0.624974,0.556841,0.000000,0.000000,0.000000,0.000000,0.000000,0.000000,-0.500000,0.000000,0.000000,0.000000,0.000000,0.000000,4813
16,9,18.5,-0.604155,0.584149,0.000000,0.000000,0.000000,0.000000,0.000000,0.000000,-0.500000,0.000000,0.000000,0.000000,0.000000,0.000000,3658
16,9,19,-0.626084,0.559146,0.000000,0.000000,0.000000,0.000000,0.000000,0.000000,-0.500000,0.000000,0.000000,0.000000,0.000000,0.000000,3458
16,9,19.5,-0.636171,0.544259,0.000000,0.000000,0.000000,0.000000,0.000000,0.000000,-0.500000,0.000000,0.000000,0.000000,0.000000,0.000000,3312
16,9,20,-0.627801,0.556493,0.000000,0.000000,0.000000,0.000000,0.000000,0.000000,-0.500000,0.000000,0.000000,0.000000,0.000000,0.000000,2633
16,9,20.5,-0.631887,0.544649,0.000000,0.000000,0.000000,0.000000,0.000000,0.000000,-0.500000,0.000000,0.000000,0.000000,0.000000,0.000000,2051
16,9,21,-0.641546,0.536095,0.000000,0.000000,0.000000,0.000000,0.000000,0.000000,-0.500000,0.000000,0.000000,0.000000,0.000000,0.000000,2561
16,9,21.5,-0.644909,0.537095,0.000000,0.000000,0.000000,0.000000,0.000000,0.000000,-0.500000,0.000000,0.000000,0.000000,0.000000,0.000000,1915
16,9,22,-0.673234,0.502599,0.000000,0.000000,0.000000,0.000000,0.000000,0.000000,-0.500000,0.000000,0.000000,0.000000,0.000000,0.000000,1472
16,9,22.5,-0.629329,0.560466,0.000000,0.000000,0.000000,0.000000,0.000000,0.000000,-0.500000,0.000000,0.000000,0.000000,0.000000,0.000000,1357
16,9,23,-0.656934,0.523425,0.000000,0.000000,0.000000,0.000000,0.000000,0.000000,-0.500000,0.000000,0.000000,0.000000,0.000000,0.000000,1644
16,9,23.5,-0.642857,0.530750,0.000000,0.000000,0.000000,0.000000,0.000000,0.000000,-0.500000,0.000000,0.000000,0.000000,0.000000,0.000000,1036
16,9,24,-0.635207,0.545611,0.000000,0.000000,0.000000,0.000000,0.000000,0.000000,-0.500000,0.000000,0.000000,0.000000,0.000000,0.000000,943
16,9,24.5,-0.658994,0.511166,0.000000,0.000000,0.000000,0.000000,0.000000,0.000000,-0.500000,0.000000,0.000000,0.000000,0.000000,0.000000,1173
16,9,25,-0.628788,0.559171,0.000000,0.000000,0.000000,0.000000,0.000000,0.000000,-0.500000,0.000000,0.000000,0.000000,0.000000,0.000000,528
16,9,25.5,-0.706647,0.455852,0.000000,0.000000,0.000000,0.000000,0.000000,0.000000,-0.500000,0.000000,0.000000,0.000000,0.000000,0.000000,692
16,9,26,-0.722222,0.434177,0.000000,0.000000,0.000000,0.000000,0.000000,0.000000,-0.500000,0.000000,0.000000,0.000000,0.000000,0.000000,882
16,9,26.5,-0.725322,0.430990,0.000000,0.000000,0.000000,0.000000,0.000000,0.000000,-0.500000,0.000000,0.000000,0.000000,0.000000,0.000000,466
16,9,27,-0.702509,0.445549,0.000000,0.000000,0.000000,0.000000,0.000000,0.000000,-0.500000,0.000000,0.000000,0.000000,0.000000,0.000000,279
16,9,27.5,-0.694600,0.472839,0.000000,0.000000,0.000000,0.000000,0.000000,0.000000,-0.500000,0.000000,0.000000,0.000000,0.000000,0.000000,537
16,9,28,-0.640845,0.540022,0.000000,0.000000,0.000000,0.000000,0.000000,0.000000,-0.500000,0.000000,0.000000,0.000000,0.000000,0.000000,284
16,9,28.5,-0.771429,0.362041,0.000000,0.000000,0.000000,0.000000,0.000000,0.000000,-0.500000,0.000000,0.000000,0.000000,0.000000,0.000000,280
16,9,29,-0.688761,0.473735,0.000000,0.000000,0.000000,0.000000,0.000000,0.000000,-0.500000,0.000000,0.000000,0.000000,0.000000,0.000000,347
16,9,29.5,-0.654450,0.540281,0.000000,0.000000,0.000000,0.000000,0.000000,0.000000,-0.500000,0.000000,0.000000,0.000000,0.000000,0.000000,191
16,9,30,-0.769231,0.366864,0.000000,0.000000,0.000000,0.000000,0.000000,0.000000,-0.500000,0.000000,0.000000,0.000000,0.000000,0.000000,169
16,9,30.5,-0.717949,0.420447,0.000000,0.000000,0.000000,0.000000,0.000000,0.000000,-0.500000,0.000000,0.000000,0.000000,0.000000,0.000000,156
16,9,31,-0.773869,0.376001,0.000000,0.000000,0.000000,0.000000,0.000000,0.000000,-0.500000,0.000000,0.000000,0.000000,0.000000,0.000000,199
16,9,31.5,-0.708333,0.435764,0.000000,0.000000,0.000000,0.000000,0.000000,0.000000,-0.500000,0.000000,0.000000,0.000000,0.000000,0.000000,96
16,9,32,-0.666667,0.505051,0.000000,0.000000,0.000000,0.000000,0.000000,0.000000,-0.500000,0.000000,0.000000,0.000000,0.000000,0.000000,99
16,9,32.5,-0.643357,0.523155,0.000000,0.000000,0.000000,0.000000,0.000000,0.000000,-0.500000,0.000000,0.000000,0.000000,0.000000,0.000000,143
16,9,33,-0.616279,0.538805,0.000000,0.000000,0.000000,0.000000,0.000000,0.000000,-0.500000,0.000000,0.000000,0.000000,0.000000,0.000000,86
16,9,33.5,-0.769231,0.369822,0.000000,0.000000,0.000000,0.000000,0.000000,0.000000,-0.500000,0.000000,0.000000,0.000000,0.000000,0.000000,52
16,9,34,-0.739130,0.424701,0.000000,0.000000,0.000000,0.000000,0.000000,0.000000,-0.500000,0.000000,0.000000,0.000000,0.000000,0.000000,69
16,9,34.5,-0.684211,0.479224,0.000000,0.000000,0.000000,0.000000,0.000000,0.000000,-0.500000,0.000000,0.000000,0.000000,0.000000,0.000000,38
16,9,35,-0.636364,0.595041,0.000000,0.000000,0.000000,0.000000,0.000000,0.000000,-0.500000,0.000000,0.000000,0.000000,0.000000,0.000000,22
16,9,35.5,-0.760000,0.422400,0.000000,0.000000,0.000000,0.000000,0.000000,0.000000,-0.500000,0.000000,0.000000,0.000000,0.000000,0.000000,25
16,9,36,-0.660714,0.545599,0.000000,0.000000,0.000000,0.000000,0.000000,0.000000,-0.500000,0.000000,0.000000,0.000000,0.000000,0.000000,56
16,9,36.5,-0.652174,0.487713,0.000000,0.000000,0.000000,0.000000,0.000000,0.000000,-0.500000,0.000000,0.000000,0.000000,0.000000,0.000000,23
16,9,37,-0.538462,0.710059,0.000000,0.000000,0.000000,0.000000,0.000000,0.000000,-0.500000,0.000000,0.000000,0.000000,0.000000,0.000000,13
16,9,37.5,-0.923077,0.147929,0.000000,0.000000,0.000000,0.000000,0.000000,0.000000,-0.500000,0.000000,0.000000,0.000000,0.000000,0.000000,26
16,9,38,-0.736842,0.404432,0.000000,0.000000,0.000000,0.000000,0.000000,0.000000,-0.500000,0.000000,0.000000,0.000000,0.000000,0.000000,19
16,9,38.5,-0.777778,0.395062,0.000000,0.000000,0.000000,0.000000,0.000000,0.000000,-0.500000,0.000000,0.000000,0.000000,0.000000,0.000000,9
16,9,39,-0.700000,0.410000,0.000000,0.000000,0.000000,0.000000,0.000000,0.000000,-0.500000,0.000000,0.000000,0.000000,0.000000,0.000000,10
16,9,39.5,-1.000000,0.000000,0.000000,0.000000,0.000000,0.000000,0.000000,0.000000,-0.500000,0.000000,0.000000,0.000000,0.000000,0.000000,4
16,9,40,-1.000000,0.000000,0.000000,0.000000,0.000000,0.000000,0.000000,0.000000,-0.500000,0.000000,0.000000,0.000000,0.000000,0.000000,9
16,9,40.5,-1.000000,0.000000,0.000000,0.000000,0.000000,0.000000,0.000000,0.000000,-0.500000,0.000000,0.000000,0.000000,0.000000,0.000000,9
16,9,41,-0.750000,0.437500,0.000000,0.000000,0.000000,0.000000,0.000000,0.000000,-0.500000,0.000000,0.000000,0.000000,0.000000,0.000000,8
16,9,41.5,-1.000000,0.000000,0.000000,0.000000,0.000000,0.000000,0.000000,0.000000,-0.500000,0.000000,0.000000,0.000000,0.000000,0.000000,5
16,9,42,-1.000000,0.000000,0.000000,0.000000,0.000000,0.000000,0.000000,0.000000,-0.500000,0.000000,0.000000,0.000000,0.000000,0.000000,4
16,9,42.5,-1.000000,0.000000,0.000000,0.000000,0.000000,0.000000,0.000000,0.000000,-0.500000,0.000000,0.000000,0.000000,0.000000,0.000000,5
16,9,43.5,0.000000,1.000000,0.000000,0.000000,0.000000,0.000000,0.000000,0.000000,-0.500000,0.000000,0.000000,0.000000,0.000000,0.000000,2
16,9,44,-0.500000,0.750000,0.000000,0.000000,0.000000,0.000000,0.000000,0.000000,-0.500000,0.000000,0.000000,0.000000,0.000000,0.000000,4
16,9,44.5,-0.750000,0.187500,0.000000,0.000000,0.000000,0.000000,0.000000,0.000000,-0.500000,0.000000,0.000000,0.000000,0.000000,0.000000,4
16,9,45,-1.000000,0.000000,0.000000,0.000000,0.000000,0.000000,0.000000,0.000000,-0.500000,0.000000,0.000000,0.000000,0.000000,0.000000,1
16,9,45.5,-1.000000,0.000000,0.000000,0.000000,0.000000,0.000000,0.000000,0.000000,-0.500000,0.000000,0.000000,0.000000,0.000000,0.000000,2
16,9,46,-1.000000,0.000000,0.000000,0.000000,0.000000,0.000000,0.000000,0.000000,-0.500000,0.000000,0.000000,0.000000,0.000000,0.000000,1
16,9,47,-1.000000,0.000000,0.000000,0.000000,0.000000,0.000000,0.000000,0.000000,-0.500000,0.000000,0.000000,0.000000,0.000000,0.000000,2
16,9,47.5,0.000000,1.000000,0.000000,0.000000,0.000000,0.000000,0.000000,0.000000,-0.500000,0.000000,0.000000,0.000000,0.000000,0.000000,2
16,9,49,-1.000000,0.000000,0.000000,0.000000,0.000000,0.000000,0.000000,0.000000,-0.500000,0.000000,0.000000,0.000000,0.000000,0.000000,2
16,9,50.5,-1.000000,0.000000,0.000000,0.000000,0.000000,0.000000,0.000000,0.000000,-0.500000,0.000000,0.000000,0.000000,0.000000,0.000000,1
16,9,52,-1.000000,0.000000,0.000000,0.000000,0.000000,0.000000,0.000000,0.000000,-0.500000,0.000000,0.000000,0.000000,0.000000,0.000000,1
16,10,-53.5,-1.000000,0.000000,0.000000,0.000000,0.000000,0.000000,0.000000,0.000000,-0.500000,0.000000,0.000000,0.000000,0.000000,0.000000,1
16,10,-49,-0.500000,0.500000,0.000000,0.000000,0.000000,0.000000,0.000000,0.000000,-0.500000,0.000000,0.000000,0.000000,0.000000,0.000000,8
16,10,-48,-1.000000,0.000000,0.000000,0.000000,0.000000,0.000000,0.000000,0.000000,-0.500000,0.000000,0.000000,0.000000,0.000000,0.000000,1
16,10,-47.5,-0.000000,1.000000,0.000000,0.000000,0.000000,0.000000,0.000000,0.000000,-0.500000,0.000000,0.000000,0.000000,0.000000,0.000000,4
16,10,-47,1.000000,0.000000,0.000000,0.000000,0.000000,0.000000,0.000000,0.000000,-0.500000,0.000000,0.000000,0.000000,0.000000,0.000000,1
16,10,-46.5,1.000000,0.000000,0.000000,0.000000,0.000000,0.000000,0.000000,0.000000,-0.500000,0.000000,0.000000,0.000000,0.000000,0.000000,1
16,10,-46,-0.800000,0.160000,0.000000,0.000000,0.000000,0.000000,0.000000,0.000000,-0.500000,0.000000,0.000000,0.000000,0.000000,0.000000,5
16,10,-45.5,0.000000,1.000000,0.000000,0.000000,0.000000,0.000000,0.000000,0.000000,-0.500000,0.000000,0.000000,0.000000,0.000000,0.000000,8
16,10,-45,0.000000,0.800000,0.000000,0.000000,0.000000,0.000000,0.000000,0.000000,-0.500000,0.000000,0.000000,0.000000,0.000000,0.000000,5
16,10,-44.5,-0.714286,0.489796,0.000000,0.000000,0.000000,0.000000,0.000000,0.000000,-0.500000,0.000000,0.000000,0.000000,0.000000,0.000000,7
16,10,-44,0.045455,0.952479,0.000000,0.000000,0.000000,0.000000,0.000000,0.000000,-0.500000,0.000000,0.000000,0.000000,0.000000,0.000000,22
16,10,-43.5,-0.500000,0.583333,0.000000,0.000000,0.000000,0.000000,0.000000,0.000000,-0.500000,0.000000,0.000000,0.000000,0.000000,0.000000,6
16,10,-43,-0.142857,0.979592,0.000000,0.000000,0.000000,0.000000,0.000000,0.000000,-0.500000,0.000000,0.000000,0.000000,0.000000,0.000000,14
16,10,-42.5,-0.214286,0.811224,0.000000,0.000000,0.000000,0.000000,0.000000,0.000000,-0.500000,0.000000,0.000000,0.000000,0.000000,0.000000,28
16,10,-42,-0.300000,0.810000,0.000000,0.000000,0.000000,0.000000,0.000000,0.000000,-0.500000,0.000000,0.000000,0.000000,0.000000,0.000000,10
16,10,-41.5,0.000000,1.000000,0.000000,0.000000,0.000000,0.000000,0.000000,0.000000,-0.500000,0.000000,0.000000,0.000000,0.000000,0.000000,30
16,10,-41,-0.310345,0.765755,0.000000,0.000000,0.000000,0.000000,0.000000,0.000000,-0.500000,0.000000,0.000000,0.000000,0.000000,0.000000,29
16,10,-40.5,-0.162162,0.838568,0.000000,0.000000,0.000000,0.000000,0.000000,0.000000,-0.500000,0.000000,0.000000,0.000000,0.000000,0.000000,37
16,10,-40,-0.250000,0.869318,0.000000,0.000000,0.000000,0.000000,0.000000,0.000000,-0.500000,0.000000,0.000000,0.000000,0.000000,0.000000,44
16,10,-39.5,-0.179104,0.863444,0.000000,0.000000,0.000000,0.000000,0.000000,0.000000,-0.500000,0.000000,0.000000,0.000000,0.000000,0.000000,67
16,10,-39,-0.383333,0.703056,0.000000,0.000000,0.000000,0.000000,0.000000,0.000000,-0.500000,0.000000,0.000000,0.000000,0.000000,0.000000,60
16,10,-38.5,-0.236364,0.871405,0.000000,0.000000,0.000000,0.000000,0.000000,0.000000,-0.500000,0.000000,0.000000,0.000000,0.000000,0.000000,55
16,10,-38,-0.179245,0.882965,0.000000,0.000000,0.000000,0.000000,0.000000,0.000000,-0.500000,0.000000,0.000000,0.000000,0.000000,0.000000,106
16,10,-37.5,-0.260163,0.875405,0.000000,0.000000,0.000000,0.000000,0.000000,0.000000,-0.500000,0.000000,0.000000,0.000000,0.000000,0.000000,123
16,10,-37,-0.530864,0.619418,0.000000,0.000000,0.000000,0.000000,0.000000,0.000000,-0.500000,0.000000,0.000000,0.000000,0.000000,0.000000,81
16,10,-36.5,-0.264151,0.817017,0.000000,0.000000,0.000000,0.000000,0.000000,0.000000,-0.500000,0.000000,0.000000,0.000000,0.000000,0.000000,106
16,10,-36,-0.214286,0.875510,0.000000,0.000000,0.000000,0.000000,0.000000,0.000000,-0.500000,0.000000,0.000000,0.000000,0.000000,0.000000,280
16,10,-35.5,-0.266129,0.872724,0.000000,0.000000,0.000000,0.000000,0.000000,0.000000,-0.500000,0.000000,0.000000,0.000000,0.000000,0.000000,124
16,10,-35,-0.359788,0.822933,0.000000,0.000000,0.000000,0.000000,0.000000,0.000000,-0.500000,0.000000,0.000000,0.000000,0.000000,0.000000,189
16,10,-34.5,-0.289963,0.830420,0.000000,0.000000,0.000000,0.000000,0.000000,0.000000,-0.500000,0.000000,0.000000,0.000000,0.000000,0.000000,269
16,10,-34,-0.301455,0.834281,0.000000,0.000000,0.000000,0.000000,0.000000,0.000000,-0.500000,0.000000,0.000000,0.000000,0.000000,0.000000,481
16,10,-33.5,-0.375758,0.786079,0.000000,0.000000,0.000000,0.000000,0.000000,0.000000,-0.500000,0.000000,0.000000,0.000000,0.000000,0.000000,330
16,10,-33,-0.368110,0.795597,0.000000,0.000000,0.000000,0.000000,0.000000,0.000000,-0.500000,0.000000,0.000000,0.000000,0.000000,0.000000,508
16,10,-32.5,-0.270517,0.838675,0.000000,0.000000,0.000000,0.000000,0.000000,0.000000,-0.500000,0.000000,0.000000,0.000000,0.000000,0.000000,658
16,10,-32,-0.290000,0.819233,0.000000,0.000000,0.000000,0.000000,0.000000,0.000000,-0.500000,0.000000,0.000000,0.000000,0.000000,0.000000,600
16,10,-31.5,-0.232082,0.877879,0.000000,0.000000,0.000000,0.000000,0.000000,0.000000,-0.500000,0.000000,0.000000,0.000000,0.000000,0.000000,586
16,10,-31,-0.336073,0.811256,0.000000,0.000000,0.000000,0.000000,0.000000,0.000000,-0.500000,0.000000,0.000000,0.000000,0.000000,0.000000,1095
16,10,-30.5,-0.288260,0.836193,0.000000,0.000000,0.000000,0.000000,0.000000,0.000000,-0.500000,0.000000,0.000000,0.000000,0.000000,0.000000,954
16,10,-30,-0.276371,0.843450,0.000000,0.000000,0.000000,0.000000,0.000000,0.000000,-0.500000,0.000000,0.000000,0.000000,0.000000,0.000000,948
16,10,-29.5,-0.274697,0.850885,0.000000,0.000000,0.000000,0.000000,0.000000,0.000000,-0.500000,0.000000,0.000000,0.000000,0.000000,0.000000,1154
16,10,-29,-0.313094,0.820135,0.000000,0.000000,0.000000,0.000000,0.000000,0.000000,-0.500000,0.000000,0.000000,0.000000,0.000000,0.000000,1894
16,10,-28.5,-0.320596,0.818850,0.000000,0.000000,0.000000,0.000000,0.000000,0.000000,-0.500000,0.000000,0.000000,0.000000,0.000000,0.000000,1544
16,10,-28,-0.337902,0.808945,0.000000,0.000000,0.000000,0.000000,0.000000,0.000000,-0.500000,0.000000,0.000000,0.000000,0.000000,0.000000,1678
16,10,-27.5,-0.350860,0.797202,0.000000,0.000000,0.000000,0.000000,0.000000,0.000000,-0.500000,0.000000,0.000000,0.000000,0.000000,0.000000,3024
16,10,-27,-0.295986,0.830307,0.000000,0.000000,0.000000,0.000000,0.000000,0.000000,-0.500000,0.000000,0.000000,0.000000,0.000000,0.000000,1669
16,10,-26.5,-0.314098,0.821722,0.000000,0.000000,0.000000,0.000000,0.000000,0.000000,-0.500000,0.000000,0.000000,0.000000,0.000000,0.000000,2738
16,10,-26,-0.337793,0.809115,0.000000,0.000000,0.000000,0.000000,0.000000,0.000000,-0.500000,0.000000,0.000000,0.000000,0.000000,0.000000,4858
16,10,-25.5,-0.309142,0.827782,0.000000,0.000000,0.000000,0.000000,0.000000,0.000000,-0.500000,0.000000,0.000000,0.000000,0.000000,0.000000,3927
16,10,-25,-0.357342,0.789148,0.000000,0.000000,0.000000,0.000000,0.000000,0.000000,-0.500000,0.000000,0.000000,0.000000,0.000000,0.000000,2874
16,10,-24.5,-0.342637,0.810588,0.000000,0.000000,0.000000,0.000000,0.000000,0.000000,-0.500000,0.000000,0.000000,0.000000,0.000000,0.000000,6485
16,10,-24,-0.340612,0.814964,0.000000,0.000000,0.000000,0.000000,0.000000,0.000000,-0.500000,0.000000,0.000000,0.000000,0.000000,0.000000,5129
16,10,-23.5,-0.369058,0.793244,0.000000,0.000000,0.000000,0.000000,0.000000,0.000000,-0.500000,0.000000,0.000000,0.000000,0.000000,0.000000,5953
16,10,-23,-0.355160,0.799544,0.000000,0.000000,0.000000,0.000000,0.000000,0.000000,-0.500000,0.000000,0.000000,0.000000,0.000000,0.000000,8827
16,10,-22.5,-0.372751,0.781880,0.000000,0.000000,0.000000,0.000000,0.000000,0.000000,-0.500000,0.000000,0.000000,0.000000,0.000000,0.000000,7780
16,10,-22,-0.367067,0.791260,0.000000,0.000000,0.000000,0.000000,0.000000,0.000000,-0.500000,0.000000,0.000000,0.000000,0.000000,0.000000,8162
16,10,-21.5,-0.356582,0.799807,0.000000,0.000000,0.000000,0.000000,0.000000,0.000000,-0.500000,0.000000,0.000000,0.000000,0.000000,0.000000,10309
16,10,-21,-0.382068,0.782585,0.000000,0.000000,0.000000,0.000000,0.000000,0.000000,-0.500000,0.000000,0.000000,0.000000,0.000000,0.000000,13830
16,10,-20.5,-0.376742,0.787025,0.000000,0.000000,0.000000,0.000000,0.000000,0.000000,-0.500000,0.000000,0.000000,0.000000,0.000000,0.000000,11050
16,10,-20,-0.388113,0.778033,0.000000,0.000000,0.000000,0.000000,0.000000,0.000000,-0.500000,0.000000,0.000000,0.000000,0.000000,0.000000,14537
16,10,-19.5,-0.377898,0.782092,0.000000,0.000000,0.000000,0.000000,0.000000,0.000000,-0.500000,0.000000,0.000000,0.000000,0.000000,0.000000,17989
16,10,-19,-0.387669,0.777025,0.000000,0.000000,0.000000,0.000000,0.000000,0.000000,-0.500000,0.000000,0.000000,0.000000,0.000000,0.000000,19398
16,10,-18.5,-0.394487,0.774487,0.000000,0.000000,0.000000,0.000000,0.000000,0.000000,-0.500000,0.000000,0.000000,0.000000,0.000000,0.000000,19301
16,10,-18,-0.392178,0.773795,0.000000,0.000000,0.000000,0.000000,0.000000,0.000000,-0.500000,0.000000,0.000000,0.000000,0.000000,0.000000,25621
16,10,-17.5,-0.404428,0.765809,0.000000,0.000000,0.000000,0.000000,0.000000,0.000000,-0.500000,0.000000,0.000000,0.000000,0.000000,0.000000,29988
16,10,-17,-0.413604,0.757050,0.000000,0.000000,0.000000,0.000000,0.000000,0.000000,-0.500000,0.000000,0.000000,0.000000,0.000000,0.000000,23288
16,10,-16.5,-0.401162,0.764001,0.000000,0.000000,0.000000,0.000000,0.000000,0.000000,-0.500000,0.000000,0.000000,0.000000,0.000000,0.000000,35275
16,10,-16,-0.411936,0.758641,0.000000,0.000000,0.000000,0.000000,0.000000,0.000000,-0.500000,0.000000,0.000000,0.000000,0.000000,0.000000,34032
16,10,-15.5,-0.412373,0.759319,0.000000,0.000000,0.000000,0.000000,0.000000,0.000000,-0.500000,0.000000,0.000000,0.000000,0.000000,0.000000,37888
16,10,-15,-0.420543,0.752154,0.000000,0.000000,0.000000,0.000000,0.000000,0.000000,-0.500000,0.000000,0.000000,0.000000,0.000000,0.000000,40569
16,10,-14.5,-0.426686,0.749513,0.000000,0.000000,0.000000,0.000000,0.000000,0.000000,-0.500000,0.000000,0.000000,0.000000,0.000000,0.000000,54321
16,10,-14,-0.435251,0.743202,0.000000,0.000000,0.000000,0.000000,0.000000,0.000000,-0.500000,0.000000,0.000000,0.000000,0.000000,0.000000,55646
16,10,-13.5,-0.425892,0.750528,0.000000,0.000000,0.000000,0.000000,0.000000,0.000000,-0.500000,0.000000,0.000000,0.000000,0.000000,0.000000,61215
16,10,-13,-0.439017,0.739018,0.000000,0.000000,0.000000,0.000000,0.000000,0.000000,-0.500000,0.000000,0.000000,0.000000,0.000000,0.000000,63198
16,10,-12.5,-0.442161,0.736500,0.000000,0.000000,0.000000,0.000000,0.000000,0.000000,-0.500000,0.000000,0.000000,0.000000,0.000000,0.000000,74595
16,10,-12,-0.448525,0.729902,0.000000,0.000000,0.000000,0.000000,0.000000,0.000000,-0.500000,0.000000,0.000000,0.000000,0.000000,0.000000,83875
16,10,-11.5,-0.446459,0.733837,0.000000,0.000000,0.000000,0.000000,0.000000,0.000000,-0.500000,0.000000,0.000000,0.000000,0.000000,0.000000,91341
16,10,-11,-0.450573,0.731607,0.000000,0.000000,0.000000,0.000000,0.000000,0.000000,-0.500000,0.000000,0.000000,0.000000,0.000000,0.000000,103952
16,10,-10.5,-0.457346,0.724132,0.000000,0.000000,0.000000,0.000000,0.000000,0.000000,-0.500000,0.000000,0.000000,0.000000,0.000000,0.000000,109217
16,10,-10,-0.457835,0.724327,0.000000,0.000000,0.000000,0.000000,0.000000,0.000000,-0.500000,0.000000,0.000000,0.000000,0.000000,0.000000,139902
16,10,-9.5,-0.464396,0.718642,0.000000,0.000000,0.000000,0.000000,0.000000,0.000000,-0.500000,0.000000,0.000000,0.000000,0.000000,0.000000,124973
16,10,-9,-0.465855,0.716561,0.000000,0.000000,0.000000,0.000000,0.000000,0.000000,-0.500000,0.000000,0.000000,0.000000,0.000000,0.000000,156523
16,10,-8.5,-0.474947,0.709000,0.000000,0.000000,0.000000,0.000000,0.000000,0.000000,-0.500000,0.000000,0.000000,0.000000,0.000000,0.000000,165547
16,10,-8,-0.473330,0.711597,0.000000,0.000000,0.000000,0.000000,0.000000,0.000000,-0.500000,0.000000,0.000000,0.000000,0.000000,0.000000,191621
16,10,-7.5,-0.478904,0.705167,0.000000,0.000000,0.000000,0.000000,0.000000,0.000000,-0.500000,0.000000,0.000000,0.000000,0.000000,0.000000,210631
16,10,-7,-0.482001,0.703381,0.000000,0.000000,0.000000,0.000000,0.000000,0.000000,-0.500000,0.000000,0.000000,0.000000,0.000000,0.000000,222757
16,10,-6.5,-0.487550,0.698286,0.000000,0.000000,0.000000,0.000000,0.000000,0.000000,-0.500000,0.000000,0.000000,0.000000,0.000000,0.000000,255213
16,10,-6,-0.489116,0.697191,0.000000,0.000000,0.000000,0.000000,0.000000,0.000000,-0.500000,0.000000,0.000000,0.000000,0.000000,0.000000,296819
16,10,-5.5,-0.491156,0.695030,0.000000,0.000000,0.000000,0.000000,0.000000,0.000000,-0.500000,0.000000,0.000000,0.000000,0.000000,0.000000,297932
16,10,-5,-0.494299,0.691912,0.000000,0.000000,0.000000,0.000000,0.000000,0.000000,-0.500000,0.000000,0.000000,0.000000,0.000000,0.000000,315904
16,10,-4.5,-0.497898,0.689360,0.000000,0.000000,0.000000,0.000000,0.000000,0.000000,-0.500000,0.000000,0.000000,0.000000,0.000000,0.000000,406760
16,10,-4,-0.502350,0.684467,0.000000,0.000000,0.000000,0.000000,0.000000,0.000000,-0.500000,0.000000,0.000000,0.000000,0.000000,0.000000,441262
16,10,-3.5,-0.509166,0.678452,0.000000,0.000000,0.000000,0.000000,0.000000,0.000000,-0.500000,0.000000,0.000000,0.000000,0.000000,0.000000,451719
16,10,-3,-0.508991,0.679231,0.000000,0.000000,0.000000,0.000000,0.000000,0.000000,-0.500000,0.000000,0.000000,0.000000,0.000000,0.000000,507640
16,10,-2.5,-0.511814,0.675892,0.000000,0.000000,0.000000,0.000000,0.000000,0.000000,-0.500000,0.000000,0.000000,0.000000,0.000000,0.000000,541312
16,10,-2,-0.516495,0.671487,0.000000,0.000000,0.000000,0.000000,0.000000,0.000000,-0.500000,0.000000,0.000000,0.000000,0.000000,0.000000,563161
16,10,-1.5,-0.520067,0.668285,0.000000,0.000000,0.000000,0.000000,0.000000,0.000000,-0.500000,0.000000,0.000000,0.000000,0.000000,0.000000,586298
16,10,-1,-0.525286,0.662916,0.000000,0.000000,0.000000,0.000000,0.000000,0.000000,-0.500000,0.000000,0.000000,0.000000,0.000000,0.000000,1690497
16,10,-0.5,-0.526284,0.662021,0.000000,0.000000,0.000000,0.000000,0.000000,0.000000,-0.500000,0.000000,0.000000,0.000000,0.000000,0.000000,458790
16,10,0,-0.530979,0.657334,0.000000,0.000000,0.000000,0.000000,0.000000,0.000000,-0.500000,0.000000,0.000000,0.000000,0.000000,0.000000,815790
16,10,0.5,-0.533672,0.655355,0.000000,0.000000,0.000000,0.000000,0.000000,0.000000,-0.500000,0.000000,0.000000,0.000000,0.000000,0.000000,376340
16,10,1,-0.539027,0.650033,0.000000,0.000000,0.000000,0.000000,0.000000,0.000000,-0.500000,0.000000,0.000000,0.000000,0.000000,0.000000,467272
16,10,1.5,-0.542843,0.645258,0.000000,0.000000,0.000000,0.000000,0.000000,0.000000,-0.500000,0.000000,0.000000,0.000000,0.000000,0.000000,440687
16,10,2,-0.545041,0.643470,0.000000,0.000000,0.000000,0.000000,0.000000,0.000000,-0.500000,0.000000,0.000000,0.000000,0.000000,0.000000,359364
16,10,2.5,-0.550855,0.637422,0.000000,0.000000,0.000000,0.000000,0.000000,0.000000,-0.500000,0.000000,0.000000,0.000000,0.000000,0.000000,365408
16,10,3,-0.550176,0.637959,0.000000,0.000000,0.000000,0.000000,0.000000,0.000000,-0.500000,0.000000,0.000000,0.000000,0.000000,0.000000,337521
16,10,3.5,-0.557054,0.631500,0.000000,0.000000,0.000000,0.000000,0.000000,0.000000,-0.500000,0.000000,0.000000,0.000000,0.000000,0.000000,269543
16,10,4,-0.561822,0.625780,0.000000,0.000000,0.000000,0.000000,0.000000,0.000000,-0.500000,0.000000,0.000000,0.000000,0.000000,0.000000,266031
16,10,4.5,-0.563538,0.624648,0.000000,0.000000,0.000000,0.000000,0.000000,0.000000,-0.500000,0.000000,0.000000,0.000000,0.000000,0.000000,245270
16,10,5,-0.566158,0.621880,0.000000,0.000000,0.000000,0.000000,0.000000,0.000000,-0.500000,0.000000,0.000000,0.000000,0.000000,0.000000,204185
16,10,5.5,-0.572525,0.614601,0.000000,0.000000,0.000000,0.000000,0.000000,0.000000,-0.500000,0.000000,0.000000,0.000000,0.000000,0.000000,178986
16,10,6,-0.576480,0.610681,0.000000,0.000000,0.000000,0.000000,0.000000,0.000000,-0.500000,0.000000,0.000000,0.000000,0.000000,0.000000,188612
16,10,6.5,-0.580526,0.606714,0.000000,0.000000,0.000000,0.000000,0.000000,0.000000,-0.500000,0.000000,0.000000,0.000000,0.000000,0.000000,159147
16,10,7,-0.581366,0.606001,0.000000,0.000000,0.000000,0.000000,0.000000,0.000000,-0.500000,0.000000,0.000000,0.000000,0.000000,0.000000,134719
16,10,7.5,-0.587093,0.599831,0.000000,0.000000,0.000000,0.000000,0.000000,0.000000,-0.500000,0.000000,0.000000,0.000000,0.000000,0.000000,132473
16,10,8,-0.590368,0.595977,0.000000,0.000000,0.000000,0.000000,0.000000,0.000000,-0.500000,0.000000,0.000000,0.000000,0.000000,0.000000,118997
16,10,8.5,-0.595991,0.590710,0.000000,0.000000,0.000000,0.000000,0.000000,0.000000,-0.500000,0.000000,0.000000,0.000000,0.000000,0.000000,101822
16,10,9,-0.596353,0.589038,0.000000,0.000000,0.000000,0.000000,0.000000,0.000000,-0.500000,0.000000,0.000000,0.000000,0.000000,0.000000,97008
16,10,9.5,-0.601492,0.583188,0.000000,0.000000,0.000000,0.000000,0.000000,0.000000,-0.500000,0.000000,0.000000,0.000000,0.000000,0.000000,76119
16,10,10,-0.607339,0.576631,0.000000,0.000000,0.000000,0.000000,0.000000,0.000000,-0.500000,0.000000,0.000000,0.000000,0.000000,0.000000,87363
16,10,10.5,-0.607376,0.577433,0.000000,0.000000,0.000000,0.000000,0.000000,0.000000,-0.500000,0.000000,0.000000,0.000000,0.000000,0.000000,66621
16,10,11,-0.612120,0.571830,0.000000,0.000000,0.000000,0.000000,0.000000,0.000000,-0.500000,0.000000,0.000000,0.000000,0.000000,0.000000,64025
16,10,11.5,-0.619998,0.562500,0.000000,0.000000,0.000000,0.000000,0.000000,0.000000,-0.500000,0.000000,0.000000,0.000000,0.000000,0.000000,56005
16,10,12,-0.616869,0.566028,0.000000,0.000000,0.000000,0.000000,0.000000,0.000000,-0.500000,0.000000,0.000000,0.000000,0.000000,0.000000,51006
16,10,12.5,-0.635314,0.542846,0.000000,0.000000,0.000000,0.000000,0.000000,0.000000,-0.500000,0.000000,0.000000,0.000000,0.000000,0.000000,46684
16,10,13,-0.628913,0.553819,0.000000,0.000000,0.000000,0.000000,0.000000,0.000000,-0.500000,0.000000,0.000000,0.000000,0.000000,0.000000,37118
16,10,13.5,-0.631694,0.546829,0.000000,0.000000,0.000000,0.000000,0.000000,0.000000,-0.500000,0.000000,0.000000,0.000000,0.000000,0.000000,37610
16,10,14,-0.634582,0.547468,0.000000,0.000000,0.000000,0.000000,0.000000,0.000000,-0.500000,0.000000,0.000000,0.000000,0.000000,0.000000,34191
16,10,14.5,-0.644082,0.535946,0.000000,0.000000,0.000000,0.000000,0.000000,0.000000,-0.500000,0.000000,0.000000,0.000000,0.000000,0.000000,32898
16,10,15,-0.629194,0.553477,0.000000,0.000000,0.000000,0.000000,0.000000,0.000000,-0.500000,0.000000,0.000000,0.000000,0.000000,0.000000,23875
16,10,15.5,-0.648233,0.529098,0.000000,0.000000,0.000000,0.000000,0.000000,0.000000,-0.500000,0.000000,0.000000,0.000000,0.000000,0.000000,22586
16,10,16,-0.649846,0.528364,0.000000,0.000000,0.000000,0.000000,0.000000,0.000000,-0.500000,0.000000,0.000000,0.000000,0.000000,0.000000,20411
16,10,16.5,-0.653974,0.523353,0.000000,0.000000,0.000000,0.000000,0.000000,0.000000,-0.500000,0.000000,0.000000,0.000000,0.000000,0.000000,21403
16,10,17,-0.658338,0.519867,0.000000,0.000000,0.000000,0.000000,0.000000,0.000000,-0.500000,0.000000,0.000000,0.000000,0.000000,0.000000,13847
16,10,17.5,-0.661047,0.514241,0.000000,0.000000,0.000000,0.000000,0.000000,0.000000,-0.500000,0.000000,0.000000,0.000000,0.000000,0.000000,17796
16,10,18,-0.671909,0.496714,0.000000,0.000000,0.000000,0.000000,0.000000,0.000000,-0.500000,0.000000,0.000000,0.000000,0.000000,0.000000,15514
16,10,18.5,-0.661156,0.512562,0.000000,0.000000,0.000000,0.000000,0.000000,0.000000,-0.500000,0.000000,0.000000,0.000000,0.000000,0.000000,11250
16,10,19,-0.681055,0.488164,0.000000,0.000000,0.000000,0.000000,0.000000,0.000000,-0.500000,0.000000,0.000000,0.000000,0.000000,0.000000,11375
16,10,19.5,-0.682285,0.489390,0.000000,0.000000,0.000000,0.000000,0.000000,0.000000,-0.500000,0.000000,0.000000,0.000000,0.000000,0.000000,10799
16,10,20,-0.679711,0.486885,0.000000,0.000000,0.000000,0.000000,0.000000,0.000000,-0.500000,0.000000,0.000000,0.000000,0.000000,0.000000,8433
16,10,20.5,-0.676078,0.491310,0.000000,0.000000,0.000000,0.000000,0.000000,0.000000,-0.500000,0.000000,0.000000,0.000000,0.000000,0.000000,6375
16,10,21,-0.679231,0.491037,0.000000,0.000000,0.000000,0.000000,0.000000,0.000000,-0.500000,0.000000,0.000000,0.000000,0.000000,0.000000,8171
16,10,21.5,-0.681341,0.491751,0.000000,0.000000,0.000000,0.000000,0.000000,0.000000,-0.500000,0.000000,0.000000,0.000000,0.000000,0.000000,5906
16,10,22,-0.704950,0.463749,0.000000,0.000000,0.000000,0.000000,0.000000,0.000000,-0.500000,0.000000,0.000000,0.000000,0.000000,0.000000,4606
16,10,22.5,-0.696880,0.472682,0.000000,0.000000,0.000000,0.000000,0.000000,0.000000,-0.500000,0.000000,0.000000,0.000000,0.000000,0.000000,4391
16,10,23,-0.709968,0.455960,0.000000,0.000000,0.000000,0.000000,0.000000,0.000000,-0.500000,0.000000,0.000000,0.000000,0.000000,0.000000,5327
16,10,23.5,-0.710919,0.453127,0.000000,0.000000,0.000000,0.000000,0.000000,0.000000,-0.500000,0.000000,0.000000,0.000000,0.000000,0.000000,3352
16,10,24,-0.700771,0.459866,0.000000,0.000000,0.000000,0.000000,0.000000,0.000000,-0.500000,0.000000,0.000000,0.000000,0.000000,0.000000,2854
16,10,24.5,-0.701865,0.462994,0.000000,0.000000,0.000000,0.000000,0.000000,0.000000,-0.500000,0.000000,0.000000,0.000000,0.000000,0.000000,3807
16,10,25,-0.693865,0.469216,0.000000,0.000000,0.000000,0.000000,0.000000,0.000000,-0.500000,0.000000,0.000000,0.000000,0.000000,0.000000,1581
16,10,25.5,-0.717491,0.448119,0.000000,0.000000,0.000000,0.000000,0.000000,0.000000,-0.500000,0.000000,0.000000,0.000000,0.000000,0.000000,2184
16,10,26,-0.725093,0.437766,0.000000,0.000000,0.000000,0.000000,0.000000,0.000000,-0.500000,0.000000,0.000000,0.000000,0.000000,0.000000,2961
16,10,26.5,-0.698555,0.462469,0.000000,0.000000,0.000000,0.000000,0.000000,0.000000,-0.500000,0.000000,0.000000,0.000000,0.000000,0.000000,1453
16,10,27,-0.719048,0.440113,0.000000,0.000000,0.000000,0.000000,0.000000,0.000000,-0.500000,0.000000,0.000000,0.000000,0.000000,0.000000,840
16,10,27.5,-0.742433,0.414672,0.000000,0.000000,0.000000,0.000000,0.000000,0.000000,-0.500000,0.000000,0.000000,0.000000,0.000000,0.000000,1817
16,10,28,-0.740535,0.412633,0.000000,0.000000,0.000000,0.000000,0.000000,0.000000,-0.500000,0.000000,0.000000,0.000000,0.000000,0.000000,898
16,10,28.5,-0.724939,0.431676,0.000000,0.000000,0.000000,0.000000,0.000000,0.000000,-0.500000,0.000000,0.000000,0.000000,0.000000,0.000000,818
16,10,29,-0.784572,0.345877,0.000000,0.000000,0.000000,0.000000,0.000000,0.000000,-0.500000,0.000000,0.000000,0.000000,0.000000,0.000000,1063
16,10,29.5,-0.741652,0.420075,0.000000,0.000000,0.000000,0.000000,0.000000,0.000000,-0.500000,0.000000,0.000000,0.000000,0.000000,0.000000,569
16,10,30,-0.673664,0.521367,0.000000,0.000000,0.000000,0.000000,0.000000,0.000000,-0.500000,0.000000,0.000000,0.000000,0.000000,0.000000,524
16,10,30.5,-0.781955,0.354712,0.000000,0.000000,0.000000,0.000000,0.000000,0.000000,-0.500000,0.000000,0.000000,0.000000,0.000000,0.000000,532
16,10,31,-0.737458,0.424383,0.000000,0.000000,0.000000,0.000000,0.000000,0.000000,-0.500000,0.000000,0.000000,0.000000,0.000000,0.000000,598
16,10,31.5,-0.747541,0.385445,0.000000,0.000000,0.000000,0.000000,0.000000,0.000000,-0.500000,0.000000,0.000000,0.000000,0.000000,0.000000,305
16,10,32,-0.734899,0.409587,0.000000,0.000000,0.000000,0.000000,0.000000,0.000000,-0.500000,0.000000,0.000000,0.000000,0.000000,0.000000,298
16,10,32.5,-0.773067,0.384911,0.000000,0.000000,0.000000,0.000000,0.000000,0.000000,-0.500000,0.000000,0.000000,0.000000,0.000000,0.000000,401
16,10,33,-0.705628,0.441483,0.000000,0.000000,0.000000,0.000000,0.000000,0.000000,-0.500000,0.000000,0.000000,0.000000,0.000000,0.000000,231
16,10,33.5,-0.675393,0.501960,0.000000,0.000000,0.000000,0.000000,0.000000,0.000000,-0.500000,0.000000,0.000000,0.000000,0.000000,0.000000,191
16,10,34,-0.752294,0.397357,0.000000,0.000000,0.000000,0.000000,0.000000,0.000000,-0.500000,0.000000,0.000000,0.000000,0.000000,0.000000,218
16,10,34.5,-0.750000,0.398026,0.000000,0.000000,0.000000,0.000000,0.000000,0.000000,-0.500000,0.000000,0.000000,0.000000,0.000000,0.000000,152
16,10,35,-0.742268,0.418110,0.000000,0.000000,0.000000,0.000000,0.000000,0.000000,-0.500000,0.000000,0.000000,0.000000,0.000000,0.000000,97
16,10,35.5,-0.864865,0.224982,0.000000,0.000000,0.000000,0.000000,0.000000,0.000000,-0.500000,0.000000,0.000000,0.000000,0.000000,0.000000,74
16,10,36,-0.812155,0.318305,0.000000,0.000000,0.000000,0.000000,0.000000,0.000000,-0.500000,0.000000,0.000000,0.000000,0.000000,0.000000,181
16,10,36.5,-0.753623,0.388574,0.000000,0.000000,0.000000,0.000000,0.000000,0.000000,-0.500000,0.000000,0.000000,0.000000,0.000000,0.000000,69
16,10,37,-0.761905,0.371882,0.000000,0.000000,0.000000,0.000000,0.000000,0.000000,-0.500000,0.000000,0.000000,0.000000,0.000000,0.000000,42
16,10,37.5,-0.797297,0.323776,0.000000,0.000000,0.000000,0.000000,0.000000,0.000000,-0.500000,0.000000,0.000000,0.000000,0.000000,0.000000,74
16,10,38,-0.854167,0.249566,0.000000,0.000000,0.000000,0.000000,0.000000,0.000000,-0.500000,0.000000,0.000000,0.000000,0.000000,0.000000,48
16,10,38.5,-0.857143,0.217687,0.000000,0.000000,0.000000,0.000000,0.000000,0.000000,-0.500000,0.000000,0.000000,0.000000,0.000000,0.000000,21
16,10,39,-1.000000,0.000000,0.000000,0.000000,0.000000,0.000000,0.000000,0.000000,-0.500000,0.000000,0.000000,0.000000,0.000000,0.000000,30
16,10,39.5,-0.866667,0.182222,0.000000,0.000000,0.000000,0.000000,0.000000,0.000000,-0.500000,0.000000,0.000000,0.000000,0.000000,0.000000,30
16,10,40,-0.866667,0.115556,0.000000,0.000000,0.000000,0.000000,0.000000,0.000000,-0.500000,0.000000,0.000000,0.000000,0.000000,0.000000,15
16,10,40.5,-0.647059,0.581315,0.000000,0.000000,0.000000,0.000000,0.000000,0.000000,-0.500000,0.000000,0.000000,0.000000,0.000000,0.000000,17
16,10,41,-0.750000,0.312500,0.000000,0.000000,0.000000,0.000000,0.000000,0.000000,-0.500000,0.000000,0.000000,0.000000,0.000000,0.000000,16
16,10,41.5,-0.950000,0.047500,0.000000,0.000000,0.000000,0.000000,0.000000,0.000000,-0.500000,0.000000,0.000000,0.000000,0.000000,0.000000,20
16,10,42,-1.000000,0.000000,0.000000,0.000000,0.000000,0.000000,0.000000,0.000000,-0.500000,0.000000,0.000000,0.000000,0.000000,0.000000,5
16,10,42.5,-1.000000,0.000000,0.000000,0.000000,0.000000,0.000000,0.000000,0.000000,-0.500000,0.000000,0.000000,0.000000,0.000000,0.000000,13
16,10,43,-0.571429,0.530612,0.000000,0.000000,0.000000,0.000000,0.000000,0.000000,-0.500000,0.000000,0.000000,0.000000,0.000000,0.000000,7
16,10,43.5,-1.000000,0.000000,0.000000,0.000000,0.000000,0.000000,0.000000,0.000000,-0.500000,0.000000,0.000000,0.000000,0.000000,0.000000,5
16,10,44,-0.818182,0.330579,0.000000,0.000000,0.000000,0.000000,0.000000,0.000000,-0.500000,0.000000,0.000000,0.000000,0.000000,0.000000,11
16,10,44.5,-0.800000,0.160000,0.000000,0.000000,0.000000,0.000000,0.000000,0.000000,-0.500000,0.000000,0.000000,0.000000,0.000000,0.000000,5
16,10,45,-1.000000,0.000000,0.000000,0.000000,0.000000,0.000000,0.000000,0.000000,-0.500000,0.000000,0.000000,0.000000,0.000000,0.000000,3
16,10,45.5,-1.000000,0.000000,0.000000,0.000000,0.000000,0.000000,0.000000,0.000000,-0.500000,0.000000,0.000000,0.000000,0.000000,0.000000,4
16,10,46,-1.000000,0.000000,0.000000,0.000000,0.000000,0.000000,0.000000,0.000000,-0.500000,0.000000,0.000000,0.000000,0.000000,0.000000,2
16,10,47,-1.000000,0.000000,0.000000,0.000000,0.000000,0.000000,0.000000,0.000000,-0.500000,0.000000,0.000000,0.000000,0.000000,0.000000,2
16,10,47.5,-1.000000,0.000000,0.000000,0.000000,0.000000,0.000000,0.000000,0.000000,-0.500000,0.000000,0.000000,0.000000,0.000000,0.000000,3
16,10,49,-1.000000,0.000000,0.000000,0.000000,0.000000,0.000000,0.000000,0.000000,-0.500000,0.000000,0.000000,0.000000,0.000000,0.000000,2
16,10,52,-1.000000,0.000000,0.000000,0.000000,0.000000,0.000000,0.000000,0.000000,-0.500000,0.000000,0.000000,0.000000,0.000000,0.000000,1
16,11,-49,-1.000000,0.000000,0.000000,0.000000,0.000000,0.000000,0.000000,0.000000,-0.500000,0.000000,0.000000,0.000000,0.000000,0.000000,1
16,11,-47,-1.000000,0.000000,0.000000,0.000000,0.000000,0.000000,0.000000,0.000000,-0.500000,0.000000,0.000000,0.000000,0.000000,0.000000,1
16,11,-46,0.000000,1.000000,0.000000,0.000000,0.000000,0.000000,0.000000,0.000000,-0.500000,0.000000,0.000000,0.000000,0.000000,0.000000,2
16,11,-45.5,-0.500000,0.250000,0.000000,0.000000,0.000000,0.000000,0.000000,0.000000,-0.500000,0.000000,0.000000,0.000000,0.000000,0.000000,2
16,11,-44,0.200000,0.960000,0.000000,0.000000,0.000000,0.000000,0.000000,0.000000,-0.500000,0.000000,0.000000,0.000000,0.000000,0.000000,5
16,11,-42.5,-0.300000,0.810000,0.000000,0.000000,0.000000,0.000000,0.000000,0.000000,-0.500000,0.000000,0.000000,0.000000,0.000000,0.000000,10
16,11,-42,1.000000,0.000000,0.000000,0.000000,0.000000,0.000000,0.000000,0.000000,-0.500000,0.000000,0.000000,0.000000,0.000000,0.000000,1
16,11,-41.5,-1.000000,0.000000,0.000000,0.000000,0.000000,0.000000,0.000000,0.000000,-0.500000,0.000000,0.000000,0.000000,0.000000,0.000000,4
16,11,-41,0.000000,0.666667,0.000000,0.000000,0.000000,0.000000,0.000000,0.000000,-0.500000,0.000000,0.000000,0.000000,0.000000,0.000000,3
16,11,-40.5,-1.000000,0.000000,0.000000,0.000000,0.000000,0.000000,0.000000,0.000000,-0.500000,0.000000,0.000000,0.000000,0.000000,0.000000,7
16,11,-40,-0.285714,0.775510,0.000000,0.000000,0.000000,0.000000,0.000000,0.000000,-0.500000,0.000000,0.000000,0.000000,0.000000,0.000000,7
16,11,-39.5,-0.400000,0.840000,0.000000,0.000000,0.000000,0.000000,0.000000,0.000000,-0.500000,0.000000,0.000000,0.000000,0.000000,0.000000,10
16,11,-39,-0.615385,0.544379,0.000000,0.000000,0.000000,0.000000,0.000000,0.000000,-0.500000,0.000000,0.000000,0.000000,0.000000,0.000000,13
16,11,-38.5,-0.714286,0.204082,0.000000,0.000000,0.000000,0.000000,0.000000,0.000000,-0.500000,0.000000,0.000000,0.000000,0.000000,0.000000,7
16,11,-38,-0.176471,0.851211,0.000000,0.000000,0.000000,0.000000,0.000000,0.000000,-0.500000,0.000000,0.000000,0.000000,0.000000,0.000000,17
16,11,-37.5,-0.545455,0.550964,0.000000,0.000000,0.000000,0.000000,0.000000,0.000000,-0.500000,0.000000,0.000000,0.000000,0.000000,0.000000,33
16,11,-37,-0.150000,0.727500,0.000000,0.000000,0.000000,0.000000,0.000000,0.000000,-0.500000,0.000000,0.000000,0.000000,0.000000,0.000000,20
16,11,-36.5,-0.259259,0.858711,0.000000,0.000000,0.000000,0.000000,0.000000,0.000000,-0.500000,0.000000,0.000000,0.000000,0.000000,0.000000,27
16,11,-36,-0.444444,0.691358,0.000000,0.000000,0.000000,0.000000,0.000000,0.000000,-0.500000,0.000000,0.000000,0.000000,0.000000,0.000000,54
16,11,-35.5,-0.294118,0.795848,0.000000,0.000000,0.000000,0.000000,0.000000,0.000000,-0.500000,0.000000,0.000000,0.000000,0.000000,0.000000,34
16,11,-35,-0.500000,0.671053,0.000000,0.000000,0.000000,0.000000,0.000000,0.000000,-0.500000,0.000000,0.000000,0.000000,0.000000,0.000000,38
16,11,-34.5,-0.545455,0.611570,0.000000,0.000000,0.000000,0.000000,0.000000,0.000000,-0.500000,0.000000,0.000000,0.000000,0.000000,0.000000,55
16,11,-34,-0.518072,0.659312,0.000000,0.000000,0.000000,0.000000,0.000000,0.000000,-0.500000,0.000000,0.000000,0.000000,0.000000,0.000000,83
16,11,-33.5,-0.224138,0.829073,0.000000,0.000000,0.000000,0.000000,0.000000,0.000000,-0.500000,0.000000,0.000000,0.000000,0.000000,0.000000,58
16,11,-33,-0.431373,0.696271,0.000000,0.000000,0.000000,0.000000,0.000000,0.000000,-0.500000,0.000000,0.000000,0.000000,0.000000,0.000000,102
16,11,-32.5,-0.418919,0.743426,0.000000,0.000000,0.000000,0.000000,0.000000,0.000000,-0.500000,0.000000,0.000000,0.000000,0.000000,0.000000,148
16,11,-32,-0.401786,0.740354,0.000000,0.000000,0.000000,0.000000,0.000000,0.000000,-0.500000,0.000000,0.000000,0.000000,0.000000,0.000000,112
16,11,-31.5,-0.336364,0.768678,0.000000,0.000000,0.000000,0.000000,0.000000,0.000000,-0.500000,0.000000,0.000000,0.000000,0.000000,0.000000,110
16,11,-31,-0.476636,0.679361,0.000000,0.000000,0.000000,0.000000,0.000000,0.000000,-0.500000,0.000000,0.000000,0.000000,0.000000,0.000000,214
16,11,-30.5,-0.450867,0.698453,0.000000,0.000000,0.000000,0.000000,0.000000,0.000000,-0.500000,0.000000,0.000000,0.000000,0.000000,0.000000,173
16,11,-30,-0.400000,0.736970,0.000000,0.000000,0.000000,0.000000,0.000000,0.000000,-0.500000,0.000000,0.000000,0.000000,0.000000,0.000000,165
16,11,-29.5,-0.393204,0.724031,0.000000,0.000000,0.000000,0.000000,0.000000,0.000000,-0.500000,0.000000,0.000000,0.000000,0.000000,0.000000,206
16,11,-29,-0.417160,0.722427,0.000000,0.000000,0.000000,0.000000,0.000000,0.000000,-0.500000,0.000000,0.000000,0.000000,0.000000,0.000000,338
16,11,-28.5,-0.442029,0.717654,0.000000,0.000000,0.000000,0.000000,0.000000,0.000000,-0.500000,0.000000,0.000000,0.000000,0.000000,0.000000,276
16,11,-28,-0.388535,0.778977,0.000000,0.000000,0.000000,0.000000,0.000000,0.000000,-0.500000,0.000000,0.000000,0.000000,0.000000,0.000000,314
16,11,-27.5,-0.412297,0.745021,0.000000,0.000000,0.000000,0.000000,0.000000,0.000000,-0.500000,0.000000,0.000000,0.000000,0.000000,0.000000,553
16,11,-27,-0.427215,0.719386,0.000000,0.000000,0.000000,0.000000,0.000000,0.000000,-0.500000,0.000000,0.000000,0.000000,0.000000,0.000000,316
16,11,-26.5,-0.473469,0.686031,0.000000,0.000000,0.000000,0.000000,0.000000,0.000000,-0.500000,0.000000,0.000000,0.000000,0.000000,0.000000,490
16,11,-26,-0.370115,0.780256,0.000000,0.000000,0.000000,0.000000,0.000000,0.000000,-0.500000,0.000000,0.000000,0.000000,0.000000,0.000000,870
16,11,-25.5,-0.402507,0.733531,0.000000,0.000000,0.000000,0.000000,0.000000,0.000000,-0.500000,0.000000,0.000000,0.000000,0.000000,0.000000,718
16,11,-25,-0.492832,0.672888,0.000000,0.000000,0.000000,0.000000,0.000000,0.000000,-0.500000,0.000000,0.000000,0.000000,0.000000,0.000000,558
16,11,-24.5,-0.400318,0.767466,0.000000,0.000000,0.000000,0.000000,0.000000,0.000000,-0.500000,0.000000,0.000000,0.000000,0.000000,0.000000,1259
16,11,-24,-0.431412,0.730385,0.000000,0.000000,0.000000,0.000000,0.000000,0.000000,-0.500000,0.000000,0.000000,0.000000,0.000000,0.000000,1006
16,11,-23.5,-0.450607,0.725897,0.000000,0.000000,0.000000,0.000000,0.000000,0.000000,-0.500000,0.000000,0.000000,0.000000,0.000000,0.000000,1154
16,11,-23,-0.404412,0.760471,0.000000,0.000000,0.000000,0.000000,0.000000,0.000000,-0.500000,0.000000,0.000000,0.000000,0.000000,0.000000,1632
16,11,-22.5,-0.435719,0.722588,0.000000,0.000000,0.000000,0.000000,0.000000,0.000000,-0.500000,0.000000,0.000000,0.000000,0.000000,0.000000,1439
16,11,-22,-0.425680,0.745425,0.000000,0.000000,0.000000,0.000000,0.000000,0.000000,-0.500000,0.000000,0.000000,0.000000,0.000000,0.000000,1581
16,11,-21.5,-0.418507,0.749142,0.000000,0.000000,0.000000,0.000000,0.000000,0.000000,-0.500000,0.000000,0.000000,0.000000,0.000000,0.000000,1902
16,11,-21,-0.468304,0.700659,0.000000,0.000000,0.000000,0.000000,0.000000,0.000000,-0.500000,0.000000,0.000000,0.000000,0.000000,0.000000,2524
16,11,-20.5,-0.456653,0.707798,0.000000,0.000000,0.000000,0.000000,0.000000,0.000000,-0.500000,0.000000,0.000000,0.000000,0.000000,0.000000,1984
16,11,-20,-0.465193,0.697407,0.000000,0.000000,0.000000,0.000000,0.000000,0.000000,-0.500000,0.000000,0.000000,0.000000,0.000000,0.000000,2715
16,11,-19.5,-0.433761,0.740728,0.000000,0.000000,0.000000,0.000000,0.000000,0.000000,-0.500000,0.000000,0.000000,0.000000,0.000000,0.000000,3276
16,11,-19,-0.447925,0.720334,0.000000,0.000000,0.000000,0.000000,0.000000,0.000000,-0.500000,0.000000,0.000000,0.000000,0.000000,0.000000,3543
16,11,-18.5,-0.417384,0.746904,0.000000,0.000000,0.000000,0.000000,0.000000,0.000000,-0.500000,0.000000,0.000000,0.000000,0.000000,0.000000,3486
16,11,-18,-0.438760,0.729374,0.000000,0.000000,0.000000,0.000000,0.000000,0.000000,-0.500000,0.000000,0.000000,0.000000,0.000000,0.000000,4711
16,11,-17.5,-0.456300,0.716366,0.000000,0.000000,0.000000,0.000000,0.000000,0.000000,-0.500000,0.000000,0.000000,0.000000,0.000000,0.000000,5595
16,11,-17,-0.470228,0.704394,0.000000,0.000000,0.000000,0.000000,0.000000,0.000000,-0.500000,0.000000,0.000000,0.000000,0.000000,0.000000,4081
16,11,-16.5,-0.461305,0.706457,0.000000,0.000000,0.000000,0.000000,0.000000,0.000000,-0.500000,0.000000,0.000000,0.000000,0.000000,0.000000,6267
16,11,-16,-0.489293,0.693104,0.000000,0.000000,0.000000,0.000000,0.000000,0.000000,-0.500000,0.000000,0.000000,0.000000,0.000000,0.000000,6164
16,11,-15.5,-0.462644,0.707770,0.000000,0.000000,0.000000,0.000000,0.000000,0.000000,-0.500000,0.000000,0.000000,0.000000,0.000000,0.000000,6612
16,11,-15,-0.472629,0.704048,0.000000,0.000000,0.000000,0.000000,0.000000,0.000000,-0.500000,0.000000,0.000000,0.000000,0.000000,0.000000,7234
16,11,-14.5,-0.476912,0.696604,0.000000,0.000000,0.000000,0.000000,0.000000,0.000000,-0.500000,0.000000,0.000000,0.000000,0.000000,0.000000,9572
16,11,-14,-0.467471,0.701028,0.000000,0.000000,0.000000,0.000000,0.000000,0.000000,-0.500000,0.000000,0.000000,0.000000,0.000000,0.000000,9945
16,11,-13.5,-0.467464,0.708214,0.000000,0.000000,0.000000,0.000000,0.000000,0.000000,-0.500000,0.000000,0.000000,0.000000,0.000000,0.000000,10865
16,11,-13,-0.462329,0.713549,0.000000,0.000000,0.000000,0.000000,0.000000,0.000000,-0.500000,0.000000,0.000000,0.000000,0.000000,0.000000,10990
16,11,-12.5,-0.475237,0.701592,0.000000,0.000000,0.000000,0.000000,0.000000,0.000000,-0.500000,0.000000,0.000000,0.000000,0.000000,0.000000,13286
16,11,-12,-0.480149,0.696945,0.000000,0.000000,0.000000,0.000000,0.000000,0.000000,-0.500000,0.000000,0.000000,0.000000,0.000000,0.000000,14508
16,11,-11.5,-0.476945,0.699414,0.000000,0.000000,0.000000,0.000000,0.000000,0.000000,-0.500000,0.000000,0.000000,0.000000,0.000000,0.000000,15593
16,11,-11,-0.480673,0.694732,0.000000,0.000000,0.000000,0.000000,0.000000,0.000000,-0.500000,0.000000,0.000000,0.000000,0.000000,0.000000,17825
16,11,-10.5,-0.487892,0.689635,0.000000,0.000000,0.000000,0.000000,0.000000,0.000000,-0.500000,0.000000,0.000000,0.000000,0.000000,0.000000,18541
16,11,-10,-0.500951,0.678594,0.000000,0.000000,0.000000,0.000000,0.000000,0.000000,-0.500000,0.000000,0.000000,0.000000,0.000000,0.000000,24186
16,11,-9.5,-0.491254,0.691211,0.000000,0.000000,0.000000,0.000000,0.000000,0.000000,-0.500000,0.000000,0.000000,0.000000,0.000000,0.000000,20694
16,11,-9,-0.492164,0.687492,0.000000,0.000000,0.000000,0.000000,0.000000,0.000000,-0.500000,0.000000,0.000000,0.000000,0.000000,0.000000,26863
16,11,-8.5,-0.505012,0.675476,0.000000,0.000000,0.000000,0.000000,0.000000,0.000000,-0.500000,0.000000,0.000000,0.000000,0.000000,0.000000,27732
16,11,-8,-0.498140,0.686334,0.000000,0.000000,0.000000,0.000000,0.000000,0.000000,-0.500000,0.000000,0.000000,0.000000,0.000000,0.000000,31989
16,11,-7.5,-0.498190,0.684569,0.000000,0.000000,0.000000,0.000000,0.000000,0.000000,-0.500000,0.000000,0.000000,0.000000,0.000000,0.000000,34802
16,11,-7,-0.497743,0.684857,0.000000,0.000000,0.000000,0.000000,0.000000,0.000000,-0.500000,0.000000,0.000000,0.000000,0.000000,0.000000,36991
16,11,-6.5,-0.507371,0.677864,0.000000,0.000000,0.000000,0.000000,0.000000,0.000000,-0.500000,0.000000,0.000000,0.000000,0.000000,0.000000,42667
16,11,-6,-0.502140,0.680009,0.000000,0.000000,0.000000,0.000000,0.000000,0.000000,-0.500000,0.000000,0.000000,0.000000,0.000000,0.000000,49538
16,11,-5.5,-0.513399,0.671521,0.000000,0.000000,0.000000,0.000000,0.000000,0.000000,-0.500000,0.000000,0.000000,0.000000,0.000000,0.000000,48736
16,11,-5,-0.507395,0.675555,0.000000,0.000000,0.000000,0.000000,0.000000,0.000000,-0.500000,0.000000,0.000000,0.000000,0.000000,0.000000,51183
16,11,-4.5,-0.508592,0.674717,0.000000,0.000000,0.000000,0.000000,0.000000,0.000000,-0.500000,0.000000,0.000000,0.000000,0.000000,0.000000,66574
16,11,-4,-0.512180,0.671244,0.000000,0.000000,0.000000,0.000000,0.000000,0.000000,-0.500000,0.000000,0.000000,0.000000,0.000000,0.000000,69128
16,11,-3.5,-0.523226,0.662153,0.000000,0.000000,0.000000,0.000000,0.000000,0.000000,-0.500000,0.000000,0.000000,0.000000,0.000000,0.000000,72829
16,11,-3,-0.521169,0.664120,0.000000,0.000000,0.000000,0.000000,0.000000,0.000000,-0.500000,0.000000,0.000000,0.000000,0.000000,0.000000,86707
16,11,-2.5,-0.521654,0.663962,0.000000,0.000000,0.000000,0.000000,0.000000,0.000000,-0.500000,0.000000,0.000000,0.000000,0.000000,0.000000,90167
16,11,-2,-0.520740,0.665909,0.000000,0.000000,0.000000,0.000000,0.000000,0.000000,-0.500000,0.000000,0.000000,0.000000,0.000000,0.000000,93275
16,11,-1.5,-0.528431,0.657515,0.000000,0.000000,0.000000,0.000000,0.000000,0.000000,-0.500000,0.000000,0.000000,0.000000,0.000000,0.000000,108086
16,11,-1,-0.528327,0.658542,0.000000,0.000000,0.000000,0.000000,0.000000,0.000000,-0.500000,0.000000,0.000000,0.000000,0.000000,0.000000,112580
16,11,-0.5,-0.532660,0.652940,0.000000,0.000000,0.000000,0.000000,0.000000,0.000000,-0.500000,0.000000,0.000000,0.000000,0.000000,0.000000,87662
16,11,0,-0.531718,0.655399,0.000000,0.000000,0.000000,0.000000,0.000000,0.000000,-0.500000,0.000000,0.000000,0.000000,0.000000,0.000000,376944
16,11,0.5,-0.540297,0.646811,0.000000,0.000000,0.000000,0.000000,0.000000,0.000000,-0.500000,0.000000,0.000000,0.000000,0.000000,0.000000,85851
16,11,1,-0.539873,0.646910,0.000000,0.000000,0.000000,0.000000,0.000000,0.000000,-0.500000,0.000000,0.000000,0.000000,0.000000,0.000000,102098
16,11,1.5,-0.544381,0.644609,0.000000,0.000000,0.000000,0.000000,0.000000,0.000000,-0.500000,0.000000,0.000000,0.000000,0.000000,0.000000,97035
16,11,2,-0.544026,0.644899,0.000000,0.000000,0.000000,0.000000,0.000000,0.000000,-0.500000,0.000000,0.000000,0.000000,0.000000,0.000000,81691
16,11,2.5,-0.548082,0.640410,0.000000,0.000000,0.000000,0.000000,0.000000,0.000000,-0.500000,0.000000,0.000000,0.000000,0.000000,0.000000,81340
16,11,3,-0.547187,0.642775,0.000000,0.000000,0.000000,0.000000,0.000000,0.000000,-0.500000,0.000000,0.000000,0.000000,0.000000,0.000000,76906
16,11,3.5,-0.551984,0.634454,0.000000,0.000000,0.000000,0.000000,0.000000,0.000000,-0.500000,0.000000,0.000000,0.000000,0.000000,0.000000,61634
16,11,4,-0.551420,0.637426,0.000000,0.000000,0.000000,0.000000,0.000000,0.000000,-0.500000,0.000000,0.000000,0.000000,0.000000,0.000000,61630
16,11,4.5,-0.556694,0.632584,0.000000,0.000000,0.000000,0.000000,0.000000,0.000000,-0.500000,0.000000,0.000000,0.000000,0.000000,0.000000,55262
16,11,5,-0.553705,0.636809,0.000000,0.000000,0.000000,0.000000,0.000000,0.000000,-0.500000,0.000000,0.000000,0.000000,0.000000,0.000000,46960
16,11,5.5,-0.565645,0.623429,0.000000,0.000000,0.000000,0.000000,0.000000,0.000000,-0.500000,0.000000,0.000000,0.000000,0.000000,0.000000,40536
16,11,6,-0.566526,0.622645,0.000000,0.000000,0.000000,0.000000,0.000000,0.000000,-0.500000,0.000000,0.000000,0.000000,0.000000,0.000000,41292
16,11,6.5,-0.571040,0.617772,0.000000,0.000000,0.000000,0.000000,0.000000,0.000000,-0.500000,0.000000,0.000000,0.000000,0.000000,0.000000,35642
16,11,7,-0.568753,0.617345,0.000000,0.000000,0.000000,0.000000,0.000000,0.000000,-0.500000,0.000000,0.000000,0.000000,0.000000,0.000000,30435
16,11,7.5,-0.573704,0.616329,0.000000,0.000000,0.000000,0.000000,0.000000,0.000000,-0.500000,0.000000,0.000000,0.000000,0.000000,0.000000,29449
16,11,8,-0.571954,0.617390,0.000000,0.000000,0.000000,0.000000,0.000000,0.000000,-0.500000,0.000000,0.000000,0.000000,0.000000,0.000000,26100
16,11,8.5,-0.569886,0.621277,0.000000,0.000000,0.000000,0.000000,0.000000,0.000000,-0.500000,0.000000,0.000000,0.000000,0.000000,0.000000,22501
16,11,9,-0.582203,0.607166,0.000000,0.000000,0.000000,0.000000,0.000000,0.000000,-0.500000,0.000000,0.000000,0.000000,0.000000,0.000000,21532
16,11,9.5,-0.582702,0.610435,0.000000,0.000000,0.000000,0.000000,0.000000,0.000000,-0.500000,0.000000,0.000000,0.000000,0.000000,0.000000,16892
16,11,10,-0.597474,0.593130,0.000000,0.000000,0.000000,0.000000,0.000000,0.000000,-0.500000,0.000000,0.000000,0.000000,0.000000,0.000000,19000
16,11,10.5,-0.584310,0.605208,0.000000,0.000000,0.000000,0.000000,0.000000,0.000000,-0.500000,0.000000,0.000000,0.000000,0.000000,0.000000,14595
16,11,11,-0.596363,0.591947,0.000000,0.000000,0.000000,0.000000,0.000000,0.000000,-0.500000,0.000000,0.000000,0.000000,0.000000,0.000000,13911
16,11,11.5,-0.578479,0.612631,0.000000,0.000000,0.000000,0.000000,0.000000,0.000000,-0.500000,0.000000,0.000000,0.000000,0.000000,0.000000,12137
16,11,12,-0.598416,0.591498,0.000000,0.000000,0.000000,0.000000,0.000000,0.000000,-0.500000,0.000000,0.000000,0.000000,0.000000,0.000000,11111
16,11,12.5,-0.607186,0.581863,0.000000,0.000000,0.000000,0.000000,0.000000,0.000000,-0.500000,0.000000,0.000000,0.000000,0.000000,0.000000,10048
16,11,13,-0.607173,0.583232,0.000000,0.000000,0.000000,0.000000,0.000000,0.000000,-0.500000,0.000000,0.000000,0.000000,0.000000,0.000000,8169
16,11,13.5,-0.604768,0.584569,0.000000,0.000000,0.000000,0.000000,0.000000,0.000000,-0.500000,0.000000,0.000000,0.000000,0.000000,0.000000,7970
16,11,14,-0.624462,0.560584,0.000000,0.000000,0.000000,0.000000,0.000000,0.000000,-0.500000,0.000000,0.000000,0.000000,0.000000,0.000000,7440
16,11,14.5,-0.594445,0.595622,0.000000,0.000000,0.000000,0.000000,0.000000,0.000000,-0.500000,0.000000,0.000000,0.000000,0.000000,0.000000,7057
16,11,15,-0.613793,0.572026,0.000000,0.000000,0.000000,0.000000,0.000000,0.000000,-0.500000,0.000000,0.000000,0.000000,0.000000,0.000000,5075
16,11,15.5,-0.607439,0.584121,0.000000,0.000000,0.000000,0.000000,0.000000,0.000000,-0.500000,0.000000,0.000000,0.000000,0.000000,0.000000,4947
16,11,16,-0.615596,0.569665,0.000000,0.000000,0.000000,0.000000,0.000000,0.000000,-0.500000,0.000000,0.000000,0.000000,0.000000,0.000000,4360
16,11,16.5,-0.628522,0.555823,0.000000,0.000000,0.000000,0.000000,0.000000,0.000000,-0.500000,0.000000,0.000000,0.000000,0.000000,0.000000,4579
16,11,17,-0.629529,0.552220,0.000000,0.000000,0.000000,0.000000,0.000000,0.000000,-0.500000,0.000000,0.000000,0.000000,0.000000,0.000000,2953
16,11,17.5,-0.650760,0.528524,0.000000,0.000000,0.000000,0.000000,0.000000,0.000000,-0.500000,0.000000,0.000000,0.000000,0.000000,0.000000,3751
16,11,18,-0.654021,0.532802,0.000000,0.000000,0.000000,0.000000,0.000000,0.000000,-0.500000,0.000000,0.000000,0.000000,0.000000,0.000000,3295
16,11,18.5,-0.645714,0.536522,0.000000,0.000000,0.000000,0.000000,0.000000,0.000000,-0.500000,0.000000,0.000000,0.000000,0.000000,0.000000,2450
16,11,19,-0.625626,0.566438,0.000000,0.000000,0.000000,0.000000,0.000000,0.000000,-0.500000,0.000000,0.000000,0.000000,0.000000,0.000000,2396
16,11,19.5,-0.631675,0.562192,0.000000,0.000000,0.000000,0.000000,0.000000,0.000000,-0.500000,0.000000,0.000000,0.000000,0.000000,0.000000,2191
16,11,20,-0.629540,0.549200,0.000000,0.000000,0.000000,0.000000,0.000000,0.000000,-0.500000,0.000000,0.000000,0.000000,0.000000,0.000000,1652
16,11,20.5,-0.653904,0.526614,0.000000,0.000000,0.000000,0.000000,0.000000,0.000000,-0.500000,0.000000,0.000000,0.000000,0.000000,0.000000,1332
16,11,21,-0.661765,0.522475,0.000000,0.000000,0.000000,0.000000,0.000000,0.000000,-0.500000,0.000000,0.000000,0.000000,0.000000,0.000000,1768
16,11,21.5,-0.640414,0.553275,0.000000,0.000000,0.000000,0.000000,0.000000,0.000000,-0.500000,0.000000,0.000000,0.000000,0.000000,0.000000,1257
16,11,22,-0.664615,0.503927,0.000000,0.000000,0.000000,0.000000,0.000000,0.000000,-0.500000,0.000000,0.000000,0.000000,0.000000,0.000000,975
16,11,22.5,-0.670901,0.521024,0.000000,0.000000,0.000000,0.000000,0.000000,0.000000,-0.500000,0.000000,0.000000,0.000000,0.000000,0.000000,866
16,11,23,-0.632454,0.560902,0.000000,0.000000,0.000000,0.000000,0.000000,0.000000,-0.500000,0.000000,0.000000,0.000000,0.000000,0.000000,1023
16,11,23.5,-0.677285,0.495578,0.000000,0.000000,0.000000,0.000000,0.000000,0.000000,-0.500000,0.000000,0.000000,0.000000,0.000000,0.000000,722
16,11,24,-0.667707,0.515166,0.000000,0.000000,0.000000,0.000000,0.000000,0.000000,-0.500000,0.000000,0.000000,0.000000,0.000000,0.000000,641
16,11,24.5,-0.669689,0.513952,0.000000,0.000000,0.000000,0.000000,0.000000,0.000000,-0.500000,0.000000,0.000000,0.000000,0.000000,0.000000,772
16,11,25,-0.636364,0.562574,0.000000,0.000000,0.000000,0.000000,0.000000,0.000000,-0.500000,0.000000,0.000000,0.000000,0.000000,0.000000,308
16,11,25.5,-0.688679,0.483268,0.000000,0.000000,0.000000,0.000000,0.000000,0.000000,-0.500000,0.000000,0.000000,0.000000,0.000000,0.000000,424
16,11,26,-0.679595,0.497678,0.000000,0.000000,0.000000,0.000000,0.000000,0.000000,-0.500000,0.000000,0.000000,0.000000,0.000000,0.000000,593
16,11,26.5,-0.646875,0.534678,0.000000,0.000000,0.000000,0.000000,0.000000,0.000000,-0.500000,0.000000,0.000000,0.000000,0.000000,0.000000,320
16,11,27,-0.580645,0.609088,0.000000,0.000000,0.000000,0.000000,0.000000,0.000000,-0.500000,0.000000,0.000000,0.000000,0.000000,0.000000,186
16,11,27.5,-0.671598,0.510495,0.000000,0.000000,0.000000,0.000000,0.000000,0.000000,-0.500000,0.000000,0.000000,0.000000,0.000000,0.000000,338
16,11,28,-0.662921,0.515591,0.000000,0.000000,0.000000,0.000000,0.000000,0.000000,-0.500000,0.000000,0.000000,0.000000,0.000000,0.000000,178
16,11,28.5,-0.650000,0.540000,0.000000,0.000000,0.000000,0.000000,0.000000,0.000000,-0.500000,0.000000,0.000000,0.000000,0.000000,0.000000,160
16,11,29,-0.703540,0.491757,0.000000,0.000000,0.000000,0.000000,0.000000,0.000000,-0.500000,0.000000,0.000000,0.000000,0.000000,0.000000,226
16,11,29.5,-0.791045,0.329472,0.000000,0.000000,0.000000,0.000000,0.000000,0.000000,-0.500000,0.000000,0.000000,0.000000,0.000000,0.000000,134
16,11,30,-0.786408,0.362145,0.000000,0.000000,0.000000,0.000000,0.000000,0.000000,-0.500000,0.000000,0.000000,0.000000,0.000000,0.000000,103
16,11,30.5,-0.715789,0.435014,0.000000,0.000000,0.000000,0.000000,0.000000,0.000000,-0.500000,0.000000,0.000000,0.000000,0.000000,0.000000,95
16,11,31,-0.655738,0.488041,0.000000,0.000000,0.000000,0.000000,0.000000,0.000000,-0.500000,0.000000,0.000000,0.000000,0.000000,0.000000,122
16,11,31.5,-0.659091,0.497417,0.000000,0.000000,0.000000,0.000000,0.000000,0.000000,-0.500000,0.000000,0.000000,0.000000,0.000000,0.000000,88
16,11,32,-0.679487,0.474195,0.000000,0.000000,0.000000,0.000000,0.000000,0.000000,-0.500000,0.000000,0.000000,0.000000,0.000000,0.000000,78
16,11,32.5,-0.716216,0.446494,0.000000,0.000000,0.000000,0.000000,0.000000,0.000000,-0.500000,0.000000,0.000000,0.000000,0.000000,0.000000,74
16,11,33,-0.604651,0.611141,0.000000,0.000000,0.000000,0.000000,0.000000,0.000000,-0.500000,0.000000,0.000000,0.000000,0.000000,0.000000,43
16,11,33.5,-0.578947,0.664820,0.000000,0.000000,0.000000,0.000000,0.000000,0.000000,-0.500000,0.000000,0.000000,0.000000,0.000000,0.000000,38
16,11,34,-0.857143,0.244898,0.000000,0.000000,0.000000,0.000000,0.000000,0.000000,-0.500000,0.000000,0.000000,0.000000,0.000000,0.000000,49
16,11,34.5,-0.777778,0.395062,0.000000,0.000000,0.000000,0.000000,0.000000,0.000000,-0.500000,0.000000,0.000000,0.000000,0.000000,0.000000,27
16,11,35,-0.888889,0.209877,0.000000,0.000000,0.000000,0.000000,0.000000,0.000000,-0.500000,0.000000,0.000000,0.000000,0.000000,0.000000,18
16,11,35.5,-0.600000,0.640000,0.000000,0.000000,0.000000,0.000000,0.000000,0.000000,-0.500000,0.000000,0.000000,0.000000,0.000000,0.000000,15
16,11,36,-0.625000,0.567708,0.000000,0.000000,0.000000,0.000000,0.000000,0.000000,-0.500000,0.000000,0.000000,0.000000,0.000000,0.000000,24
16,11,36.5,-0.636364,0.413223,0.000000,0.000000,0.000000,0.000000,0.000000,0.000000,-0.500000,0.000000,0.000000,0.000000,0.000000,0.000000,11
16,11,37,-0.800000,0.360000,0.000000,0.000000,0.000000,0.000000,0.000000,0.000000,-0.500000,0.000000,0.000000,0.000000,0.000000,0.000000,10
16,11,37.5,-0.800000,0.360000,0.000000,0.000000,0.000000,0.000000,0.000000,0.000000,-0.500000,0.000000,0.000000,0.000000,0.000000,0.000000,10
16,11,38,-0.466667,0.648889,0.000000,0.000000,0.000000,0.000000,0.000000,0.000000,-0.500000,0.000000,0.000000,0.000000,0.000000,0.000000,15
16,11,38.5,-0.857143,0.122449,0.000000,0.000000,0.000000,0.000000,0.000000,0.000000,-0.500000,0.000000,0.000000,0.000000,0.000000,0.000000,7
16,11,39,-0.166667,0.972222,0.000000,0.000000,0.000000,0.000000,0.000000,0.000000,-0.500000,0.000000,0.000000,0.000000,0.000000,0.000000,12
16,11,39.5,-1.000000,0.000000,0.000000,0.000000,0.000000,0.000000,0.000000,0.000000,-0.500000,0.000000,0.000000,0.000000,0.000000,0.000000,2
16,11,40,-0.500000,0.750000,0.000000,0.000000,0.000000,0.000000,0.000000,0.000000,-0.500000,0.000000,0.000000,0.000000,0.000000,0.000000,4
16,11,40.5,-1.000000,0.000000,0.000000,0.000000,0.000000,0.000000,0.000000,0.000000,-0.500000,0.000000,0.000000,0.000000,0.000000,0.000000,2
16,11,41,-1.000000,0.000000,0.000000,0.000000,0.000000,0.000000,0.000000,0.000000,-0.500000,0.000000,0.000000,0.000000,0.000000,0.000000,2
16,11,41.5,-1.000000,0.000000,0.000000,0.000000,0.000000,0.000000,0.000000,0.000000,-0.500000,0.000000,0.000000,0.000000,0.000000,0.000000,2
16,11,42.5,-0.750000,0.187500,0.000000,0.000000,0.000000,0.000000,0.000000,0.000000,-0.500000,0.000000,0.000000,0.000000,0.000000,0.000000,4
16,11,43,-1.000000,0.000000,0.000000,0.000000,0.000000,0.000000,0.000000,0.000000,-0.500000,0.000000,0.000000,0.000000,0.000000,0.000000,1
16,11,44,1.000000,0.000000,0.000000,0.000000,0.000000,0.000000,0.000000,0.000000,-0.500000,0.000000,0.000000,0.000000,0.000000,0.000000,1
16,11,46,-1.000000,0.000000,0.000000,0.000000,0.000000,0.000000,0.000000,0.000000,-0.500000,0.000000,0.000000,0.000000,0.000000,0.000000,1
16,11,47.5,-1.000000,0.000000,0.000000,0.000000,0.000000,0.000000,0.000000,0.000000,-0.500000,0.000000,0.000000,0.000000,0.000000,0.000000,1
16,11,53.5,-1.000000,0.000000,0.000000,0.000000,0.000000,0.000000,0.000000,0.000000,-0.500000,0.000000,0.000000,0.000000,0.000000,0.000000,1
