UserValue,DealerValue,TrueCount,Hit EV,Hit Variance,Stand EV,Stand Variance,Double EV,Double Variance,Split EV,Split Variance,Surrender EV,Surrender Variance,Insurance Accept EV,Insurance Accept Variance,Insurance Decline EV,Insurance Decline Variance,Hands Played
20,5,0,0.000000,0.000000,0.670718,0.437735,0.000000,0.000000,0.508373,2.688581,0.000000,0.000000,0.000000,0.000000,0.000000,0.000000,48554816
20,6,0,0.000000,0.000000,0.702798,0.404006,0.000000,0.000000,0.564760,2.618830,0.000000,0.000000,0.000000,0.000000,0.000000,0.000000,48532870
