UserValue,DealerValue,TrueCount,Hit EV,Hit Variance,Stand EV,Stand Variance,Double EV,Double Variance,Split EV,Split Variance,Surrender EV,Surrender Variance,Insurance Accept EV,Insurance Accept Variance,Insurance Decline EV,Insurance Decline Variance,Hands Played
14,10,0,-0.464074,0.715704,0.000000,0.000000,0.000000,0.000000,0.000000,0.000000,-0.500000,0.000000,0.000000,0.000000,0.000000,0.000000,610048528
15,9,0,-0.470929,0.713929,0.000000,0.000000,0.000000,0.000000,0.000000,0.000000,-0.500000,0.000000,0.000000,0.000000,0.000000,0.000000,155247731
15,10,0,-0.502889,0.683425,0.000000,0.000000,0.000000,0.000000,0.000000,0.000000,-0.500000,0.000000,0.000000,0.000000,0.000000,0.000000,565034350
15,11,0,-0.481068,0.699601,0.000000,0.000000,0.000000,0.000000,0.000000,0.000000,-0.500000,0.000000,0.000000,0.000000,0.000000,0.000000,106782371
16,9,0,-0.504190,0.685877,0.000000,0.000000,0.000000,0.000000,0.000000,0.000000,-0.500000,0.000000,0.000000,0.000000,0.000000,0.000000,141789081
16,10,0,-0.534250,0.654735,0.000000,0.000000,0.000000,0.000000,0.000000,0.000000,-0.500000,0.000000,0.000000,0.000000,0.000000,0.000000,515497552
16,11,0,-0.514582,0.671314,0.000000,0.000000,0.000000,0.000000,0.000000,0.000000,-0.500000,0.000000,0.000000,0.000000,0.000000,0.000000,97519067
