TrueCount,HandsPlayed,TotalPayout,EV,StdError
0.0,1338764659,-8261340.000000,-0.006171,0.000031
