TrueCount,HandsPlayed,TotalPayout,EV,StdError
0.0,1478843282,-9187080.500000,-0.006212,0.000029
