TrueCount,HandsPlayed,TotalPayout,EV,StdError
0.0,609521760,-2671755.000000,-0.004383,0.000046
