TrueCount,HandsPlayed,TotalPayout,EV,StdError
0.0,1189378727,-7359150.500000,-0.006187,0.000033
