TrueCount,HandsPlayed,TotalPayout,EV,StdError
0.0,1049315922,-6490118.000000,-0.006185,0.000035
