TrueCount,HandsPlayed,TotalPayout,EV,StdError
0.0,899901717,-5580292.000000,-0.006201,0.000037
