TrueCount,HandsPlayed,TotalPayout,EV,StdError
0.0,1385720672,-8933363.500000,-0.006447,0.000030
