TrueCount,HandsPlayed,TotalPayout,EV,StdError
0.0,1581855672,-10170993.500000,-0.006430,0.000028
