TrueCount,HandsPlayed,TotalPayout,EV,StdError
0.0,2067128541,-12803287.500000,-0.006194,0.000025
