TrueCount,HandsPlayed,TotalPayout,EV,StdError
0.0,1917710680,-11860076.000000,-0.006184,0.000026
