TrueCount,HandsPlayed,TotalPayout,EV,StdError
0.0,749402668,-3344787.500000,-0.004463,0.000041
