TrueCount,HandsPlayed,TotalPayout,EV,StdError
0.0,805355573,-3641541.500000,-0.004522,0.000040
