TrueCount,HandsPlayed,TotalPayout,EV,StdError
0.0,413588901,-1823824.000000,-0.004410,0.000055
