TrueCount,HandsPlayed,TotalPayout,EV,StdError
0.0,320080687,-1440101.500000,-0.004499,0.000063
