TrueCount,HandsPlayed,TotalPayout,EV,StdError
0.0,460290597,-2037466.500000,-0.004426,0.000052
