TrueCount,HandsPlayed,TotalPayout,EV,StdError
0.0,1189581113,-7635363.000000,-0.006419,0.000033
