TrueCount,HandsPlayed,TotalPayout,EV,StdError
0.0,656152130,-2908546.000000,-0.004433,0.000044
