TrueCount,HandsPlayed,TotalPayout,EV,StdError
0.0,1964753988,-12565006.500000,-0.006395,0.000025
