TrueCount,HandsPlayed,TotalPayout,EV,StdError
0.0,1777641181,-11033707.500000,-0.006207,0.000027
