TrueCount,HandsPlayed,TotalPayout,EV,StdError
0.0,1193891830,-5024281.500000,-0.004208,0.000033
