TrueCount,HandsPlayed,TotalPayout,EV,StdError
0.0,903295501,-3817066.000000,-0.004226,0.000037
