TrueCount,HandsPlayed,TotalPayout,EV,StdError
0.0,705403034,-1794262.000000,-0.002544,0.000042
