TrueCount,HandsPlayed,TotalPayout,EV,StdError
0.0,321241755,-793146.500000,-0.002469,0.000063
