TrueCount,HandsPlayed,TotalPayout,EV,StdError
0.0,1194118103,-5262797.000000,-0.004407,0.000033
