TrueCount,HandsPlayed,TotalPayout,EV,StdError
0.0,2075069832,-8642378.000000,-0.004165,0.000025
