TrueCount,HandsPlayed,TotalPayout,EV,StdError
0.0,752209158,-1894157.000000,-0.002518,0.000041
