TrueCount,HandsPlayed,TotalPayout,EV,StdError
0.0,1053285693,-4451940.500000,-0.004227,0.000035
