TrueCount,HandsPlayed,TotalPayout,EV,StdError
0.0,611779780,-1542666.000000,-0.002522,0.000045
