TrueCount,HandsPlayed,TotalPayout,EV,StdError
0.0,508811350,-1304063.500000,-0.002563,0.000050
