TrueCount,HandsPlayed,TotalPayout,EV,StdError
0.0,808370113,-2137198.500000,-0.002644,0.000040
