TrueCount,HandsPlayed,TotalPayout,EV,StdError
0.0,1484496950,-6267356.500000,-0.004222,0.000029
