TrueCount,HandsPlayed,TotalPayout,EV,StdError
0.0,1391018740,-6190816.500000,-0.004451,0.000030
