TrueCount,HandsPlayed,TotalPayout,EV,StdError
0.0,564944711,-1410719.500000,-0.002497,0.000047
