TrueCount,HandsPlayed,TotalPayout,EV,StdError
0.0,1784807560,-7902184.500000,-0.004427,0.000027
