TrueCount,HandsPlayed,TotalPayout,EV,StdError
0.0,1925080533,-8132641.500000,-0.004225,0.000026
