TrueCount,HandsPlayed,TotalPayout,EV,StdError
0.0,801389808,-5129870.000000,-0.006401,0.000040
