TrueCount,HandsPlayed,TotalPayout,EV,StdError
0.0,1069051307,-4724602.000000,-0.004419,0.000034
