TrueCount,HandsPlayed,TotalPayout,EV,StdError
0.0,406004070,-1807222.500000,-0.004451,0.000056
