TrueCount,HandsPlayed,TotalPayout,EV,StdError
0.0,801243091,-4963305.500000,-0.006195,0.000040
