TrueCount,HandsPlayed,TotalPayout,EV,StdError
0.0,305964117,-1897922.000000,-0.006203,0.000064
