UserValue,DealerValue,TrueCount,Hit EV,Stand EV,Double EV,Split EV,Surrender EV,Insurance Accept EV,Insurance Decline EV,Hands Played
9,2,0,0.087889,0.000000,0.093488,0.000000,0.000000,0.000000,0.000000,1290344
9,7,0,0.173804,0.000000,0.150504,0.000000,0.000000,0.000000,0.000000,1253788
10,10,0,0.027312,0.000000,-0.005022,0.000000,0.000000,0.000000,0.000000,5562938
10,11,0,0.086441,0.000000,-0.013306,0.000000,0.000000,0.000000,0.000000,928596
11,11,0,0.149224,0.000000,0.114997,0.000000,0.000000,0.000000,0.000000,1066588
