UserValue,DealerValue,TrueCount,Hit EV,Stand EV,Double EV,Split EV,Surrender EV,Insurance Accept EV,Insurance Decline EV,Hands Played
20,5,0,0.000000,0.674256,0.000000,1.315532,0.000000,0.000000,0.000000,746335
20,6,0,0.000000,0.677458,0.000000,1.475359,0.000000,0.000000,0.000000,744827
