TrueCount,HandsPlayed,TotalPayout,EV,StdError
0.0,1385873530,-3505728.500000,-0.002530,0.000030
