TrueCount,HandsPlayed,TotalPayout,EV,StdError
0.0,1245220789,-3055409.500000,-0.002454,0.000032
