TrueCount,HandsPlayed,TotalPayout,EV,StdError
0.0,2116221625,-5293254.500000,-0.002501,0.000024
