TrueCount,HandsPlayed,TotalPayout,EV,StdError
0.0,1975783317,-4867931.500000,-0.002464,0.000025
