TrueCount,HandsPlayed,TotalPayout,EV,StdError
0.0,963743443,-2417529.500000,-0.002508,0.000036
