UserValue,DealerValue,TrueCount,Hit EV,Stand EV,Double EV,Split EV,Surrender EV,Insurance Accept EV,Insurance Decline EV,Hands Played
20,5,0,0.000000,0.675068,0.000000,1.310427,0.000000,0.000000,0.000000,743107
20,6,0,0.000000,0.676666,0.000000,1.471784,0.000000,0.000000,0.000000,742988
