TrueCount,HandsPlayed,TotalPayout,EV,StdError
0.0,1526395660,-3807299.000000,-0.002494,0.000029
