TrueCount,HandsPlayed,TotalPayout,EV,StdError
0.0,1835326060,-4492966.000000,-0.002448,0.000026
