TrueCount,HandsPlayed,TotalPayout,EV,StdError
0.0,804327413,-3389965.500000,-0.004215,0.000040
