TrueCount,HandsPlayed,TotalPayout,EV,StdError
0.0,670590631,-2977021.500000,-0.004439,0.000043
