TrueCount,HandsPlayed,TotalPayout,EV,StdError
0.0,652023443,-3992297.000000,-0.006123,0.000044
