TrueCount,HandsPlayed,TotalPayout,EV,StdError
0.0,555727136,-2348198.000000,-0.004225,0.000048
