TrueCount,HandsPlayed,TotalPayout,EV,StdError
0.0,539890718,-2424195.000000,-0.004490,0.000048
