TrueCount,HandsPlayed,TotalPayout,EV,StdError
0.0,606712041,-2568773.500000,-0.004234,0.000046
