TrueCount,HandsPlayed,TotalPayout,EV,StdError
0.0,307119230,-1301344.000000,-0.004237,0.000064
