TrueCount,HandsPlayed,TotalPayout,EV,StdError
0.0,705529938,-2984520.500000,-0.004230,0.000042
