TrueCount,HandsPlayed,TotalPayout,EV,StdError
0.0,737527381,-3216421.500000,-0.004361,0.000041
