TrueCount,HandsPlayed,TotalPayout,EV,StdError
0.0,668028817,-4265549.500000,-0.006385,0.000044
