TrueCount,HandsPlayed,TotalPayout,EV,StdError
0.0,456923286,-1897954.000000,-0.004154,0.000053
