TrueCount,HandsPlayed,TotalPayout,EV,StdError
0.0,472943903,-2059717.500000,-0.004355,0.000052
