TrueCount,HandsPlayed,TotalPayout,EV,StdError
0.0,404388322,-2545397.500000,-0.006294,0.000056
