TrueCount,HandsPlayed,TotalPayout,EV,StdError
0.0,502805951,-3150187.000000,-0.006265,0.000050
