TrueCount,HandsPlayed,TotalPayout,EV,StdError
0.0,604395483,-3752891.500000,-0.006209,0.000046
