TrueCount,HandsPlayed,TotalPayout,EV,StdError
0.0,804475267,-3620288.000000,-0.004500,0.000040
