TrueCount,HandsPlayed,TotalPayout,EV,StdError
0.0,871428191,-3829284.500000,-0.004394,0.000038
