TrueCount,HandsPlayed,TotalPayout,EV,StdError
0.0,750445651,-4664135.500000,-0.006215,0.000041
