TrueCount,HandsPlayed,TotalPayout,EV,StdError
0.0,654525255,-2777040.500000,-0.004243,0.000044
