TrueCount,HandsPlayed,TotalPayout,EV,StdError
0.0,998272531,-6449618.000000,-0.006461,0.000036
