TrueCount,HandsPlayed,TotalPayout,EV,StdError
0.0,455181599,-2822540.500000,-0.006201,0.000053
