TrueCount,HandsPlayed,TotalPayout,EV,StdError
0.0,404463837,-2626967.500000,-0.006495,0.000056
