TrueCount,HandsPlayed,TotalPayout,EV,StdError
0.0,753332820,-3219683.000000,-0.004274,0.000041
