TrueCount,HandsPlayed,TotalPayout,EV,StdError
0.0,938361690,-4091420.500000,-0.004360,0.000037
