TrueCount,HandsPlayed,TotalPayout,EV,StdError
0.0,358115149,-1530975.500000,-0.004275,0.000059
