TrueCount,HandsPlayed,TotalPayout,EV,StdError
0.0,1104498195,-2858545.500000,-0.002588,0.000034
