TrueCount,HandsPlayed,TotalPayout,EV,StdError
0.0,405925467,-1739248.000000,-0.004285,0.000056
