TrueCount,HandsPlayed,TotalPayout,EV,StdError
0.0,471146487,-3044249.000000,-0.006461,0.000052
