TrueCount,HandsPlayed,TotalPayout,EV,StdError
0.0,553606641,-3420545.000000,-0.006179,0.000048
