TrueCount,HandsPlayed,TotalPayout,EV,StdError
0.0,606826294,-2710672.000000,-0.004467,0.000046
