TrueCount,HandsPlayed,TotalPayout,EV,StdError
0.0,1002123734,-4454590.500000,-0.004445,0.000036
