TrueCount,HandsPlayed,TotalPayout,EV,StdError
0.0,604515867,-3880208.000000,-0.006419,0.000046
