UserValue,DealerValue,TrueCount,Hit EV,Hit Variance,Stand EV,Stand Variance,Double EV,Double Variance,Split EV,Split Variance,Surrender EV,Surrender Variance,Insurance Accept EV,Insurance Accept Variance,Insurance Decline EV,Insurance Decline Variance,Hands Played
12,2,0,-0.251584,0.888196,-0.294092,0.913510,0.000000,0.000000,0.000000,0.000000,0.000000,0.000000,0.000000,0.000000,0.000000,0.000000,4558529
12,3,0,-0.230192,0.898182,-0.252207,0.936392,0.000000,0.000000,0.000000,0.000000,0.000000,0.000000,0.000000,0.000000,0.000000,0.000000,4815983
13,2,0,-0.309649,0.853989,-0.295105,0.912913,0.000000,0.000000,0.000000,0.000000,0.000000,0.000000,0.000000,0.000000,0.000000,0.000000,4607560
13,3,0,-0.290189,0.868867,-0.251024,0.936987,0.000000,0.000000,0.000000,0.000000,0.000000,0.000000,0.000000,0.000000,0.000000,0.000000,4248262
15,10,0,-0.499931,0.686571,-0.537009,0.711622,0.000000,0.000000,0.000000,0.000000,0.000000,0.000000,0.000000,0.000000,0.000000,0.000000,13092486
16,10,0,-0.522748,0.665624,-0.537939,0.710621,0.000000,0.000000,0.000000,0.000000,0.000000,0.000000,0.000000,0.000000,0.000000,0.000000,11795532
