UserValue,DealerValue,TrueCount,Hit EV,Stand EV,Double EV,Split EV,Surrender EV,Insurance Accept EV,Insurance Decline EV,Hands Played
12,2,0,-0.251985,-0.294065,0.000000,0.000000,0.000000,0.000000,0.000000,2289283
12,3,0,-0.230453,-0.252321,0.000000,0.000000,0.000000,0.000000,0.000000,2413590
13,2,0,-0.309135,-0.294361,0.000000,0.000000,0.000000,0.000000,0.000000,2312458
13,3,0,-0.290476,-0.250876,0.000000,0.000000,0.000000,0.000000,0.000000,2135316
15,10,0,-0.499351,-0.536842,0.000000,0.000000,0.000000,0.000000,0.000000,6566545
16,10,0,-0.522640,-0.537930,0.000000,0.000000,0.000000,0.000000,0.000000,5921810
