UserValue,DealerValue,TrueCount,Hit EV,Stand EV,Double EV,Split EV,Surrender EV,Insurance Accept EV,Insurance Decline EV,Hands Played
20,5,0,0.000000,0.671004,0.000000,1.256759,0.000000,0.000000,0.000000,522268
20,6,0,0.000000,0.699491,0.000000,1.371563,0.000000,0.000000,0.000000,521675
