TrueCount,HandsPlayed,TotalPayout,EV,StdError
0.0,460294645,-2068051.500000,-0.004493,0.000052
