TrueCount,HandsPlayed,TotalPayout,EV,StdError
0.0,749405895,-3405834.000000,-0.004545,0.000041
