TrueCount,HandsPlayed,TotalPayout,EV,StdError
0.0,805347712,-3656094.500000,-0.004540,0.000040
