TrueCount,HandsPlayed,TotalPayout,EV,StdError
0.0,1385717006,-8955820.500000,-0.006463,0.000030
