TrueCount,HandsPlayed,TotalPayout,EV,StdError
0.0,1828571668,-8112899.000000,-0.004437,0.000026
