TrueCount,HandsPlayed,TotalPayout,EV,StdError
0.0,1240775460,-5500685.500000,-0.004433,0.000032
