TrueCount,HandsPlayed,TotalPayout,EV,StdError
0.0,1964771417,-12591585.500000,-0.006409,0.000025
