TrueCount,HandsPlayed,TotalPayout,EV,StdError
0.0,960257967,-4244653.000000,-0.004420,0.000036
