TrueCount,HandsPlayed,TotalPayout,EV,StdError
0.0,1777978738,-11415328.500000,-0.006420,0.000027
