TrueCount,HandsPlayed,TotalPayout,EV,StdError
0.0,1520864332,-6746944.000000,-0.004436,0.000029
