TrueCount,HandsPlayed,TotalPayout,EV,StdError
0.0,2108357217,-9407846.000000,-0.004462,0.000024
