TrueCount,HandsPlayed,TotalPayout,EV,StdError
0.0,1189597348,-7706513.000000,-0.006478,0.000033
