TrueCount,HandsPlayed,TotalPayout,EV,StdError
0.0,1100529110,-4801738.500000,-0.004363,0.000034
