TrueCount,HandsPlayed,TotalPayout,EV,StdError
0.0,1628253751,-10115595.500000,-0.006213,0.000028
