TrueCount,HandsPlayed,TotalPayout,EV,StdError
0.0,1581840760,-10208106.000000,-0.006453,0.000028
