TrueCount,HandsPlayed,TotalPayout,EV,StdError
0.0,1968460307,-8747757.500000,-0.004444,0.000025
