TrueCount,HandsPlayed,TotalPayout,EV,StdError
0.0,1189383743,-7405608.500000,-0.006226,0.000033
